srun: job 20476805 queued and waiting for resources
srun: job 20476805 has been allocated resources
BENCH_START:CESM:CLDICE_1_26_1800_3600.f32:outlier:4.0
Configuration:
  Input File: /scratch/bfrq/bzhang28/SDRBENCH-CESM-ATM-26x1800x3600/CLDICE_1_26_1800_3600.f32
  Dims: 3600x1800x26
  Elements: 168480000
  Target Ratio: 4.00
  Mode: outlier
  Sample Rate: 1000
Data Range: 0.000079
Warming up GPU...
Warmup complete.
Starting Profiling...
  Profiling Time: 0.779 ms
  Selected AbsEB: 2.356551e-10 (RelEB: 3.000000e-06)
  Estimated Ratio: 4.08 (Target: 4.00)
Starting Compression...
  Compression Time: 2.619 ms
  Compressed Size: 165385924
  Achieved Ratio: 4.07
Throughput Statistics:
  Profiling Throughput:    864.57 GB/s
  Compression Throughput:  257.31 GB/s
  Total (Prof+Comp) Thrpt: 198.30 GB/s
Starting Decompression...
  Decompression Time: 2.020 ms
  Decompression Throughput: 333.70 GB/s
Verification Results:
  Max Error: 2.401066e-10
  PSNR: 118.17 dB
  Compliance: PASS
BENCH_START:CESM:CLDICE_1_26_1800_3600.f32:outlier:6.0
Configuration:
  Input File: /scratch/bfrq/bzhang28/SDRBENCH-CESM-ATM-26x1800x3600/CLDICE_1_26_1800_3600.f32
  Dims: 3600x1800x26
  Elements: 168480000
  Target Ratio: 6.00
  Mode: outlier
  Sample Rate: 1000
Data Range: 0.000079
Warming up GPU...
Warmup complete.
Starting Profiling...
  Profiling Time: 0.763 ms
  Selected AbsEB: 3.927584e-09 (RelEB: 5.000000e-05)
  Estimated Ratio: 6.07 (Target: 6.00)
Starting Compression...
  Compression Time: 2.294 ms
  Compressed Size: 111276295
  Achieved Ratio: 6.06
Throughput Statistics:
  Profiling Throughput:    882.69 GB/s
  Compression Throughput:  293.83 GB/s
  Total (Prof+Comp) Thrpt: 220.45 GB/s
Starting Decompression...
  Decompression Time: 1.668 ms
  Decompression Throughput: 404.02 GB/s
Verification Results:
  Max Error: 3.929017e-09
  PSNR: 93.79 dB
  Compliance: PASS
BENCH_START:CESM:CLDICE_1_26_1800_3600.f32:outlier:8.0
Configuration:
  Input File: /scratch/bfrq/bzhang28/SDRBENCH-CESM-ATM-26x1800x3600/CLDICE_1_26_1800_3600.f32
  Dims: 3600x1800x26
  Elements: 168480000
  Target Ratio: 8.00
  Mode: outlier
  Sample Rate: 1000
Data Range: 0.000079
Warming up GPU...
Warmup complete.
Starting Profiling...
  Profiling Time: 0.769 ms
  Selected AbsEB: 1.728137e-08 (RelEB: 2.200000e-04)
  Estimated Ratio: 8.09 (Target: 8.00)
Starting Compression...
  Compression Time: 2.312 ms
  Compressed Size: 83858398
  Achieved Ratio: 8.04
Throughput Statistics:
  Profiling Throughput:    876.44 GB/s
  Compression Throughput:  291.52 GB/s
  Total (Prof+Comp) Thrpt: 218.76 GB/s
Starting Decompression...
  Decompression Time: 1.693 ms
  Decompression Throughput: 397.97 GB/s
Verification Results:
  Max Error: 1.728404e-08
  PSNR: 81.00 dB
  Compliance: PASS
BENCH_START:CESM:CLDICE_1_26_1800_3600.f32:plain:4.0
Configuration:
  Input File: /scratch/bfrq/bzhang28/SDRBENCH-CESM-ATM-26x1800x3600/CLDICE_1_26_1800_3600.f32
  Dims: 3600x1800x26
  Elements: 168480000
  Target Ratio: 4.00
  Mode: plain
  Sample Rate: 1000
Data Range: 0.000079
Warming up GPU...
Warmup complete.
Starting Profiling...
  Profiling Time: 0.749 ms
  Selected AbsEB: 3.142067e-10 (RelEB: 4.000000e-06)
  Estimated Ratio: 4.10 (Target: 4.00)
Starting Compression...
  Compression Time: 2.365 ms
  Compressed Size: 164675256
  Achieved Ratio: 4.09
Throughput Statistics:
  Profiling Throughput:    900.15 GB/s
  Compression Throughput:  285.01 GB/s
  Total (Prof+Comp) Thrpt: 216.47 GB/s
Starting Decompression...
  Decompression Time: 1.329 ms
  Decompression Throughput: 507.12 GB/s
Verification Results:
  Max Error: 3.165042e-10
  PSNR: 115.67 dB
  Compliance: PASS
BENCH_START:CESM:CLDICE_1_26_1800_3600.f32:plain:6.0
Configuration:
  Input File: /scratch/bfrq/bzhang28/SDRBENCH-CESM-ATM-26x1800x3600/CLDICE_1_26_1800_3600.f32
  Dims: 3600x1800x26
  Elements: 168480000
  Target Ratio: 6.00
  Mode: plain
  Sample Rate: 1000
Data Range: 0.000079
Warming up GPU...
Warmup complete.
Starting Profiling...
  Profiling Time: 0.774 ms
  Selected AbsEB: 4.791653e-09 (RelEB: 6.100000e-05)
  Estimated Ratio: 6.01 (Target: 6.00)
Starting Compression...
  Compression Time: 2.023 ms
  Compressed Size: 112482440
  Achieved Ratio: 5.99
Throughput Statistics:
  Profiling Throughput:    870.97 GB/s
  Compression Throughput:  333.10 GB/s
  Total (Prof+Comp) Thrpt: 240.95 GB/s
Starting Decompression...
  Decompression Time: 1.119 ms
  Decompression Throughput: 602.04 GB/s
Verification Results:
  Max Error: 4.794856e-09
  PSNR: 92.07 dB
  Compliance: PASS
BENCH_START:CESM:CLDICE_1_26_1800_3600.f32:plain:8.0
Configuration:
  Input File: /scratch/bfrq/bzhang28/SDRBENCH-CESM-ATM-26x1800x3600/CLDICE_1_26_1800_3600.f32
  Dims: 3600x1800x26
  Elements: 168480000
  Target Ratio: 8.00
  Mode: plain
  Sample Rate: 1000
Data Range: 0.000079
Warming up GPU...
Warmup complete.
Starting Profiling...
  Profiling Time: 0.746 ms
  Selected AbsEB: 2.199447e-08 (RelEB: 2.800000e-04)
  Estimated Ratio: 8.01 (Target: 8.00)
Starting Compression...
  Compression Time: 1.947 ms
  Compressed Size: 84628600
  Achieved Ratio: 7.96
Throughput Statistics:
  Profiling Throughput:    903.32 GB/s
  Compression Throughput:  346.11 GB/s
  Total (Prof+Comp) Thrpt: 250.23 GB/s
Starting Decompression...
  Decompression Time: 1.010 ms
  Decompression Throughput: 667.05 GB/s
Verification Results:
  Max Error: 2.199886e-08
  PSNR: 78.92 dB
  Compliance: PASS
BENCH_START:CESM:CLDLIQ_1_26_1800_3600.f32:outlier:4.0
Configuration:
  Input File: /scratch/bfrq/bzhang28/SDRBENCH-CESM-ATM-26x1800x3600/CLDLIQ_1_26_1800_3600.f32
  Dims: 3600x1800x26
  Elements: 168480000
  Target Ratio: 4.00
  Mode: outlier
  Sample Rate: 1000
Data Range: 0.000521
Warming up GPU...
Warmup complete.
Starting Profiling...
  Profiling Time: 0.744 ms
  Selected AbsEB: 5.205818e-10 (RelEB: 1.000000e-06)
  Estimated Ratio: 4.13 (Target: 4.00)
Starting Compression...
  Compression Time: 2.742 ms
  Compressed Size: 163388230
  Achieved Ratio: 4.12
Throughput Statistics:
  Profiling Throughput:    905.73 GB/s
  Compression Throughput:  245.73 GB/s
  Total (Prof+Comp) Thrpt: 193.29 GB/s
Starting Decompression...
  Decompression Time: 2.046 ms
  Decompression Throughput: 329.34 GB/s
Verification Results:
  Max Error: 5.529728e-10
  PSNR: 128.88 dB
  Compliance: PASS
BENCH_START:CESM:CLDLIQ_1_26_1800_3600.f32:outlier:6.0
Configuration:
  Input File: /scratch/bfrq/bzhang28/SDRBENCH-CESM-ATM-26x1800x3600/CLDLIQ_1_26_1800_3600.f32
  Dims: 3600x1800x26
  Elements: 168480000
  Target Ratio: 6.00
  Mode: outlier
  Sample Rate: 1000
Data Range: 0.000521
Warming up GPU...
Warmup complete.
Starting Profiling...
  Profiling Time: 0.760 ms
  Selected AbsEB: 1.301454e-08 (RelEB: 2.500000e-05)
  Estimated Ratio: 6.11 (Target: 6.00)
Starting Compression...
  Compression Time: 2.191 ms
  Compressed Size: 110618996
  Achieved Ratio: 6.09
Throughput Statistics:
  Profiling Throughput:    887.00 GB/s
  Compression Throughput:  307.60 GB/s
  Total (Prof+Comp) Thrpt: 228.39 GB/s
Starting Decompression...
  Decompression Time: 1.557 ms
  Decompression Throughput: 432.77 GB/s
Verification Results:
  Max Error: 1.303852e-08
  PSNR: 100.97 dB
  Compliance: PASS
BENCH_START:CESM:CLDLIQ_1_26_1800_3600.f32:outlier:8.0
Configuration:
  Input File: /scratch/bfrq/bzhang28/SDRBENCH-CESM-ATM-26x1800x3600/CLDLIQ_1_26_1800_3600.f32
  Dims: 3600x1800x26
  Elements: 168480000
  Target Ratio: 8.00
  Mode: outlier
  Sample Rate: 1000
Data Range: 0.000521
Warming up GPU...
Warmup complete.
Starting Profiling...
  Profiling Time: 0.775 ms
  Selected AbsEB: 6.767564e-08 (RelEB: 1.300000e-04)
  Estimated Ratio: 8.03 (Target: 8.00)
Starting Compression...
  Compression Time: 2.167 ms
  Compressed Size: 84027060
  Achieved Ratio: 8.02
Throughput Statistics:
  Profiling Throughput:    869.03 GB/s
  Compression Throughput:  311.00 GB/s
  Total (Prof+Comp) Thrpt: 229.04 GB/s
Starting Decompression...
  Decompression Time: 1.556 ms
  Decompression Throughput: 433.06 GB/s
Verification Results:
  Max Error: 6.769551e-08
  PSNR: 86.69 dB
  Compliance: PASS
BENCH_START:CESM:CLDLIQ_1_26_1800_3600.f32:plain:4.0
Configuration:
  Input File: /scratch/bfrq/bzhang28/SDRBENCH-CESM-ATM-26x1800x3600/CLDLIQ_1_26_1800_3600.f32
  Dims: 3600x1800x26
  Elements: 168480000
  Target Ratio: 4.00
  Mode: plain
  Sample Rate: 1000
Data Range: 0.000521
Warming up GPU...
Warmup complete.
Starting Profiling...
  Profiling Time: 0.760 ms
  Selected AbsEB: 5.205818e-10 (RelEB: 1.000000e-06)
  Estimated Ratio: 4.01 (Target: 4.00)
Starting Compression...
  Compression Time: 2.639 ms
  Compressed Size: 168025640
  Achieved Ratio: 4.01
Throughput Statistics:
  Profiling Throughput:    887.30 GB/s
  Compression Throughput:  255.41 GB/s
  Total (Prof+Comp) Thrpt: 198.32 GB/s
Starting Decompression...
  Decompression Time: 1.290 ms
  Decompression Throughput: 522.54 GB/s
Verification Results:
  Max Error: 5.529728e-10
  PSNR: 128.88 dB
  Compliance: PASS
BENCH_START:CESM:CLDLIQ_1_26_1800_3600.f32:plain:6.0
Configuration:
  Input File: /scratch/bfrq/bzhang28/SDRBENCH-CESM-ATM-26x1800x3600/CLDLIQ_1_26_1800_3600.f32
  Dims: 3600x1800x26
  Elements: 168480000
  Target Ratio: 6.00
  Mode: plain
  Sample Rate: 1000
Data Range: 0.000521
Warming up GPU...
Warmup complete.
Starting Profiling...
  Profiling Time: 0.751 ms
  Selected AbsEB: 1.822036e-08 (RelEB: 3.500000e-05)
  Estimated Ratio: 6.12 (Target: 6.00)
Starting Compression...
  Compression Time: 1.974 ms
  Compressed Size: 109893464
  Achieved Ratio: 6.13
Throughput Statistics:
  Profiling Throughput:    897.05 GB/s
  Compression Throughput:  341.36 GB/s
  Total (Prof+Comp) Thrpt: 247.27 GB/s
Starting Decompression...
  Decompression Time: 1.018 ms
  Decompression Throughput: 661.97 GB/s
Verification Results:
  Max Error: 1.822264e-08
  PSNR: 98.05 dB
  Compliance: PASS
BENCH_START:CESM:CLDLIQ_1_26_1800_3600.f32:plain:8.0
Configuration:
  Input File: /scratch/bfrq/bzhang28/SDRBENCH-CESM-ATM-26x1800x3600/CLDLIQ_1_26_1800_3600.f32
  Dims: 3600x1800x26
  Elements: 168480000
  Target Ratio: 8.00
  Mode: plain
  Sample Rate: 1000
Data Range: 0.000521
Warming up GPU...
Warmup complete.
Starting Profiling...
  Profiling Time: 0.758 ms
  Selected AbsEB: 9.891054e-08 (RelEB: 1.900000e-04)
  Estimated Ratio: 8.14 (Target: 8.00)
Starting Compression...
  Compression Time: 1.879 ms
  Compressed Size: 82894456
  Achieved Ratio: 8.13
Throughput Statistics:
  Profiling Throughput:    888.72 GB/s
  Compression Throughput:  358.61 GB/s
  Total (Prof+Comp) Thrpt: 255.51 GB/s
Starting Decompression...
  Decompression Time: 0.921 ms
  Decompression Throughput: 732.11 GB/s
Verification Results:
  Max Error: 9.892392e-08
  PSNR: 83.41 dB
  Compliance: PASS
BENCH_START:CESM:CLOUD_1_26_1800_3600.f32:outlier:4.0
Configuration:
  Input File: /scratch/bfrq/bzhang28/SDRBENCH-CESM-ATM-26x1800x3600/CLOUD_1_26_1800_3600.f32
  Dims: 3600x1800x26
  Elements: 168480000
  Target Ratio: 4.00
  Mode: outlier
  Sample Rate: 1000
Data Range: 0.964057
Warming up GPU...
Warmup complete.
Starting Profiling...
  Profiling Time: 0.755 ms
  Selected AbsEB: 5.302312e-05 (RelEB: 5.500000e-05)
  Estimated Ratio: 4.01 (Target: 4.00)
Starting Compression...
  Compression Time: 2.562 ms
  Compressed Size: 168704850
  Achieved Ratio: 3.99
Throughput Statistics:
  Profiling Throughput:    893.02 GB/s
  Compression Throughput:  263.02 GB/s
  Total (Prof+Comp) Thrpt: 203.18 GB/s
Starting Decompression...
  Decompression Time: 1.955 ms
  Decompression Throughput: 344.72 GB/s
Verification Results:
  Max Error: 5.304813e-05
  PSNR: 91.72 dB
  Compliance: PASS
BENCH_START:CESM:CLOUD_1_26_1800_3600.f32:outlier:6.0
Configuration:
  Input File: /scratch/bfrq/bzhang28/SDRBENCH-CESM-ATM-26x1800x3600/CLOUD_1_26_1800_3600.f32
  Dims: 3600x1800x26
  Elements: 168480000
  Target Ratio: 6.00
  Mode: outlier
  Sample Rate: 1000
Data Range: 0.964057
Warming up GPU...
Warmup complete.
Starting Profiling...
  Profiling Time: 0.756 ms
  Selected AbsEB: 5.302312e-04 (RelEB: 5.500000e-04)
  Estimated Ratio: 6.04 (Target: 6.00)
Starting Compression...
  Compression Time: 2.448 ms
  Compressed Size: 111923122
  Achieved Ratio: 6.02
Throughput Statistics:
  Profiling Throughput:    891.28 GB/s
  Compression Throughput:  275.27 GB/s
  Total (Prof+Comp) Thrpt: 210.32 GB/s
Starting Decompression...
  Decompression Time: 2.006 ms
  Decompression Throughput: 335.91 GB/s
Verification Results:
  Max Error: 5.303025e-04
  PSNR: 71.80 dB
  Compliance: PASS
BENCH_START:CESM:CLOUD_1_26_1800_3600.f32:outlier:8.0
Configuration:
  Input File: /scratch/bfrq/bzhang28/SDRBENCH-CESM-ATM-26x1800x3600/CLOUD_1_26_1800_3600.f32
  Dims: 3600x1800x26
  Elements: 168480000
  Target Ratio: 8.00
  Mode: outlier
  Sample Rate: 1000
Data Range: 0.964057
Warming up GPU...
Warmup complete.
Starting Profiling...
  Profiling Time: 0.767 ms
  Selected AbsEB: 1.831708e-03 (RelEB: 1.900000e-03)
  Estimated Ratio: 8.12 (Target: 8.00)
Starting Compression...
  Compression Time: 2.277 ms
  Compressed Size: 83372508
  Achieved Ratio: 8.08
Throughput Statistics:
  Profiling Throughput:    878.27 GB/s
  Compression Throughput:  295.93 GB/s
  Total (Prof+Comp) Thrpt: 221.35 GB/s
Starting Decompression...
  Decompression Time: 1.747 ms
  Decompression Throughput: 385.77 GB/s
Verification Results:
  Max Error: 1.831710e-03
  PSNR: 61.11 dB
  Compliance: PASS
BENCH_START:CESM:CLOUD_1_26_1800_3600.f32:plain:4.0
Configuration:
  Input File: /scratch/bfrq/bzhang28/SDRBENCH-CESM-ATM-26x1800x3600/CLOUD_1_26_1800_3600.f32
  Dims: 3600x1800x26
  Elements: 168480000
  Target Ratio: 4.00
  Mode: plain
  Sample Rate: 1000
Data Range: 0.964057
Warming up GPU...
Warmup complete.
Starting Profiling...
  Profiling Time: 0.756 ms
  Selected AbsEB: 9.351350e-05 (RelEB: 9.700000e-05)
  Estimated Ratio: 4.02 (Target: 4.00)
Starting Compression...
  Compression Time: 2.186 ms
  Compressed Size: 168134096
  Achieved Ratio: 4.01
Throughput Statistics:
  Profiling Throughput:    891.05 GB/s
  Compression Throughput:  308.24 GB/s
  Total (Prof+Comp) Thrpt: 229.02 GB/s
Starting Decompression...
  Decompression Time: 1.236 ms
  Decompression Throughput: 545.12 GB/s
Verification Results:
  Max Error: 9.357929e-05
  PSNR: 86.80 dB
  Compliance: PASS
BENCH_START:CESM:CLOUD_1_26_1800_3600.f32:plain:6.0
Configuration:
  Input File: /scratch/bfrq/bzhang28/SDRBENCH-CESM-ATM-26x1800x3600/CLOUD_1_26_1800_3600.f32
  Dims: 3600x1800x26
  Elements: 168480000
  Target Ratio: 6.00
  Mode: plain
  Sample Rate: 1000
Data Range: 0.964057
Warming up GPU...
Warmup complete.
Starting Profiling...
  Profiling Time: 0.762 ms
  Selected AbsEB: 9.351350e-04 (RelEB: 9.700000e-04)
  Estimated Ratio: 6.01 (Target: 6.00)
Starting Compression...
  Compression Time: 2.028 ms
  Compressed Size: 112588312
  Achieved Ratio: 5.99
Throughput Statistics:
  Profiling Throughput:    883.83 GB/s
  Compression Throughput:  332.35 GB/s
  Total (Prof+Comp) Thrpt: 241.53 GB/s
Starting Decompression...
  Decompression Time: 1.044 ms
  Decompression Throughput: 645.40 GB/s
Verification Results:
  Max Error: 9.351373e-04
  PSNR: 66.91 dB
  Compliance: PASS
BENCH_START:CESM:CLOUD_1_26_1800_3600.f32:plain:8.0
Configuration:
  Input File: /scratch/bfrq/bzhang28/SDRBENCH-CESM-ATM-26x1800x3600/CLOUD_1_26_1800_3600.f32
  Dims: 3600x1800x26
  Elements: 168480000
  Target Ratio: 8.00
  Mode: plain
  Sample Rate: 1000
Data Range: 0.964057
Warming up GPU...
Warmup complete.
Starting Profiling...
  Profiling Time: 0.748 ms
  Selected AbsEB: 3.277793e-03 (RelEB: 3.400000e-03)
  Estimated Ratio: 8.08 (Target: 8.00)
Starting Compression...
  Compression Time: 1.977 ms
  Compressed Size: 83855928
  Achieved Ratio: 8.04
Throughput Statistics:
  Profiling Throughput:    901.08 GB/s
  Compression Throughput:  340.93 GB/s
  Total (Prof+Comp) Thrpt: 247.34 GB/s
Starting Decompression...
  Decompression Time: 0.980 ms
  Decompression Throughput: 687.85 GB/s
Verification Results:
  Max Error: 3.277838e-03
  PSNR: 56.10 dB
  Compliance: PASS
BENCH_START:CESM:CMFDQR_1_26_1800_3600.f32:outlier:4.0
Configuration:
  Input File: /scratch/bfrq/bzhang28/SDRBENCH-CESM-ATM-26x1800x3600/CMFDQR_1_26_1800_3600.f32
  Dims: 3600x1800x26
  Elements: 168480000
  Target Ratio: 4.00
  Mode: outlier
  Sample Rate: 1000
Data Range: 0.000000
Warming up GPU...
Warmup complete.
Starting Profiling...
  Profiling Time: 0.766 ms
  Selected AbsEB: 3.533698e-14 (RelEB: 1.000000e-06)
  Estimated Ratio: 4.92 (Target: 4.00)
Starting Compression...
  Compression Time: 2.343 ms
  Compressed Size: 137472064
  Achieved Ratio: 4.90
Throughput Statistics:
  Profiling Throughput:    879.30 GB/s
  Compression Throughput:  287.61 GB/s
  Total (Prof+Comp) Thrpt: 216.72 GB/s
Starting Decompression...
  Decompression Time: 1.690 ms
  Decompression Throughput: 398.77 GB/s
Verification Results:
  Max Error: 3.552714e-14
  PSNR: 128.65 dB
  Compliance: PASS
BENCH_START:CESM:CMFDQR_1_26_1800_3600.f32:outlier:6.0
Configuration:
  Input File: /scratch/bfrq/bzhang28/SDRBENCH-CESM-ATM-26x1800x3600/CMFDQR_1_26_1800_3600.f32
  Dims: 3600x1800x26
  Elements: 168480000
  Target Ratio: 6.00
  Mode: outlier
  Sample Rate: 1000
Data Range: 0.000000
Warming up GPU...
Warmup complete.
Starting Profiling...
  Profiling Time: 0.755 ms
  Selected AbsEB: 1.413479e-13 (RelEB: 4.000000e-06)
  Estimated Ratio: 6.05 (Target: 6.00)
Starting Compression...
  Compression Time: 2.158 ms
  Compressed Size: 111922851
  Achieved Ratio: 6.02
Throughput Statistics:
  Profiling Throughput:    892.56 GB/s
  Compression Throughput:  312.33 GB/s
  Total (Prof+Comp) Thrpt: 231.37 GB/s
Starting Decompression...
  Decompression Time: 1.438 ms
  Decompression Throughput: 468.53 GB/s
Verification Results:
  Max Error: 1.421085e-13
  PSNR: 116.69 dB
  Compliance: PASS
BENCH_START:CESM:CMFDQR_1_26_1800_3600.f32:outlier:8.0
Configuration:
  Input File: /scratch/bfrq/bzhang28/SDRBENCH-CESM-ATM-26x1800x3600/CMFDQR_1_26_1800_3600.f32
  Dims: 3600x1800x26
  Elements: 168480000
  Target Ratio: 8.00
  Mode: outlier
  Sample Rate: 1000
Data Range: 0.000000
Warming up GPU...
Warmup complete.
Starting Profiling...
  Profiling Time: 0.759 ms
  Selected AbsEB: 7.067395e-13 (RelEB: 2.000000e-05)
  Estimated Ratio: 8.07 (Target: 8.00)
Starting Compression...
  Compression Time: 2.024 ms
  Compressed Size: 83817296
  Achieved Ratio: 8.04
Throughput Statistics:
  Profiling Throughput:    888.38 GB/s
  Compression Throughput:  332.89 GB/s
  Total (Prof+Comp) Thrpt: 242.15 GB/s
Starting Decompression...
  Decompression Time: 1.331 ms
  Decompression Throughput: 506.37 GB/s
Verification Results:
  Max Error: 7.069900e-13
  PSNR: 102.85 dB
  Compliance: PASS
BENCH_START:CESM:CMFDQR_1_26_1800_3600.f32:plain:4.0
Configuration:
  Input File: /scratch/bfrq/bzhang28/SDRBENCH-CESM-ATM-26x1800x3600/CMFDQR_1_26_1800_3600.f32
  Dims: 3600x1800x26
  Elements: 168480000
  Target Ratio: 4.00
  Mode: plain
  Sample Rate: 1000
Data Range: 0.000000
Warming up GPU...
Warmup complete.
Starting Profiling...
  Profiling Time: 0.765 ms
  Selected AbsEB: 3.533698e-14 (RelEB: 1.000000e-06)
  Estimated Ratio: 4.89 (Target: 4.00)
Starting Compression...
  Compression Time: 2.227 ms
  Compressed Size: 138318472
  Achieved Ratio: 4.87
Throughput Statistics:
  Profiling Throughput:    881.32 GB/s
  Compression Throughput:  302.55 GB/s
  Total (Prof+Comp) Thrpt: 225.23 GB/s
Starting Decompression...
  Decompression Time: 1.176 ms
  Decompression Throughput: 572.95 GB/s
Verification Results:
  Max Error: 3.552714e-14
  PSNR: 128.65 dB
  Compliance: PASS
BENCH_START:CESM:CMFDQR_1_26_1800_3600.f32:plain:6.0
Configuration:
  Input File: /scratch/bfrq/bzhang28/SDRBENCH-CESM-ATM-26x1800x3600/CMFDQR_1_26_1800_3600.f32
  Dims: 3600x1800x26
  Elements: 168480000
  Target Ratio: 6.00
  Mode: plain
  Sample Rate: 1000
Data Range: 0.000000
Warming up GPU...
Warmup complete.
Starting Profiling...
  Profiling Time: 0.756 ms
  Selected AbsEB: 1.413479e-13 (RelEB: 4.000000e-06)
  Estimated Ratio: 6.01 (Target: 6.00)
Starting Compression...
  Compression Time: 2.021 ms
  Compressed Size: 112782592
  Achieved Ratio: 5.98
Throughput Statistics:
  Profiling Throughput:    890.90 GB/s
  Compression Throughput:  333.41 GB/s
  Total (Prof+Comp) Thrpt: 242.61 GB/s
Starting Decompression...
  Decompression Time: 1.060 ms
  Decompression Throughput: 635.66 GB/s
Verification Results:
  Max Error: 1.421085e-13
  PSNR: 116.69 dB
  Compliance: PASS
BENCH_START:CESM:CMFDQR_1_26_1800_3600.f32:plain:8.0
Configuration:
  Input File: /scratch/bfrq/bzhang28/SDRBENCH-CESM-ATM-26x1800x3600/CMFDQR_1_26_1800_3600.f32
  Dims: 3600x1800x26
  Elements: 168480000
  Target Ratio: 8.00
  Mode: plain
  Sample Rate: 1000
Data Range: 0.000000
Warming up GPU...
Warmup complete.
Starting Profiling...
  Profiling Time: 0.754 ms
  Selected AbsEB: 8.834244e-13 (RelEB: 2.500000e-05)
  Estimated Ratio: 8.33 (Target: 8.00)
Starting Compression...
  Compression Time: 1.915 ms
  Compressed Size: 80957200
  Achieved Ratio: 8.32
Throughput Statistics:
  Profiling Throughput:    893.89 GB/s
  Compression Throughput:  351.88 GB/s
  Total (Prof+Comp) Thrpt: 252.49 GB/s
Starting Decompression...
  Decompression Time: 0.945 ms
  Decompression Throughput: 713.37 GB/s
Verification Results:
  Max Error: 8.846257e-13
  PSNR: 100.94 dB
  Compliance: PASS
BENCH_START:CESM:CMFDQ_1_26_1800_3600.f32:outlier:4.0
Configuration:
  Input File: /scratch/bfrq/bzhang28/SDRBENCH-CESM-ATM-26x1800x3600/CMFDQ_1_26_1800_3600.f32
  Dims: 3600x1800x26
  Elements: 168480000
  Target Ratio: 4.00
  Mode: outlier
  Sample Rate: 1000
Data Range: 0.000000
Warming up GPU...
Warmup complete.
Starting Profiling...
  Profiling Time: 0.759 ms
  Selected AbsEB: 2.286381e-13 (RelEB: 1.000000e-06)
  Estimated Ratio: 4.24 (Target: 4.00)
Starting Compression...
  Compression Time: 2.598 ms
  Compressed Size: 159282317
  Achieved Ratio: 4.23
Throughput Statistics:
  Profiling Throughput:    888.42 GB/s
  Compression Throughput:  259.42 GB/s
  Total (Prof+Comp) Thrpt: 200.79 GB/s
Starting Decompression...
  Decompression Time: 1.859 ms
  Decompression Throughput: 362.57 GB/s
Verification Results:
  Max Error: 2.415845e-13
  PSNR: 127.56 dB
  Compliance: PASS
BENCH_START:CESM:CMFDQ_1_26_1800_3600.f32:outlier:6.0
Configuration:
  Input File: /scratch/bfrq/bzhang28/SDRBENCH-CESM-ATM-26x1800x3600/CMFDQ_1_26_1800_3600.f32
  Dims: 3600x1800x26
  Elements: 168480000
  Target Ratio: 6.00
  Mode: outlier
  Sample Rate: 1000
Data Range: 0.000000
Warming up GPU...
Warmup complete.
Starting Profiling...
  Profiling Time: 0.764 ms
  Selected AbsEB: 3.429572e-12 (RelEB: 1.500000e-05)
  Estimated Ratio: 6.33 (Target: 6.00)
Starting Compression...
  Compression Time: 2.238 ms
  Compressed Size: 106521807
  Achieved Ratio: 6.33
Throughput Statistics:
  Profiling Throughput:    882.54 GB/s
  Compression Throughput:  301.13 GB/s
  Total (Prof+Comp) Thrpt: 224.52 GB/s
Starting Decompression...
  Decompression Time: 1.533 ms
  Decompression Throughput: 439.57 GB/s
Verification Results:
  Max Error: 3.439027e-12
  PSNR: 104.40 dB
  Compliance: PASS
BENCH_START:CESM:CMFDQ_1_26_1800_3600.f32:outlier:8.0
Configuration:
  Input File: /scratch/bfrq/bzhang28/SDRBENCH-CESM-ATM-26x1800x3600/CMFDQ_1_26_1800_3600.f32
  Dims: 3600x1800x26
  Elements: 168480000
  Target Ratio: 8.00
  Mode: outlier
  Sample Rate: 1000
Data Range: 0.000000
Warming up GPU...
Warmup complete.
Starting Profiling...
  Profiling Time: 0.758 ms
  Selected AbsEB: 1.188918e-11 (RelEB: 5.200000e-05)
  Estimated Ratio: 8.02 (Target: 8.00)
Starting Compression...
  Compression Time: 2.147 ms
  Compressed Size: 84370326
  Achieved Ratio: 7.99
Throughput Statistics:
  Profiling Throughput:    888.50 GB/s
  Compression Throughput:  313.92 GB/s
  Total (Prof+Comp) Thrpt: 231.96 GB/s
Starting Decompression...
  Decompression Time: 1.454 ms
  Decompression Throughput: 463.55 GB/s
Verification Results:
  Max Error: 1.189449e-11
  PSNR: 93.87 dB
  Compliance: PASS
BENCH_START:CESM:CMFDQ_1_26_1800_3600.f32:plain:4.0
Configuration:
  Input File: /scratch/bfrq/bzhang28/SDRBENCH-CESM-ATM-26x1800x3600/CMFDQ_1_26_1800_3600.f32
  Dims: 3600x1800x26
  Elements: 168480000
  Target Ratio: 4.00
  Mode: plain
  Sample Rate: 1000
Data Range: 0.000000
Warming up GPU...
Warmup complete.
Starting Profiling...
  Profiling Time: 0.792 ms
  Selected AbsEB: 2.286381e-13 (RelEB: 1.000000e-06)
  Estimated Ratio: 4.16 (Target: 4.00)
Starting Compression...
  Compression Time: 2.512 ms
  Compressed Size: 161993888
  Achieved Ratio: 4.16
Throughput Statistics:
  Profiling Throughput:    850.94 GB/s
  Compression Throughput:  268.32 GB/s
  Total (Prof+Comp) Thrpt: 204.00 GB/s
Starting Decompression...
  Decompression Time: 1.297 ms
  Decompression Throughput: 519.64 GB/s
Verification Results:
  Max Error: 2.415845e-13
  PSNR: 127.56 dB
  Compliance: PASS
BENCH_START:CESM:CMFDQ_1_26_1800_3600.f32:plain:6.0
Configuration:
  Input File: /scratch/bfrq/bzhang28/SDRBENCH-CESM-ATM-26x1800x3600/CMFDQ_1_26_1800_3600.f32
  Dims: 3600x1800x26
  Elements: 168480000
  Target Ratio: 6.00
  Mode: plain
  Sample Rate: 1000
Data Range: 0.000000
Warming up GPU...
Warmup complete.
Starting Profiling...
  Profiling Time: 0.781 ms
  Selected AbsEB: 3.429572e-12 (RelEB: 1.500000e-05)
  Estimated Ratio: 6.16 (Target: 6.00)
Starting Compression...
  Compression Time: 2.038 ms
  Compressed Size: 109270680
  Achieved Ratio: 6.17
Throughput Statistics:
  Profiling Throughput:    862.90 GB/s
  Compression Throughput:  330.71 GB/s
  Total (Prof+Comp) Thrpt: 239.08 GB/s
Starting Decompression...
  Decompression Time: 1.068 ms
  Decompression Throughput: 630.84 GB/s
Verification Results:
  Max Error: 3.439027e-12
  PSNR: 104.40 dB
  Compliance: PASS
BENCH_START:CESM:CMFDQ_1_26_1800_3600.f32:plain:8.0
Configuration:
  Input File: /scratch/bfrq/bzhang28/SDRBENCH-CESM-ATM-26x1800x3600/CMFDQ_1_26_1800_3600.f32
  Dims: 3600x1800x26
  Elements: 168480000
  Target Ratio: 8.00
  Mode: plain
  Sample Rate: 1000
Data Range: 0.000000
Warming up GPU...
Warmup complete.
Starting Profiling...
  Profiling Time: 0.746 ms
  Selected AbsEB: 1.463284e-11 (RelEB: 6.400000e-05)
  Estimated Ratio: 8.05 (Target: 8.00)
Starting Compression...
  Compression Time: 1.924 ms
  Compressed Size: 83566712
  Achieved Ratio: 8.06
Throughput Statistics:
  Profiling Throughput:    903.20 GB/s
  Compression Throughput:  350.25 GB/s
  Total (Prof+Comp) Thrpt: 252.38 GB/s
Starting Decompression...
  Decompression Time: 0.978 ms
  Decompression Throughput: 689.05 GB/s
Verification Results:
  Max Error: 1.463718e-11
  PSNR: 92.12 dB
  Compliance: PASS
BENCH_START:CESM:CMFDT_1_26_1800_3600.f32:outlier:4.0
Configuration:
  Input File: /scratch/bfrq/bzhang28/SDRBENCH-CESM-ATM-26x1800x3600/CMFDT_1_26_1800_3600.f32
  Dims: 3600x1800x26
  Elements: 168480000
  Target Ratio: 4.00
  Mode: outlier
  Sample Rate: 1000
Data Range: 0.000442
Warming up GPU...
Warmup complete.
Starting Profiling...
  Profiling Time: 0.773 ms
  Selected AbsEB: 1.326582e-09 (RelEB: 3.000000e-06)
  Estimated Ratio: 4.15 (Target: 4.00)
Starting Compression...
  Compression Time: 2.502 ms
  Compressed Size: 163330556
  Achieved Ratio: 4.13
Throughput Statistics:
  Profiling Throughput:    871.69 GB/s
  Compression Throughput:  269.38 GB/s
  Total (Prof+Comp) Thrpt: 205.78 GB/s
Starting Decompression...
  Decompression Time: 1.772 ms
  Decompression Throughput: 380.23 GB/s
Verification Results:
  Max Error: 1.338776e-09
  PSNR: 117.73 dB
  Compliance: PASS
BENCH_START:CESM:CMFDT_1_26_1800_3600.f32:outlier:6.0
Configuration:
  Input File: /scratch/bfrq/bzhang28/SDRBENCH-CESM-ATM-26x1800x3600/CMFDT_1_26_1800_3600.f32
  Dims: 3600x1800x26
  Elements: 168480000
  Target Ratio: 6.00
  Mode: outlier
  Sample Rate: 1000
Data Range: 0.000442
Warming up GPU...
Warmup complete.
Starting Profiling...
  Profiling Time: 0.779 ms
  Selected AbsEB: 1.547679e-08 (RelEB: 3.500000e-05)
  Estimated Ratio: 6.14 (Target: 6.00)
Starting Compression...
  Compression Time: 2.252 ms
  Compressed Size: 110179145
  Achieved Ratio: 6.12
Throughput Statistics:
  Profiling Throughput:    865.53 GB/s
  Compression Throughput:  299.24 GB/s
  Total (Prof+Comp) Thrpt: 222.36 GB/s
Starting Decompression...
  Decompression Time: 1.587 ms
  Decompression Throughput: 424.74 GB/s
Verification Results:
  Max Error: 1.548324e-08
  PSNR: 96.48 dB
  Compliance: PASS
BENCH_START:CESM:CMFDT_1_26_1800_3600.f32:outlier:8.0
Configuration:
  Input File: /scratch/bfrq/bzhang28/SDRBENCH-CESM-ATM-26x1800x3600/CMFDT_1_26_1800_3600.f32
  Dims: 3600x1800x26
  Elements: 168480000
  Target Ratio: 8.00
  Mode: outlier
  Sample Rate: 1000
Data Range: 0.000442
Warming up GPU...
Warmup complete.
Starting Profiling...
  Profiling Time: 0.767 ms
  Selected AbsEB: 5.748523e-08 (RelEB: 1.300000e-04)
  Estimated Ratio: 8.11 (Target: 8.00)
Starting Compression...
  Compression Time: 2.186 ms
  Compressed Size: 83448149
  Achieved Ratio: 8.08
Throughput Statistics:
  Profiling Throughput:    878.27 GB/s
  Compression Throughput:  308.26 GB/s
  Total (Prof+Comp) Thrpt: 228.17 GB/s
Starting Decompression...
  Decompression Time: 1.545 ms
  Decompression Throughput: 436.32 GB/s
Verification Results:
  Max Error: 5.749462e-08
  PSNR: 85.22 dB
  Compliance: PASS
BENCH_START:CESM:CMFDT_1_26_1800_3600.f32:plain:4.0
Configuration:
  Input File: /scratch/bfrq/bzhang28/SDRBENCH-CESM-ATM-26x1800x3600/CMFDT_1_26_1800_3600.f32
  Dims: 3600x1800x26
  Elements: 168480000
  Target Ratio: 4.00
  Mode: plain
  Sample Rate: 1000
Data Range: 0.000442
Warming up GPU...
Warmup complete.
Starting Profiling...
  Profiling Time: 0.784 ms
  Selected AbsEB: 1.326582e-09 (RelEB: 3.000000e-06)
  Estimated Ratio: 4.12 (Target: 4.00)
Starting Compression...
  Compression Time: 2.342 ms
  Compressed Size: 164443888
  Achieved Ratio: 4.10
Throughput Statistics:
  Profiling Throughput:    859.56 GB/s
  Compression Throughput:  287.72 GB/s
  Total (Prof+Comp) Thrpt: 215.56 GB/s
Starting Decompression...
  Decompression Time: 1.288 ms
  Decompression Throughput: 523.40 GB/s
Verification Results:
  Max Error: 1.338776e-09
  PSNR: 117.73 dB
  Compliance: PASS
BENCH_START:CESM:CMFDT_1_26_1800_3600.f32:plain:6.0
Configuration:
  Input File: /scratch/bfrq/bzhang28/SDRBENCH-CESM-ATM-26x1800x3600/CMFDT_1_26_1800_3600.f32
  Dims: 3600x1800x26
  Elements: 168480000
  Target Ratio: 6.00
  Mode: plain
  Sample Rate: 1000
Data Range: 0.000442
Warming up GPU...
Warmup complete.
Starting Profiling...
  Profiling Time: 0.761 ms
  Selected AbsEB: 1.547679e-08 (RelEB: 3.500000e-05)
  Estimated Ratio: 6.08 (Target: 6.00)
Starting Compression...
  Compression Time: 2.036 ms
  Compressed Size: 111337576
  Achieved Ratio: 6.05
Throughput Statistics:
  Profiling Throughput:    885.69 GB/s
  Compression Throughput:  330.97 GB/s
  Total (Prof+Comp) Thrpt: 240.93 GB/s
Starting Decompression...
  Decompression Time: 1.105 ms
  Decompression Throughput: 609.71 GB/s
Verification Results:
  Max Error: 1.548324e-08
  PSNR: 96.48 dB
  Compliance: PASS
BENCH_START:CESM:CMFDT_1_26_1800_3600.f32:plain:8.0
Configuration:
  Input File: /scratch/bfrq/bzhang28/SDRBENCH-CESM-ATM-26x1800x3600/CMFDT_1_26_1800_3600.f32
  Dims: 3600x1800x26
  Elements: 168480000
  Target Ratio: 8.00
  Mode: plain
  Sample Rate: 1000
Data Range: 0.000442
Warming up GPU...
Warmup complete.
Starting Profiling...
  Profiling Time: 0.743 ms
  Selected AbsEB: 7.075105e-08 (RelEB: 1.600000e-04)
  Estimated Ratio: 8.39 (Target: 8.00)
Starting Compression...
  Compression Time: 1.953 ms
  Compressed Size: 80510680
  Achieved Ratio: 8.37
Throughput Statistics:
  Profiling Throughput:    907.21 GB/s
  Compression Throughput:  345.16 GB/s
  Total (Prof+Comp) Thrpt: 250.03 GB/s
Starting Decompression...
  Decompression Time: 0.990 ms
  Decompression Throughput: 680.65 GB/s
Verification Results:
  Max Error: 7.075869e-08
  PSNR: 83.46 dB
  Compliance: PASS
BENCH_START:CESM:CONCLD_1_26_1800_3600.f32:outlier:4.0
Configuration:
  Input File: /scratch/bfrq/bzhang28/SDRBENCH-CESM-ATM-26x1800x3600/CONCLD_1_26_1800_3600.f32
  Dims: 3600x1800x26
  Elements: 168480000
  Target Ratio: 4.00
  Mode: outlier
  Sample Rate: 1000
Data Range: 0.490213
Warming up GPU...
Warmup complete.
Starting Profiling...
  Profiling Time: 0.764 ms
  Selected AbsEB: 3.921703e-06 (RelEB: 8.000000e-06)
  Estimated Ratio: 4.08 (Target: 4.00)
Starting Compression...
  Compression Time: 2.534 ms
  Compressed Size: 166609607
  Achieved Ratio: 4.04
Throughput Statistics:
  Profiling Throughput:    881.72 GB/s
  Compression Throughput:  265.93 GB/s
  Total (Prof+Comp) Thrpt: 204.31 GB/s
Starting Decompression...
  Decompression Time: 1.673 ms
  Decompression Throughput: 402.88 GB/s
Verification Results:
  Max Error: 3.933907e-06
  PSNR: 109.61 dB
  Compliance: PASS
BENCH_START:CESM:CONCLD_1_26_1800_3600.f32:outlier:6.0
Configuration:
  Input File: /scratch/bfrq/bzhang28/SDRBENCH-CESM-ATM-26x1800x3600/CONCLD_1_26_1800_3600.f32
  Dims: 3600x1800x26
  Elements: 168480000
  Target Ratio: 6.00
  Mode: outlier
  Sample Rate: 1000
Data Range: 0.490213
Warming up GPU...
Warmup complete.
Starting Profiling...
  Profiling Time: 0.773 ms
  Selected AbsEB: 4.608001e-05 (RelEB: 9.400000e-05)
  Estimated Ratio: 6.00 (Target: 6.00)
Starting Compression...
  Compression Time: 2.200 ms
  Compressed Size: 113498837
  Achieved Ratio: 5.94
Throughput Statistics:
  Profiling Throughput:    871.62 GB/s
  Compression Throughput:  306.35 GB/s
  Total (Prof+Comp) Thrpt: 226.68 GB/s
Starting Decompression...
  Decompression Time: 1.452 ms
  Decompression Throughput: 464.05 GB/s
Verification Results:
  Max Error: 4.610419e-05
  PSNR: 88.27 dB
  Compliance: PASS
BENCH_START:CESM:CONCLD_1_26_1800_3600.f32:outlier:8.0
Configuration:
  Input File: /scratch/bfrq/bzhang28/SDRBENCH-CESM-ATM-26x1800x3600/CONCLD_1_26_1800_3600.f32
  Dims: 3600x1800x26
  Elements: 168480000
  Target Ratio: 8.00
  Mode: outlier
  Sample Rate: 1000
Data Range: 0.490213
Warming up GPU...
Warmup complete.
Starting Profiling...
  Profiling Time: 0.770 ms
  Selected AbsEB: 1.960852e-04 (RelEB: 4.000000e-04)
  Estimated Ratio: 8.12 (Target: 8.00)
Starting Compression...
  Compression Time: 2.076 ms
  Compressed Size: 84287759
  Achieved Ratio: 8.00
Throughput Statistics:
  Profiling Throughput:    875.60 GB/s
  Compression Throughput:  324.56 GB/s
  Total (Prof+Comp) Thrpt: 236.79 GB/s
Starting Decompression...
  Decompression Time: 1.378 ms
  Decompression Throughput: 488.93 GB/s
Verification Results:
  Max Error: 1.960993e-04
  PSNR: 75.82 dB
  Compliance: PASS
BENCH_START:CESM:CONCLD_1_26_1800_3600.f32:plain:4.0
Configuration:
  Input File: /scratch/bfrq/bzhang28/SDRBENCH-CESM-ATM-26x1800x3600/CONCLD_1_26_1800_3600.f32
  Dims: 3600x1800x26
  Elements: 168480000
  Target Ratio: 4.00
  Mode: plain
  Sample Rate: 1000
Data Range: 0.490213
Warming up GPU...
Warmup complete.
Starting Profiling...
  Profiling Time: 0.771 ms
  Selected AbsEB: 3.921703e-06 (RelEB: 8.000000e-06)
  Estimated Ratio: 4.02 (Target: 4.00)
Starting Compression...
  Compression Time: 2.419 ms
  Compressed Size: 169061424
  Achieved Ratio: 3.99
Throughput Statistics:
  Profiling Throughput:    874.26 GB/s
  Compression Throughput:  278.56 GB/s
  Total (Prof+Comp) Thrpt: 211.25 GB/s
Starting Decompression...
  Decompression Time: 1.268 ms
  Decompression Throughput: 531.36 GB/s
Verification Results:
  Max Error: 3.933907e-06
  PSNR: 109.61 dB
  Compliance: PASS
BENCH_START:CESM:CONCLD_1_26_1800_3600.f32:plain:6.0
Configuration:
  Input File: /scratch/bfrq/bzhang28/SDRBENCH-CESM-ATM-26x1800x3600/CONCLD_1_26_1800_3600.f32
  Dims: 3600x1800x26
  Elements: 168480000
  Target Ratio: 6.00
  Mode: plain
  Sample Rate: 1000
Data Range: 0.490213
Warming up GPU...
Warmup complete.
Starting Profiling...
  Profiling Time: 0.754 ms
  Selected AbsEB: 5.392342e-05 (RelEB: 1.100000e-04)
  Estimated Ratio: 6.04 (Target: 6.00)
Starting Compression...
  Compression Time: 2.051 ms
  Compressed Size: 112788736
  Achieved Ratio: 5.98
Throughput Statistics:
  Profiling Throughput:    893.62 GB/s
  Compression Throughput:  328.57 GB/s
  Total (Prof+Comp) Thrpt: 240.24 GB/s
Starting Decompression...
  Decompression Time: 1.075 ms
  Decompression Throughput: 626.86 GB/s
Verification Results:
  Max Error: 5.397201e-05
  PSNR: 86.92 dB
  Compliance: PASS
BENCH_START:CESM:CONCLD_1_26_1800_3600.f32:plain:8.0
Configuration:
  Input File: /scratch/bfrq/bzhang28/SDRBENCH-CESM-ATM-26x1800x3600/CONCLD_1_26_1800_3600.f32
  Dims: 3600x1800x26
  Elements: 168480000
  Target Ratio: 8.00
  Mode: plain
  Sample Rate: 1000
Data Range: 0.490213
Warming up GPU...
Warmup complete.
Starting Profiling...
  Profiling Time: 0.742 ms
  Selected AbsEB: 2.107915e-04 (RelEB: 4.300000e-04)
  Estimated Ratio: 8.00 (Target: 8.00)
Starting Compression...
  Compression Time: 1.965 ms
  Compressed Size: 85372472
  Achieved Ratio: 7.89
Throughput Statistics:
  Profiling Throughput:    907.76 GB/s
  Compression Throughput:  343.01 GB/s
  Total (Prof+Comp) Thrpt: 248.95 GB/s
Starting Decompression...
  Decompression Time: 0.992 ms
  Decompression Throughput: 679.16 GB/s
Verification Results:
  Max Error: 2.107918e-04
  PSNR: 75.20 dB
  Compliance: PASS
BENCH_START:CESM:DCQ_1_26_1800_3600.f32:outlier:4.0
Configuration:
  Input File: /scratch/bfrq/bzhang28/SDRBENCH-CESM-ATM-26x1800x3600/DCQ_1_26_1800_3600.f32
  Dims: 3600x1800x26
  Elements: 168480000
  Target Ratio: 4.00
  Mode: outlier
  Sample Rate: 1000
Data Range: 0.000000
Warming up GPU...
Warmup complete.
Starting Profiling...
  Profiling Time: 0.807 ms
  Selected AbsEB: 1.114277e-12 (RelEB: 4.000000e-06)
  Estimated Ratio: 4.14 (Target: 4.00)
Starting Compression...
  Compression Time: 2.576 ms
  Compressed Size: 163227118
  Achieved Ratio: 4.13
Throughput Statistics:
  Profiling Throughput:    835.42 GB/s
  Compression Throughput:  261.63 GB/s
  Total (Prof+Comp) Thrpt: 199.24 GB/s
Starting Decompression...
  Decompression Time: 1.779 ms
  Decompression Throughput: 378.90 GB/s
Verification Results:
  Max Error: 1.122658e-12
  PSNR: 114.53 dB
  Compliance: PASS
BENCH_START:CESM:DCQ_1_26_1800_3600.f32:outlier:6.0
Configuration:
  Input File: /scratch/bfrq/bzhang28/SDRBENCH-CESM-ATM-26x1800x3600/DCQ_1_26_1800_3600.f32
  Dims: 3600x1800x26
  Elements: 168480000
  Target Ratio: 6.00
  Mode: outlier
  Sample Rate: 1000
Data Range: 0.000000
Warming up GPU...
Warmup complete.
Starting Profiling...
  Profiling Time: 0.776 ms
  Selected AbsEB: 1.114276e-11 (RelEB: 4.000000e-05)
  Estimated Ratio: 6.06 (Target: 6.00)
Starting Compression...
  Compression Time: 2.358 ms
  Compressed Size: 111283311
  Achieved Ratio: 6.06
Throughput Statistics:
  Profiling Throughput:    868.78 GB/s
  Compression Throughput:  285.79 GB/s
  Total (Prof+Comp) Thrpt: 215.05 GB/s
Starting Decompression...
  Decompression Time: 1.684 ms
  Decompression Throughput: 400.19 GB/s
Verification Results:
  Max Error: 1.114842e-11
  PSNR: 94.97 dB
  Compliance: PASS
BENCH_START:CESM:DCQ_1_26_1800_3600.f32:outlier:8.0
Configuration:
  Input File: /scratch/bfrq/bzhang28/SDRBENCH-CESM-ATM-26x1800x3600/DCQ_1_26_1800_3600.f32
  Dims: 3600x1800x26
  Elements: 168480000
  Target Ratio: 8.00
  Mode: outlier
  Sample Rate: 1000
Data Range: 0.000000
Warming up GPU...
Warmup complete.
Starting Profiling...
  Profiling Time: 0.775 ms
  Selected AbsEB: 4.457106e-11 (RelEB: 1.600000e-04)
  Estimated Ratio: 8.06 (Target: 8.00)
Starting Compression...
  Compression Time: 2.163 ms
  Compressed Size: 83878545
  Achieved Ratio: 8.03
Throughput Statistics:
  Profiling Throughput:    869.03 GB/s
  Compression Throughput:  311.52 GB/s
  Total (Prof+Comp) Thrpt: 229.32 GB/s
Starting Decompression...
  Decompression Time: 1.495 ms
  Decompression Throughput: 450.81 GB/s
Verification Results:
  Max Error: 4.457235e-11
  PSNR: 83.33 dB
  Compliance: PASS
BENCH_START:CESM:DCQ_1_26_1800_3600.f32:plain:4.0
Configuration:
  Input File: /scratch/bfrq/bzhang28/SDRBENCH-CESM-ATM-26x1800x3600/DCQ_1_26_1800_3600.f32
  Dims: 3600x1800x26
  Elements: 168480000
  Target Ratio: 4.00
  Mode: plain
  Sample Rate: 1000
Data Range: 0.000000
Warming up GPU...
Warmup complete.
Starting Profiling...
  Profiling Time: 0.771 ms
  Selected AbsEB: 1.114277e-12 (RelEB: 4.000000e-06)
  Estimated Ratio: 4.07 (Target: 4.00)
Starting Compression...
  Compression Time: 2.423 ms
  Compressed Size: 165931976
  Achieved Ratio: 4.06
Throughput Statistics:
  Profiling Throughput:    874.22 GB/s
  Compression Throughput:  278.10 GB/s
  Total (Prof+Comp) Thrpt: 210.98 GB/s
Starting Decompression...
  Decompression Time: 1.276 ms
  Decompression Throughput: 528.10 GB/s
Verification Results:
  Max Error: 1.122658e-12
  PSNR: 114.53 dB
  Compliance: PASS
BENCH_START:CESM:DCQ_1_26_1800_3600.f32:plain:6.0
Configuration:
  Input File: /scratch/bfrq/bzhang28/SDRBENCH-CESM-ATM-26x1800x3600/DCQ_1_26_1800_3600.f32
  Dims: 3600x1800x26
  Elements: 168480000
  Target Ratio: 6.00
  Mode: plain
  Sample Rate: 1000
Data Range: 0.000000
Warming up GPU...
Warmup complete.
Starting Profiling...
  Profiling Time: 0.764 ms
  Selected AbsEB: 1.253561e-11 (RelEB: 4.500000e-05)
  Estimated Ratio: 6.04 (Target: 6.00)
Starting Compression...
  Compression Time: 2.028 ms
  Compressed Size: 111558072
  Achieved Ratio: 6.04
Throughput Statistics:
  Profiling Throughput:    881.61 GB/s
  Compression Throughput:  332.39 GB/s
  Total (Prof+Comp) Thrpt: 241.38 GB/s
Starting Decompression...
  Decompression Time: 1.071 ms
  Decompression Throughput: 629.39 GB/s
Verification Results:
  Max Error: 1.254108e-11
  PSNR: 93.98 dB
  Compliance: PASS
BENCH_START:CESM:DCQ_1_26_1800_3600.f32:plain:8.0
Configuration:
  Input File: /scratch/bfrq/bzhang28/SDRBENCH-CESM-ATM-26x1800x3600/DCQ_1_26_1800_3600.f32
  Dims: 3600x1800x26
  Elements: 168480000
  Target Ratio: 8.00
  Mode: plain
  Sample Rate: 1000
Data Range: 0.000000
Warming up GPU...
Warmup complete.
Starting Profiling...
  Profiling Time: 0.758 ms
  Selected AbsEB: 5.292814e-11 (RelEB: 1.900000e-04)
  Estimated Ratio: 8.08 (Target: 8.00)
Starting Compression...
  Compression Time: 1.937 ms
  Compressed Size: 83434328
  Achieved Ratio: 8.08
Throughput Statistics:
  Profiling Throughput:    888.95 GB/s
  Compression Throughput:  347.89 GB/s
  Total (Prof+Comp) Thrpt: 250.04 GB/s
Starting Decompression...
  Decompression Time: 0.961 ms
  Decompression Throughput: 701.23 GB/s
Verification Results:
  Max Error: 5.292833e-11
  PSNR: 81.88 dB
  Compliance: PASS
BENCH_START:CESM:DTCOND_1_26_1800_3600.f32:outlier:4.0
Configuration:
  Input File: /scratch/bfrq/bzhang28/SDRBENCH-CESM-ATM-26x1800x3600/DTCOND_1_26_1800_3600.f32
  Dims: 3600x1800x26
  Elements: 168480000
  Target Ratio: 4.00
  Mode: outlier
  Sample Rate: 1000
Data Range: 0.000582
Warming up GPU...
Warmup complete.
Starting Profiling...
  Profiling Time: 0.756 ms
  Selected AbsEB: 4.656882e-09 (RelEB: 8.000000e-06)
  Estimated Ratio: 4.22 (Target: 4.00)
Starting Compression...
  Compression Time: 2.488 ms
  Compressed Size: 160401453
  Achieved Ratio: 4.20
Throughput Statistics:
  Profiling Throughput:    891.01 GB/s
  Compression Throughput:  270.85 GB/s
  Total (Prof+Comp) Thrpt: 207.71 GB/s
Starting Decompression...
  Decompression Time: 1.737 ms
  Decompression Throughput: 388.00 GB/s
Verification Results:
  Max Error: 4.671165e-09
  PSNR: 108.44 dB
  Compliance: PASS
BENCH_START:CESM:DTCOND_1_26_1800_3600.f32:outlier:6.0
Configuration:
  Input File: /scratch/bfrq/bzhang28/SDRBENCH-CESM-ATM-26x1800x3600/DTCOND_1_26_1800_3600.f32
  Dims: 3600x1800x26
  Elements: 168480000
  Target Ratio: 6.00
  Mode: outlier
  Sample Rate: 1000
Data Range: 0.000582
Warming up GPU...
Warmup complete.
Starting Profiling...
  Profiling Time: 0.792 ms
  Selected AbsEB: 3.725506e-08 (RelEB: 6.400000e-05)
  Estimated Ratio: 6.06 (Target: 6.00)
Starting Compression...
  Compression Time: 2.343 ms
  Compressed Size: 111862759
  Achieved Ratio: 6.02
Throughput Statistics:
  Profiling Throughput:    851.08 GB/s
  Compression Throughput:  287.61 GB/s
  Total (Prof+Comp) Thrpt: 214.96 GB/s
Starting Decompression...
  Decompression Time: 1.703 ms
  Decompression Throughput: 395.72 GB/s
Verification Results:
  Max Error: 3.726745e-08
  PSNR: 90.70 dB
  Compliance: PASS
BENCH_START:CESM:DTCOND_1_26_1800_3600.f32:outlier:8.0
Configuration:
  Input File: /scratch/bfrq/bzhang28/SDRBENCH-CESM-ATM-26x1800x3600/DTCOND_1_26_1800_3600.f32
  Dims: 3600x1800x26
  Elements: 168480000
  Target Ratio: 8.00
  Mode: outlier
  Sample Rate: 1000
Data Range: 0.000582
Warming up GPU...
Warmup complete.
Starting Profiling...
  Profiling Time: 0.763 ms
  Selected AbsEB: 1.455276e-07 (RelEB: 2.500000e-04)
  Estimated Ratio: 8.14 (Target: 8.00)
Starting Compression...
  Compression Time: 2.216 ms
  Compressed Size: 83142089
  Achieved Ratio: 8.11
Throughput Statistics:
  Profiling Throughput:    882.94 GB/s
  Compression Throughput:  304.08 GB/s
  Total (Prof+Comp) Thrpt: 226.18 GB/s
Starting Decompression...
  Decompression Time: 1.519 ms
  Decompression Throughput: 443.58 GB/s
Verification Results:
  Max Error: 1.455337e-07
  PSNR: 79.19 dB
  Compliance: PASS
BENCH_START:CESM:DTCOND_1_26_1800_3600.f32:plain:4.0
Configuration:
  Input File: /scratch/bfrq/bzhang28/SDRBENCH-CESM-ATM-26x1800x3600/DTCOND_1_26_1800_3600.f32
  Dims: 3600x1800x26
  Elements: 168480000
  Target Ratio: 4.00
  Mode: plain
  Sample Rate: 1000
Data Range: 0.000582
Warming up GPU...
Warmup complete.
Starting Profiling...
  Profiling Time: 0.771 ms
  Selected AbsEB: 4.656882e-09 (RelEB: 8.000000e-06)
  Estimated Ratio: 4.15 (Target: 4.00)
Starting Compression...
  Compression Time: 2.297 ms
  Compressed Size: 163207032
  Achieved Ratio: 4.13
Throughput Statistics:
  Profiling Throughput:    873.64 GB/s
  Compression Throughput:  293.38 GB/s
  Total (Prof+Comp) Thrpt: 219.63 GB/s
Starting Decompression...
  Decompression Time: 1.304 ms
  Decompression Throughput: 516.96 GB/s
Verification Results:
  Max Error: 4.671165e-09
  PSNR: 108.44 dB
  Compliance: PASS
BENCH_START:CESM:DTCOND_1_26_1800_3600.f32:plain:6.0
Configuration:
  Input File: /scratch/bfrq/bzhang28/SDRBENCH-CESM-ATM-26x1800x3600/DTCOND_1_26_1800_3600.f32
  Dims: 3600x1800x26
  Elements: 168480000
  Target Ratio: 6.00
  Mode: plain
  Sample Rate: 1000
Data Range: 0.000582
Warming up GPU...
Warmup complete.
Starting Profiling...
  Profiling Time: 0.760 ms
  Selected AbsEB: 4.074772e-08 (RelEB: 7.000000e-05)
  Estimated Ratio: 6.00 (Target: 6.00)
Starting Compression...
  Compression Time: 2.070 ms
  Compressed Size: 112770328
  Achieved Ratio: 5.98
Throughput Statistics:
  Profiling Throughput:    886.74 GB/s
  Compression Throughput:  325.60 GB/s
  Total (Prof+Comp) Thrpt: 238.15 GB/s
Starting Decompression...
  Decompression Time: 1.116 ms
  Decompression Throughput: 603.94 GB/s
Verification Results:
  Max Error: 4.075991e-08
  PSNR: 89.95 dB
  Compliance: PASS
BENCH_START:CESM:DTCOND_1_26_1800_3600.f32:plain:8.0
Configuration:
  Input File: /scratch/bfrq/bzhang28/SDRBENCH-CESM-ATM-26x1800x3600/DTCOND_1_26_1800_3600.f32
  Dims: 3600x1800x26
  Elements: 168480000
  Target Ratio: 8.00
  Mode: plain
  Sample Rate: 1000
Data Range: 0.000582
Warming up GPU...
Warmup complete.
Starting Profiling...
  Profiling Time: 0.761 ms
  Selected AbsEB: 1.629909e-07 (RelEB: 2.800000e-04)
  Estimated Ratio: 8.08 (Target: 8.00)
Starting Compression...
  Compression Time: 1.996 ms
  Compressed Size: 83736304
  Achieved Ratio: 8.05
Throughput Statistics:
  Profiling Throughput:    885.62 GB/s
  Compression Throughput:  337.71 GB/s
  Total (Prof+Comp) Thrpt: 244.48 GB/s
Starting Decompression...
  Decompression Time: 1.004 ms
  Decompression Throughput: 671.47 GB/s
Verification Results:
  Max Error: 1.629960e-07
  PSNR: 78.24 dB
  Compliance: PASS
BENCH_START:CESM:DTV_1_26_1800_3600.f32:outlier:4.0
Configuration:
  Input File: /scratch/bfrq/bzhang28/SDRBENCH-CESM-ATM-26x1800x3600/DTV_1_26_1800_3600.f32
  Dims: 3600x1800x26
  Elements: 168480000
  Target Ratio: 4.00
  Mode: outlier
  Sample Rate: 1000
Data Range: 0.001464
Warming up GPU...
Warmup complete.
Starting Profiling...
  Profiling Time: 0.761 ms
  Selected AbsEB: 2.928068e-09 (RelEB: 2.000000e-06)
  Estimated Ratio: 4.33 (Target: 4.00)
Starting Compression...
  Compression Time: 2.620 ms
  Compressed Size: 156411515
  Achieved Ratio: 4.31
Throughput Statistics:
  Profiling Throughput:    885.88 GB/s
  Compression Throughput:  257.19 GB/s
  Total (Prof+Comp) Thrpt: 199.32 GB/s
Starting Decompression...
  Decompression Time: 1.851 ms
  Decompression Throughput: 364.13 GB/s
Verification Results:
  Max Error: 2.968591e-09
  PSNR: 118.63 dB
  Compliance: PASS
BENCH_START:CESM:DTV_1_26_1800_3600.f32:outlier:6.0
Configuration:
  Input File: /scratch/bfrq/bzhang28/SDRBENCH-CESM-ATM-26x1800x3600/DTV_1_26_1800_3600.f32
  Dims: 3600x1800x26
  Elements: 168480000
  Target Ratio: 6.00
  Mode: outlier
  Sample Rate: 1000
Data Range: 0.001464
Warming up GPU...
Warmup complete.
Starting Profiling...
  Profiling Time: 0.766 ms
  Selected AbsEB: 1.464034e-08 (RelEB: 1.000000e-05)
  Estimated Ratio: 6.03 (Target: 6.00)
Starting Compression...
  Compression Time: 2.343 ms
  Compressed Size: 111974679
  Achieved Ratio: 6.02
Throughput Statistics:
  Profiling Throughput:    879.99 GB/s
  Compression Throughput:  287.63 GB/s
  Total (Prof+Comp) Thrpt: 216.78 GB/s
Starting Decompression...
  Decompression Time: 1.672 ms
  Decompression Throughput: 403.08 GB/s
Verification Results:
  Max Error: 1.466833e-08
  PSNR: 104.27 dB
  Compliance: PASS
BENCH_START:CESM:DTV_1_26_1800_3600.f32:outlier:8.0
Configuration:
  Input File: /scratch/bfrq/bzhang28/SDRBENCH-CESM-ATM-26x1800x3600/DTV_1_26_1800_3600.f32
  Dims: 3600x1800x26
  Elements: 168480000
  Target Ratio: 8.00
  Mode: outlier
  Sample Rate: 1000
Data Range: 0.001464
Warming up GPU...
Warmup complete.
Starting Profiling...
  Profiling Time: 0.765 ms
  Selected AbsEB: 3.660085e-08 (RelEB: 2.500000e-05)
  Estimated Ratio: 8.14 (Target: 8.00)
Starting Compression...
  Compression Time: 2.142 ms
  Compressed Size: 83517413
  Achieved Ratio: 8.07
Throughput Statistics:
  Profiling Throughput:    880.66 GB/s
  Compression Throughput:  314.64 GB/s
  Total (Prof+Comp) Thrpt: 231.82 GB/s
Starting Decompression...
  Decompression Time: 1.375 ms
  Decompression Throughput: 490.18 GB/s
Verification Results:
  Max Error: 3.661262e-08
  PSNR: 97.43 dB
  Compliance: PASS
BENCH_START:CESM:DTV_1_26_1800_3600.f32:plain:4.0
Configuration:
  Input File: /scratch/bfrq/bzhang28/SDRBENCH-CESM-ATM-26x1800x3600/DTV_1_26_1800_3600.f32
  Dims: 3600x1800x26
  Elements: 168480000
  Target Ratio: 4.00
  Mode: plain
  Sample Rate: 1000
Data Range: 0.001464
Warming up GPU...
Warmup complete.
Starting Profiling...
  Profiling Time: 0.761 ms
  Selected AbsEB: 2.928068e-09 (RelEB: 2.000000e-06)
  Estimated Ratio: 4.18 (Target: 4.00)
Starting Compression...
  Compression Time: 2.475 ms
  Compressed Size: 162043096
  Achieved Ratio: 4.16
Throughput Statistics:
  Profiling Throughput:    885.99 GB/s
  Compression Throughput:  272.24 GB/s
  Total (Prof+Comp) Thrpt: 208.25 GB/s
Starting Decompression...
  Decompression Time: 1.365 ms
  Decompression Throughput: 493.81 GB/s
Verification Results:
  Max Error: 2.968591e-09
  PSNR: 118.63 dB
  Compliance: PASS
BENCH_START:CESM:DTV_1_26_1800_3600.f32:plain:6.0
Configuration:
  Input File: /scratch/bfrq/bzhang28/SDRBENCH-CESM-ATM-26x1800x3600/DTV_1_26_1800_3600.f32
  Dims: 3600x1800x26
  Elements: 168480000
  Target Ratio: 6.00
  Mode: plain
  Sample Rate: 1000
Data Range: 0.001464
Warming up GPU...
Warmup complete.
Starting Profiling...
  Profiling Time: 0.759 ms
  Selected AbsEB: 2.196051e-08 (RelEB: 1.500000e-05)
  Estimated Ratio: 6.46 (Target: 6.00)
Starting Compression...
  Compression Time: 2.161 ms
  Compressed Size: 105031848
  Achieved Ratio: 6.42
Throughput Statistics:
  Profiling Throughput:    887.45 GB/s
  Compression Throughput:  311.89 GB/s
  Total (Prof+Comp) Thrpt: 230.78 GB/s
Starting Decompression...
  Decompression Time: 1.189 ms
  Decompression Throughput: 566.69 GB/s
Verification Results:
  Max Error: 2.200250e-08
  PSNR: 100.73 dB
  Compliance: PASS
BENCH_START:CESM:DTV_1_26_1800_3600.f32:plain:8.0
Configuration:
  Input File: /scratch/bfrq/bzhang28/SDRBENCH-CESM-ATM-26x1800x3600/DTV_1_26_1800_3600.f32
  Dims: 3600x1800x26
  Elements: 168480000
  Target Ratio: 8.00
  Mode: plain
  Sample Rate: 1000
Data Range: 0.001464
Warming up GPU...
Warmup complete.
Starting Profiling...
  Profiling Time: 0.749 ms
  Selected AbsEB: 3.660085e-08 (RelEB: 2.500000e-05)
  Estimated Ratio: 8.03 (Target: 8.00)
Starting Compression...
  Compression Time: 2.030 ms
  Compressed Size: 84775408
  Achieved Ratio: 7.95
Throughput Statistics:
  Profiling Throughput:    899.58 GB/s
  Compression Throughput:  331.94 GB/s
  Total (Prof+Comp) Thrpt: 242.47 GB/s
Starting Decompression...
  Decompression Time: 1.072 ms
  Decompression Throughput: 628.66 GB/s
Verification Results:
  Max Error: 3.661262e-08
  PSNR: 97.43 dB
  Compliance: PASS
BENCH_START:CESM:FICE_1_26_1800_3600.f32:outlier:4.0
Configuration:
  Input File: /scratch/bfrq/bzhang28/SDRBENCH-CESM-ATM-26x1800x3600/FICE_1_26_1800_3600.f32
  Dims: 3600x1800x26
  Elements: 168480000
  Target Ratio: 4.00
  Mode: outlier
  Sample Rate: 1000
Data Range: 1.000000
Warming up GPU...
Warmup complete.
Starting Profiling...
  Profiling Time: 0.772 ms
  Selected AbsEB: 2.000000e-05 (RelEB: 2.000000e-05)
  Estimated Ratio: 4.09 (Target: 4.00)
Starting Compression...
  Compression Time: 2.676 ms
  Compressed Size: 164719780
  Achieved Ratio: 4.09
Throughput Statistics:
  Profiling Throughput:    872.45 GB/s
  Compression Throughput:  251.87 GB/s
  Total (Prof+Comp) Thrpt: 195.45 GB/s
Starting Decompression...
  Decompression Time: 2.103 ms
  Decompression Throughput: 320.49 GB/s
Verification Results:
  Max Error: 2.002716e-05
  PSNR: 102.82 dB
  Compliance: PASS
BENCH_START:CESM:FICE_1_26_1800_3600.f32:outlier:6.0
Configuration:
  Input File: /scratch/bfrq/bzhang28/SDRBENCH-CESM-ATM-26x1800x3600/FICE_1_26_1800_3600.f32
  Dims: 3600x1800x26
  Elements: 168480000
  Target Ratio: 6.00
  Mode: outlier
  Sample Rate: 1000
Data Range: 1.000000
Warming up GPU...
Warmup complete.
Starting Profiling...
  Profiling Time: 0.759 ms
  Selected AbsEB: 4.900000e-04 (RelEB: 4.900000e-04)
  Estimated Ratio: 6.06 (Target: 6.00)
Starting Compression...
  Compression Time: 2.266 ms
  Compressed Size: 110907385
  Achieved Ratio: 6.08
Throughput Statistics:
  Profiling Throughput:    887.45 GB/s
  Compression Throughput:  297.37 GB/s
  Total (Prof+Comp) Thrpt: 222.73 GB/s
Starting Decompression...
  Decompression Time: 1.637 ms
  Decompression Throughput: 411.70 GB/s
Verification Results:
  Max Error: 4.900098e-04
  PSNR: 69.81 dB
  Compliance: PASS
BENCH_START:CESM:FICE_1_26_1800_3600.f32:outlier:8.0
Configuration:
  Input File: /scratch/bfrq/bzhang28/SDRBENCH-CESM-ATM-26x1800x3600/FICE_1_26_1800_3600.f32
  Dims: 3600x1800x26
  Elements: 168480000
  Target Ratio: 8.00
  Mode: outlier
  Sample Rate: 1000
Data Range: 1.000000
Warming up GPU...
Warmup complete.
Starting Profiling...
  Profiling Time: 0.763 ms
  Selected AbsEB: 2.200000e-03 (RelEB: 2.200000e-03)
  Estimated Ratio: 8.07 (Target: 8.00)
Starting Compression...
  Compression Time: 2.278 ms
  Compressed Size: 83233942
  Achieved Ratio: 8.10
Throughput Statistics:
  Profiling Throughput:    883.76 GB/s
  Compression Throughput:  295.85 GB/s
  Total (Prof+Comp) Thrpt: 221.65 GB/s
Starting Decompression...
  Decompression Time: 1.833 ms
  Decompression Throughput: 367.64 GB/s
Verification Results:
  Max Error: 2.200067e-03
  PSNR: 58.99 dB
  Compliance: PASS
BENCH_START:CESM:FICE_1_26_1800_3600.f32:plain:4.0
Configuration:
  Input File: /scratch/bfrq/bzhang28/SDRBENCH-CESM-ATM-26x1800x3600/FICE_1_26_1800_3600.f32
  Dims: 3600x1800x26
  Elements: 168480000
  Target Ratio: 4.00
  Mode: plain
  Sample Rate: 1000
Data Range: 1.000000
Warming up GPU...
Warmup complete.
Starting Profiling...
  Profiling Time: 0.769 ms
  Selected AbsEB: 2.200000e-03 (RelEB: 2.200000e-03)
  Estimated Ratio: 4.03 (Target: 4.00)
Starting Compression...
  Compression Time: 2.169 ms
  Compressed Size: 167161824
  Achieved Ratio: 4.03
Throughput Statistics:
  Profiling Throughput:    876.77 GB/s
  Compression Throughput:  310.66 GB/s
  Total (Prof+Comp) Thrpt: 229.38 GB/s
Starting Decompression...
  Decompression Time: 1.232 ms
  Decompression Throughput: 547.11 GB/s
Verification Results:
  Max Error: 2.200067e-03
  PSNR: 58.99 dB
  Compliance: PASS
BENCH_START:CESM:FICE_1_26_1800_3600.f32:plain:6.0
Configuration:
  Input File: /scratch/bfrq/bzhang28/SDRBENCH-CESM-ATM-26x1800x3600/FICE_1_26_1800_3600.f32
  Dims: 3600x1800x26
  Elements: 168480000
  Target Ratio: 6.00
  Mode: plain
  Sample Rate: 1000
Data Range: 1.000000
Warming up GPU...
Warmup complete.
Starting Profiling...
  Profiling Time: 0.758 ms
  Selected AbsEB: 1.600000e-02 (RelEB: 1.600000e-02)
  Estimated Ratio: 6.07 (Target: 6.00)
Starting Compression...
  Compression Time: 2.058 ms
  Compressed Size: 111102928
  Achieved Ratio: 6.07
Throughput Statistics:
  Profiling Throughput:    889.10 GB/s
  Compression Throughput:  327.53 GB/s
  Total (Prof+Comp) Thrpt: 239.35 GB/s
Starting Decompression...
  Decompression Time: 1.054 ms
  Decompression Throughput: 639.50 GB/s
Verification Results:
  Max Error: 1.600003e-02
  PSNR: 42.33 dB
  Compliance: PASS
BENCH_START:CESM:FICE_1_26_1800_3600.f32:plain:8.0
Configuration:
  Input File: /scratch/bfrq/bzhang28/SDRBENCH-CESM-ATM-26x1800x3600/FICE_1_26_1800_3600.f32
  Dims: 3600x1800x26
  Elements: 168480000
  Target Ratio: 8.00
  Mode: plain
  Sample Rate: 1000
Data Range: 1.000000
Warming up GPU...
Warmup complete.
Starting Profiling...
  Profiling Time: 0.879 ms
  Selected AbsEB: 6.700000e-02 (RelEB: 6.700000e-02)
  Estimated Ratio: 9.14 (Target: 8.00)
Starting Compression...
  Compression Time: 2.009 ms
  Compressed Size: 73828952
  Achieved Ratio: 9.13
Throughput Statistics:
  Profiling Throughput:    766.26 GB/s
  Compression Throughput:  335.50 GB/s
  Total (Prof+Comp) Thrpt: 233.34 GB/s
Starting Decompression...
  Decompression Time: 0.980 ms
  Decompression Throughput: 687.72 GB/s
Verification Results:
  Max Error: 6.700003e-02
  PSNR: 26.14 dB
  Compliance: PASS
BENCH_START:CESM:GCLDLWP_1_26_1800_3600.f32:outlier:4.0
Configuration:
  Input File: /scratch/bfrq/bzhang28/SDRBENCH-CESM-ATM-26x1800x3600/GCLDLWP_1_26_1800_3600.f32
  Dims: 3600x1800x26
  Elements: 168480000
  Target Ratio: 4.00
  Mode: outlier
  Sample Rate: 1000
Data Range: 167.311600
Warming up GPU...
Warmup complete.
Starting Profiling...
  Profiling Time: 0.793 ms
  Selected AbsEB: 2.509674e-03 (RelEB: 1.500000e-05)
  Estimated Ratio: 4.18 (Target: 4.00)
Starting Compression...
  Compression Time: 2.524 ms
  Compressed Size: 161545177
  Achieved Ratio: 4.17
Throughput Statistics:
  Profiling Throughput:    850.12 GB/s
  Compression Throughput:  267.03 GB/s
  Total (Prof+Comp) Thrpt: 203.20 GB/s
Starting Decompression...
  Decompression Time: 1.839 ms
  Decompression Throughput: 366.40 GB/s
Verification Results:
  Max Error: 2.517700e-03
  PSNR: 103.18 dB
  Compliance: PASS
BENCH_START:CESM:GCLDLWP_1_26_1800_3600.f32:outlier:6.0
Configuration:
  Input File: /scratch/bfrq/bzhang28/SDRBENCH-CESM-ATM-26x1800x3600/GCLDLWP_1_26_1800_3600.f32
  Dims: 3600x1800x26
  Elements: 168480000
  Target Ratio: 6.00
  Mode: outlier
  Sample Rate: 1000
Data Range: 167.311600
Warming up GPU...
Warmup complete.
Starting Profiling...
  Profiling Time: 0.775 ms
  Selected AbsEB: 2.676986e-02 (RelEB: 1.600000e-04)
  Estimated Ratio: 6.25 (Target: 6.00)
Starting Compression...
  Compression Time: 2.399 ms
  Compressed Size: 108149674
  Achieved Ratio: 6.23
Throughput Statistics:
  Profiling Throughput:    869.67 GB/s
  Compression Throughput:  280.90 GB/s
  Total (Prof+Comp) Thrpt: 212.32 GB/s
Starting Decompression...
  Decompression Time: 1.707 ms
  Decompression Throughput: 394.89 GB/s
Verification Results:
  Max Error: 2.677536e-02
  PSNR: 82.78 dB
  Compliance: PASS
BENCH_START:CESM:GCLDLWP_1_26_1800_3600.f32:outlier:8.0
Configuration:
  Input File: /scratch/bfrq/bzhang28/SDRBENCH-CESM-ATM-26x1800x3600/GCLDLWP_1_26_1800_3600.f32
  Dims: 3600x1800x26
  Elements: 168480000
  Target Ratio: 8.00
  Mode: outlier
  Sample Rate: 1000
Data Range: 167.311600
Warming up GPU...
Warmup complete.
Starting Profiling...
  Profiling Time: 0.776 ms
  Selected AbsEB: 8.700203e-02 (RelEB: 5.200000e-04)
  Estimated Ratio: 8.05 (Target: 8.00)
Starting Compression...
  Compression Time: 2.205 ms
  Compressed Size: 83791733
  Achieved Ratio: 8.04
Throughput Statistics:
  Profiling Throughput:    868.78 GB/s
  Compression Throughput:  305.60 GB/s
  Total (Prof+Comp) Thrpt: 226.08 GB/s
Starting Decompression...
  Decompression Time: 1.594 ms
  Decompression Throughput: 422.76 GB/s
Verification Results:
  Max Error: 8.700562e-02
  PSNR: 72.79 dB
  Compliance: PASS
BENCH_START:CESM:GCLDLWP_1_26_1800_3600.f32:plain:4.0
Configuration:
  Input File: /scratch/bfrq/bzhang28/SDRBENCH-CESM-ATM-26x1800x3600/GCLDLWP_1_26_1800_3600.f32
  Dims: 3600x1800x26
  Elements: 168480000
  Target Ratio: 4.00
  Mode: plain
  Sample Rate: 1000
Data Range: 167.311600
Warming up GPU...
Warmup complete.
Starting Profiling...
  Profiling Time: 0.763 ms
  Selected AbsEB: 2.509674e-03 (RelEB: 1.500000e-05)
  Estimated Ratio: 4.06 (Target: 4.00)
Starting Compression...
  Compression Time: 2.350 ms
  Compressed Size: 166006216
  Achieved Ratio: 4.06
Throughput Statistics:
  Profiling Throughput:    882.72 GB/s
  Compression Throughput:  286.81 GB/s
  Total (Prof+Comp) Thrpt: 216.48 GB/s
Starting Decompression...
  Decompression Time: 1.267 ms
  Decompression Throughput: 531.82 GB/s
Verification Results:
  Max Error: 2.517700e-03
  PSNR: 103.18 dB
  Compliance: PASS
BENCH_START:CESM:GCLDLWP_1_26_1800_3600.f32:plain:6.0
Configuration:
  Input File: /scratch/bfrq/bzhang28/SDRBENCH-CESM-ATM-26x1800x3600/GCLDLWP_1_26_1800_3600.f32
  Dims: 3600x1800x26
  Elements: 168480000
  Target Ratio: 6.00
  Mode: plain
  Sample Rate: 1000
Data Range: 167.311600
Warming up GPU...
Warmup complete.
Starting Profiling...
  Profiling Time: 0.764 ms
  Selected AbsEB: 3.178921e-02 (RelEB: 1.900000e-04)
  Estimated Ratio: 6.20 (Target: 6.00)
Starting Compression...
  Compression Time: 2.022 ms
  Compressed Size: 108927760
  Achieved Ratio: 6.19
Throughput Statistics:
  Profiling Throughput:    882.28 GB/s
  Compression Throughput:  333.25 GB/s
  Total (Prof+Comp) Thrpt: 241.89 GB/s
Starting Decompression...
  Decompression Time: 1.041 ms
  Decompression Throughput: 647.32 GB/s
Verification Results:
  Max Error: 3.179169e-02
  PSNR: 81.31 dB
  Compliance: PASS
BENCH_START:CESM:GCLDLWP_1_26_1800_3600.f32:plain:8.0
Configuration:
  Input File: /scratch/bfrq/bzhang28/SDRBENCH-CESM-ATM-26x1800x3600/GCLDLWP_1_26_1800_3600.f32
  Dims: 3600x1800x26
  Elements: 168480000
  Target Ratio: 8.00
  Mode: plain
  Sample Rate: 1000
Data Range: 167.311600
Warming up GPU...
Warmup complete.
Starting Profiling...
  Profiling Time: 0.766 ms
  Selected AbsEB: 1.070794e-01 (RelEB: 6.400000e-04)
  Estimated Ratio: 8.02 (Target: 8.00)
Starting Compression...
  Compression Time: 1.925 ms
  Compressed Size: 84333472
  Achieved Ratio: 7.99
Throughput Statistics:
  Profiling Throughput:    879.63 GB/s
  Compression Throughput:  350.12 GB/s
  Total (Prof+Comp) Thrpt: 250.44 GB/s
Starting Decompression...
  Decompression Time: 0.945 ms
  Decompression Throughput: 712.84 GB/s
Verification Results:
  Max Error: 1.070862e-01
  PSNR: 71.05 dB
  Compliance: PASS
BENCH_START:CESM:ICIMR_1_26_1800_3600.f32:outlier:4.0
Configuration:
  Input File: /scratch/bfrq/bzhang28/SDRBENCH-CESM-ATM-26x1800x3600/ICIMR_1_26_1800_3600.f32
  Dims: 3600x1800x26
  Elements: 168480000
  Target Ratio: 4.00
  Mode: outlier
  Sample Rate: 1000
Data Range: 0.007477
Warming up GPU...
Warmup complete.
Starting Profiling...
  Profiling Time: 0.772 ms
  Selected AbsEB: 7.477245e-09 (RelEB: 1.000000e-06)
  Estimated Ratio: 4.40 (Target: 4.00)
Starting Compression...
  Compression Time: 2.554 ms
  Compressed Size: 153312854
  Achieved Ratio: 4.40
Throughput Statistics:
  Profiling Throughput:    873.03 GB/s
  Compression Throughput:  263.88 GB/s
  Total (Prof+Comp) Thrpt: 202.63 GB/s
Starting Decompression...
  Decompression Time: 1.933 ms
  Decompression Throughput: 348.61 GB/s
Verification Results:
  Max Error: 7.683411e-09
  PSNR: 127.70 dB
  Compliance: PASS
BENCH_START:CESM:ICIMR_1_26_1800_3600.f32:outlier:6.0
Configuration:
  Input File: /scratch/bfrq/bzhang28/SDRBENCH-CESM-ATM-26x1800x3600/ICIMR_1_26_1800_3600.f32
  Dims: 3600x1800x26
  Elements: 168480000
  Target Ratio: 6.00
  Mode: outlier
  Sample Rate: 1000
Data Range: 0.007477
Warming up GPU...
Warmup complete.
Starting Profiling...
  Profiling Time: 0.790 ms
  Selected AbsEB: 6.729520e-08 (RelEB: 9.000000e-06)
  Estimated Ratio: 6.10 (Target: 6.00)
Starting Compression...
  Compression Time: 2.346 ms
  Compressed Size: 110889874
  Achieved Ratio: 6.08
Throughput Statistics:
  Profiling Throughput:    852.63 GB/s
  Compression Throughput:  287.24 GB/s
  Total (Prof+Comp) Thrpt: 214.86 GB/s
Starting Decompression...
  Decompression Time: 1.750 ms
  Decompression Throughput: 385.19 GB/s
Verification Results:
  Max Error: 6.752089e-08
  PSNR: 108.66 dB
  Compliance: PASS
BENCH_START:CESM:ICIMR_1_26_1800_3600.f32:outlier:8.0
Configuration:
  Input File: /scratch/bfrq/bzhang28/SDRBENCH-CESM-ATM-26x1800x3600/ICIMR_1_26_1800_3600.f32
  Dims: 3600x1800x26
  Elements: 168480000
  Target Ratio: 8.00
  Mode: outlier
  Sample Rate: 1000
Data Range: 0.007477
Warming up GPU...
Warmup complete.
Starting Profiling...
  Profiling Time: 0.759 ms
  Selected AbsEB: 2.990898e-07 (RelEB: 4.000000e-05)
  Estimated Ratio: 8.14 (Target: 8.00)
Starting Compression...
  Compression Time: 2.304 ms
  Compressed Size: 83201116
  Achieved Ratio: 8.10
Throughput Statistics:
  Profiling Throughput:    888.12 GB/s
  Compression Throughput:  292.53 GB/s
  Total (Prof+Comp) Thrpt: 220.05 GB/s
Starting Decompression...
  Decompression Time: 1.782 ms
  Decompression Throughput: 378.10 GB/s
Verification Results:
  Max Error: 2.994202e-07
  PSNR: 95.75 dB
  Compliance: PASS
BENCH_START:CESM:ICIMR_1_26_1800_3600.f32:plain:4.0
Configuration:
  Input File: /scratch/bfrq/bzhang28/SDRBENCH-CESM-ATM-26x1800x3600/ICIMR_1_26_1800_3600.f32
  Dims: 3600x1800x26
  Elements: 168480000
  Target Ratio: 4.00
  Mode: plain
  Sample Rate: 1000
Data Range: 0.007477
Warming up GPU...
Warmup complete.
Starting Profiling...
  Profiling Time: 0.756 ms
  Selected AbsEB: 7.477245e-09 (RelEB: 1.000000e-06)
  Estimated Ratio: 4.32 (Target: 4.00)
Starting Compression...
  Compression Time: 2.310 ms
  Compressed Size: 156310168
  Achieved Ratio: 4.31
Throughput Statistics:
  Profiling Throughput:    891.13 GB/s
  Compression Throughput:  291.75 GB/s
  Total (Prof+Comp) Thrpt: 219.79 GB/s
Starting Decompression...
  Decompression Time: 1.334 ms
  Decompression Throughput: 505.16 GB/s
Verification Results:
  Max Error: 7.683411e-09
  PSNR: 127.70 dB
  Compliance: PASS
BENCH_START:CESM:ICIMR_1_26_1800_3600.f32:plain:6.0
Configuration:
  Input File: /scratch/bfrq/bzhang28/SDRBENCH-CESM-ATM-26x1800x3600/ICIMR_1_26_1800_3600.f32
  Dims: 3600x1800x26
  Elements: 168480000
  Target Ratio: 6.00
  Mode: plain
  Sample Rate: 1000
Data Range: 0.007477
Warming up GPU...
Warmup complete.
Starting Profiling...
  Profiling Time: 0.754 ms
  Selected AbsEB: 7.477244e-08 (RelEB: 1.000000e-05)
  Estimated Ratio: 6.03 (Target: 6.00)
Starting Compression...
  Compression Time: 2.037 ms
  Compressed Size: 111955184
  Achieved Ratio: 6.02
Throughput Statistics:
  Profiling Throughput:    894.38 GB/s
  Compression Throughput:  330.83 GB/s
  Total (Prof+Comp) Thrpt: 241.50 GB/s
Starting Decompression...
  Decompression Time: 1.145 ms
  Decompression Throughput: 588.61 GB/s
Verification Results:
  Max Error: 7.497147e-08
  PSNR: 107.74 dB
  Compliance: PASS
BENCH_START:CESM:ICIMR_1_26_1800_3600.f32:plain:8.0
Configuration:
  Input File: /scratch/bfrq/bzhang28/SDRBENCH-CESM-ATM-26x1800x3600/ICIMR_1_26_1800_3600.f32
  Dims: 3600x1800x26
  Elements: 168480000
  Target Ratio: 8.00
  Mode: plain
  Sample Rate: 1000
Data Range: 0.007477
Warming up GPU...
Warmup complete.
Starting Profiling...
  Profiling Time: 0.749 ms
  Selected AbsEB: 3.364760e-07 (RelEB: 4.500000e-05)
  Estimated Ratio: 8.02 (Target: 8.00)
Starting Compression...
  Compression Time: 1.958 ms
  Compressed Size: 84176696
  Achieved Ratio: 8.01
Throughput Statistics:
  Profiling Throughput:    900.27 GB/s
  Compression Throughput:  344.19 GB/s
  Total (Prof+Comp) Thrpt: 249.00 GB/s
Starting Decompression...
  Decompression Time: 1.027 ms
  Decompression Throughput: 655.99 GB/s
Verification Results:
  Max Error: 3.364985e-07
  PSNR: 94.73 dB
  Compliance: PASS
BENCH_START:CESM:ICLDIWP_1_26_1800_3600.f32:outlier:4.0
Configuration:
  Input File: /scratch/bfrq/bzhang28/SDRBENCH-CESM-ATM-26x1800x3600/ICLDIWP_1_26_1800_3600.f32
  Dims: 3600x1800x26
  Elements: 168480000
  Target Ratio: 4.00
  Mode: outlier
  Sample Rate: 1000
Data Range: 1799.319946
Warming up GPU...
Warmup complete.
Starting Profiling...
  Profiling Time: 0.752 ms
  Selected AbsEB: 1.799320e-03 (RelEB: 1.000000e-06)
  Estimated Ratio: 4.23 (Target: 4.00)
Starting Compression...
  Compression Time: 2.595 ms
  Compressed Size: 159404143
  Achieved Ratio: 4.23
Throughput Statistics:
  Profiling Throughput:    896.70 GB/s
  Compression Throughput:  259.68 GB/s
  Total (Prof+Comp) Thrpt: 201.37 GB/s
Starting Decompression...
  Decompression Time: 1.930 ms
  Decompression Throughput: 349.13 GB/s
Verification Results:
  Max Error: 1.831055e-03
  PSNR: 127.71 dB
  Compliance: PASS
BENCH_START:CESM:ICLDIWP_1_26_1800_3600.f32:outlier:6.0
Configuration:
  Input File: /scratch/bfrq/bzhang28/SDRBENCH-CESM-ATM-26x1800x3600/ICLDIWP_1_26_1800_3600.f32
  Dims: 3600x1800x26
  Elements: 168480000
  Target Ratio: 6.00
  Mode: outlier
  Sample Rate: 1000
Data Range: 1799.319946
Warming up GPU...
Warmup complete.
Starting Profiling...
  Profiling Time: 0.758 ms
  Selected AbsEB: 2.698980e-02 (RelEB: 1.500000e-05)
  Estimated Ratio: 6.26 (Target: 6.00)
Starting Compression...
  Compression Time: 2.318 ms
  Compressed Size: 107536668
  Achieved Ratio: 6.27
Throughput Statistics:
  Profiling Throughput:    889.55 GB/s
  Compression Throughput:  290.78 GB/s
  Total (Prof+Comp) Thrpt: 219.14 GB/s
Starting Decompression...
  Decompression Time: 1.668 ms
  Decompression Throughput: 404.14 GB/s
Verification Results:
  Max Error: 2.709961e-02
  PSNR: 104.24 dB
  Compliance: PASS
BENCH_START:CESM:ICLDIWP_1_26_1800_3600.f32:outlier:8.0
Configuration:
  Input File: /scratch/bfrq/bzhang28/SDRBENCH-CESM-ATM-26x1800x3600/ICLDIWP_1_26_1800_3600.f32
  Dims: 3600x1800x26
  Elements: 168480000
  Target Ratio: 8.00
  Mode: outlier
  Sample Rate: 1000
Data Range: 1799.319946
Warming up GPU...
Warmup complete.
Starting Profiling...
  Profiling Time: 0.777 ms
  Selected AbsEB: 9.896260e-02 (RelEB: 5.500000e-05)
  Estimated Ratio: 8.04 (Target: 8.00)
Starting Compression...
  Compression Time: 2.283 ms
  Compressed Size: 83836534
  Achieved Ratio: 8.04
Throughput Statistics:
  Profiling Throughput:    867.17 GB/s
  Compression Throughput:  295.23 GB/s
  Total (Prof+Comp) Thrpt: 220.25 GB/s
Starting Decompression...
  Decompression Time: 1.752 ms
  Decompression Throughput: 384.74 GB/s
Verification Results:
  Max Error: 9.899902e-02
  PSNR: 93.00 dB
  Compliance: PASS
BENCH_START:CESM:ICLDIWP_1_26_1800_3600.f32:plain:4.0
Configuration:
  Input File: /scratch/bfrq/bzhang28/SDRBENCH-CESM-ATM-26x1800x3600/ICLDIWP_1_26_1800_3600.f32
  Dims: 3600x1800x26
  Elements: 168480000
  Target Ratio: 4.00
  Mode: plain
  Sample Rate: 1000
Data Range: 1799.319946
Warming up GPU...
Warmup complete.
Starting Profiling...
  Profiling Time: 0.754 ms
  Selected AbsEB: 1.799320e-03 (RelEB: 1.000000e-06)
  Estimated Ratio: 4.16 (Target: 4.00)
Starting Compression...
  Compression Time: 2.346 ms
  Compressed Size: 162075616
  Achieved Ratio: 4.16
Throughput Statistics:
  Profiling Throughput:    894.12 GB/s
  Compression Throughput:  287.29 GB/s
  Total (Prof+Comp) Thrpt: 217.43 GB/s
Starting Decompression...
  Decompression Time: 1.341 ms
  Decompression Throughput: 502.49 GB/s
Verification Results:
  Max Error: 1.831055e-03
  PSNR: 127.71 dB
  Compliance: PASS
BENCH_START:CESM:ICLDIWP_1_26_1800_3600.f32:plain:6.0
Configuration:
  Input File: /scratch/bfrq/bzhang28/SDRBENCH-CESM-ATM-26x1800x3600/ICLDIWP_1_26_1800_3600.f32
  Dims: 3600x1800x26
  Elements: 168480000
  Target Ratio: 6.00
  Mode: plain
  Sample Rate: 1000
Data Range: 1799.319946
Warming up GPU...
Warmup complete.
Starting Profiling...
  Profiling Time: 0.739 ms
  Selected AbsEB: 2.698980e-02 (RelEB: 1.500000e-05)
  Estimated Ratio: 6.11 (Target: 6.00)
Starting Compression...
  Compression Time: 2.019 ms
  Compressed Size: 110239144
  Achieved Ratio: 6.11
Throughput Statistics:
  Profiling Throughput:    912.04 GB/s
  Compression Throughput:  333.77 GB/s
  Total (Prof+Comp) Thrpt: 244.35 GB/s
Starting Decompression...
  Decompression Time: 1.134 ms
  Decompression Throughput: 594.26 GB/s
Verification Results:
  Max Error: 2.709961e-02
  PSNR: 104.24 dB
  Compliance: PASS
BENCH_START:CESM:ICLDIWP_1_26_1800_3600.f32:plain:8.0
Configuration:
  Input File: /scratch/bfrq/bzhang28/SDRBENCH-CESM-ATM-26x1800x3600/ICLDIWP_1_26_1800_3600.f32
  Dims: 3600x1800x26
  Elements: 168480000
  Target Ratio: 8.00
  Mode: plain
  Sample Rate: 1000
Data Range: 1799.319946
Warming up GPU...
Warmup complete.
Starting Profiling...
  Profiling Time: 0.753 ms
  Selected AbsEB: 1.151565e-01 (RelEB: 6.400000e-05)
  Estimated Ratio: 8.05 (Target: 8.00)
Starting Compression...
  Compression Time: 1.948 ms
  Compressed Size: 83898336
  Achieved Ratio: 8.03
Throughput Statistics:
  Profiling Throughput:    895.45 GB/s
  Compression Throughput:  345.90 GB/s
  Total (Prof+Comp) Thrpt: 249.52 GB/s
Starting Decompression...
  Decompression Time: 1.016 ms
  Decompression Throughput: 663.12 GB/s
Verification Results:
  Max Error: 1.151733e-01
  PSNR: 91.70 dB
  Compliance: PASS
BENCH_START:CESM:ICLDTWP_1_26_1800_3600.f32:outlier:4.0
Configuration:
  Input File: /scratch/bfrq/bzhang28/SDRBENCH-CESM-ATM-26x1800x3600/ICLDTWP_1_26_1800_3600.f32
  Dims: 3600x1800x26
  Elements: 168480000
  Target Ratio: 4.00
  Mode: outlier
  Sample Rate: 1000
Data Range: 8722.882812
Warming up GPU...
Warmup complete.
Starting Profiling...
  Profiling Time: 0.771 ms
  Selected AbsEB: 2.616865e-02 (RelEB: 3.000000e-06)
  Estimated Ratio: 4.19 (Target: 4.00)
Starting Compression...
  Compression Time: 2.553 ms
  Compressed Size: 160508566
  Achieved Ratio: 4.20
Throughput Statistics:
  Profiling Throughput:    873.53 GB/s
  Compression Throughput:  263.99 GB/s
  Total (Prof+Comp) Thrpt: 202.72 GB/s
Starting Decompression...
  Decompression Time: 1.913 ms
  Decompression Throughput: 352.36 GB/s
Verification Results:
  Max Error: 2.685547e-02
  PSNR: 117.11 dB
  Compliance: PASS
BENCH_START:CESM:ICLDTWP_1_26_1800_3600.f32:outlier:6.0
Configuration:
  Input File: /scratch/bfrq/bzhang28/SDRBENCH-CESM-ATM-26x1800x3600/ICLDTWP_1_26_1800_3600.f32
  Dims: 3600x1800x26
  Elements: 168480000
  Target Ratio: 6.00
  Mode: outlier
  Sample Rate: 1000
Data Range: 8722.882812
Warming up GPU...
Warmup complete.
Starting Profiling...
  Profiling Time: 0.766 ms
  Selected AbsEB: 2.180721e-01 (RelEB: 2.500000e-05)
  Estimated Ratio: 6.02 (Target: 6.00)
Starting Compression...
  Compression Time: 2.434 ms
  Compressed Size: 111676730
  Achieved Ratio: 6.03
Throughput Statistics:
  Profiling Throughput:    879.74 GB/s
  Compression Throughput:  276.88 GB/s
  Total (Prof+Comp) Thrpt: 210.60 GB/s
Starting Decompression...
  Decompression Time: 1.887 ms
  Decompression Throughput: 357.13 GB/s
Verification Results:
  Max Error: 2.182617e-01
  PSNR: 98.77 dB
  Compliance: PASS
BENCH_START:CESM:ICLDTWP_1_26_1800_3600.f32:outlier:8.0
Configuration:
  Input File: /scratch/bfrq/bzhang28/SDRBENCH-CESM-ATM-26x1800x3600/ICLDTWP_1_26_1800_3600.f32
  Dims: 3600x1800x26
  Elements: 168480000
  Target Ratio: 8.00
  Mode: outlier
  Sample Rate: 1000
Data Range: 8722.882812
Warming up GPU...
Warmup complete.
Starting Profiling...
  Profiling Time: 0.780 ms
  Selected AbsEB: 8.199510e-01 (RelEB: 9.400000e-05)
  Estimated Ratio: 8.03 (Target: 8.00)
Starting Compression...
  Compression Time: 2.282 ms
  Compressed Size: 83856188
  Achieved Ratio: 8.04
Throughput Statistics:
  Profiling Throughput:    863.86 GB/s
  Compression Throughput:  295.27 GB/s
  Total (Prof+Comp) Thrpt: 220.06 GB/s
Starting Decompression...
  Decompression Time: 1.677 ms
  Decompression Throughput: 401.80 GB/s
Verification Results:
  Max Error: 8.200684e-01
  PSNR: 87.39 dB
  Compliance: PASS
BENCH_START:CESM:ICLDTWP_1_26_1800_3600.f32:plain:4.0
Configuration:
  Input File: /scratch/bfrq/bzhang28/SDRBENCH-CESM-ATM-26x1800x3600/ICLDTWP_1_26_1800_3600.f32
  Dims: 3600x1800x26
  Elements: 168480000
  Target Ratio: 4.00
  Mode: plain
  Sample Rate: 1000
Data Range: 8722.882812
Warming up GPU...
Warmup complete.
Starting Profiling...
  Profiling Time: 0.798 ms
  Selected AbsEB: 2.616865e-02 (RelEB: 3.000000e-06)
  Estimated Ratio: 4.09 (Target: 4.00)
Starting Compression...
  Compression Time: 2.316 ms
  Compressed Size: 164588864
  Achieved Ratio: 4.09
Throughput Statistics:
  Profiling Throughput:    844.90 GB/s
  Compression Throughput:  290.96 GB/s
  Total (Prof+Comp) Thrpt: 216.43 GB/s
Starting Decompression...
  Decompression Time: 1.285 ms
  Decompression Throughput: 524.32 GB/s
Verification Results:
  Max Error: 2.685547e-02
  PSNR: 117.11 dB
  Compliance: PASS
BENCH_START:CESM:ICLDTWP_1_26_1800_3600.f32:plain:6.0
Configuration:
  Input File: /scratch/bfrq/bzhang28/SDRBENCH-CESM-ATM-26x1800x3600/ICLDTWP_1_26_1800_3600.f32
  Dims: 3600x1800x26
  Elements: 168480000
  Target Ratio: 6.00
  Mode: plain
  Sample Rate: 1000
Data Range: 8722.882812
Warming up GPU...
Warmup complete.
Starting Profiling...
  Profiling Time: 0.754 ms
  Selected AbsEB: 2.616865e-01 (RelEB: 3.000000e-05)
  Estimated Ratio: 6.03 (Target: 6.00)
Starting Compression...
  Compression Time: 2.040 ms
  Compressed Size: 111839936
  Achieved Ratio: 6.03
Throughput Statistics:
  Profiling Throughput:    894.23 GB/s
  Compression Throughput:  330.41 GB/s
  Total (Prof+Comp) Thrpt: 241.26 GB/s
Starting Decompression...
  Decompression Time: 1.095 ms
  Decompression Throughput: 615.66 GB/s
Verification Results:
  Max Error: 2.617188e-01
  PSNR: 97.20 dB
  Compliance: PASS
BENCH_START:CESM:ICLDTWP_1_26_1800_3600.f32:plain:8.0
Configuration:
  Input File: /scratch/bfrq/bzhang28/SDRBENCH-CESM-ATM-26x1800x3600/ICLDTWP_1_26_1800_3600.f32
  Dims: 3600x1800x26
  Elements: 168480000
  Target Ratio: 8.00
  Mode: plain
  Sample Rate: 1000
Data Range: 8722.882812
Warming up GPU...
Warmup complete.
Starting Profiling...
  Profiling Time: 0.748 ms
  Selected AbsEB: 1.133975e+00 (RelEB: 1.300000e-04)
  Estimated Ratio: 8.30 (Target: 8.00)
Starting Compression...
  Compression Time: 1.944 ms
  Compressed Size: 81364312
  Achieved Ratio: 8.28
Throughput Statistics:
  Profiling Throughput:    901.39 GB/s
  Compression Throughput:  346.74 GB/s
  Total (Prof+Comp) Thrpt: 250.41 GB/s
Starting Decompression...
  Decompression Time: 0.970 ms
  Decompression Throughput: 694.84 GB/s
Verification Results:
  Max Error: 1.134033e+00
  PSNR: 84.63 dB
  Compliance: PASS
BENCH_START:CESM:ICWMR_1_26_1800_3600.f32:outlier:4.0
Configuration:
  Input File: /scratch/bfrq/bzhang28/SDRBENCH-CESM-ATM-26x1800x3600/ICWMR_1_26_1800_3600.f32
  Dims: 3600x1800x26
  Elements: 168480000
  Target Ratio: 4.00
  Mode: outlier
  Sample Rate: 1000
Data Range: 0.021344
Warming up GPU...
Warmup complete.
Starting Profiling...
  Profiling Time: 0.757 ms
  Selected AbsEB: 2.134415e-08 (RelEB: 1.000000e-06)
  Estimated Ratio: 4.59 (Target: 4.00)
Starting Compression...
  Compression Time: 2.481 ms
  Compressed Size: 147396660
  Achieved Ratio: 4.57
Throughput Statistics:
  Profiling Throughput:    890.75 GB/s
  Compression Throughput:  271.62 GB/s
  Total (Prof+Comp) Thrpt: 208.15 GB/s
Starting Decompression...
  Decompression Time: 1.768 ms
  Decompression Throughput: 381.27 GB/s
Verification Results:
  Max Error: 2.142042e-08
  PSNR: 128.90 dB
  Compliance: PASS
BENCH_START:CESM:ICWMR_1_26_1800_3600.f32:outlier:6.0
Configuration:
  Input File: /scratch/bfrq/bzhang28/SDRBENCH-CESM-ATM-26x1800x3600/ICWMR_1_26_1800_3600.f32
  Dims: 3600x1800x26
  Elements: 168480000
  Target Ratio: 6.00
  Mode: outlier
  Sample Rate: 1000
Data Range: 0.021344
Warming up GPU...
Warmup complete.
Starting Profiling...
  Profiling Time: 0.767 ms
  Selected AbsEB: 1.920973e-07 (RelEB: 9.000000e-06)
  Estimated Ratio: 6.07 (Target: 6.00)
Starting Compression...
  Compression Time: 2.238 ms
  Compressed Size: 111555390
  Achieved Ratio: 6.04
Throughput Statistics:
  Profiling Throughput:    878.96 GB/s
  Compression Throughput:  301.16 GB/s
  Total (Prof+Comp) Thrpt: 224.31 GB/s
Starting Decompression...
  Decompression Time: 1.616 ms
  Decompression Throughput: 416.96 GB/s
Verification Results:
  Max Error: 1.927838e-07
  PSNR: 109.85 dB
  Compliance: PASS
BENCH_START:CESM:ICWMR_1_26_1800_3600.f32:outlier:8.0
Configuration:
  Input File: /scratch/bfrq/bzhang28/SDRBENCH-CESM-ATM-26x1800x3600/ICWMR_1_26_1800_3600.f32
  Dims: 3600x1800x26
  Elements: 168480000
  Target Ratio: 8.00
  Mode: outlier
  Sample Rate: 1000
Data Range: 0.021344
Warming up GPU...
Warmup complete.
Starting Profiling...
  Profiling Time: 0.787 ms
  Selected AbsEB: 1.067207e-06 (RelEB: 5.000000e-05)
  Estimated Ratio: 8.06 (Target: 8.00)
Starting Compression...
  Compression Time: 2.201 ms
  Compressed Size: 84045376
  Achieved Ratio: 8.02
Throughput Statistics:
  Profiling Throughput:    856.72 GB/s
  Compression Throughput:  306.16 GB/s
  Total (Prof+Comp) Thrpt: 225.55 GB/s
Starting Decompression...
  Decompression Time: 1.625 ms
  Decompression Throughput: 414.77 GB/s
Verification Results:
  Max Error: 1.067296e-06
  PSNR: 95.01 dB
  Compliance: PASS
BENCH_START:CESM:ICWMR_1_26_1800_3600.f32:plain:4.0
Configuration:
  Input File: /scratch/bfrq/bzhang28/SDRBENCH-CESM-ATM-26x1800x3600/ICWMR_1_26_1800_3600.f32
  Dims: 3600x1800x26
  Elements: 168480000
  Target Ratio: 4.00
  Mode: plain
  Sample Rate: 1000
Data Range: 0.021344
Warming up GPU...
Warmup complete.
Starting Profiling...
  Profiling Time: 0.748 ms
  Selected AbsEB: 2.134415e-08 (RelEB: 1.000000e-06)
  Estimated Ratio: 4.48 (Target: 4.00)
Starting Compression...
  Compression Time: 2.408 ms
  Compressed Size: 151038568
  Achieved Ratio: 4.46
Throughput Statistics:
  Profiling Throughput:    901.50 GB/s
  Compression Throughput:  279.81 GB/s
  Total (Prof+Comp) Thrpt: 213.53 GB/s
Starting Decompression...
  Decompression Time: 1.218 ms
  Decompression Throughput: 553.13 GB/s
Verification Results:
  Max Error: 2.142042e-08
  PSNR: 128.90 dB
  Compliance: PASS
BENCH_START:CESM:ICWMR_1_26_1800_3600.f32:plain:6.0
Configuration:
  Input File: /scratch/bfrq/bzhang28/SDRBENCH-CESM-ATM-26x1800x3600/ICWMR_1_26_1800_3600.f32
  Dims: 3600x1800x26
  Elements: 168480000
  Target Ratio: 6.00
  Mode: plain
  Sample Rate: 1000
Data Range: 0.021344
Warming up GPU...
Warmup complete.
Starting Profiling...
  Profiling Time: 0.744 ms
  Selected AbsEB: 3.201622e-07 (RelEB: 1.500000e-05)
  Estimated Ratio: 6.33 (Target: 6.00)
Starting Compression...
  Compression Time: 1.964 ms
  Compressed Size: 107031128
  Achieved Ratio: 6.30
Throughput Statistics:
  Profiling Throughput:    905.69 GB/s
  Compression Throughput:  343.12 GB/s
  Total (Prof+Comp) Thrpt: 248.84 GB/s
Starting Decompression...
  Decompression Time: 1.017 ms
  Decompression Throughput: 662.76 GB/s
Verification Results:
  Max Error: 3.203750e-07
  PSNR: 105.43 dB
  Compliance: PASS
BENCH_START:CESM:ICWMR_1_26_1800_3600.f32:plain:8.0
Configuration:
  Input File: /scratch/bfrq/bzhang28/SDRBENCH-CESM-ATM-26x1800x3600/ICWMR_1_26_1800_3600.f32
  Dims: 3600x1800x26
  Elements: 168480000
  Target Ratio: 8.00
  Mode: plain
  Sample Rate: 1000
Data Range: 0.021344
Warming up GPU...
Warmup complete.
Starting Profiling...
  Profiling Time: 0.751 ms
  Selected AbsEB: 1.366026e-06 (RelEB: 6.400000e-05)
  Estimated Ratio: 8.06 (Target: 8.00)
Starting Compression...
  Compression Time: 1.881 ms
  Compressed Size: 84057488
  Achieved Ratio: 8.02
Throughput Statistics:
  Profiling Throughput:    897.89 GB/s
  Compression Throughput:  358.24 GB/s
  Total (Prof+Comp) Thrpt: 256.07 GB/s
Starting Decompression...
  Decompression Time: 0.930 ms
  Decompression Throughput: 725.03 GB/s
Verification Results:
  Max Error: 1.366250e-06
  PSNR: 92.88 dB
  Compliance: PASS
BENCH_START:CESM:OMEGAT_1_26_1800_3600.f32:outlier:4.0
Configuration:
  Input File: /scratch/bfrq/bzhang28/SDRBENCH-CESM-ATM-26x1800x3600/OMEGAT_1_26_1800_3600.f32
  Dims: 3600x1800x26
  Elements: 168480000
  Target Ratio: 4.00
  Mode: outlier
  Sample Rate: 1000
Data Range: 1039.598999
Warming up GPU...
Warmup complete.
Starting Profiling...
  Profiling Time: 0.787 ms
  Selected AbsEB: 1.039599e-02 (RelEB: 1.000000e-05)
  Estimated Ratio: 4.07 (Target: 4.00)
Starting Compression...
  Compression Time: 2.760 ms
  Compressed Size: 165282584
  Achieved Ratio: 4.08
Throughput Statistics:
  Profiling Throughput:    856.55 GB/s
  Compression Throughput:  244.21 GB/s
  Total (Prof+Comp) Thrpt: 190.03 GB/s
Starting Decompression...
  Decompression Time: 2.464 ms
  Decompression Throughput: 273.50 GB/s
Verification Results:
  Max Error: 1.043701e-02
  PSNR: 104.83 dB
  Compliance: PASS
BENCH_START:CESM:OMEGAT_1_26_1800_3600.f32:outlier:6.0
Configuration:
  Input File: /scratch/bfrq/bzhang28/SDRBENCH-CESM-ATM-26x1800x3600/OMEGAT_1_26_1800_3600.f32
  Dims: 3600x1800x26
  Elements: 168480000
  Target Ratio: 6.00
  Mode: outlier
  Sample Rate: 1000
Data Range: 1039.598999
Warming up GPU...
Warmup complete.
Starting Profiling...
  Profiling Time: 0.762 ms
  Selected AbsEB: 6.029674e-02 (RelEB: 5.800000e-05)
  Estimated Ratio: 6.03 (Target: 6.00)
Starting Compression...
  Compression Time: 2.531 ms
  Compressed Size: 111413336
  Achieved Ratio: 6.05
Throughput Statistics:
  Profiling Throughput:    884.76 GB/s
  Compression Throughput:  266.29 GB/s
  Total (Prof+Comp) Thrpt: 204.68 GB/s
Starting Decompression...
  Decompression Time: 2.147 ms
  Decompression Throughput: 313.91 GB/s
Verification Results:
  Max Error: 6.033325e-02
  PSNR: 89.75 dB
  Compliance: PASS
BENCH_START:CESM:OMEGAT_1_26_1800_3600.f32:outlier:8.0
Configuration:
  Input File: /scratch/bfrq/bzhang28/SDRBENCH-CESM-ATM-26x1800x3600/OMEGAT_1_26_1800_3600.f32
  Dims: 3600x1800x26
  Elements: 168480000
  Target Ratio: 8.00
  Mode: outlier
  Sample Rate: 1000
Data Range: 1039.598999
Warming up GPU...
Warmup complete.
Starting Profiling...
  Profiling Time: 0.748 ms
  Selected AbsEB: 1.663358e-01 (RelEB: 1.600000e-04)
  Estimated Ratio: 8.02 (Target: 8.00)
Starting Compression...
  Compression Time: 2.351 ms
  Compressed Size: 83424769
  Achieved Ratio: 8.08
Throughput Statistics:
  Profiling Throughput:    900.85 GB/s
  Compression Throughput:  286.70 GB/s
  Total (Prof+Comp) Thrpt: 217.48 GB/s
Starting Decompression...
  Decompression Time: 1.863 ms
  Decompression Throughput: 361.72 GB/s
Verification Results:
  Max Error: 1.663818e-01
  PSNR: 81.24 dB
  Compliance: PASS
BENCH_START:CESM:OMEGAT_1_26_1800_3600.f32:plain:4.0
Configuration:
  Input File: /scratch/bfrq/bzhang28/SDRBENCH-CESM-ATM-26x1800x3600/OMEGAT_1_26_1800_3600.f32
  Dims: 3600x1800x26
  Elements: 168480000
  Target Ratio: 4.00
  Mode: plain
  Sample Rate: 1000
Data Range: 1039.598999
Warming up GPU...
Warmup complete.
Starting Profiling...
  Profiling Time: 0.774 ms
  Selected AbsEB: 1.559398e-02 (RelEB: 1.500000e-05)
  Estimated Ratio: 4.15 (Target: 4.00)
Starting Compression...
  Compression Time: 2.213 ms
  Compressed Size: 161899216
  Achieved Ratio: 4.16
Throughput Statistics:
  Profiling Throughput:    871.18 GB/s
  Compression Throughput:  304.54 GB/s
  Total (Prof+Comp) Thrpt: 225.66 GB/s
Starting Decompression...
  Decompression Time: 1.279 ms
  Decompression Throughput: 526.90 GB/s
Verification Results:
  Max Error: 1.562500e-02
  PSNR: 101.33 dB
  Compliance: PASS
BENCH_START:CESM:OMEGAT_1_26_1800_3600.f32:plain:6.0
Configuration:
  Input File: /scratch/bfrq/bzhang28/SDRBENCH-CESM-ATM-26x1800x3600/OMEGAT_1_26_1800_3600.f32
  Dims: 3600x1800x26
  Elements: 168480000
  Target Ratio: 6.00
  Mode: plain
  Sample Rate: 1000
Data Range: 1039.598999
Warming up GPU...
Warmup complete.
Starting Profiling...
  Profiling Time: 0.775 ms
  Selected AbsEB: 8.212832e-02 (RelEB: 7.900000e-05)
  Estimated Ratio: 6.00 (Target: 6.00)
Starting Compression...
  Compression Time: 2.126 ms
  Compressed Size: 111683096
  Achieved Ratio: 6.03
Throughput Statistics:
  Profiling Throughput:    869.67 GB/s
  Compression Throughput:  316.99 GB/s
  Total (Prof+Comp) Thrpt: 232.31 GB/s
Starting Decompression...
  Decompression Time: 1.149 ms
  Decompression Throughput: 586.45 GB/s
Verification Results:
  Max Error: 8.215332e-02
  PSNR: 87.13 dB
  Compliance: PASS
BENCH_START:CESM:OMEGAT_1_26_1800_3600.f32:plain:8.0
Configuration:
  Input File: /scratch/bfrq/bzhang28/SDRBENCH-CESM-ATM-26x1800x3600/OMEGAT_1_26_1800_3600.f32
  Dims: 3600x1800x26
  Elements: 168480000
  Target Ratio: 8.00
  Mode: plain
  Sample Rate: 1000
Data Range: 1039.598999
Warming up GPU...
Warmup complete.
Starting Profiling...
  Profiling Time: 0.756 ms
  Selected AbsEB: 2.287118e-01 (RelEB: 2.200000e-04)
  Estimated Ratio: 8.01 (Target: 8.00)
Starting Compression...
  Compression Time: 2.051 ms
  Compressed Size: 83767728
  Achieved Ratio: 8.05
Throughput Statistics:
  Profiling Throughput:    891.69 GB/s
  Compression Throughput:  328.57 GB/s
  Total (Prof+Comp) Thrpt: 240.10 GB/s
Starting Decompression...
  Decompression Time: 1.067 ms
  Decompression Throughput: 631.75 GB/s
Verification Results:
  Max Error: 2.287140e-01
  PSNR: 78.60 dB
  Compliance: PASS
BENCH_START:CESM:OMEGA_1_26_1800_3600.f32:outlier:4.0
Configuration:
  Input File: /scratch/bfrq/bzhang28/SDRBENCH-CESM-ATM-26x1800x3600/OMEGA_1_26_1800_3600.f32
  Dims: 3600x1800x26
  Elements: 168480000
  Target Ratio: 4.00
  Mode: outlier
  Sample Rate: 1000
Data Range: 4.087473
Warming up GPU...
Warmup complete.
Starting Profiling...
  Profiling Time: 0.767 ms
  Selected AbsEB: 4.087473e-05 (RelEB: 1.000000e-05)
  Estimated Ratio: 4.01 (Target: 4.00)
Starting Compression...
  Compression Time: 2.733 ms
  Compressed Size: 167579915
  Achieved Ratio: 4.02
Throughput Statistics:
  Profiling Throughput:    878.09 GB/s
  Compression Throughput:  246.55 GB/s
  Total (Prof+Comp) Thrpt: 192.50 GB/s
Starting Decompression...
  Decompression Time: 2.484 ms
  Decompression Throughput: 271.26 GB/s
Verification Results:
  Max Error: 4.100800e-05
  PSNR: 104.82 dB
  Compliance: PASS
BENCH_START:CESM:OMEGA_1_26_1800_3600.f32:outlier:6.0
Configuration:
  Input File: /scratch/bfrq/bzhang28/SDRBENCH-CESM-ATM-26x1800x3600/OMEGA_1_26_1800_3600.f32
  Dims: 3600x1800x26
  Elements: 168480000
  Target Ratio: 6.00
  Mode: outlier
  Sample Rate: 1000
Data Range: 4.087473
Warming up GPU...
Warmup complete.
Starting Profiling...
  Profiling Time: 0.777 ms
  Selected AbsEB: 2.493359e-04 (RelEB: 6.100000e-05)
  Estimated Ratio: 6.00 (Target: 6.00)
Starting Compression...
  Compression Time: 2.541 ms
  Compressed Size: 111965911
  Achieved Ratio: 6.02
Throughput Statistics:
  Profiling Throughput:    867.85 GB/s
  Compression Throughput:  265.23 GB/s
  Total (Prof+Comp) Thrpt: 203.14 GB/s
Starting Decompression...
  Decompression Time: 2.137 ms
  Decompression Throughput: 315.35 GB/s
Verification Results:
  Max Error: 2.493858e-04
  PSNR: 89.31 dB
  Compliance: PASS
BENCH_START:CESM:OMEGA_1_26_1800_3600.f32:outlier:8.0
Configuration:
  Input File: /scratch/bfrq/bzhang28/SDRBENCH-CESM-ATM-26x1800x3600/OMEGA_1_26_1800_3600.f32
  Dims: 3600x1800x26
  Elements: 168480000
  Target Ratio: 8.00
  Mode: outlier
  Sample Rate: 1000
Data Range: 4.087473
Warming up GPU...
Warmup complete.
Starting Profiling...
  Profiling Time: 0.778 ms
  Selected AbsEB: 7.766199e-04 (RelEB: 1.900000e-04)
  Estimated Ratio: 8.31 (Target: 8.00)
Starting Compression...
  Compression Time: 2.339 ms
  Compressed Size: 80617631
  Achieved Ratio: 8.36
Throughput Statistics:
  Profiling Throughput:    866.77 GB/s
  Compression Throughput:  288.15 GB/s
  Total (Prof+Comp) Thrpt: 216.26 GB/s
Starting Decompression...
  Decompression Time: 1.828 ms
  Decompression Throughput: 368.70 GB/s
Verification Results:
  Max Error: 7.766485e-04
  PSNR: 79.77 dB
  Compliance: PASS
BENCH_START:CESM:OMEGA_1_26_1800_3600.f32:plain:4.0
Configuration:
  Input File: /scratch/bfrq/bzhang28/SDRBENCH-CESM-ATM-26x1800x3600/OMEGA_1_26_1800_3600.f32
  Dims: 3600x1800x26
  Elements: 168480000
  Target Ratio: 4.00
  Mode: plain
  Sample Rate: 1000
Data Range: 4.087473
Warming up GPU...
Warmup complete.
Starting Profiling...
  Profiling Time: 0.761 ms
  Selected AbsEB: 6.131210e-05 (RelEB: 1.500000e-05)
  Estimated Ratio: 4.09 (Target: 4.00)
Starting Compression...
  Compression Time: 2.208 ms
  Compressed Size: 164397736
  Achieved Ratio: 4.10
Throughput Statistics:
  Profiling Throughput:    885.47 GB/s
  Compression Throughput:  305.20 GB/s
  Total (Prof+Comp) Thrpt: 226.97 GB/s
Starting Decompression...
  Decompression Time: 1.290 ms
  Decompression Throughput: 522.53 GB/s
Verification Results:
  Max Error: 6.139278e-05
  PSNR: 101.33 dB
  Compliance: PASS
BENCH_START:CESM:OMEGA_1_26_1800_3600.f32:plain:6.0
Configuration:
  Input File: /scratch/bfrq/bzhang28/SDRBENCH-CESM-ATM-26x1800x3600/OMEGA_1_26_1800_3600.f32
  Dims: 3600x1800x26
  Elements: 168480000
  Target Ratio: 6.00
  Mode: plain
  Sample Rate: 1000
Data Range: 4.087473
Warming up GPU...
Warmup complete.
Starting Profiling...
  Profiling Time: 0.762 ms
  Selected AbsEB: 3.474352e-04 (RelEB: 8.500000e-05)
  Estimated Ratio: 6.01 (Target: 6.00)
Starting Compression...
  Compression Time: 2.111 ms
  Compressed Size: 111796152
  Achieved Ratio: 6.03
Throughput Statistics:
  Profiling Throughput:    884.39 GB/s
  Compression Throughput:  319.25 GB/s
  Total (Prof+Comp) Thrpt: 234.57 GB/s
Starting Decompression...
  Decompression Time: 1.148 ms
  Decompression Throughput: 586.86 GB/s
Verification Results:
  Max Error: 3.474355e-04
  PSNR: 86.49 dB
  Compliance: PASS
BENCH_START:CESM:OMEGA_1_26_1800_3600.f32:plain:8.0
Configuration:
  Input File: /scratch/bfrq/bzhang28/SDRBENCH-CESM-ATM-26x1800x3600/OMEGA_1_26_1800_3600.f32
  Dims: 3600x1800x26
  Elements: 168480000
  Target Ratio: 8.00
  Mode: plain
  Sample Rate: 1000
Data Range: 4.087473
Warming up GPU...
Warmup complete.
Starting Profiling...
  Profiling Time: 0.758 ms
  Selected AbsEB: 1.021868e-03 (RelEB: 2.500000e-04)
  Estimated Ratio: 8.14 (Target: 8.00)
Starting Compression...
  Compression Time: 2.045 ms
  Compressed Size: 82296544
  Achieved Ratio: 8.19
Throughput Statistics:
  Profiling Throughput:    888.50 GB/s
  Compression Throughput:  329.47 GB/s
  Total (Prof+Comp) Thrpt: 240.35 GB/s
Starting Decompression...
  Decompression Time: 1.068 ms
  Decompression Throughput: 630.92 GB/s
Verification Results:
  Max Error: 1.021877e-03
  PSNR: 77.48 dB
  Compliance: PASS
BENCH_START:CESM:QC_1_26_1800_3600.f32:outlier:4.0
Configuration:
  Input File: /scratch/bfrq/bzhang28/SDRBENCH-CESM-ATM-26x1800x3600/QC_1_26_1800_3600.f32
  Dims: 3600x1800x26
  Elements: 168480000
  Target Ratio: 4.00
  Mode: outlier
  Sample Rate: 1000
Data Range: 0.000000
Warming up GPU...
Warmup complete.
Starting Profiling...
  Profiling Time: 0.762 ms
  Selected AbsEB: 9.800506e-14 (RelEB: 1.000000e-06)
  Estimated Ratio: 4.28 (Target: 4.00)
Starting Compression...
  Compression Time: 2.521 ms
  Compressed Size: 158433834
  Achieved Ratio: 4.25
Throughput Statistics:
  Profiling Throughput:    884.61 GB/s
  Compression Throughput:  267.28 GB/s
  Total (Prof+Comp) Thrpt: 205.26 GB/s
Starting Decompression...
  Decompression Time: 1.772 ms
  Decompression Throughput: 380.33 GB/s
Verification Results:
  Max Error: 9.947598e-14
  PSNR: 128.64 dB
  Compliance: PASS
BENCH_START:CESM:QC_1_26_1800_3600.f32:outlier:6.0
Configuration:
  Input File: /scratch/bfrq/bzhang28/SDRBENCH-CESM-ATM-26x1800x3600/QC_1_26_1800_3600.f32
  Dims: 3600x1800x26
  Elements: 168480000
  Target Ratio: 6.00
  Mode: outlier
  Sample Rate: 1000
Data Range: 0.000000
Warming up GPU...
Warmup complete.
Starting Profiling...
  Profiling Time: 0.765 ms
  Selected AbsEB: 1.470076e-12 (RelEB: 1.500000e-05)
  Estimated Ratio: 6.26 (Target: 6.00)
Starting Compression...
  Compression Time: 2.128 ms
  Compressed Size: 108369717
  Achieved Ratio: 6.22
Throughput Statistics:
  Profiling Throughput:    880.88 GB/s
  Compression Throughput:  316.67 GB/s
  Total (Prof+Comp) Thrpt: 232.93 GB/s
Starting Decompression...
  Decompression Time: 1.371 ms
  Decompression Throughput: 491.41 GB/s
Verification Results:
  Max Error: 1.477929e-12
  PSNR: 105.25 dB
  Compliance: PASS
BENCH_START:CESM:QC_1_26_1800_3600.f32:outlier:8.0
Configuration:
  Input File: /scratch/bfrq/bzhang28/SDRBENCH-CESM-ATM-26x1800x3600/QC_1_26_1800_3600.f32
  Dims: 3600x1800x26
  Elements: 168480000
  Target Ratio: 8.00
  Mode: outlier
  Sample Rate: 1000
Data Range: 0.000000
Warming up GPU...
Warmup complete.
Starting Profiling...
  Profiling Time: 0.775 ms
  Selected AbsEB: 5.978309e-12 (RelEB: 6.100000e-05)
  Estimated Ratio: 8.06 (Target: 8.00)
Starting Compression...
  Compression Time: 2.045 ms
  Compressed Size: 84009686
  Achieved Ratio: 8.02
Throughput Statistics:
  Profiling Throughput:    869.39 GB/s
  Compression Throughput:  329.58 GB/s
  Total (Prof+Comp) Thrpt: 238.98 GB/s
Starting Decompression...
  Decompression Time: 1.357 ms
  Decompression Throughput: 496.77 GB/s
Verification Results:
  Max Error: 5.982770e-12
  PSNR: 93.20 dB
  Compliance: PASS
BENCH_START:CESM:QC_1_26_1800_3600.f32:plain:4.0
Configuration:
  Input File: /scratch/bfrq/bzhang28/SDRBENCH-CESM-ATM-26x1800x3600/QC_1_26_1800_3600.f32
  Dims: 3600x1800x26
  Elements: 168480000
  Target Ratio: 4.00
  Mode: plain
  Sample Rate: 1000
Data Range: 0.000000
Warming up GPU...
Warmup complete.
Starting Profiling...
  Profiling Time: 0.756 ms
  Selected AbsEB: 9.800506e-14 (RelEB: 1.000000e-06)
  Estimated Ratio: 4.26 (Target: 4.00)
Starting Compression...
  Compression Time: 2.431 ms
  Compressed Size: 159053616
  Achieved Ratio: 4.24
Throughput Statistics:
  Profiling Throughput:    891.84 GB/s
  Compression Throughput:  277.24 GB/s
  Total (Prof+Comp) Thrpt: 211.50 GB/s
Starting Decompression...
  Decompression Time: 1.310 ms
  Decompression Throughput: 514.26 GB/s
Verification Results:
  Max Error: 9.947598e-14
  PSNR: 128.64 dB
  Compliance: PASS
BENCH_START:CESM:QC_1_26_1800_3600.f32:plain:6.0
Configuration:
  Input File: /scratch/bfrq/bzhang28/SDRBENCH-CESM-ATM-26x1800x3600/QC_1_26_1800_3600.f32
  Dims: 3600x1800x26
  Elements: 168480000
  Target Ratio: 6.00
  Mode: plain
  Sample Rate: 1000
Data Range: 0.000000
Warming up GPU...
Warmup complete.
Starting Profiling...
  Profiling Time: 0.753 ms
  Selected AbsEB: 1.470076e-12 (RelEB: 1.500000e-05)
  Estimated Ratio: 6.22 (Target: 6.00)
Starting Compression...
  Compression Time: 1.998 ms
  Compressed Size: 109016152
  Achieved Ratio: 6.18
Throughput Statistics:
  Profiling Throughput:    894.80 GB/s
  Compression Throughput:  337.31 GB/s
  Total (Prof+Comp) Thrpt: 244.97 GB/s
Starting Decompression...
  Decompression Time: 1.067 ms
  Decompression Throughput: 631.48 GB/s
Verification Results:
  Max Error: 1.477929e-12
  PSNR: 105.25 dB
  Compliance: PASS
BENCH_START:CESM:QC_1_26_1800_3600.f32:plain:8.0
Configuration:
  Input File: /scratch/bfrq/bzhang28/SDRBENCH-CESM-ATM-26x1800x3600/QC_1_26_1800_3600.f32
  Dims: 3600x1800x26
  Elements: 168480000
  Target Ratio: 8.00
  Mode: plain
  Sample Rate: 1000
Data Range: 0.000000
Warming up GPU...
Warmup complete.
Starting Profiling...
  Profiling Time: 0.741 ms
  Selected AbsEB: 5.978309e-12 (RelEB: 6.100000e-05)
  Estimated Ratio: 8.00 (Target: 8.00)
Starting Compression...
  Compression Time: 1.901 ms
  Compressed Size: 84662360
  Achieved Ratio: 7.96
Throughput Statistics:
  Profiling Throughput:    909.21 GB/s
  Compression Throughput:  354.49 GB/s
  Total (Prof+Comp) Thrpt: 255.05 GB/s
Starting Decompression...
  Decompression Time: 0.970 ms
  Decompression Throughput: 694.73 GB/s
Verification Results:
  Max Error: 5.982770e-12
  PSNR: 93.20 dB
  Compliance: PASS
BENCH_START:CESM:QRL_1_26_1800_3600.f32:outlier:4.0
Configuration:
  Input File: /scratch/bfrq/bzhang28/SDRBENCH-CESM-ATM-26x1800x3600/QRL_1_26_1800_3600.f32
  Dims: 3600x1800x26
  Elements: 168480000
  Target Ratio: 4.00
  Mode: outlier
  Sample Rate: 1000
Data Range: 0.000342
Warming up GPU...
Warmup complete.
Starting Profiling...
  Profiling Time: 0.757 ms
  Selected AbsEB: 4.440336e-08 (RelEB: 1.300000e-04)
  Estimated Ratio: 4.03 (Target: 4.00)
Starting Compression...
  Compression Time: 2.825 ms
  Compressed Size: 167102681
  Achieved Ratio: 4.03
Throughput Statistics:
  Profiling Throughput:    889.96 GB/s
  Compression Throughput:  238.57 GB/s
  Total (Prof+Comp) Thrpt: 188.14 GB/s
Starting Decompression...
  Decompression Time: 2.648 ms
  Decompression Throughput: 254.50 GB/s
Verification Results:
  Max Error: 4.441245e-08
  PSNR: 82.49 dB
  Compliance: PASS
BENCH_START:CESM:QRL_1_26_1800_3600.f32:outlier:6.0
Configuration:
  Input File: /scratch/bfrq/bzhang28/SDRBENCH-CESM-ATM-26x1800x3600/QRL_1_26_1800_3600.f32
  Dims: 3600x1800x26
  Elements: 168480000
  Target Ratio: 6.00
  Mode: outlier
  Sample Rate: 1000
Data Range: 0.000342
Warming up GPU...
Warmup complete.
Starting Profiling...
  Profiling Time: 0.769 ms
  Selected AbsEB: 2.493420e-07 (RelEB: 7.300000e-04)
  Estimated Ratio: 6.00 (Target: 6.00)
Starting Compression...
  Compression Time: 2.551 ms
  Compressed Size: 111878171
  Achieved Ratio: 6.02
Throughput Statistics:
  Profiling Throughput:    876.55 GB/s
  Compression Throughput:  264.13 GB/s
  Total (Prof+Comp) Thrpt: 202.97 GB/s
Starting Decompression...
  Decompression Time: 2.156 ms
  Decompression Throughput: 312.58 GB/s
Verification Results:
  Max Error: 2.493471e-07
  PSNR: 67.50 dB
  Compliance: PASS
BENCH_START:CESM:QRL_1_26_1800_3600.f32:outlier:8.0
Configuration:
  Input File: /scratch/bfrq/bzhang28/SDRBENCH-CESM-ATM-26x1800x3600/QRL_1_26_1800_3600.f32
  Dims: 3600x1800x26
  Elements: 168480000
  Target Ratio: 8.00
  Mode: outlier
  Sample Rate: 1000
Data Range: 0.000342
Warming up GPU...
Warmup complete.
Starting Profiling...
  Profiling Time: 0.787 ms
  Selected AbsEB: 7.514415e-07 (RelEB: 2.200000e-03)
  Estimated Ratio: 8.31 (Target: 8.00)
Starting Compression...
  Compression Time: 2.381 ms
  Compressed Size: 81204722
  Achieved Ratio: 8.30
Throughput Statistics:
  Profiling Throughput:    855.82 GB/s
  Compression Throughput:  283.08 GB/s
  Total (Prof+Comp) Thrpt: 212.72 GB/s
Starting Decompression...
  Decompression Time: 1.755 ms
  Decompression Throughput: 383.91 GB/s
Verification Results:
  Max Error: 7.514427e-07
  PSNR: 57.90 dB
  Compliance: PASS
BENCH_START:CESM:QRL_1_26_1800_3600.f32:plain:4.0
Configuration:
  Input File: /scratch/bfrq/bzhang28/SDRBENCH-CESM-ATM-26x1800x3600/QRL_1_26_1800_3600.f32
  Dims: 3600x1800x26
  Elements: 168480000
  Target Ratio: 4.00
  Mode: plain
  Sample Rate: 1000
Data Range: 0.000342
Warming up GPU...
Warmup complete.
Starting Profiling...
  Profiling Time: 0.764 ms
  Selected AbsEB: 1.366257e-07 (RelEB: 4.000000e-04)
  Estimated Ratio: 4.05 (Target: 4.00)
Starting Compression...
  Compression Time: 2.210 ms
  Compressed Size: 166275816
  Achieved Ratio: 4.05
Throughput Statistics:
  Profiling Throughput:    882.39 GB/s
  Compression Throughput:  304.95 GB/s
  Total (Prof+Comp) Thrpt: 226.63 GB/s
Starting Decompression...
  Decompression Time: 1.216 ms
  Decompression Throughput: 554.12 GB/s
Verification Results:
  Max Error: 1.366279e-07
  PSNR: 72.73 dB
  Compliance: PASS
BENCH_START:CESM:QRL_1_26_1800_3600.f32:plain:6.0
Configuration:
  Input File: /scratch/bfrq/bzhang28/SDRBENCH-CESM-ATM-26x1800x3600/QRL_1_26_1800_3600.f32
  Dims: 3600x1800x26
  Elements: 168480000
  Target Ratio: 6.00
  Mode: plain
  Sample Rate: 1000
Data Range: 0.000342
Warming up GPU...
Warmup complete.
Starting Profiling...
  Profiling Time: 0.766 ms
  Selected AbsEB: 7.514415e-07 (RelEB: 2.200000e-03)
  Estimated Ratio: 6.01 (Target: 6.00)
Starting Compression...
  Compression Time: 2.110 ms
  Compressed Size: 111945336
  Achieved Ratio: 6.02
Throughput Statistics:
  Profiling Throughput:    879.99 GB/s
  Compression Throughput:  319.41 GB/s
  Total (Prof+Comp) Thrpt: 234.35 GB/s
Starting Decompression...
  Decompression Time: 1.114 ms
  Decompression Throughput: 605.02 GB/s
Verification Results:
  Max Error: 7.514427e-07
  PSNR: 57.90 dB
  Compliance: PASS
BENCH_START:CESM:QRL_1_26_1800_3600.f32:plain:8.0
Configuration:
  Input File: /scratch/bfrq/bzhang28/SDRBENCH-CESM-ATM-26x1800x3600/QRL_1_26_1800_3600.f32
  Dims: 3600x1800x26
  Elements: 168480000
  Target Ratio: 8.00
  Mode: plain
  Sample Rate: 1000
Data Range: 0.000342
Warming up GPU...
Warmup complete.
Starting Profiling...
  Profiling Time: 0.780 ms
  Selected AbsEB: 2.083542e-06 (RelEB: 6.100000e-03)
  Estimated Ratio: 8.06 (Target: 8.00)
Starting Compression...
  Compression Time: 2.088 ms
  Compressed Size: 83526800
  Achieved Ratio: 8.07
Throughput Statistics:
  Profiling Throughput:    863.57 GB/s
  Compression Throughput:  322.72 GB/s
  Total (Prof+Comp) Thrpt: 234.93 GB/s
Starting Decompression...
  Decompression Time: 1.047 ms
  Decompression Throughput: 643.47 GB/s
Verification Results:
  Max Error: 2.083543e-06
  PSNR: 49.16 dB
  Compliance: PASS
BENCH_START:CESM:QRS_1_26_1800_3600.f32:outlier:4.0
Configuration:
  Input File: /scratch/bfrq/bzhang28/SDRBENCH-CESM-ATM-26x1800x3600/QRS_1_26_1800_3600.f32
  Dims: 3600x1800x26
  Elements: 168480000
  Target Ratio: 4.00
  Mode: outlier
  Sample Rate: 1000
Data Range: 0.000069
Warming up GPU...
Warmup complete.
Starting Profiling...
  Profiling Time: 0.757 ms
  Selected AbsEB: 1.100934e-08 (RelEB: 1.600000e-04)
  Estimated Ratio: 4.13 (Target: 4.00)
Starting Compression...
  Compression Time: 2.770 ms
  Compressed Size: 162710773
  Achieved Ratio: 4.14
Throughput Statistics:
  Profiling Throughput:    890.75 GB/s
  Compression Throughput:  243.30 GB/s
  Total (Prof+Comp) Thrpt: 191.10 GB/s
Starting Decompression...
  Decompression Time: 2.343 ms
  Decompression Throughput: 287.59 GB/s
Verification Results:
  Max Error: 1.101216e-08
  PSNR: 81.16 dB
  Compliance: PASS
BENCH_START:CESM:QRS_1_26_1800_3600.f32:outlier:6.0
Configuration:
  Input File: /scratch/bfrq/bzhang28/SDRBENCH-CESM-ATM-26x1800x3600/QRS_1_26_1800_3600.f32
  Dims: 3600x1800x26
  Elements: 168480000
  Target Ratio: 6.00
  Mode: outlier
  Sample Rate: 1000
Data Range: 0.000069
Warming up GPU...
Warmup complete.
Starting Profiling...
  Profiling Time: 0.762 ms
  Selected AbsEB: 6.467990e-08 (RelEB: 9.400000e-04)
  Estimated Ratio: 6.03 (Target: 6.00)
Starting Compression...
  Compression Time: 2.562 ms
  Compressed Size: 111816041
  Achieved Ratio: 6.03
Throughput Statistics:
  Profiling Throughput:    884.50 GB/s
  Compression Throughput:  263.02 GB/s
  Total (Prof+Comp) Thrpt: 202.73 GB/s
Starting Decompression...
  Decompression Time: 2.143 ms
  Decompression Throughput: 314.47 GB/s
Verification Results:
  Max Error: 6.468326e-08
  PSNR: 65.80 dB
  Compliance: PASS
BENCH_START:CESM:QRS_1_26_1800_3600.f32:outlier:8.0
Configuration:
  Input File: /scratch/bfrq/bzhang28/SDRBENCH-CESM-ATM-26x1800x3600/QRS_1_26_1800_3600.f32
  Dims: 3600x1800x26
  Elements: 168480000
  Target Ratio: 8.00
  Mode: outlier
  Sample Rate: 1000
Data Range: 0.000069
Warming up GPU...
Warmup complete.
Starting Profiling...
  Profiling Time: 0.789 ms
  Selected AbsEB: 2.133061e-07 (RelEB: 3.100000e-03)
  Estimated Ratio: 8.21 (Target: 8.00)
Starting Compression...
  Compression Time: 2.385 ms
  Compressed Size: 82072605
  Achieved Ratio: 8.21
Throughput Statistics:
  Profiling Throughput:    853.95 GB/s
  Compression Throughput:  282.53 GB/s
  Total (Prof+Comp) Thrpt: 212.29 GB/s
Starting Decompression...
  Decompression Time: 1.851 ms
  Decompression Throughput: 364.04 GB/s
Verification Results:
  Max Error: 2.133092e-07
  PSNR: 55.45 dB
  Compliance: PASS
BENCH_START:CESM:QRS_1_26_1800_3600.f32:plain:4.0
Configuration:
  Input File: /scratch/bfrq/bzhang28/SDRBENCH-CESM-ATM-26x1800x3600/QRS_1_26_1800_3600.f32
  Dims: 3600x1800x26
  Elements: 168480000
  Target Ratio: 4.00
  Mode: plain
  Sample Rate: 1000
Data Range: 0.000069
Warming up GPU...
Warmup complete.
Starting Profiling...
  Profiling Time: 0.811 ms
  Selected AbsEB: 3.371612e-08 (RelEB: 4.900000e-04)
  Estimated Ratio: 4.03 (Target: 4.00)
Starting Compression...
  Compression Time: 2.187 ms
  Compressed Size: 166802584
  Achieved Ratio: 4.04
Throughput Statistics:
  Profiling Throughput:    830.97 GB/s
  Compression Throughput:  308.21 GB/s
  Total (Prof+Comp) Thrpt: 224.82 GB/s
Starting Decompression...
  Decompression Time: 1.260 ms
  Decompression Throughput: 534.91 GB/s
Verification Results:
  Max Error: 3.372043e-08
  PSNR: 71.44 dB
  Compliance: PASS
BENCH_START:CESM:QRS_1_26_1800_3600.f32:plain:6.0
Configuration:
  Input File: /scratch/bfrq/bzhang28/SDRBENCH-CESM-ATM-26x1800x3600/QRS_1_26_1800_3600.f32
  Dims: 3600x1800x26
  Elements: 168480000
  Target Ratio: 6.00
  Mode: plain
  Sample Rate: 1000
Data Range: 0.000069
Warming up GPU...
Warmup complete.
Starting Profiling...
  Profiling Time: 0.750 ms
  Selected AbsEB: 2.339486e-07 (RelEB: 3.400000e-03)
  Estimated Ratio: 6.01 (Target: 6.00)
Starting Compression...
  Compression Time: 2.054 ms
  Compressed Size: 111970024
  Achieved Ratio: 6.02
Throughput Statistics:
  Profiling Throughput:    898.43 GB/s
  Compression Throughput:  328.13 GB/s
  Total (Prof+Comp) Thrpt: 240.35 GB/s
Starting Decompression...
  Decompression Time: 1.088 ms
  Decompression Throughput: 619.47 GB/s
Verification Results:
  Max Error: 2.339548e-07
  PSNR: 54.69 dB
  Compliance: PASS
BENCH_START:CESM:QRS_1_26_1800_3600.f32:plain:8.0
Configuration:
  Input File: /scratch/bfrq/bzhang28/SDRBENCH-CESM-ATM-26x1800x3600/QRS_1_26_1800_3600.f32
  Dims: 3600x1800x26
  Elements: 168480000
  Target Ratio: 8.00
  Mode: plain
  Sample Rate: 1000
Data Range: 0.000069
Warming up GPU...
Warmup complete.
Starting Profiling...
  Profiling Time: 0.747 ms
  Selected AbsEB: 6.674416e-07 (RelEB: 9.700000e-03)
  Estimated Ratio: 8.02 (Target: 8.00)
Starting Compression...
  Compression Time: 2.012 ms
  Compressed Size: 83904840
  Achieved Ratio: 8.03
Throughput Statistics:
  Profiling Throughput:    902.20 GB/s
  Compression Throughput:  334.96 GB/s
  Total (Prof+Comp) Thrpt: 244.27 GB/s
Starting Decompression...
  Decompression Time: 0.990 ms
  Decompression Throughput: 680.54 GB/s
Verification Results:
  Max Error: 6.674418e-07
  PSNR: 45.63 dB
  Compliance: PASS
BENCH_START:CESM:Q_1_26_1800_3600.f32:outlier:4.0
Configuration:
  Input File: /scratch/bfrq/bzhang28/SDRBENCH-CESM-ATM-26x1800x3600/Q_1_26_1800_3600.f32
  Dims: 3600x1800x26
  Elements: 168480000
  Target Ratio: 4.00
  Mode: outlier
  Sample Rate: 1000
Data Range: 0.019756
Warming up GPU...
Warmup complete.
Starting Profiling...
  Profiling Time: 0.768 ms
  Selected AbsEB: 1.778044e-07 (RelEB: 9.000000e-06)
  Estimated Ratio: 4.05 (Target: 4.00)
Starting Compression...
  Compression Time: 2.676 ms
  Compressed Size: 166706514
  Achieved Ratio: 4.04
Throughput Statistics:
  Profiling Throughput:    877.13 GB/s
  Compression Throughput:  251.82 GB/s
  Total (Prof+Comp) Thrpt: 195.65 GB/s
Starting Decompression...
  Decompression Time: 1.809 ms
  Decompression Throughput: 372.55 GB/s
Verification Results:
  Max Error: 1.788139e-07
  PSNR: 105.40 dB
  Compliance: PASS
BENCH_START:CESM:Q_1_26_1800_3600.f32:outlier:6.0
Configuration:
  Input File: /scratch/bfrq/bzhang28/SDRBENCH-CESM-ATM-26x1800x3600/Q_1_26_1800_3600.f32
  Dims: 3600x1800x26
  Elements: 168480000
  Target Ratio: 6.00
  Mode: outlier
  Sample Rate: 1000
Data Range: 0.019756
Warming up GPU...
Warmup complete.
Starting Profiling...
  Profiling Time: 0.773 ms
  Selected AbsEB: 1.916336e-06 (RelEB: 9.700000e-05)
  Estimated Ratio: 6.02 (Target: 6.00)
Starting Compression...
  Compression Time: 2.284 ms
  Compressed Size: 112100967
  Achieved Ratio: 6.01
Throughput Statistics:
  Profiling Throughput:    871.94 GB/s
  Compression Throughput:  295.00 GB/s
  Total (Prof+Comp) Thrpt: 220.43 GB/s
Starting Decompression...
  Decompression Time: 1.601 ms
  Decompression Throughput: 421.05 GB/s
Verification Results:
  Max Error: 1.916662e-06
  PSNR: 85.79 dB
  Compliance: PASS
BENCH_START:CESM:Q_1_26_1800_3600.f32:outlier:8.0
Configuration:
  Input File: /scratch/bfrq/bzhang28/SDRBENCH-CESM-ATM-26x1800x3600/Q_1_26_1800_3600.f32
  Dims: 3600x1800x26
  Elements: 168480000
  Target Ratio: 8.00
  Mode: outlier
  Sample Rate: 1000
Data Range: 0.019756
Warming up GPU...
Warmup complete.
Starting Profiling...
  Profiling Time: 0.774 ms
  Selected AbsEB: 5.531691e-06 (RelEB: 2.800000e-04)
  Estimated Ratio: 8.05 (Target: 8.00)
Starting Compression...
  Compression Time: 2.161 ms
  Compressed Size: 83812731
  Achieved Ratio: 8.04
Throughput Statistics:
  Profiling Throughput:    870.97 GB/s
  Compression Throughput:  311.83 GB/s
  Total (Prof+Comp) Thrpt: 229.62 GB/s
Starting Decompression...
  Decompression Time: 1.418 ms
  Decompression Throughput: 475.34 GB/s
Verification Results:
  Max Error: 5.532056e-06
  PSNR: 75.65 dB
  Compliance: PASS
BENCH_START:CESM:Q_1_26_1800_3600.f32:plain:4.0
Configuration:
  Input File: /scratch/bfrq/bzhang28/SDRBENCH-CESM-ATM-26x1800x3600/Q_1_26_1800_3600.f32
  Dims: 3600x1800x26
  Elements: 168480000
  Target Ratio: 4.00
  Mode: plain
  Sample Rate: 1000
Data Range: 0.019756
Warming up GPU...
Warmup complete.
Starting Profiling...
  Profiling Time: 0.758 ms
  Selected AbsEB: 5.926811e-07 (RelEB: 3.000000e-05)
  Estimated Ratio: 4.04 (Target: 4.00)
Starting Compression...
  Compression Time: 2.410 ms
  Compressed Size: 166630928
  Achieved Ratio: 4.04
Throughput Statistics:
  Profiling Throughput:    889.13 GB/s
  Compression Throughput:  279.60 GB/s
  Total (Prof+Comp) Thrpt: 212.71 GB/s
Starting Decompression...
  Decompression Time: 1.291 ms
  Decompression Throughput: 521.98 GB/s
Verification Results:
  Max Error: 5.941838e-07
  PSNR: 94.39 dB
  Compliance: PASS
BENCH_START:CESM:Q_1_26_1800_3600.f32:plain:6.0
Configuration:
  Input File: /scratch/bfrq/bzhang28/SDRBENCH-CESM-ATM-26x1800x3600/Q_1_26_1800_3600.f32
  Dims: 3600x1800x26
  Elements: 168480000
  Target Ratio: 6.00
  Mode: plain
  Sample Rate: 1000
Data Range: 0.019756
Warming up GPU...
Warmup complete.
Starting Profiling...
  Profiling Time: 0.750 ms
  Selected AbsEB: 3.753648e-06 (RelEB: 1.900000e-04)
  Estimated Ratio: 6.22 (Target: 6.00)
Starting Compression...
  Compression Time: 2.038 ms
  Compressed Size: 108278064
  Achieved Ratio: 6.22
Throughput Statistics:
  Profiling Throughput:    898.39 GB/s
  Compression Throughput:  330.68 GB/s
  Total (Prof+Comp) Thrpt: 241.71 GB/s
Starting Decompression...
  Decompression Time: 1.059 ms
  Decompression Throughput: 636.58 GB/s
Verification Results:
  Max Error: 3.755093e-06
  PSNR: 77.79 dB
  Compliance: PASS
BENCH_START:CESM:Q_1_26_1800_3600.f32:plain:8.0
Configuration:
  Input File: /scratch/bfrq/bzhang28/SDRBENCH-CESM-ATM-26x1800x3600/Q_1_26_1800_3600.f32
  Dims: 3600x1800x26
  Elements: 168480000
  Target Ratio: 8.00
  Mode: plain
  Sample Rate: 1000
Data Range: 0.019756
Warming up GPU...
Warmup complete.
Starting Profiling...
  Profiling Time: 0.752 ms
  Selected AbsEB: 1.264387e-05 (RelEB: 6.400000e-04)
  Estimated Ratio: 8.06 (Target: 8.00)
Starting Compression...
  Compression Time: 1.928 ms
  Compressed Size: 83752456
  Achieved Ratio: 8.05
Throughput Statistics:
  Profiling Throughput:    895.83 GB/s
  Compression Throughput:  349.62 GB/s
  Total (Prof+Comp) Thrpt: 251.48 GB/s
Starting Decompression...
  Decompression Time: 0.946 ms
  Decompression Throughput: 712.06 GB/s
Verification Results:
  Max Error: 1.264410e-05
  PSNR: 70.22 dB
  Compliance: PASS
BENCH_START:CESM:RELHUM_1_26_1800_3600.f32:outlier:4.0
Configuration:
  Input File: /scratch/bfrq/bzhang28/SDRBENCH-CESM-ATM-26x1800x3600/RELHUM_1_26_1800_3600.f32
  Dims: 3600x1800x26
  Elements: 168480000
  Target Ratio: 4.00
  Mode: outlier
  Sample Rate: 1000
Data Range: 99.603401
Warming up GPU...
Warmup complete.
Starting Profiling...
  Profiling Time: 0.777 ms
  Selected AbsEB: 3.984136e-02 (RelEB: 4.000000e-04)
  Estimated Ratio: 4.04 (Target: 4.00)
Starting Compression...
  Compression Time: 2.470 ms
  Compressed Size: 166844563
  Achieved Ratio: 4.04
Throughput Statistics:
  Profiling Throughput:    867.67 GB/s
  Compression Throughput:  272.84 GB/s
  Total (Prof+Comp) Thrpt: 207.57 GB/s
Starting Decompression...
  Decompression Time: 1.823 ms
  Decompression Throughput: 369.66 GB/s
Verification Results:
  Max Error: 3.984833e-02
  PSNR: 72.72 dB
  Compliance: PASS
BENCH_START:CESM:RELHUM_1_26_1800_3600.f32:outlier:6.0
Configuration:
  Input File: /scratch/bfrq/bzhang28/SDRBENCH-CESM-ATM-26x1800x3600/RELHUM_1_26_1800_3600.f32
  Dims: 3600x1800x26
  Elements: 168480000
  Target Ratio: 6.00
  Mode: outlier
  Sample Rate: 1000
Data Range: 99.603401
Warming up GPU...
Warmup complete.
Starting Profiling...
  Profiling Time: 0.781 ms
  Selected AbsEB: 2.490085e-01 (RelEB: 2.500000e-03)
  Estimated Ratio: 6.10 (Target: 6.00)
Starting Compression...
  Compression Time: 2.396 ms
  Compressed Size: 110465063
  Achieved Ratio: 6.10
Throughput Statistics:
  Profiling Throughput:    862.69 GB/s
  Compression Throughput:  281.28 GB/s
  Total (Prof+Comp) Thrpt: 212.12 GB/s
Starting Decompression...
  Decompression Time: 1.913 ms
  Decompression Throughput: 352.23 GB/s
Verification Results:
  Max Error: 2.490158e-01
  PSNR: 57.14 dB
  Compliance: PASS
BENCH_START:CESM:RELHUM_1_26_1800_3600.f32:outlier:8.0
Configuration:
  Input File: /scratch/bfrq/bzhang28/SDRBENCH-CESM-ATM-26x1800x3600/RELHUM_1_26_1800_3600.f32
  Dims: 3600x1800x26
  Elements: 168480000
  Target Ratio: 8.00
  Mode: outlier
  Sample Rate: 1000
Data Range: 99.603401
Warming up GPU...
Warmup complete.
Starting Profiling...
  Profiling Time: 0.771 ms
  Selected AbsEB: 6.374617e-01 (RelEB: 6.400000e-03)
  Estimated Ratio: 8.12 (Target: 8.00)
Starting Compression...
  Compression Time: 2.224 ms
  Compressed Size: 83097482
  Achieved Ratio: 8.11
Throughput Statistics:
  Profiling Throughput:    874.26 GB/s
  Compression Throughput:  303.01 GB/s
  Total (Prof+Comp) Thrpt: 225.02 GB/s
Starting Decompression...
  Decompression Time: 1.590 ms
  Decompression Throughput: 423.98 GB/s
Verification Results:
  Max Error: 6.374664e-01
  PSNR: 49.06 dB
  Compliance: PASS
BENCH_START:CESM:RELHUM_1_26_1800_3600.f32:plain:4.0
Configuration:
  Input File: /scratch/bfrq/bzhang28/SDRBENCH-CESM-ATM-26x1800x3600/RELHUM_1_26_1800_3600.f32
  Dims: 3600x1800x26
  Elements: 168480000
  Target Ratio: 4.00
  Mode: plain
  Sample Rate: 1000
Data Range: 99.603401
Warming up GPU...
Warmup complete.
Starting Profiling...
  Profiling Time: 0.764 ms
  Selected AbsEB: 1.593654e-01 (RelEB: 1.600000e-03)
  Estimated Ratio: 4.00 (Target: 4.00)
Starting Compression...
  Compression Time: 2.222 ms
  Compressed Size: 168568544
  Achieved Ratio: 4.00
Throughput Statistics:
  Profiling Throughput:    882.32 GB/s
  Compression Throughput:  303.34 GB/s
  Total (Prof+Comp) Thrpt: 225.73 GB/s
Starting Decompression...
  Decompression Time: 1.241 ms
  Decompression Throughput: 543.04 GB/s
Verification Results:
  Max Error: 1.593704e-01
  PSNR: 60.83 dB
  Compliance: PASS
BENCH_START:CESM:RELHUM_1_26_1800_3600.f32:plain:6.0
Configuration:
  Input File: /scratch/bfrq/bzhang28/SDRBENCH-CESM-ATM-26x1800x3600/RELHUM_1_26_1800_3600.f32
  Dims: 3600x1800x26
  Elements: 168480000
  Target Ratio: 6.00
  Mode: plain
  Sample Rate: 1000
Data Range: 99.603401
Warming up GPU...
Warmup complete.
Starting Profiling...
  Profiling Time: 0.761 ms
  Selected AbsEB: 1.095637e+00 (RelEB: 1.100000e-02)
  Estimated Ratio: 6.03 (Target: 6.00)
Starting Compression...
  Compression Time: 2.069 ms
  Compressed Size: 111890592
  Achieved Ratio: 6.02
Throughput Statistics:
  Profiling Throughput:    885.66 GB/s
  Compression Throughput:  325.70 GB/s
  Total (Prof+Comp) Thrpt: 238.13 GB/s
Starting Decompression...
  Decompression Time: 1.066 ms
  Decompression Throughput: 632.34 GB/s
Verification Results:
  Max Error: 1.095642e+00
  PSNR: 44.50 dB
  Compliance: PASS
BENCH_START:CESM:RELHUM_1_26_1800_3600.f32:plain:8.0
Configuration:
  Input File: /scratch/bfrq/bzhang28/SDRBENCH-CESM-ATM-26x1800x3600/RELHUM_1_26_1800_3600.f32
  Dims: 3600x1800x26
  Elements: 168480000
  Target Ratio: 8.00
  Mode: plain
  Sample Rate: 1000
Data Range: 99.603401
Warming up GPU...
Warmup complete.
Starting Profiling...
  Profiling Time: 0.759 ms
  Selected AbsEB: 3.087705e+00 (RelEB: 3.100000e-02)
  Estimated Ratio: 8.02 (Target: 8.00)
Starting Compression...
  Compression Time: 2.141 ms
  Compressed Size: 84018816
  Achieved Ratio: 8.02
Throughput Statistics:
  Profiling Throughput:    888.42 GB/s
  Compression Throughput:  314.83 GB/s
  Total (Prof+Comp) Thrpt: 232.46 GB/s
Starting Decompression...
  Decompression Time: 0.997 ms
  Decompression Throughput: 676.04 GB/s
Verification Results:
  Max Error: 3.087708e+00
  PSNR: 35.78 dB
  Compliance: PASS
BENCH_START:CESM:T_1_26_1800_3600.f32:outlier:4.0
Configuration:
  Input File: /scratch/bfrq/bzhang28/SDRBENCH-CESM-ATM-26x1800x3600/T_1_26_1800_3600.f32
  Dims: 3600x1800x26
  Elements: 168480000
  Target Ratio: 4.00
  Mode: outlier
  Sample Rate: 1000
Data Range: 122.225845
Warming up GPU...
Warmup complete.
Starting Profiling...
  Profiling Time: 0.769 ms
  Selected AbsEB: 4.522356e-02 (RelEB: 3.700000e-04)
  Estimated Ratio: 4.02 (Target: 4.00)
Starting Compression...
  Compression Time: 2.525 ms
  Compressed Size: 167513312
  Achieved Ratio: 4.02
Throughput Statistics:
  Profiling Throughput:    876.70 GB/s
  Compression Throughput:  266.86 GB/s
  Total (Prof+Comp) Thrpt: 204.59 GB/s
Starting Decompression...
  Decompression Time: 1.726 ms
  Decompression Throughput: 390.35 GB/s
Verification Results:
  Max Error: 4.522705e-02
  PSNR: 73.41 dB
  Compliance: PASS
BENCH_START:CESM:T_1_26_1800_3600.f32:outlier:6.0
Configuration:
  Input File: /scratch/bfrq/bzhang28/SDRBENCH-CESM-ATM-26x1800x3600/T_1_26_1800_3600.f32
  Dims: 3600x1800x26
  Elements: 168480000
  Target Ratio: 6.00
  Mode: outlier
  Sample Rate: 1000
Data Range: 122.225845
Warming up GPU...
Warmup complete.
Starting Profiling...
  Profiling Time: 0.767 ms
  Selected AbsEB: 3.055646e-01 (RelEB: 2.500000e-03)
  Estimated Ratio: 6.31 (Target: 6.00)
Starting Compression...
  Compression Time: 2.255 ms
  Compressed Size: 106727888
  Achieved Ratio: 6.31
Throughput Statistics:
  Profiling Throughput:    878.67 GB/s
  Compression Throughput:  298.80 GB/s
  Total (Prof+Comp) Thrpt: 222.98 GB/s
Starting Decompression...
  Decompression Time: 1.323 ms
  Decompression Throughput: 509.26 GB/s
Verification Results:
  Max Error: 3.055725e-01
  PSNR: 56.80 dB
  Compliance: PASS
BENCH_START:CESM:T_1_26_1800_3600.f32:outlier:8.0
Configuration:
  Input File: /scratch/bfrq/bzhang28/SDRBENCH-CESM-ATM-26x1800x3600/T_1_26_1800_3600.f32
  Dims: 3600x1800x26
  Elements: 168480000
  Target Ratio: 8.00
  Mode: outlier
  Sample Rate: 1000
Data Range: 122.225845
Warming up GPU...
Warmup complete.
Starting Profiling...
  Profiling Time: 0.766 ms
  Selected AbsEB: 6.722422e-01 (RelEB: 5.500000e-03)
  Estimated Ratio: 8.19 (Target: 8.00)
Starting Compression...
  Compression Time: 2.324 ms
  Compressed Size: 82328736
  Achieved Ratio: 8.19
Throughput Statistics:
  Profiling Throughput:    879.55 GB/s
  Compression Throughput:  290.02 GB/s
  Total (Prof+Comp) Thrpt: 218.10 GB/s
Starting Decompression...
  Decompression Time: 1.640 ms
  Decompression Throughput: 410.93 GB/s
Verification Results:
  Max Error: 6.722717e-01
  PSNR: 49.97 dB
  Compliance: PASS
BENCH_START:CESM:T_1_26_1800_3600.f32:plain:4.0
Configuration:
  Input File: /scratch/bfrq/bzhang28/SDRBENCH-CESM-ATM-26x1800x3600/T_1_26_1800_3600.f32
  Dims: 3600x1800x26
  Elements: 168480000
  Target Ratio: 4.00
  Mode: plain
  Sample Rate: 1000
Data Range: 122.225845
Warming up GPU...
Warmup complete.
Starting Profiling...
  Profiling Time: 0.865 ms
  Selected AbsEB: 2.322291e+00 (RelEB: 1.900000e-02)
  Estimated Ratio: 4.15 (Target: 4.00)
Starting Compression...
  Compression Time: 2.182 ms
  Compressed Size: 162253280
  Achieved Ratio: 4.15
Throughput Statistics:
  Profiling Throughput:    779.02 GB/s
  Compression Throughput:  308.89 GB/s
  Total (Prof+Comp) Thrpt: 221.19 GB/s
Starting Decompression...
  Decompression Time: 1.200 ms
  Decompression Throughput: 561.79 GB/s
Verification Results:
  Max Error: 2.322311e+00
  PSNR: 39.20 dB
  Compliance: PASS
BENCH_START:CESM:T_1_26_1800_3600.f32:plain:6.0
Configuration:
  Input File: /scratch/bfrq/bzhang28/SDRBENCH-CESM-ATM-26x1800x3600/T_1_26_1800_3600.f32
  Dims: 3600x1800x26
  Elements: 168480000
  Target Ratio: 6.00
  Mode: plain
  Sample Rate: 1000
Data Range: 122.225845
Warming up GPU...
Warmup complete.
Starting Profiling...
  Profiling Time: 0.754 ms
  Selected AbsEB: 1.222258e-04 (RelEB: 1.000000e-06)
  Estimated Ratio: 1.39 (Target: 6.00)
Starting Compression...
  Compression Time: 5.417 ms
  Compressed Size: 483817584
  Achieved Ratio: 1.39
Throughput Statistics:
  Profiling Throughput:    894.00 GB/s
  Compression Throughput:  124.40 GB/s
  Total (Prof+Comp) Thrpt: 109.21 GB/s
Starting Decompression...
  Decompression Time: 2.299 ms
  Decompression Throughput: 293.09 GB/s
Verification Results:
  Max Error: 1.220703e-04
  PSNR: 124.71 dB
  Compliance: PASS
BENCH_START:CESM:T_1_26_1800_3600.f32:plain:8.0
Configuration:
  Input File: /scratch/bfrq/bzhang28/SDRBENCH-CESM-ATM-26x1800x3600/T_1_26_1800_3600.f32
  Dims: 3600x1800x26
  Elements: 168480000
  Target Ratio: 8.00
  Mode: plain
  Sample Rate: 1000
Data Range: 122.225845
Warming up GPU...
Warmup complete.
Starting Profiling...
  Profiling Time: 0.770 ms
  Selected AbsEB: 1.222258e-04 (RelEB: 1.000000e-06)
  Estimated Ratio: 1.39 (Target: 8.00)
Starting Compression...
  Compression Time: 5.344 ms
  Compressed Size: 483817584
  Achieved Ratio: 1.39
Throughput Statistics:
  Profiling Throughput:    874.66 GB/s
  Compression Throughput:  126.11 GB/s
  Total (Prof+Comp) Thrpt: 110.22 GB/s
Starting Decompression...
  Decompression Time: 2.307 ms
  Decompression Throughput: 292.06 GB/s
Verification Results:
  Max Error: 1.220703e-04
  PSNR: 124.71 dB
  Compliance: PASS
BENCH_START:CESM:UU_1_26_1800_3600.f32:outlier:4.0
Configuration:
  Input File: /scratch/bfrq/bzhang28/SDRBENCH-CESM-ATM-26x1800x3600/UU_1_26_1800_3600.f32
  Dims: 3600x1800x26
  Elements: 168480000
  Target Ratio: 4.00
  Mode: outlier
  Sample Rate: 1000
Data Range: 11181.509766
Warming up GPU...
Warmup complete.
Starting Profiling...
  Profiling Time: 0.763 ms
  Selected AbsEB: 5.590755e-01 (RelEB: 5.000000e-05)
  Estimated Ratio: 4.06 (Target: 4.00)
Starting Compression...
  Compression Time: 2.752 ms
  Compressed Size: 165923583
  Achieved Ratio: 4.06
Throughput Statistics:
  Profiling Throughput:    883.61 GB/s
  Compression Throughput:  244.84 GB/s
  Total (Prof+Comp) Thrpt: 191.72 GB/s
Starting Decompression...
  Decompression Time: 2.360 ms
  Decompression Throughput: 285.62 GB/s
Verification Results:
  Max Error: 5.595703e-01
  PSNR: 90.79 dB
  Compliance: PASS
BENCH_START:CESM:UU_1_26_1800_3600.f32:outlier:6.0
Configuration:
  Input File: /scratch/bfrq/bzhang28/SDRBENCH-CESM-ATM-26x1800x3600/UU_1_26_1800_3600.f32
  Dims: 3600x1800x26
  Elements: 168480000
  Target Ratio: 6.00
  Mode: outlier
  Sample Rate: 1000
Data Range: 11181.509766
Warming up GPU...
Warmup complete.
Starting Profiling...
  Profiling Time: 0.764 ms
  Selected AbsEB: 3.466268e+00 (RelEB: 3.100000e-04)
  Estimated Ratio: 6.10 (Target: 6.00)
Starting Compression...
  Compression Time: 2.447 ms
  Compressed Size: 110519829
  Achieved Ratio: 6.10
Throughput Statistics:
  Profiling Throughput:    882.17 GB/s
  Compression Throughput:  275.36 GB/s
  Total (Prof+Comp) Thrpt: 209.86 GB/s
Starting Decompression...
  Decompression Time: 2.054 ms
  Decompression Throughput: 328.12 GB/s
Verification Results:
  Max Error: 3.466797e+00
  PSNR: 74.92 dB
  Compliance: PASS
BENCH_START:CESM:UU_1_26_1800_3600.f32:outlier:8.0
Configuration:
  Input File: /scratch/bfrq/bzhang28/SDRBENCH-CESM-ATM-26x1800x3600/UU_1_26_1800_3600.f32
  Dims: 3600x1800x26
  Elements: 168480000
  Target Ratio: 8.00
  Mode: outlier
  Sample Rate: 1000
Data Range: 11181.509766
Warming up GPU...
Warmup complete.
Starting Profiling...
  Profiling Time: 0.778 ms
  Selected AbsEB: 9.504283e+00 (RelEB: 8.500000e-04)
  Estimated Ratio: 8.05 (Target: 8.00)
Starting Compression...
  Compression Time: 2.321 ms
  Compressed Size: 83955270
  Achieved Ratio: 8.03
Throughput Statistics:
  Profiling Throughput:    866.67 GB/s
  Compression Throughput:  290.32 GB/s
  Total (Prof+Comp) Thrpt: 217.47 GB/s
Starting Decompression...
  Decompression Time: 1.779 ms
  Decompression Throughput: 378.74 GB/s
Verification Results:
  Max Error: 9.504395e+00
  PSNR: 66.12 dB
  Compliance: PASS
BENCH_START:CESM:UU_1_26_1800_3600.f32:plain:4.0
Configuration:
  Input File: /scratch/bfrq/bzhang28/SDRBENCH-CESM-ATM-26x1800x3600/UU_1_26_1800_3600.f32
  Dims: 3600x1800x26
  Elements: 168480000
  Target Ratio: 4.00
  Mode: plain
  Sample Rate: 1000
Data Range: 11181.509766
Warming up GPU...
Warmup complete.
Starting Profiling...
  Profiling Time: 0.763 ms
  Selected AbsEB: 1.789042e+00 (RelEB: 1.600000e-04)
  Estimated Ratio: 4.10 (Target: 4.00)
Starting Compression...
  Compression Time: 2.202 ms
  Compressed Size: 164102512
  Achieved Ratio: 4.11
Throughput Statistics:
  Profiling Throughput:    883.46 GB/s
  Compression Throughput:  306.08 GB/s
  Total (Prof+Comp) Thrpt: 227.32 GB/s
Starting Decompression...
  Decompression Time: 1.214 ms
  Decompression Throughput: 555.34 GB/s
Verification Results:
  Max Error: 1.789551e+00
  PSNR: 80.70 dB
  Compliance: PASS
BENCH_START:CESM:UU_1_26_1800_3600.f32:plain:6.0
Configuration:
  Input File: /scratch/bfrq/bzhang28/SDRBENCH-CESM-ATM-26x1800x3600/UU_1_26_1800_3600.f32
  Dims: 3600x1800x26
  Elements: 168480000
  Target Ratio: 6.00
  Mode: plain
  Sample Rate: 1000
Data Range: 11181.509766
Warming up GPU...
Warmup complete.
Starting Profiling...
  Profiling Time: 0.757 ms
  Selected AbsEB: 9.839728e+00 (RelEB: 8.800000e-04)
  Estimated Ratio: 6.04 (Target: 6.00)
Starting Compression...
  Compression Time: 2.104 ms
  Compressed Size: 111536864
  Achieved Ratio: 6.04
Throughput Statistics:
  Profiling Throughput:    889.96 GB/s
  Compression Throughput:  320.35 GB/s
  Total (Prof+Comp) Thrpt: 235.56 GB/s
Starting Decompression...
  Decompression Time: 1.100 ms
  Decompression Throughput: 612.67 GB/s
Verification Results:
  Max Error: 9.840332e+00
  PSNR: 65.82 dB
  Compliance: PASS
BENCH_START:CESM:UU_1_26_1800_3600.f32:plain:8.0
Configuration:
  Input File: /scratch/bfrq/bzhang28/SDRBENCH-CESM-ATM-26x1800x3600/UU_1_26_1800_3600.f32
  Dims: 3600x1800x26
  Elements: 168480000
  Target Ratio: 8.00
  Mode: plain
  Sample Rate: 1000
Data Range: 11181.509766
Warming up GPU...
Warmup complete.
Starting Profiling...
  Profiling Time: 0.751 ms
  Selected AbsEB: 2.795377e+01 (RelEB: 2.500000e-03)
  Estimated Ratio: 8.20 (Target: 8.00)
Starting Compression...
  Compression Time: 2.058 ms
  Compressed Size: 82153080
  Achieved Ratio: 8.20
Throughput Statistics:
  Profiling Throughput:    897.16 GB/s
  Compression Throughput:  327.52 GB/s
  Total (Prof+Comp) Thrpt: 239.93 GB/s
Starting Decompression...
  Decompression Time: 1.011 ms
  Decompression Throughput: 666.33 GB/s
Verification Results:
  Max Error: 2.795386e+01
  PSNR: 56.76 dB
  Compliance: PASS
BENCH_START:CESM:U_1_26_1800_3600.f32:outlier:4.0
Configuration:
  Input File: /scratch/bfrq/bzhang28/SDRBENCH-CESM-ATM-26x1800x3600/U_1_26_1800_3600.f32
  Dims: 3600x1800x26
  Elements: 168480000
  Target Ratio: 4.00
  Mode: outlier
  Sample Rate: 1000
Data Range: 158.951645
Warming up GPU...
Warmup complete.
Starting Profiling...
  Profiling Time: 0.770 ms
  Selected AbsEB: 2.066371e-02 (RelEB: 1.300000e-04)
  Estimated Ratio: 4.05 (Target: 4.00)
Starting Compression...
  Compression Time: 2.763 ms
  Compressed Size: 166576250
  Achieved Ratio: 4.05
Throughput Statistics:
  Profiling Throughput:    875.64 GB/s
  Compression Throughput:  243.89 GB/s
  Total (Prof+Comp) Thrpt: 190.76 GB/s
Starting Decompression...
  Decompression Time: 2.405 ms
  Decompression Throughput: 280.27 GB/s
Verification Results:
  Max Error: 2.067566e-02
  PSNR: 82.49 dB
  Compliance: PASS
BENCH_START:CESM:U_1_26_1800_3600.f32:outlier:6.0
Configuration:
  Input File: /scratch/bfrq/bzhang28/SDRBENCH-CESM-ATM-26x1800x3600/U_1_26_1800_3600.f32
  Dims: 3600x1800x26
  Elements: 168480000
  Target Ratio: 6.00
  Mode: outlier
  Sample Rate: 1000
Data Range: 158.951645
Warming up GPU...
Warmup complete.
Starting Profiling...
  Profiling Time: 0.800 ms
  Selected AbsEB: 1.160347e-01 (RelEB: 7.300000e-04)
  Estimated Ratio: 6.02 (Target: 6.00)
Starting Compression...
  Compression Time: 2.495 ms
  Compressed Size: 112003413
  Achieved Ratio: 6.02
Throughput Statistics:
  Profiling Throughput:    842.10 GB/s
  Compression Throughput:  270.09 GB/s
  Total (Prof+Comp) Thrpt: 204.50 GB/s
Starting Decompression...
  Decompression Time: 2.076 ms
  Decompression Throughput: 324.66 GB/s
Verification Results:
  Max Error: 1.160355e-01
  PSNR: 67.50 dB
  Compliance: PASS
BENCH_START:CESM:U_1_26_1800_3600.f32:outlier:8.0
Configuration:
  Input File: /scratch/bfrq/bzhang28/SDRBENCH-CESM-ATM-26x1800x3600/U_1_26_1800_3600.f32
  Dims: 3600x1800x26
  Elements: 168480000
  Target Ratio: 8.00
  Mode: outlier
  Sample Rate: 1000
Data Range: 158.951645
Warming up GPU...
Warmup complete.
Starting Profiling...
  Profiling Time: 0.752 ms
  Selected AbsEB: 3.496936e-01 (RelEB: 2.200000e-03)
  Estimated Ratio: 8.19 (Target: 8.00)
Starting Compression...
  Compression Time: 2.302 ms
  Compressed Size: 82324140
  Achieved Ratio: 8.19
Throughput Statistics:
  Profiling Throughput:    896.02 GB/s
  Compression Throughput:  292.72 GB/s
  Total (Prof+Comp) Thrpt: 220.64 GB/s
Starting Decompression...
  Decompression Time: 1.673 ms
  Decompression Throughput: 402.73 GB/s
Verification Results:
  Max Error: 3.496971e-01
  PSNR: 57.92 dB
  Compliance: PASS
BENCH_START:CESM:U_1_26_1800_3600.f32:plain:4.0
Configuration:
  Input File: /scratch/bfrq/bzhang28/SDRBENCH-CESM-ATM-26x1800x3600/U_1_26_1800_3600.f32
  Dims: 3600x1800x26
  Elements: 168480000
  Target Ratio: 4.00
  Mode: plain
  Sample Rate: 1000
Data Range: 158.951645
Warming up GPU...
Warmup complete.
Starting Profiling...
  Profiling Time: 0.752 ms
  Selected AbsEB: 7.788631e-02 (RelEB: 4.900000e-04)
  Estimated Ratio: 4.04 (Target: 4.00)
Starting Compression...
  Compression Time: 2.176 ms
  Compressed Size: 166774256
  Achieved Ratio: 4.04
Throughput Statistics:
  Profiling Throughput:    896.70 GB/s
  Compression Throughput:  309.65 GB/s
  Total (Prof+Comp) Thrpt: 230.17 GB/s
Starting Decompression...
  Decompression Time: 1.215 ms
  Decompression Throughput: 554.46 GB/s
Verification Results:
  Max Error: 7.788849e-02
  PSNR: 70.97 dB
  Compliance: PASS
BENCH_START:CESM:U_1_26_1800_3600.f32:plain:6.0
Configuration:
  Input File: /scratch/bfrq/bzhang28/SDRBENCH-CESM-ATM-26x1800x3600/U_1_26_1800_3600.f32
  Dims: 3600x1800x26
  Elements: 168480000
  Target Ratio: 6.00
  Mode: plain
  Sample Rate: 1000
Data Range: 158.951645
Warming up GPU...
Warmup complete.
Starting Profiling...
  Profiling Time: 0.751 ms
  Selected AbsEB: 4.450646e-01 (RelEB: 2.800000e-03)
  Estimated Ratio: 6.01 (Target: 6.00)
Starting Compression...
  Compression Time: 2.106 ms
  Compressed Size: 112098872
  Achieved Ratio: 6.01
Throughput Statistics:
  Profiling Throughput:    896.90 GB/s
  Compression Throughput:  320.06 GB/s
  Total (Prof+Comp) Thrpt: 235.88 GB/s
Starting Decompression...
  Decompression Time: 1.088 ms
  Decompression Throughput: 619.25 GB/s
Verification Results:
  Max Error: 4.450684e-01
  PSNR: 55.83 dB
  Compliance: PASS
BENCH_START:CESM:U_1_26_1800_3600.f32:plain:8.0
Configuration:
  Input File: /scratch/bfrq/bzhang28/SDRBENCH-CESM-ATM-26x1800x3600/U_1_26_1800_3600.f32
  Dims: 3600x1800x26
  Elements: 168480000
  Target Ratio: 8.00
  Mode: plain
  Sample Rate: 1000
Data Range: 158.951645
Warming up GPU...
Warmup complete.
Starting Profiling...
  Profiling Time: 0.770 ms
  Selected AbsEB: 1.208032e+00 (RelEB: 7.600000e-03)
  Estimated Ratio: 8.03 (Target: 8.00)
Starting Compression...
  Compression Time: 2.072 ms
  Compressed Size: 83780776
  Achieved Ratio: 8.04
Throughput Statistics:
  Profiling Throughput:    874.84 GB/s
  Compression Throughput:  325.21 GB/s
  Total (Prof+Comp) Thrpt: 237.08 GB/s
Starting Decompression...
  Decompression Time: 1.047 ms
  Decompression Throughput: 643.92 GB/s
Verification Results:
  Max Error: 1.208035e+00
  PSNR: 47.16 dB
  Compliance: PASS
BENCH_START:CESM:VD01_1_26_1800_3600.f32:outlier:4.0
Configuration:
  Input File: /scratch/bfrq/bzhang28/SDRBENCH-CESM-ATM-26x1800x3600/VD01_1_26_1800_3600.f32
  Dims: 3600x1800x26
  Elements: 168480000
  Target Ratio: 4.00
  Mode: outlier
  Sample Rate: 1000
Data Range: 0.000001
Warming up GPU...
Warmup complete.
Starting Profiling...
  Profiling Time: 0.764 ms
  Selected AbsEB: 7.211687e-13 (RelEB: 1.000000e-06)
  Estimated Ratio: 6.01 (Target: 4.00)
Starting Compression...
  Compression Time: 2.404 ms
  Compressed Size: 112368212
  Achieved Ratio: 6.00
Throughput Statistics:
  Profiling Throughput:    882.46 GB/s
  Compression Throughput:  280.39 GB/s
  Total (Prof+Comp) Thrpt: 212.78 GB/s
Starting Decompression...
  Decompression Time: 1.557 ms
  Decompression Throughput: 432.77 GB/s
Verification Results:
  Max Error: 7.673862e-13
  PSNR: 127.50 dB
  Compliance: PASS
BENCH_START:CESM:VD01_1_26_1800_3600.f32:outlier:6.0
Configuration:
  Input File: /scratch/bfrq/bzhang28/SDRBENCH-CESM-ATM-26x1800x3600/VD01_1_26_1800_3600.f32
  Dims: 3600x1800x26
  Elements: 168480000
  Target Ratio: 6.00
  Mode: outlier
  Sample Rate: 1000
Data Range: 0.000001
Warming up GPU...
Warmup complete.
Starting Profiling...
  Profiling Time: 0.772 ms
  Selected AbsEB: 7.211687e-13 (RelEB: 1.000000e-06)
  Estimated Ratio: 6.01 (Target: 6.00)
Starting Compression...
  Compression Time: 2.373 ms
  Compressed Size: 112368212
  Achieved Ratio: 6.00
Throughput Statistics:
  Profiling Throughput:    873.46 GB/s
  Compression Throughput:  284.00 GB/s
  Total (Prof+Comp) Thrpt: 214.32 GB/s
Starting Decompression...
  Decompression Time: 1.494 ms
  Decompression Throughput: 451.04 GB/s
Verification Results:
  Max Error: 7.673862e-13
  PSNR: 127.50 dB
  Compliance: PASS
BENCH_START:CESM:VD01_1_26_1800_3600.f32:outlier:8.0
Configuration:
  Input File: /scratch/bfrq/bzhang28/SDRBENCH-CESM-ATM-26x1800x3600/VD01_1_26_1800_3600.f32
  Dims: 3600x1800x26
  Elements: 168480000
  Target Ratio: 8.00
  Mode: outlier
  Sample Rate: 1000
Data Range: 0.000001
Warming up GPU...
Warmup complete.
Starting Profiling...
  Profiling Time: 0.773 ms
  Selected AbsEB: 5.769349e-12 (RelEB: 8.000000e-06)
  Estimated Ratio: 8.60 (Target: 8.00)
Starting Compression...
  Compression Time: 2.067 ms
  Compressed Size: 78440166
  Achieved Ratio: 8.59
Throughput Statistics:
  Profiling Throughput:    871.83 GB/s
  Compression Throughput:  325.97 GB/s
  Total (Prof+Comp) Thrpt: 237.26 GB/s
Starting Decompression...
  Decompression Time: 1.230 ms
  Decompression Throughput: 548.05 GB/s
Verification Results:
  Max Error: 5.798029e-12
  PSNR: 111.15 dB
  Compliance: PASS
BENCH_START:CESM:VD01_1_26_1800_3600.f32:plain:4.0
Configuration:
  Input File: /scratch/bfrq/bzhang28/SDRBENCH-CESM-ATM-26x1800x3600/VD01_1_26_1800_3600.f32
  Dims: 3600x1800x26
  Elements: 168480000
  Target Ratio: 4.00
  Mode: plain
  Sample Rate: 1000
Data Range: 0.000001
Warming up GPU...
Warmup complete.
Starting Profiling...
  Profiling Time: 0.750 ms
  Selected AbsEB: 7.211687e-13 (RelEB: 1.000000e-06)
  Estimated Ratio: 5.91 (Target: 4.00)
Starting Compression...
  Compression Time: 2.319 ms
  Compressed Size: 114446728
  Achieved Ratio: 5.89
Throughput Statistics:
  Profiling Throughput:    898.16 GB/s
  Compression Throughput:  290.55 GB/s
  Total (Prof+Comp) Thrpt: 219.54 GB/s
Starting Decompression...
  Decompression Time: 1.142 ms
  Decompression Throughput: 590.38 GB/s
Verification Results:
  Max Error: 7.673862e-13
  PSNR: 127.50 dB
  Compliance: PASS
BENCH_START:CESM:VD01_1_26_1800_3600.f32:plain:6.0
Configuration:
  Input File: /scratch/bfrq/bzhang28/SDRBENCH-CESM-ATM-26x1800x3600/VD01_1_26_1800_3600.f32
  Dims: 3600x1800x26
  Elements: 168480000
  Target Ratio: 6.00
  Mode: plain
  Sample Rate: 1000
Data Range: 0.000001
Warming up GPU...
Warmup complete.
Starting Profiling...
  Profiling Time: 0.761 ms
  Selected AbsEB: 1.442337e-12 (RelEB: 2.000000e-06)
  Estimated Ratio: 6.59 (Target: 6.00)
Starting Compression...
  Compression Time: 2.209 ms
  Compressed Size: 102490776
  Achieved Ratio: 6.58
Throughput Statistics:
  Profiling Throughput:    885.62 GB/s
  Compression Throughput:  305.03 GB/s
  Total (Prof+Comp) Thrpt: 226.89 GB/s
Starting Decompression...
  Decompression Time: 1.094 ms
  Decompression Throughput: 615.79 GB/s
Verification Results:
  Max Error: 1.477929e-12
  PSNR: 121.87 dB
  Compliance: PASS
BENCH_START:CESM:VD01_1_26_1800_3600.f32:plain:8.0
Configuration:
  Input File: /scratch/bfrq/bzhang28/SDRBENCH-CESM-ATM-26x1800x3600/VD01_1_26_1800_3600.f32
  Dims: 3600x1800x26
  Elements: 168480000
  Target Ratio: 8.00
  Mode: plain
  Sample Rate: 1000
Data Range: 0.000001
Warming up GPU...
Warmup complete.
Starting Profiling...
  Profiling Time: 0.759 ms
  Selected AbsEB: 5.769349e-12 (RelEB: 8.000000e-06)
  Estimated Ratio: 8.40 (Target: 8.00)
Starting Compression...
  Compression Time: 1.962 ms
  Compressed Size: 80460760
  Achieved Ratio: 8.38
Throughput Statistics:
  Profiling Throughput:    887.67 GB/s
  Compression Throughput:  343.49 GB/s
  Total (Prof+Comp) Thrpt: 247.66 GB/s
Starting Decompression...
  Decompression Time: 0.984 ms
  Decompression Throughput: 684.77 GB/s
Verification Results:
  Max Error: 5.798029e-12
  PSNR: 111.15 dB
  Compliance: PASS
BENCH_START:CESM:VQ_1_26_1800_3600.f32:outlier:4.0
Configuration:
  Input File: /scratch/bfrq/bzhang28/SDRBENCH-CESM-ATM-26x1800x3600/VQ_1_26_1800_3600.f32
  Dims: 3600x1800x26
  Elements: 168480000
  Target Ratio: 4.00
  Mode: outlier
  Sample Rate: 1000
Data Range: 0.336999
Warming up GPU...
Warmup complete.
Starting Profiling...
  Profiling Time: 0.755 ms
  Selected AbsEB: 1.010997e-06 (RelEB: 3.000000e-06)
  Estimated Ratio: 4.06 (Target: 4.00)
Starting Compression...
  Compression Time: 2.640 ms
  Compressed Size: 165689296
  Achieved Ratio: 4.07
Throughput Statistics:
  Profiling Throughput:    892.45 GB/s
  Compression Throughput:  255.29 GB/s
  Total (Prof+Comp) Thrpt: 198.51 GB/s
Starting Decompression...
  Decompression Time: 2.024 ms
  Decompression Throughput: 332.96 GB/s
Verification Results:
  Max Error: 1.028180e-06
  PSNR: 115.30 dB
  Compliance: PASS
BENCH_START:CESM:VQ_1_26_1800_3600.f32:outlier:6.0
Configuration:
  Input File: /scratch/bfrq/bzhang28/SDRBENCH-CESM-ATM-26x1800x3600/VQ_1_26_1800_3600.f32
  Dims: 3600x1800x26
  Elements: 168480000
  Target Ratio: 6.00
  Mode: outlier
  Sample Rate: 1000
Data Range: 0.336999
Warming up GPU...
Warmup complete.
Starting Profiling...
  Profiling Time: 0.758 ms
  Selected AbsEB: 8.424976e-06 (RelEB: 2.500000e-05)
  Estimated Ratio: 6.24 (Target: 6.00)
Starting Compression...
  Compression Time: 2.342 ms
  Compressed Size: 107893732
  Achieved Ratio: 6.25
Throughput Statistics:
  Profiling Throughput:    889.66 GB/s
  Compression Throughput:  287.75 GB/s
  Total (Prof+Comp) Thrpt: 217.42 GB/s
Starting Decompression...
  Decompression Time: 1.697 ms
  Decompression Throughput: 397.19 GB/s
Verification Results:
  Max Error: 8.434057e-06
  PSNR: 97.28 dB
  Compliance: PASS
BENCH_START:CESM:VQ_1_26_1800_3600.f32:outlier:8.0
Configuration:
  Input File: /scratch/bfrq/bzhang28/SDRBENCH-CESM-ATM-26x1800x3600/VQ_1_26_1800_3600.f32
  Dims: 3600x1800x26
  Elements: 168480000
  Target Ratio: 8.00
  Mode: outlier
  Sample Rate: 1000
Data Range: 0.336999
Warming up GPU...
Warmup complete.
Starting Profiling...
  Profiling Time: 0.766 ms
  Selected AbsEB: 2.358993e-05 (RelEB: 7.000000e-05)
  Estimated Ratio: 8.03 (Target: 8.00)
Starting Compression...
  Compression Time: 2.241 ms
  Compressed Size: 83599569
  Achieved Ratio: 8.06
Throughput Statistics:
  Profiling Throughput:    880.14 GB/s
  Compression Throughput:  300.76 GB/s
  Total (Prof+Comp) Thrpt: 224.16 GB/s
Starting Decompression...
  Decompression Time: 1.562 ms
  Decompression Throughput: 431.38 GB/s
Verification Results:
  Max Error: 2.360344e-05
  PSNR: 88.84 dB
  Compliance: PASS
BENCH_START:CESM:VQ_1_26_1800_3600.f32:plain:4.0
Configuration:
  Input File: /scratch/bfrq/bzhang28/SDRBENCH-CESM-ATM-26x1800x3600/VQ_1_26_1800_3600.f32
  Dims: 3600x1800x26
  Elements: 168480000
  Target Ratio: 4.00
  Mode: plain
  Sample Rate: 1000
Data Range: 0.336999
Warming up GPU...
Warmup complete.
Starting Profiling...
  Profiling Time: 0.758 ms
  Selected AbsEB: 1.684995e-06 (RelEB: 5.000000e-06)
  Estimated Ratio: 4.05 (Target: 4.00)
Starting Compression...
  Compression Time: 2.396 ms
  Compressed Size: 166105096
  Achieved Ratio: 4.06
Throughput Statistics:
  Profiling Throughput:    889.51 GB/s
  Compression Throughput:  281.27 GB/s
  Total (Prof+Comp) Thrpt: 213.69 GB/s
Starting Decompression...
  Decompression Time: 1.333 ms
  Decompression Throughput: 505.44 GB/s
Verification Results:
  Max Error: 1.687557e-06
  PSNR: 110.97 dB
  Compliance: PASS
BENCH_START:CESM:VQ_1_26_1800_3600.f32:plain:6.0
Configuration:
  Input File: /scratch/bfrq/bzhang28/SDRBENCH-CESM-ATM-26x1800x3600/VQ_1_26_1800_3600.f32
  Dims: 3600x1800x26
  Elements: 168480000
  Target Ratio: 6.00
  Mode: plain
  Sample Rate: 1000
Data Range: 0.336999
Warming up GPU...
Warmup complete.
Starting Profiling...
  Profiling Time: 0.754 ms
  Selected AbsEB: 1.179497e-05 (RelEB: 3.500000e-05)
  Estimated Ratio: 6.04 (Target: 6.00)
Starting Compression...
  Compression Time: 2.097 ms
  Compressed Size: 111607912
  Achieved Ratio: 6.04
Throughput Statistics:
  Profiling Throughput:    893.96 GB/s
  Compression Throughput:  321.44 GB/s
  Total (Prof+Comp) Thrpt: 236.43 GB/s
Starting Decompression...
  Decompression Time: 1.115 ms
  Decompression Throughput: 604.37 GB/s
Verification Results:
  Max Error: 1.180172e-05
  PSNR: 94.45 dB
  Compliance: PASS
BENCH_START:CESM:VQ_1_26_1800_3600.f32:plain:8.0
Configuration:
  Input File: /scratch/bfrq/bzhang28/SDRBENCH-CESM-ATM-26x1800x3600/VQ_1_26_1800_3600.f32
  Dims: 3600x1800x26
  Elements: 168480000
  Target Ratio: 8.00
  Mode: plain
  Sample Rate: 1000
Data Range: 0.336999
Warming up GPU...
Warmup complete.
Starting Profiling...
  Profiling Time: 0.760 ms
  Selected AbsEB: 4.380987e-05 (RelEB: 1.300000e-04)
  Estimated Ratio: 8.32 (Target: 8.00)
Starting Compression...
  Compression Time: 1.950 ms
  Compressed Size: 81057496
  Achieved Ratio: 8.31
Throughput Statistics:
  Profiling Throughput:    886.96 GB/s
  Compression Throughput:  345.57 GB/s
  Total (Prof+Comp) Thrpt: 248.68 GB/s
Starting Decompression...
  Decompression Time: 0.980 ms
  Decompression Throughput: 687.90 GB/s
Verification Results:
  Max Error: 4.382432e-05
  PSNR: 84.00 dB
  Compliance: PASS
BENCH_START:CESM:VT_1_26_1800_3600.f32:outlier:4.0
Configuration:
  Input File: /scratch/bfrq/bzhang28/SDRBENCH-CESM-ATM-26x1800x3600/VT_1_26_1800_3600.f32
  Dims: 3600x1800x26
  Elements: 168480000
  Target Ratio: 4.00
  Mode: outlier
  Sample Rate: 1000
Data Range: 27636.546875
Warming up GPU...
Warmup complete.
Starting Profiling...
  Profiling Time: 0.771 ms
  Selected AbsEB: 1.768739e+00 (RelEB: 6.400000e-05)
  Estimated Ratio: 4.01 (Target: 4.00)
Starting Compression...
  Compression Time: 2.795 ms
  Compressed Size: 167949522
  Achieved Ratio: 4.01
Throughput Statistics:
  Profiling Throughput:    874.44 GB/s
  Compression Throughput:  241.10 GB/s
  Total (Prof+Comp) Thrpt: 188.99 GB/s
Starting Decompression...
  Decompression Time: 2.488 ms
  Decompression Throughput: 270.92 GB/s
Verification Results:
  Max Error: 1.769531e+00
  PSNR: 88.65 dB
  Compliance: PASS
BENCH_START:CESM:VT_1_26_1800_3600.f32:outlier:6.0
Configuration:
  Input File: /scratch/bfrq/bzhang28/SDRBENCH-CESM-ATM-26x1800x3600/VT_1_26_1800_3600.f32
  Dims: 3600x1800x26
  Elements: 168480000
  Target Ratio: 6.00
  Mode: outlier
  Sample Rate: 1000
Data Range: 27636.546875
Warming up GPU...
Warmup complete.
Starting Profiling...
  Profiling Time: 0.765 ms
  Selected AbsEB: 1.105462e+01 (RelEB: 4.000000e-04)
  Estimated Ratio: 6.13 (Target: 6.00)
Starting Compression...
  Compression Time: 2.440 ms
  Compressed Size: 110036283
  Achieved Ratio: 6.12
Throughput Statistics:
  Profiling Throughput:    881.36 GB/s
  Compression Throughput:  276.23 GB/s
  Total (Prof+Comp) Thrpt: 210.31 GB/s
Starting Decompression...
  Decompression Time: 2.021 ms
  Decompression Throughput: 333.40 GB/s
Verification Results:
  Max Error: 1.105566e+01
  PSNR: 72.73 dB
  Compliance: PASS
BENCH_START:CESM:VT_1_26_1800_3600.f32:outlier:8.0
Configuration:
  Input File: /scratch/bfrq/bzhang28/SDRBENCH-CESM-ATM-26x1800x3600/VT_1_26_1800_3600.f32
  Dims: 3600x1800x26
  Elements: 168480000
  Target Ratio: 8.00
  Mode: outlier
  Sample Rate: 1000
Data Range: 27636.546875
Warming up GPU...
Warmup complete.
Starting Profiling...
  Profiling Time: 0.797 ms
  Selected AbsEB: 2.901837e+01 (RelEB: 1.050000e-03)
  Estimated Ratio: 8.08 (Target: 8.00)
Starting Compression...
  Compression Time: 2.302 ms
  Compressed Size: 83309901
  Achieved Ratio: 8.09
Throughput Statistics:
  Profiling Throughput:    845.61 GB/s
  Compression Throughput:  292.70 GB/s
  Total (Prof+Comp) Thrpt: 217.44 GB/s
Starting Decompression...
  Decompression Time: 1.718 ms
  Decompression Throughput: 392.37 GB/s
Verification Results:
  Max Error: 2.901855e+01
  PSNR: 64.35 dB
  Compliance: PASS
BENCH_START:CESM:VT_1_26_1800_3600.f32:plain:4.0
Configuration:
  Input File: /scratch/bfrq/bzhang28/SDRBENCH-CESM-ATM-26x1800x3600/VT_1_26_1800_3600.f32
  Dims: 3600x1800x26
  Elements: 168480000
  Target Ratio: 4.00
  Mode: plain
  Sample Rate: 1000
Data Range: 27636.546875
Warming up GPU...
Warmup complete.
Starting Profiling...
  Profiling Time: 0.747 ms
  Selected AbsEB: 5.250944e+00 (RelEB: 1.900000e-04)
  Estimated Ratio: 4.09 (Target: 4.00)
Starting Compression...
  Compression Time: 2.183 ms
  Compressed Size: 164640552
  Achieved Ratio: 4.09
Throughput Statistics:
  Profiling Throughput:    901.66 GB/s
  Compression Throughput:  308.74 GB/s
  Total (Prof+Comp) Thrpt: 229.99 GB/s
Starting Decompression...
  Decompression Time: 1.222 ms
  Decompression Throughput: 551.66 GB/s
Verification Results:
  Max Error: 5.250977e+00
  PSNR: 79.20 dB
  Compliance: PASS
BENCH_START:CESM:VT_1_26_1800_3600.f32:plain:6.0
Configuration:
  Input File: /scratch/bfrq/bzhang28/SDRBENCH-CESM-ATM-26x1800x3600/VT_1_26_1800_3600.f32
  Dims: 3600x1800x26
  Elements: 168480000
  Target Ratio: 6.00
  Mode: plain
  Sample Rate: 1000
Data Range: 27636.546875
Warming up GPU...
Warmup complete.
Starting Profiling...
  Profiling Time: 0.751 ms
  Selected AbsEB: 2.901837e+01 (RelEB: 1.050000e-03)
  Estimated Ratio: 6.07 (Target: 6.00)
Starting Compression...
  Compression Time: 2.112 ms
  Compressed Size: 111192624
  Achieved Ratio: 6.06
Throughput Statistics:
  Profiling Throughput:    896.86 GB/s
  Compression Throughput:  319.08 GB/s
  Total (Prof+Comp) Thrpt: 235.35 GB/s
Starting Decompression...
  Decompression Time: 1.097 ms
  Decompression Throughput: 614.21 GB/s
Verification Results:
  Max Error: 2.901855e+01
  PSNR: 64.35 dB
  Compliance: PASS
BENCH_START:CESM:VT_1_26_1800_3600.f32:plain:8.0
Configuration:
  Input File: /scratch/bfrq/bzhang28/SDRBENCH-CESM-ATM-26x1800x3600/VT_1_26_1800_3600.f32
  Dims: 3600x1800x26
  Elements: 168480000
  Target Ratio: 8.00
  Mode: plain
  Sample Rate: 1000
Data Range: 27636.546875
Warming up GPU...
Warmup complete.
Starting Profiling...
  Profiling Time: 0.755 ms
  Selected AbsEB: 7.738233e+01 (RelEB: 2.800000e-03)
  Estimated Ratio: 8.14 (Target: 8.00)
Starting Compression...
  Compression Time: 2.074 ms
  Compressed Size: 82578672
  Achieved Ratio: 8.16
Throughput Statistics:
  Profiling Throughput:    892.60 GB/s
  Compression Throughput:  324.86 GB/s
  Total (Prof+Comp) Thrpt: 238.18 GB/s
Starting Decompression...
  Decompression Time: 1.045 ms
  Decompression Throughput: 644.90 GB/s
Verification Results:
  Max Error: 7.738281e+01
  PSNR: 55.90 dB
  Compliance: PASS
BENCH_START:CESM:VU_1_26_1800_3600.f32:outlier:4.0
Configuration:
  Input File: /scratch/bfrq/bzhang28/SDRBENCH-CESM-ATM-26x1800x3600/VU_1_26_1800_3600.f32
  Dims: 3600x1800x26
  Elements: 168480000
  Target Ratio: 4.00
  Mode: outlier
  Sample Rate: 1000
Data Range: 9034.287109
Warming up GPU...
Warmup complete.
Starting Profiling...
  Profiling Time: 0.754 ms
  Selected AbsEB: 1.355143e-01 (RelEB: 1.500000e-05)
  Estimated Ratio: 4.17 (Target: 4.00)
Starting Compression...
  Compression Time: 2.784 ms
  Compressed Size: 162111277
  Achieved Ratio: 4.16
Throughput Statistics:
  Profiling Throughput:    893.32 GB/s
  Compression Throughput:  242.08 GB/s
  Total (Prof+Comp) Thrpt: 190.46 GB/s
Starting Decompression...
  Decompression Time: 2.398 ms
  Decompression Throughput: 281.03 GB/s
Verification Results:
  Max Error: 1.357422e-01
  PSNR: 101.25 dB
  Compliance: PASS
BENCH_START:CESM:VU_1_26_1800_3600.f32:outlier:6.0
Configuration:
  Input File: /scratch/bfrq/bzhang28/SDRBENCH-CESM-ATM-26x1800x3600/VU_1_26_1800_3600.f32
  Dims: 3600x1800x26
  Elements: 168480000
  Target Ratio: 6.00
  Mode: outlier
  Sample Rate: 1000
Data Range: 9034.287109
Warming up GPU...
Warmup complete.
Starting Profiling...
  Profiling Time: 0.787 ms
  Selected AbsEB: 6.866058e-01 (RelEB: 7.600000e-05)
  Estimated Ratio: 6.02 (Target: 6.00)
Starting Compression...
  Compression Time: 2.479 ms
  Compressed Size: 112393261
  Achieved Ratio: 6.00
Throughput Statistics:
  Profiling Throughput:    855.82 GB/s
  Compression Throughput:  271.83 GB/s
  Total (Prof+Comp) Thrpt: 206.30 GB/s
Starting Decompression...
  Decompression Time: 2.055 ms
  Decompression Throughput: 327.95 GB/s
Verification Results:
  Max Error: 6.867676e-01
  PSNR: 87.19 dB
  Compliance: PASS
BENCH_START:CESM:VU_1_26_1800_3600.f32:outlier:8.0
Configuration:
  Input File: /scratch/bfrq/bzhang28/SDRBENCH-CESM-ATM-26x1800x3600/VU_1_26_1800_3600.f32
  Dims: 3600x1800x26
  Elements: 168480000
  Target Ratio: 8.00
  Mode: outlier
  Sample Rate: 1000
Data Range: 9034.287109
Warming up GPU...
Warmup complete.
Starting Profiling...
  Profiling Time: 0.756 ms
  Selected AbsEB: 1.987543e+00 (RelEB: 2.200000e-04)
  Estimated Ratio: 8.12 (Target: 8.00)
Starting Compression...
  Compression Time: 2.302 ms
  Compressed Size: 83430516
  Achieved Ratio: 8.08
Throughput Statistics:
  Profiling Throughput:    891.09 GB/s
  Compression Throughput:  292.81 GB/s
  Total (Prof+Comp) Thrpt: 220.39 GB/s
Starting Decompression...
  Decompression Time: 1.803 ms
  Decompression Throughput: 373.74 GB/s
Verification Results:
  Max Error: 1.987793e+00
  PSNR: 78.00 dB
  Compliance: PASS
BENCH_START:CESM:VU_1_26_1800_3600.f32:plain:4.0
Configuration:
  Input File: /scratch/bfrq/bzhang28/SDRBENCH-CESM-ATM-26x1800x3600/VU_1_26_1800_3600.f32
  Dims: 3600x1800x26
  Elements: 168480000
  Target Ratio: 4.00
  Mode: plain
  Sample Rate: 1000
Data Range: 9034.287109
Warming up GPU...
Warmup complete.
Starting Profiling...
  Profiling Time: 0.749 ms
  Selected AbsEB: 2.258572e-01 (RelEB: 2.500000e-05)
  Estimated Ratio: 4.04 (Target: 4.00)
Starting Compression...
  Compression Time: 2.178 ms
  Compressed Size: 166850176
  Achieved Ratio: 4.04
Throughput Statistics:
  Profiling Throughput:    899.85 GB/s
  Compression Throughput:  309.36 GB/s
  Total (Prof+Comp) Thrpt: 230.22 GB/s
Starting Decompression...
  Decompression Time: 1.234 ms
  Decompression Throughput: 546.08 GB/s
Verification Results:
  Max Error: 2.260742e-01
  PSNR: 96.82 dB
  Compliance: PASS
BENCH_START:CESM:VU_1_26_1800_3600.f32:plain:6.0
Configuration:
  Input File: /scratch/bfrq/bzhang28/SDRBENCH-CESM-ATM-26x1800x3600/VU_1_26_1800_3600.f32
  Dims: 3600x1800x26
  Elements: 168480000
  Target Ratio: 6.00
  Mode: plain
  Sample Rate: 1000
Data Range: 9034.287109
Warming up GPU...
Warmup complete.
Starting Profiling...
  Profiling Time: 0.764 ms
  Selected AbsEB: 1.445486e+00 (RelEB: 1.600000e-04)
  Estimated Ratio: 6.16 (Target: 6.00)
Starting Compression...
  Compression Time: 2.108 ms
  Compressed Size: 109709832
  Achieved Ratio: 6.14
Throughput Statistics:
  Profiling Throughput:    882.65 GB/s
  Compression Throughput:  319.63 GB/s
  Total (Prof+Comp) Thrpt: 234.65 GB/s
Starting Decompression...
  Decompression Time: 1.104 ms
  Decompression Throughput: 610.43 GB/s
Verification Results:
  Max Error: 1.445801e+00
  PSNR: 80.75 dB
  Compliance: PASS
BENCH_START:CESM:VU_1_26_1800_3600.f32:plain:8.0
Configuration:
  Input File: /scratch/bfrq/bzhang28/SDRBENCH-CESM-ATM-26x1800x3600/VU_1_26_1800_3600.f32
  Dims: 3600x1800x26
  Elements: 168480000
  Target Ratio: 8.00
  Mode: plain
  Sample Rate: 1000
Data Range: 9034.287109
Warming up GPU...
Warmup complete.
Starting Profiling...
  Profiling Time: 0.791 ms
  Selected AbsEB: 3.613715e+00 (RelEB: 4.000000e-04)
  Estimated Ratio: 8.07 (Target: 8.00)
Starting Compression...
  Compression Time: 2.072 ms
  Compressed Size: 83756792
  Achieved Ratio: 8.05
Throughput Statistics:
  Profiling Throughput:    851.70 GB/s
  Compression Throughput:  325.30 GB/s
  Total (Prof+Comp) Thrpt: 235.39 GB/s
Starting Decompression...
  Decompression Time: 1.053 ms
  Decompression Throughput: 640.00 GB/s
Verification Results:
  Max Error: 3.613770e+00
  PSNR: 72.86 dB
  Compliance: PASS
BENCH_START:CESM:VV_1_26_1800_3600.f32:outlier:4.0
Configuration:
  Input File: /scratch/bfrq/bzhang28/SDRBENCH-CESM-ATM-26x1800x3600/VV_1_26_1800_3600.f32
  Dims: 3600x1800x26
  Elements: 168480000
  Target Ratio: 4.00
  Mode: outlier
  Sample Rate: 1000
Data Range: 5136.346680
Warming up GPU...
Warmup complete.
Starting Profiling...
  Profiling Time: 0.767 ms
  Selected AbsEB: 1.797721e-01 (RelEB: 3.500000e-05)
  Estimated Ratio: 4.03 (Target: 4.00)
Starting Compression...
  Compression Time: 2.914 ms
  Compressed Size: 167125675
  Achieved Ratio: 4.03
Throughput Statistics:
  Profiling Throughput:    879.19 GB/s
  Compression Throughput:  231.29 GB/s
  Total (Prof+Comp) Thrpt: 183.12 GB/s
Starting Decompression...
  Decompression Time: 2.525 ms
  Decompression Throughput: 266.93 GB/s
Verification Results:
  Max Error: 1.801758e-01
  PSNR: 93.89 dB
  Compliance: PASS
BENCH_START:CESM:VV_1_26_1800_3600.f32:outlier:6.0
Configuration:
  Input File: /scratch/bfrq/bzhang28/SDRBENCH-CESM-ATM-26x1800x3600/VV_1_26_1800_3600.f32
  Dims: 3600x1800x26
  Elements: 168480000
  Target Ratio: 6.00
  Mode: outlier
  Sample Rate: 1000
Data Range: 5136.346680
Warming up GPU...
Warmup complete.
Starting Profiling...
  Profiling Time: 0.771 ms
  Selected AbsEB: 1.129996e+00 (RelEB: 2.200000e-04)
  Estimated Ratio: 6.14 (Target: 6.00)
Starting Compression...
  Compression Time: 2.477 ms
  Compressed Size: 109876598
  Achieved Ratio: 6.13
Throughput Statistics:
  Profiling Throughput:    874.48 GB/s
  Compression Throughput:  272.08 GB/s
  Total (Prof+Comp) Thrpt: 207.52 GB/s
Starting Decompression...
  Decompression Time: 2.084 ms
  Decompression Throughput: 323.33 GB/s
Verification Results:
  Max Error: 1.130127e+00
  PSNR: 77.94 dB
  Compliance: PASS
BENCH_START:CESM:VV_1_26_1800_3600.f32:outlier:8.0
Configuration:
  Input File: /scratch/bfrq/bzhang28/SDRBENCH-CESM-ATM-26x1800x3600/VV_1_26_1800_3600.f32
  Dims: 3600x1800x26
  Elements: 168480000
  Target Ratio: 8.00
  Mode: outlier
  Sample Rate: 1000
Data Range: 5136.346680
Warming up GPU...
Warmup complete.
Starting Profiling...
  Profiling Time: 0.779 ms
  Selected AbsEB: 2.979081e+00 (RelEB: 5.800000e-04)
  Estimated Ratio: 8.09 (Target: 8.00)
Starting Compression...
  Compression Time: 2.314 ms
  Compressed Size: 83631799
  Achieved Ratio: 8.06
Throughput Statistics:
  Profiling Throughput:    865.17 GB/s
  Compression Throughput:  291.23 GB/s
  Total (Prof+Comp) Thrpt: 217.89 GB/s
Starting Decompression...
  Decompression Time: 1.780 ms
  Decompression Throughput: 378.55 GB/s
Verification Results:
  Max Error: 2.979248e+00
  PSNR: 69.38 dB
  Compliance: PASS
BENCH_START:CESM:VV_1_26_1800_3600.f32:plain:4.0
Configuration:
  Input File: /scratch/bfrq/bzhang28/SDRBENCH-CESM-ATM-26x1800x3600/VV_1_26_1800_3600.f32
  Dims: 3600x1800x26
  Elements: 168480000
  Target Ratio: 4.00
  Mode: plain
  Sample Rate: 1000
Data Range: 5136.346680
Warming up GPU...
Warmup complete.
Starting Profiling...
  Profiling Time: 0.860 ms
  Selected AbsEB: 4.982256e-01 (RelEB: 9.700000e-05)
  Estimated Ratio: 4.00 (Target: 4.00)
Starting Compression...
  Compression Time: 2.190 ms
  Compressed Size: 168251608
  Achieved Ratio: 4.01
Throughput Statistics:
  Profiling Throughput:    783.63 GB/s
  Compression Throughput:  307.70 GB/s
  Total (Prof+Comp) Thrpt: 220.94 GB/s
Starting Decompression...
  Decompression Time: 1.239 ms
  Decompression Throughput: 544.00 GB/s
Verification Results:
  Max Error: 4.985352e-01
  PSNR: 85.03 dB
  Compliance: PASS
BENCH_START:CESM:VV_1_26_1800_3600.f32:plain:6.0
Configuration:
  Input File: /scratch/bfrq/bzhang28/SDRBENCH-CESM-ATM-26x1800x3600/VV_1_26_1800_3600.f32
  Dims: 3600x1800x26
  Elements: 168480000
  Target Ratio: 6.00
  Mode: plain
  Sample Rate: 1000
Data Range: 5136.346680
Warming up GPU...
Warmup complete.
Starting Profiling...
  Profiling Time: 0.768 ms
  Selected AbsEB: 3.133171e+00 (RelEB: 6.100000e-04)
  Estimated Ratio: 6.07 (Target: 6.00)
Starting Compression...
  Compression Time: 2.118 ms
  Compressed Size: 111139352
  Achieved Ratio: 6.06
Throughput Statistics:
  Profiling Throughput:    877.24 GB/s
  Compression Throughput:  318.19 GB/s
  Total (Prof+Comp) Thrpt: 233.50 GB/s
Starting Decompression...
  Decompression Time: 1.106 ms
  Decompression Throughput: 609.57 GB/s
Verification Results:
  Max Error: 3.133301e+00
  PSNR: 68.93 dB
  Compliance: PASS
BENCH_START:CESM:VV_1_26_1800_3600.f32:plain:8.0
Configuration:
  Input File: /scratch/bfrq/bzhang28/SDRBENCH-CESM-ATM-26x1800x3600/VV_1_26_1800_3600.f32
  Dims: 3600x1800x26
  Elements: 168480000
  Target Ratio: 8.00
  Mode: plain
  Sample Rate: 1000
Data Range: 5136.346680
Warming up GPU...
Warmup complete.
Starting Profiling...
  Profiling Time: 0.762 ms
  Selected AbsEB: 8.218155e+00 (RelEB: 1.600000e-03)
  Estimated Ratio: 8.08 (Target: 8.00)
Starting Compression...
  Compression Time: 2.067 ms
  Compressed Size: 83293728
  Achieved Ratio: 8.09
Throughput Statistics:
  Profiling Throughput:    884.58 GB/s
  Compression Throughput:  326.01 GB/s
  Total (Prof+Comp) Thrpt: 238.21 GB/s
Starting Decompression...
  Decompression Time: 1.064 ms
  Decompression Throughput: 633.25 GB/s
Verification Results:
  Max Error: 8.218262e+00
  PSNR: 60.53 dB
  Compliance: PASS
BENCH_START:CESM:V_1_26_1800_3600.f32:outlier:4.0
Configuration:
  Input File: /scratch/bfrq/bzhang28/SDRBENCH-CESM-ATM-26x1800x3600/V_1_26_1800_3600.f32
  Dims: 3600x1800x26
  Elements: 168480000
  Target Ratio: 4.00
  Mode: outlier
  Sample Rate: 1000
Data Range: 125.611519
Warming up GPU...
Warmup complete.
Starting Profiling...
  Profiling Time: 0.763 ms
  Selected AbsEB: 7.662302e-03 (RelEB: 6.100000e-05)
  Estimated Ratio: 4.01 (Target: 4.00)
Starting Compression...
  Compression Time: 2.787 ms
  Compressed Size: 167733428
  Achieved Ratio: 4.02
Throughput Statistics:
  Profiling Throughput:    882.94 GB/s
  Compression Throughput:  241.79 GB/s
  Total (Prof+Comp) Thrpt: 189.81 GB/s
Starting Decompression...
  Decompression Time: 2.489 ms
  Decompression Throughput: 270.81 GB/s
Verification Results:
  Max Error: 7.667542e-03
  PSNR: 89.06 dB
  Compliance: PASS
BENCH_START:CESM:V_1_26_1800_3600.f32:outlier:6.0
Configuration:
  Input File: /scratch/bfrq/bzhang28/SDRBENCH-CESM-ATM-26x1800x3600/V_1_26_1800_3600.f32
  Dims: 3600x1800x26
  Elements: 168480000
  Target Ratio: 6.00
  Mode: outlier
  Sample Rate: 1000
Data Range: 125.611519
Warming up GPU...
Warmup complete.
Starting Profiling...
  Profiling Time: 0.812 ms
  Selected AbsEB: 4.647626e-02 (RelEB: 3.700000e-04)
  Estimated Ratio: 6.08 (Target: 6.00)
Starting Compression...
  Compression Time: 2.454 ms
  Compressed Size: 110787960
  Achieved Ratio: 6.08
Throughput Statistics:
  Profiling Throughput:    830.18 GB/s
  Compression Throughput:  274.58 GB/s
  Total (Prof+Comp) Thrpt: 206.34 GB/s
Starting Decompression...
  Decompression Time: 2.046 ms
  Decompression Throughput: 329.38 GB/s
Verification Results:
  Max Error: 4.647827e-02
  PSNR: 73.40 dB
  Compliance: PASS
BENCH_START:CESM:V_1_26_1800_3600.f32:outlier:8.0
Configuration:
  Input File: /scratch/bfrq/bzhang28/SDRBENCH-CESM-ATM-26x1800x3600/V_1_26_1800_3600.f32
  Dims: 3600x1800x26
  Elements: 168480000
  Target Ratio: 8.00
  Mode: outlier
  Sample Rate: 1000
Data Range: 125.611519
Warming up GPU...
Warmup complete.
Starting Profiling...
  Profiling Time: 0.770 ms
  Selected AbsEB: 1.218432e-01 (RelEB: 9.700000e-04)
  Estimated Ratio: 8.00 (Target: 8.00)
Starting Compression...
  Compression Time: 2.307 ms
  Compressed Size: 84075581
  Achieved Ratio: 8.02
Throughput Statistics:
  Profiling Throughput:    874.80 GB/s
  Compression Throughput:  292.09 GB/s
  Total (Prof+Comp) Thrpt: 218.98 GB/s
Starting Decompression...
  Decompression Time: 1.723 ms
  Decompression Throughput: 391.24 GB/s
Verification Results:
  Max Error: 1.218491e-01
  PSNR: 65.03 dB
  Compliance: PASS
BENCH_START:CESM:V_1_26_1800_3600.f32:plain:4.0
Configuration:
  Input File: /scratch/bfrq/bzhang28/SDRBENCH-CESM-ATM-26x1800x3600/V_1_26_1800_3600.f32
  Dims: 3600x1800x26
  Elements: 168480000
  Target Ratio: 4.00
  Mode: plain
  Sample Rate: 1000
Data Range: 125.611519
Warming up GPU...
Warmup complete.
Starting Profiling...
  Profiling Time: 0.759 ms
  Selected AbsEB: 2.009784e-02 (RelEB: 1.600000e-04)
  Estimated Ratio: 4.01 (Target: 4.00)
Starting Compression...
  Compression Time: 2.195 ms
  Compressed Size: 168213288
  Achieved Ratio: 4.01
Throughput Statistics:
  Profiling Throughput:    888.27 GB/s
  Compression Throughput:  307.06 GB/s
  Total (Prof+Comp) Thrpt: 228.18 GB/s
Starting Decompression...
  Decompression Time: 1.233 ms
  Decompression Throughput: 546.42 GB/s
Verification Results:
  Max Error: 2.009964e-02
  PSNR: 80.69 dB
  Compliance: PASS
BENCH_START:CESM:V_1_26_1800_3600.f32:plain:6.0
Configuration:
  Input File: /scratch/bfrq/bzhang28/SDRBENCH-CESM-ATM-26x1800x3600/V_1_26_1800_3600.f32
  Dims: 3600x1800x26
  Elements: 168480000
  Target Ratio: 6.00
  Mode: plain
  Sample Rate: 1000
Data Range: 125.611519
Warming up GPU...
Warmup complete.
Starting Profiling...
  Profiling Time: 0.784 ms
  Selected AbsEB: 1.218432e-01 (RelEB: 9.700000e-04)
  Estimated Ratio: 6.03 (Target: 6.00)
Starting Compression...
  Compression Time: 2.119 ms
  Compressed Size: 111743336
  Achieved Ratio: 6.03
Throughput Statistics:
  Profiling Throughput:    859.35 GB/s
  Compression Throughput:  317.98 GB/s
  Total (Prof+Comp) Thrpt: 232.10 GB/s
Starting Decompression...
  Decompression Time: 1.112 ms
  Decompression Throughput: 605.94 GB/s
Verification Results:
  Max Error: 1.218491e-01
  PSNR: 65.03 dB
  Compliance: PASS
BENCH_START:CESM:V_1_26_1800_3600.f32:plain:8.0
Configuration:
  Input File: /scratch/bfrq/bzhang28/SDRBENCH-CESM-ATM-26x1800x3600/V_1_26_1800_3600.f32
  Dims: 3600x1800x26
  Elements: 168480000
  Target Ratio: 8.00
  Mode: plain
  Sample Rate: 1000
Data Range: 125.611519
Warming up GPU...
Warmup complete.
Starting Profiling...
  Profiling Time: 0.751 ms
  Selected AbsEB: 3.140288e-01 (RelEB: 2.500000e-03)
  Estimated Ratio: 8.02 (Target: 8.00)
Starting Compression...
  Compression Time: 2.064 ms
  Compressed Size: 84052320
  Achieved Ratio: 8.02
Throughput Statistics:
  Profiling Throughput:    897.89 GB/s
  Compression Throughput:  326.55 GB/s
  Total (Prof+Comp) Thrpt: 239.46 GB/s
Starting Decompression...
  Decompression Time: 1.045 ms
  Decompression Throughput: 644.86 GB/s
Verification Results:
  Max Error: 3.140297e-01
  PSNR: 56.88 dB
  Compliance: PASS
BENCH_START:CESM:Z3_1_26_1800_3600.f32:outlier:4.0
Configuration:
  Input File: /scratch/bfrq/bzhang28/SDRBENCH-CESM-ATM-26x1800x3600/Z3_1_26_1800_3600.f32
  Dims: 3600x1800x26
  Elements: 168480000
  Target Ratio: 4.00
  Mode: outlier
  Sample Rate: 1000
Data Range: 39047.023438
Warming up GPU...
Warmup complete.
Starting Profiling...
  Profiling Time: 0.743 ms
  Selected AbsEB: 1.210458e+01 (RelEB: 3.100000e-04)
  Estimated Ratio: 4.01 (Target: 4.00)
Starting Compression...
  Compression Time: 2.627 ms
  Compressed Size: 167912639
  Achieved Ratio: 4.01
Throughput Statistics:
  Profiling Throughput:    907.21 GB/s
  Compression Throughput:  256.52 GB/s
  Total (Prof+Comp) Thrpt: 199.98 GB/s
Starting Decompression...
  Decompression Time: 1.898 ms
  Decompression Throughput: 355.16 GB/s
Verification Results:
  Max Error: 1.210547e+01
  PSNR: 74.92 dB
  Compliance: PASS
BENCH_START:CESM:Z3_1_26_1800_3600.f32:outlier:6.0
Configuration:
  Input File: /scratch/bfrq/bzhang28/SDRBENCH-CESM-ATM-26x1800x3600/Z3_1_26_1800_3600.f32
  Dims: 3600x1800x26
  Elements: 168480000
  Target Ratio: 6.00
  Mode: outlier
  Sample Rate: 1000
Data Range: 39047.023438
Warming up GPU...
Warmup complete.
Starting Profiling...
  Profiling Time: 0.793 ms
  Selected AbsEB: 7.418935e+01 (RelEB: 1.900000e-03)
  Estimated Ratio: 6.13 (Target: 6.00)
Starting Compression...
  Compression Time: 2.425 ms
  Compressed Size: 109817682
  Achieved Ratio: 6.14
Throughput Statistics:
  Profiling Throughput:    850.22 GB/s
  Compression Throughput:  277.88 GB/s
  Total (Prof+Comp) Thrpt: 209.43 GB/s
Starting Decompression...
  Decompression Time: 1.871 ms
  Decompression Throughput: 360.14 GB/s
Verification Results:
  Max Error: 7.419141e+01
  PSNR: 59.13 dB
  Compliance: PASS
BENCH_START:CESM:Z3_1_26_1800_3600.f32:outlier:8.0
Configuration:
  Input File: /scratch/bfrq/bzhang28/SDRBENCH-CESM-ATM-26x1800x3600/Z3_1_26_1800_3600.f32
  Dims: 3600x1800x26
  Elements: 168480000
  Target Ratio: 8.00
  Mode: outlier
  Sample Rate: 1000
Data Range: 39047.023438
Warming up GPU...
Warmup complete.
Starting Profiling...
  Profiling Time: 0.767 ms
  Selected AbsEB: 1.796163e+02 (RelEB: 4.600000e-03)
  Estimated Ratio: 8.22 (Target: 8.00)
Starting Compression...
  Compression Time: 2.282 ms
  Compressed Size: 81919380
  Achieved Ratio: 8.23
Throughput Statistics:
  Profiling Throughput:    879.04 GB/s
  Compression Throughput:  295.34 GB/s
  Total (Prof+Comp) Thrpt: 221.07 GB/s
Starting Decompression...
  Decompression Time: 1.520 ms
  Decompression Throughput: 443.44 GB/s
Verification Results:
  Max Error: 1.796191e+02
  PSNR: 51.51 dB
  Compliance: PASS
BENCH_START:CESM:Z3_1_26_1800_3600.f32:plain:4.0
Configuration:
  Input File: /scratch/bfrq/bzhang28/SDRBENCH-CESM-ATM-26x1800x3600/Z3_1_26_1800_3600.f32
  Dims: 3600x1800x26
  Elements: 168480000
  Target Ratio: 4.00
  Mode: plain
  Sample Rate: 1000
Data Range: 39047.023438
Warming up GPU...
Warmup complete.
Starting Profiling...
  Profiling Time: 0.740 ms
  Selected AbsEB: 7.418935e+01 (RelEB: 1.900000e-03)
  Estimated Ratio: 4.02 (Target: 4.00)
Starting Compression...
  Compression Time: 2.181 ms
  Compressed Size: 167801352
  Achieved Ratio: 4.02
Throughput Statistics:
  Profiling Throughput:    910.19 GB/s
  Compression Throughput:  308.97 GB/s
  Total (Prof+Comp) Thrpt: 230.67 GB/s
Starting Decompression...
  Decompression Time: 1.180 ms
  Decompression Throughput: 571.35 GB/s
Verification Results:
  Max Error: 7.419141e+01
  PSNR: 59.13 dB
  Compliance: PASS
BENCH_START:CESM:Z3_1_26_1800_3600.f32:plain:6.0
Configuration:
  Input File: /scratch/bfrq/bzhang28/SDRBENCH-CESM-ATM-26x1800x3600/Z3_1_26_1800_3600.f32
  Dims: 3600x1800x26
  Elements: 168480000
  Target Ratio: 6.00
  Mode: plain
  Sample Rate: 1000
Data Range: 39047.023438
Warming up GPU...
Warmup complete.
Starting Profiling...
  Profiling Time: 0.767 ms
  Selected AbsEB: 4.295172e+02 (RelEB: 1.100000e-02)
  Estimated Ratio: 6.08 (Target: 6.00)
Starting Compression...
  Compression Time: 2.065 ms
  Compressed Size: 110777904
  Achieved Ratio: 6.08
Throughput Statistics:
  Profiling Throughput:    878.82 GB/s
  Compression Throughput:  326.36 GB/s
  Total (Prof+Comp) Thrpt: 237.98 GB/s
Starting Decompression...
  Decompression Time: 1.066 ms
  Decompression Throughput: 632.22 GB/s
Verification Results:
  Max Error: 4.295176e+02
  PSNR: 43.87 dB
  Compliance: PASS
BENCH_START:CESM:Z3_1_26_1800_3600.f32:plain:8.0
Configuration:
  Input File: /scratch/bfrq/bzhang28/SDRBENCH-CESM-ATM-26x1800x3600/Z3_1_26_1800_3600.f32
  Dims: 3600x1800x26
  Elements: 168480000
  Target Ratio: 8.00
  Mode: plain
  Sample Rate: 1000
Data Range: 39047.023438
Warming up GPU...
Warmup complete.
Starting Profiling...
  Profiling Time: 0.879 ms
  Selected AbsEB: 1.210458e+03 (RelEB: 3.100000e-02)
  Estimated Ratio: 8.26 (Target: 8.00)
Starting Compression...
  Compression Time: 2.034 ms
  Compressed Size: 81606408
  Achieved Ratio: 8.26
Throughput Statistics:
  Profiling Throughput:    766.96 GB/s
  Compression Throughput:  331.28 GB/s
  Total (Prof+Comp) Thrpt: 231.35 GB/s
Starting Decompression...
  Decompression Time: 0.998 ms
  Decompression Throughput: 675.39 GB/s
Verification Results:
  Max Error: 1.210461e+03
  PSNR: 34.98 dB
  Compliance: PASS
BENCH_START:NYX:baryon_density.f32:outlier:4.0
Configuration:
  Input File: /scratch/bfrq/bzhang28/SDRBENCH-EXASKY-NYX-512x512x512/baryon_density.f32
  Dims: 512x512x512
  Elements: 134217728
  Target Ratio: 4.00
  Mode: outlier
  Sample Rate: 1000
Data Range: 115862.234375
Warming up GPU...
Warmup complete.
Starting Profiling...
  Profiling Time: 0.724 ms
  Selected AbsEB: 1.158622e-01 (RelEB: 1.000000e-06)
  Estimated Ratio: 13.64 (Target: 4.00)
Starting Compression...
  Compression Time: 1.825 ms
  Compressed Size: 39581835
  Achieved Ratio: 13.56
Throughput Statistics:
  Profiling Throughput:    741.86 GB/s
  Compression Throughput:  294.19 GB/s
  Total (Prof+Comp) Thrpt: 210.66 GB/s
Starting Decompression...
  Decompression Time: 1.585 ms
  Decompression Throughput: 338.71 GB/s
Verification Results:
  Max Error: 1.210938e-01
  PSNR: 124.90 dB
  Compliance: PASS
BENCH_START:NYX:baryon_density.f32:outlier:6.0
Configuration:
  Input File: /scratch/bfrq/bzhang28/SDRBENCH-EXASKY-NYX-512x512x512/baryon_density.f32
  Dims: 512x512x512
  Elements: 134217728
  Target Ratio: 6.00
  Mode: outlier
  Sample Rate: 1000
Data Range: 115862.234375
Warming up GPU...
Warmup complete.
Starting Profiling...
  Profiling Time: 0.715 ms
  Selected AbsEB: 1.158622e-01 (RelEB: 1.000000e-06)
  Estimated Ratio: 13.64 (Target: 6.00)
Starting Compression...
  Compression Time: 1.832 ms
  Compressed Size: 39581835
  Achieved Ratio: 13.56
Throughput Statistics:
  Profiling Throughput:    750.42 GB/s
  Compression Throughput:  293.02 GB/s
  Total (Prof+Comp) Thrpt: 210.73 GB/s
Starting Decompression...
  Decompression Time: 1.565 ms
  Decompression Throughput: 343.06 GB/s
Verification Results:
  Max Error: 1.210938e-01
  PSNR: 124.90 dB
  Compliance: PASS
BENCH_START:NYX:baryon_density.f32:outlier:8.0
Configuration:
  Input File: /scratch/bfrq/bzhang28/SDRBENCH-EXASKY-NYX-512x512x512/baryon_density.f32
  Dims: 512x512x512
  Elements: 134217728
  Target Ratio: 8.00
  Mode: outlier
  Sample Rate: 1000
Data Range: 115862.234375
Warming up GPU...
Warmup complete.
Starting Profiling...
  Profiling Time: 0.719 ms
  Selected AbsEB: 1.158622e-01 (RelEB: 1.000000e-06)
  Estimated Ratio: 13.64 (Target: 8.00)
Starting Compression...
  Compression Time: 1.818 ms
  Compressed Size: 39581835
  Achieved Ratio: 13.56
Throughput Statistics:
  Profiling Throughput:    747.12 GB/s
  Compression Throughput:  295.25 GB/s
  Total (Prof+Comp) Thrpt: 211.62 GB/s
Starting Decompression...
  Decompression Time: 1.583 ms
  Decompression Throughput: 339.05 GB/s
Verification Results:
  Max Error: 1.210938e-01
  PSNR: 124.90 dB
  Compliance: PASS
BENCH_START:NYX:baryon_density.f32:plain:4.0
Configuration:
  Input File: /scratch/bfrq/bzhang28/SDRBENCH-EXASKY-NYX-512x512x512/baryon_density.f32
  Dims: 512x512x512
  Elements: 134217728
  Target Ratio: 4.00
  Mode: plain
  Sample Rate: 1000
Data Range: 115862.234375
Warming up GPU...
Warmup complete.
Starting Profiling...
  Profiling Time: 0.708 ms
  Selected AbsEB: 1.158622e-01 (RelEB: 1.000000e-06)
  Estimated Ratio: 9.71 (Target: 4.00)
Starting Compression...
  Compression Time: 1.626 ms
  Compressed Size: 55179880
  Achieved Ratio: 9.73
Throughput Statistics:
  Profiling Throughput:    758.02 GB/s
  Compression Throughput:  330.12 GB/s
  Total (Prof+Comp) Thrpt: 229.97 GB/s
Starting Decompression...
  Decompression Time: 0.874 ms
  Decompression Throughput: 614.62 GB/s
Verification Results:
  Max Error: 1.210938e-01
  PSNR: 124.90 dB
  Compliance: PASS
BENCH_START:NYX:baryon_density.f32:plain:6.0
Configuration:
  Input File: /scratch/bfrq/bzhang28/SDRBENCH-EXASKY-NYX-512x512x512/baryon_density.f32
  Dims: 512x512x512
  Elements: 134217728
  Target Ratio: 6.00
  Mode: plain
  Sample Rate: 1000
Data Range: 115862.234375
Warming up GPU...
Warmup complete.
Starting Profiling...
  Profiling Time: 0.722 ms
  Selected AbsEB: 1.158622e-01 (RelEB: 1.000000e-06)
  Estimated Ratio: 9.71 (Target: 6.00)
Starting Compression...
  Compression Time: 1.626 ms
  Compressed Size: 55179880
  Achieved Ratio: 9.73
Throughput Statistics:
  Profiling Throughput:    743.74 GB/s
  Compression Throughput:  330.20 GB/s
  Total (Prof+Comp) Thrpt: 228.67 GB/s
Starting Decompression...
  Decompression Time: 0.889 ms
  Decompression Throughput: 603.84 GB/s
Verification Results:
  Max Error: 1.210938e-01
  PSNR: 124.90 dB
  Compliance: PASS
BENCH_START:NYX:baryon_density.f32:plain:8.0
Configuration:
  Input File: /scratch/bfrq/bzhang28/SDRBENCH-EXASKY-NYX-512x512x512/baryon_density.f32
  Dims: 512x512x512
  Elements: 134217728
  Target Ratio: 8.00
  Mode: plain
  Sample Rate: 1000
Data Range: 115862.234375
Warming up GPU...
Warmup complete.
Starting Profiling...
  Profiling Time: 0.704 ms
  Selected AbsEB: 1.158622e-01 (RelEB: 1.000000e-06)
  Estimated Ratio: 9.71 (Target: 8.00)
Starting Compression...
  Compression Time: 1.623 ms
  Compressed Size: 55179880
  Achieved Ratio: 9.73
Throughput Statistics:
  Profiling Throughput:    762.12 GB/s
  Compression Throughput:  330.85 GB/s
  Total (Prof+Comp) Thrpt: 230.70 GB/s
Starting Decompression...
  Decompression Time: 0.878 ms
  Decompression Throughput: 611.77 GB/s
Verification Results:
  Max Error: 1.210938e-01
  PSNR: 124.90 dB
  Compliance: PASS
BENCH_START:NYX:dark_matter_density.f32:outlier:4.0
Configuration:
  Input File: /scratch/bfrq/bzhang28/SDRBENCH-EXASKY-NYX-512x512x512/dark_matter_density.f32
  Dims: 512x512x512
  Elements: 134217728
  Target Ratio: 4.00
  Mode: outlier
  Sample Rate: 1000
Data Range: 13778.934570
Warming up GPU...
Warmup complete.
Starting Profiling...
  Profiling Time: 0.717 ms
  Selected AbsEB: 1.377893e-02 (RelEB: 1.000000e-06)
  Estimated Ratio: 4.53 (Target: 4.00)
Starting Compression...
  Compression Time: 2.084 ms
  Compressed Size: 118021194
  Achieved Ratio: 4.55
Throughput Statistics:
  Profiling Throughput:    748.72 GB/s
  Compression Throughput:  257.62 GB/s
  Total (Prof+Comp) Thrpt: 191.67 GB/s
Starting Decompression...
  Decompression Time: 1.938 ms
  Decompression Throughput: 276.99 GB/s
Verification Results:
  Max Error: 1.379395e-02
  PSNR: 124.90 dB
  Compliance: PASS
BENCH_START:NYX:dark_matter_density.f32:outlier:6.0
Configuration:
  Input File: /scratch/bfrq/bzhang28/SDRBENCH-EXASKY-NYX-512x512x512/dark_matter_density.f32
  Dims: 512x512x512
  Elements: 134217728
  Target Ratio: 6.00
  Mode: outlier
  Sample Rate: 1000
Data Range: 13778.934570
Warming up GPU...
Warmup complete.
Starting Profiling...
  Profiling Time: 0.717 ms
  Selected AbsEB: 5.511574e-02 (RelEB: 4.000000e-06)
  Estimated Ratio: 6.24 (Target: 6.00)
Starting Compression...
  Compression Time: 1.953 ms
  Compressed Size: 85561141
  Achieved Ratio: 6.27
Throughput Statistics:
  Profiling Throughput:    749.08 GB/s
  Compression Throughput:  274.90 GB/s
  Total (Prof+Comp) Thrpt: 201.10 GB/s
Starting Decompression...
  Decompression Time: 1.635 ms
  Decompression Throughput: 328.28 GB/s
Verification Results:
  Max Error: 5.517578e-02
  PSNR: 112.87 dB
  Compliance: PASS
BENCH_START:NYX:dark_matter_density.f32:outlier:8.0
Configuration:
  Input File: /scratch/bfrq/bzhang28/SDRBENCH-EXASKY-NYX-512x512x512/dark_matter_density.f32
  Dims: 512x512x512
  Elements: 134217728
  Target Ratio: 8.00
  Mode: outlier
  Sample Rate: 1000
Data Range: 13778.934570
Warming up GPU...
Warmup complete.
Starting Profiling...
  Profiling Time: 0.728 ms
  Selected AbsEB: 1.377893e-01 (RelEB: 1.000000e-05)
  Estimated Ratio: 8.05 (Target: 8.00)
Starting Compression...
  Compression Time: 1.843 ms
  Compressed Size: 66156002
  Achieved Ratio: 8.12
Throughput Statistics:
  Profiling Throughput:    737.23 GB/s
  Compression Throughput:  291.23 GB/s
  Total (Prof+Comp) Thrpt: 208.76 GB/s
Starting Decompression...
  Decompression Time: 1.431 ms
  Decompression Throughput: 375.26 GB/s
Verification Results:
  Max Error: 1.377895e-01
  PSNR: 104.90 dB
  Compliance: PASS
BENCH_START:NYX:dark_matter_density.f32:plain:4.0
Configuration:
  Input File: /scratch/bfrq/bzhang28/SDRBENCH-EXASKY-NYX-512x512x512/dark_matter_density.f32
  Dims: 512x512x512
  Elements: 134217728
  Target Ratio: 4.00
  Mode: plain
  Sample Rate: 1000
Data Range: 13778.934570
Warming up GPU...
Warmup complete.
Starting Profiling...
  Profiling Time: 0.713 ms
  Selected AbsEB: 1.377893e-02 (RelEB: 1.000000e-06)
  Estimated Ratio: 4.51 (Target: 4.00)
Starting Compression...
  Compression Time: 1.732 ms
  Compressed Size: 118673352
  Achieved Ratio: 4.52
Throughput Statistics:
  Profiling Throughput:    752.92 GB/s
  Compression Throughput:  310.03 GB/s
  Total (Prof+Comp) Thrpt: 219.61 GB/s
Starting Decompression...
  Decompression Time: 1.162 ms
  Decompression Throughput: 461.99 GB/s
Verification Results:
  Max Error: 1.379395e-02
  PSNR: 124.90 dB
  Compliance: PASS
BENCH_START:NYX:dark_matter_density.f32:plain:6.0
Configuration:
  Input File: /scratch/bfrq/bzhang28/SDRBENCH-EXASKY-NYX-512x512x512/dark_matter_density.f32
  Dims: 512x512x512
  Elements: 134217728
  Target Ratio: 6.00
  Mode: plain
  Sample Rate: 1000
Data Range: 13778.934570
Warming up GPU...
Warmup complete.
Starting Profiling...
  Profiling Time: 0.707 ms
  Selected AbsEB: 5.511574e-02 (RelEB: 4.000000e-06)
  Estimated Ratio: 6.20 (Target: 6.00)
Starting Compression...
  Compression Time: 1.675 ms
  Compressed Size: 86179224
  Achieved Ratio: 6.23
Throughput Statistics:
  Profiling Throughput:    759.49 GB/s
  Compression Throughput:  320.54 GB/s
  Total (Prof+Comp) Thrpt: 225.41 GB/s
Starting Decompression...
  Decompression Time: 1.035 ms
  Decompression Throughput: 518.65 GB/s
Verification Results:
  Max Error: 5.517578e-02
  PSNR: 112.87 dB
  Compliance: PASS
BENCH_START:NYX:dark_matter_density.f32:plain:8.0
Configuration:
  Input File: /scratch/bfrq/bzhang28/SDRBENCH-EXASKY-NYX-512x512x512/dark_matter_density.f32
  Dims: 512x512x512
  Elements: 134217728
  Target Ratio: 8.00
  Mode: plain
  Sample Rate: 1000
Data Range: 13778.934570
Warming up GPU...
Warmup complete.
Starting Profiling...
  Profiling Time: 0.724 ms
  Selected AbsEB: 2.066840e-01 (RelEB: 1.500000e-05)
  Estimated Ratio: 8.95 (Target: 8.00)
Starting Compression...
  Compression Time: 1.642 ms
  Compressed Size: 59776352
  Achieved Ratio: 8.98
Throughput Statistics:
  Profiling Throughput:    741.60 GB/s
  Compression Throughput:  326.92 GB/s
  Total (Prof+Comp) Thrpt: 226.90 GB/s
Starting Decompression...
  Decompression Time: 0.926 ms
  Decompression Throughput: 579.88 GB/s
Verification Results:
  Max Error: 2.066841e-01
  PSNR: 101.34 dB
  Compliance: PASS
BENCH_START:NYX:temperature.f32:outlier:4.0
Configuration:
  Input File: /scratch/bfrq/bzhang28/SDRBENCH-EXASKY-NYX-512x512x512/temperature.f32
  Dims: 512x512x512
  Elements: 134217728
  Target Ratio: 4.00
  Mode: outlier
  Sample Rate: 1000
Data Range: 4780302.500000
Warming up GPU...
Warmup complete.
Starting Profiling...
  Profiling Time: 0.724 ms
  Selected AbsEB: 9.560605e+00 (RelEB: 2.000000e-06)
  Estimated Ratio: 4.55 (Target: 4.00)
Starting Compression...
  Compression Time: 2.254 ms
  Compressed Size: 118039062
  Achieved Ratio: 4.55
Throughput Statistics:
  Profiling Throughput:    741.37 GB/s
  Compression Throughput:  238.21 GB/s
  Total (Prof+Comp) Thrpt: 180.28 GB/s
Starting Decompression...
  Decompression Time: 2.162 ms
  Decompression Throughput: 248.34 GB/s
Verification Results:
  Max Error: 9.750000e+00
  PSNR: 118.75 dB
  Compliance: PASS
BENCH_START:NYX:temperature.f32:outlier:6.0
Configuration:
  Input File: /scratch/bfrq/bzhang28/SDRBENCH-EXASKY-NYX-512x512x512/temperature.f32
  Dims: 512x512x512
  Elements: 134217728
  Target Ratio: 6.00
  Mode: outlier
  Sample Rate: 1000
Data Range: 4780302.500000
Warming up GPU...
Warmup complete.
Starting Profiling...
  Profiling Time: 0.729 ms
  Selected AbsEB: 3.824242e+01 (RelEB: 8.000000e-06)
  Estimated Ratio: 6.37 (Target: 6.00)
Starting Compression...
  Compression Time: 2.179 ms
  Compressed Size: 84406330
  Achieved Ratio: 6.36
Throughput Statistics:
  Profiling Throughput:    736.33 GB/s
  Compression Throughput:  246.40 GB/s
  Total (Prof+Comp) Thrpt: 184.62 GB/s
Starting Decompression...
  Decompression Time: 2.134 ms
  Decompression Throughput: 251.57 GB/s
Verification Results:
  Max Error: 3.850000e+01
  PSNR: 106.71 dB
  Compliance: PASS
BENCH_START:NYX:temperature.f32:outlier:8.0
Configuration:
  Input File: /scratch/bfrq/bzhang28/SDRBENCH-EXASKY-NYX-512x512x512/temperature.f32
  Dims: 512x512x512
  Elements: 134217728
  Target Ratio: 8.00
  Mode: outlier
  Sample Rate: 1000
Data Range: 4780302.500000
Warming up GPU...
Warmup complete.
Starting Profiling...
  Profiling Time: 0.728 ms
  Selected AbsEB: 9.560605e+01 (RelEB: 2.000000e-05)
  Estimated Ratio: 8.22 (Target: 8.00)
Starting Compression...
  Compression Time: 2.022 ms
  Compressed Size: 65533522
  Achieved Ratio: 8.19
Throughput Statistics:
  Profiling Throughput:    737.43 GB/s
  Compression Throughput:  265.49 GB/s
  Total (Prof+Comp) Thrpt: 195.21 GB/s
Starting Decompression...
  Decompression Time: 1.866 ms
  Decompression Throughput: 287.76 GB/s
Verification Results:
  Max Error: 9.560938e+01
  PSNR: 98.75 dB
  Compliance: PASS
BENCH_START:NYX:temperature.f32:plain:4.0
Configuration:
  Input File: /scratch/bfrq/bzhang28/SDRBENCH-EXASKY-NYX-512x512x512/temperature.f32
  Dims: 512x512x512
  Elements: 134217728
  Target Ratio: 4.00
  Mode: plain
  Sample Rate: 1000
Data Range: 4780302.500000
Warming up GPU...
Warmup complete.
Starting Profiling...
  Profiling Time: 0.713 ms
  Selected AbsEB: 4.780302e+01 (RelEB: 1.000000e-05)
  Estimated Ratio: 4.03 (Target: 4.00)
Starting Compression...
  Compression Time: 1.743 ms
  Compressed Size: 133193576
  Achieved Ratio: 4.03
Throughput Statistics:
  Profiling Throughput:    752.48 GB/s
  Compression Throughput:  308.04 GB/s
  Total (Prof+Comp) Thrpt: 218.57 GB/s
Starting Decompression...
  Decompression Time: 1.059 ms
  Decompression Throughput: 506.94 GB/s
Verification Results:
  Max Error: 4.781250e+01
  PSNR: 104.77 dB
  Compliance: PASS
BENCH_START:NYX:temperature.f32:plain:6.0
Configuration:
  Input File: /scratch/bfrq/bzhang28/SDRBENCH-EXASKY-NYX-512x512x512/temperature.f32
  Dims: 512x512x512
  Elements: 134217728
  Target Ratio: 6.00
  Mode: plain
  Sample Rate: 1000
Data Range: 4780302.500000
Warming up GPU...
Warmup complete.
Starting Profiling...
  Profiling Time: 0.698 ms
  Selected AbsEB: 3.202803e+02 (RelEB: 6.700000e-05)
  Estimated Ratio: 6.06 (Target: 6.00)
Starting Compression...
  Compression Time: 1.643 ms
  Compressed Size: 88260520
  Achieved Ratio: 6.08
Throughput Statistics:
  Profiling Throughput:    769.42 GB/s
  Compression Throughput:  326.78 GB/s
  Total (Prof+Comp) Thrpt: 229.37 GB/s
Starting Decompression...
  Decompression Time: 0.919 ms
  Decompression Throughput: 584.10 GB/s
Verification Results:
  Max Error: 3.202891e+02
  PSNR: 88.25 dB
  Compliance: PASS
BENCH_START:NYX:temperature.f32:plain:8.0
Configuration:
  Input File: /scratch/bfrq/bzhang28/SDRBENCH-EXASKY-NYX-512x512x512/temperature.f32
  Dims: 512x512x512
  Elements: 134217728
  Target Ratio: 8.00
  Mode: plain
  Sample Rate: 1000
Data Range: 4780302.500000
Warming up GPU...
Warmup complete.
Starting Profiling...
  Profiling Time: 0.708 ms
  Selected AbsEB: 9.082575e+02 (RelEB: 1.900000e-04)
  Estimated Ratio: 8.30 (Target: 8.00)
Starting Compression...
  Compression Time: 1.617 ms
  Compressed Size: 64581528
  Achieved Ratio: 8.31
Throughput Statistics:
  Profiling Throughput:    758.50 GB/s
  Compression Throughput:  331.93 GB/s
  Total (Prof+Comp) Thrpt: 230.89 GB/s
Starting Decompression...
  Decompression Time: 0.871 ms
  Decompression Throughput: 616.31 GB/s
Verification Results:
  Max Error: 9.082578e+02
  PSNR: 79.19 dB
  Compliance: PASS
BENCH_START:NYX:velocity_x.f32:outlier:4.0
Configuration:
  Input File: /scratch/bfrq/bzhang28/SDRBENCH-EXASKY-NYX-512x512x512/velocity_x.f32
  Dims: 512x512x512
  Elements: 134217728
  Target Ratio: 4.00
  Mode: outlier
  Sample Rate: 1000
Data Range: 82283640.000000
Warming up GPU...
Warmup complete.
Starting Profiling...
  Profiling Time: 0.724 ms
  Selected AbsEB: 1.234255e+03 (RelEB: 1.500000e-05)
  Estimated Ratio: 4.20 (Target: 4.00)
Starting Compression...
  Compression Time: 2.196 ms
  Compressed Size: 127509677
  Achieved Ratio: 4.21
Throughput Statistics:
  Profiling Throughput:    741.63 GB/s
  Compression Throughput:  244.50 GB/s
  Total (Prof+Comp) Thrpt: 183.88 GB/s
Starting Decompression...
  Decompression Time: 1.908 ms
  Decompression Throughput: 281.44 GB/s
Verification Results:
  Max Error: 1.236000e+03
  PSNR: 101.25 dB
  Compliance: PASS
BENCH_START:NYX:velocity_x.f32:outlier:6.0
Configuration:
  Input File: /scratch/bfrq/bzhang28/SDRBENCH-EXASKY-NYX-512x512x512/velocity_x.f32
  Dims: 512x512x512
  Elements: 134217728
  Target Ratio: 6.00
  Mode: outlier
  Sample Rate: 1000
Data Range: 82283640.000000
Warming up GPU...
Warmup complete.
Starting Profiling...
  Profiling Time: 0.760 ms
  Selected AbsEB: 6.253556e+03 (RelEB: 7.600000e-05)
  Estimated Ratio: 6.02 (Target: 6.00)
Starting Compression...
  Compression Time: 2.044 ms
  Compressed Size: 89268743
  Achieved Ratio: 6.01
Throughput Statistics:
  Profiling Throughput:    706.44 GB/s
  Compression Throughput:  262.60 GB/s
  Total (Prof+Comp) Thrpt: 191.44 GB/s
Starting Decompression...
  Decompression Time: 1.807 ms
  Decompression Throughput: 297.08 GB/s
Verification Results:
  Max Error: 6.256000e+03
  PSNR: 87.15 dB
  Compliance: PASS
BENCH_START:NYX:velocity_x.f32:outlier:8.0
Configuration:
  Input File: /scratch/bfrq/bzhang28/SDRBENCH-EXASKY-NYX-512x512x512/velocity_x.f32
  Dims: 512x512x512
  Elements: 134217728
  Target Ratio: 8.00
  Mode: outlier
  Sample Rate: 1000
Data Range: 82283640.000000
Warming up GPU...
Warmup complete.
Starting Profiling...
  Profiling Time: 0.736 ms
  Selected AbsEB: 1.810240e+04 (RelEB: 2.200000e-04)
  Estimated Ratio: 8.21 (Target: 8.00)
Starting Compression...
  Compression Time: 1.952 ms
  Compressed Size: 65387289
  Achieved Ratio: 8.21
Throughput Statistics:
  Profiling Throughput:    729.25 GB/s
  Compression Throughput:  275.05 GB/s
  Total (Prof+Comp) Thrpt: 199.72 GB/s
Starting Decompression...
  Decompression Time: 1.653 ms
  Decompression Throughput: 324.82 GB/s
Verification Results:
  Max Error: 1.810400e+04
  PSNR: 77.92 dB
  Compliance: PASS
BENCH_START:NYX:velocity_x.f32:plain:4.0
Configuration:
  Input File: /scratch/bfrq/bzhang28/SDRBENCH-EXASKY-NYX-512x512x512/velocity_x.f32
  Dims: 512x512x512
  Elements: 134217728
  Target Ratio: 4.00
  Mode: plain
  Sample Rate: 1000
Data Range: 82283640.000000
Warming up GPU...
Warmup complete.
Starting Profiling...
  Profiling Time: 0.705 ms
  Selected AbsEB: 2.303942e+04 (RelEB: 2.800000e-04)
  Estimated Ratio: 4.00 (Target: 4.00)
Starting Compression...
  Compression Time: 1.749 ms
  Compressed Size: 133398128
  Achieved Ratio: 4.02
Throughput Statistics:
  Profiling Throughput:    761.01 GB/s
  Compression Throughput:  306.90 GB/s
  Total (Prof+Comp) Thrpt: 218.70 GB/s
Starting Decompression...
  Decompression Time: 1.048 ms
  Decompression Throughput: 512.50 GB/s
Verification Results:
  Max Error: 2.304000e+04
  PSNR: 75.83 dB
  Compliance: PASS
BENCH_START:NYX:velocity_x.f32:plain:6.0
Configuration:
  Input File: /scratch/bfrq/bzhang28/SDRBENCH-EXASKY-NYX-512x512x512/velocity_x.f32
  Dims: 512x512x512
  Elements: 134217728
  Target Ratio: 6.00
  Mode: plain
  Sample Rate: 1000
Data Range: 82283640.000000
Warming up GPU...
Warmup complete.
Starting Profiling...
  Profiling Time: 0.716 ms
  Selected AbsEB: 1.563389e+05 (RelEB: 1.900000e-03)
  Estimated Ratio: 6.02 (Target: 6.00)
Starting Compression...
  Compression Time: 1.652 ms
  Compressed Size: 88777688
  Achieved Ratio: 6.05
Throughput Statistics:
  Profiling Throughput:    750.22 GB/s
  Compression Throughput:  324.93 GB/s
  Total (Prof+Comp) Thrpt: 226.73 GB/s
Starting Decompression...
  Decompression Time: 0.927 ms
  Decompression Throughput: 579.04 GB/s
Verification Results:
  Max Error: 1.563400e+05
  PSNR: 59.20 dB
  Compliance: PASS
BENCH_START:NYX:velocity_x.f32:plain:8.0
Configuration:
  Input File: /scratch/bfrq/bzhang28/SDRBENCH-EXASKY-NYX-512x512x512/velocity_x.f32
  Dims: 512x512x512
  Elements: 134217728
  Target Ratio: 8.00
  Mode: plain
  Sample Rate: 1000
Data Range: 82283640.000000
Warming up GPU...
Warmup complete.
Starting Profiling...
  Profiling Time: 0.704 ms
  Selected AbsEB: 4.525600e+05 (RelEB: 5.500000e-03)
  Estimated Ratio: 8.13 (Target: 8.00)
Starting Compression...
  Compression Time: 1.617 ms
  Compressed Size: 65466048
  Achieved Ratio: 8.20
Throughput Statistics:
  Profiling Throughput:    762.12 GB/s
  Compression Throughput:  331.98 GB/s
  Total (Prof+Comp) Thrpt: 231.25 GB/s
Starting Decompression...
  Decompression Time: 0.910 ms
  Decompression Throughput: 589.79 GB/s
Verification Results:
  Max Error: 4.525620e+05
  PSNR: 49.96 dB
  Compliance: PASS
BENCH_START:NYX:velocity_y.f32:outlier:4.0
Configuration:
  Input File: /scratch/bfrq/bzhang28/SDRBENCH-EXASKY-NYX-512x512x512/velocity_y.f32
  Dims: 512x512x512
  Elements: 134217728
  Target Ratio: 4.00
  Mode: outlier
  Sample Rate: 1000
Data Range: 100438536.000000
Warming up GPU...
Warmup complete.
Starting Profiling...
  Profiling Time: 0.717 ms
  Selected AbsEB: 1.004385e+03 (RelEB: 1.000000e-05)
  Estimated Ratio: 4.06 (Target: 4.00)
Starting Compression...
  Compression Time: 2.259 ms
  Compressed Size: 132104120
  Achieved Ratio: 4.06
Throughput Statistics:
  Profiling Throughput:    748.78 GB/s
  Compression Throughput:  237.63 GB/s
  Total (Prof+Comp) Thrpt: 180.38 GB/s
Starting Decompression...
  Decompression Time: 2.065 ms
  Decompression Throughput: 260.00 GB/s
Verification Results:
  Max Error: 1.006000e+03
  PSNR: 104.77 dB
  Compliance: PASS
BENCH_START:NYX:velocity_y.f32:outlier:6.0
Configuration:
  Input File: /scratch/bfrq/bzhang28/SDRBENCH-EXASKY-NYX-512x512x512/velocity_y.f32
  Dims: 512x512x512
  Elements: 134217728
  Target Ratio: 6.00
  Mode: outlier
  Sample Rate: 1000
Data Range: 100438536.000000
Warming up GPU...
Warmup complete.
Starting Profiling...
  Profiling Time: 0.715 ms
  Selected AbsEB: 6.126750e+03 (RelEB: 6.100000e-05)
  Estimated Ratio: 6.03 (Target: 6.00)
Starting Compression...
  Compression Time: 2.075 ms
  Compressed Size: 89039040
  Achieved Ratio: 6.03
Throughput Statistics:
  Profiling Throughput:    750.49 GB/s
  Compression Throughput:  258.71 GB/s
  Total (Prof+Comp) Thrpt: 192.39 GB/s
Starting Decompression...
  Decompression Time: 1.883 ms
  Decompression Throughput: 285.05 GB/s
Verification Results:
  Max Error: 6.128000e+03
  PSNR: 89.06 dB
  Compliance: PASS
BENCH_START:NYX:velocity_y.f32:outlier:8.0
Configuration:
  Input File: /scratch/bfrq/bzhang28/SDRBENCH-EXASKY-NYX-512x512x512/velocity_y.f32
  Dims: 512x512x512
  Elements: 134217728
  Target Ratio: 8.00
  Mode: outlier
  Sample Rate: 1000
Data Range: 100438536.000000
Warming up GPU...
Warmup complete.
Starting Profiling...
  Profiling Time: 0.727 ms
  Selected AbsEB: 1.908332e+04 (RelEB: 1.900000e-04)
  Estimated Ratio: 8.39 (Target: 8.00)
Starting Compression...
  Compression Time: 1.939 ms
  Compressed Size: 63759900
  Achieved Ratio: 8.42
Throughput Statistics:
  Profiling Throughput:    738.01 GB/s
  Compression Throughput:  276.84 GB/s
  Total (Prof+Comp) Thrpt: 201.32 GB/s
Starting Decompression...
  Decompression Time: 1.659 ms
  Decompression Throughput: 323.58 GB/s
Verification Results:
  Max Error: 1.908400e+04
  PSNR: 79.20 dB
  Compliance: PASS
BENCH_START:NYX:velocity_y.f32:plain:4.0
Configuration:
  Input File: /scratch/bfrq/bzhang28/SDRBENCH-EXASKY-NYX-512x512x512/velocity_y.f32
  Dims: 512x512x512
  Elements: 134217728
  Target Ratio: 4.00
  Mode: plain
  Sample Rate: 1000
Data Range: 100438536.000000
Warming up GPU...
Warmup complete.
Starting Profiling...
  Profiling Time: 0.721 ms
  Selected AbsEB: 1.607017e+04 (RelEB: 1.600000e-04)
  Estimated Ratio: 4.15 (Target: 4.00)
Starting Compression...
  Compression Time: 1.733 ms
  Compressed Size: 130152864
  Achieved Ratio: 4.12
Throughput Statistics:
  Profiling Throughput:    744.69 GB/s
  Compression Throughput:  309.87 GB/s
  Total (Prof+Comp) Thrpt: 218.82 GB/s
Starting Decompression...
  Decompression Time: 1.062 ms
  Decompression Throughput: 505.35 GB/s
Verification Results:
  Max Error: 1.607050e+04
  PSNR: 80.69 dB
  Compliance: PASS
BENCH_START:NYX:velocity_y.f32:plain:6.0
Configuration:
  Input File: /scratch/bfrq/bzhang28/SDRBENCH-EXASKY-NYX-512x512x512/velocity_y.f32
  Dims: 512x512x512
  Elements: 134217728
  Target Ratio: 6.00
  Mode: plain
  Sample Rate: 1000
Data Range: 100438536.000000
Warming up GPU...
Warmup complete.
Starting Profiling...
  Profiling Time: 0.711 ms
  Selected AbsEB: 9.139907e+04 (RelEB: 9.100000e-04)
  Estimated Ratio: 6.02 (Target: 6.00)
Starting Compression...
  Compression Time: 1.665 ms
  Compressed Size: 89606760
  Achieved Ratio: 5.99
Throughput Statistics:
  Profiling Throughput:    755.59 GB/s
  Compression Throughput:  322.38 GB/s
  Total (Prof+Comp) Thrpt: 225.97 GB/s
Starting Decompression...
  Decompression Time: 0.914 ms
  Decompression Throughput: 587.66 GB/s
Verification Results:
  Max Error: 9.140000e+04
  PSNR: 65.59 dB
  Compliance: PASS
BENCH_START:NYX:velocity_y.f32:plain:8.0
Configuration:
  Input File: /scratch/bfrq/bzhang28/SDRBENCH-EXASKY-NYX-512x512x512/velocity_y.f32
  Dims: 512x512x512
  Elements: 134217728
  Target Ratio: 8.00
  Mode: plain
  Sample Rate: 1000
Data Range: 100438536.000000
Warming up GPU...
Warmup complete.
Starting Profiling...
  Profiling Time: 0.716 ms
  Selected AbsEB: 2.812279e+05 (RelEB: 2.800000e-03)
  Estimated Ratio: 8.25 (Target: 8.00)
Starting Compression...
  Compression Time: 1.619 ms
  Compressed Size: 65504920
  Achieved Ratio: 8.20
Throughput Statistics:
  Profiling Throughput:    750.29 GB/s
  Compression Throughput:  331.51 GB/s
  Total (Prof+Comp) Thrpt: 229.92 GB/s
Starting Decompression...
  Decompression Time: 0.908 ms
  Decompression Throughput: 591.37 GB/s
Verification Results:
  Max Error: 2.812280e+05
  PSNR: 55.83 dB
  Compliance: PASS
BENCH_START:NYX:velocity_z.f32:outlier:4.0
Configuration:
  Input File: /scratch/bfrq/bzhang28/SDRBENCH-EXASKY-NYX-512x512x512/velocity_z.f32
  Dims: 512x512x512
  Elements: 134217728
  Target Ratio: 4.00
  Mode: outlier
  Sample Rate: 1000
Data Range: 72324240.000000
Warming up GPU...
Warmup complete.
Starting Profiling...
  Profiling Time: 0.720 ms
  Selected AbsEB: 1.084864e+03 (RelEB: 1.500000e-05)
  Estimated Ratio: 4.10 (Target: 4.00)
Starting Compression...
  Compression Time: 2.365 ms
  Compressed Size: 131078167
  Achieved Ratio: 4.10
Throughput Statistics:
  Profiling Throughput:    746.15 GB/s
  Compression Throughput:  227.05 GB/s
  Total (Prof+Comp) Thrpt: 174.08 GB/s
Starting Decompression...
  Decompression Time: 2.323 ms
  Decompression Throughput: 231.10 GB/s
Verification Results:
  Max Error: 1.086000e+03
  PSNR: 101.25 dB
  Compliance: PASS
BENCH_START:NYX:velocity_z.f32:outlier:6.0
Configuration:
  Input File: /scratch/bfrq/bzhang28/SDRBENCH-EXASKY-NYX-512x512x512/velocity_z.f32
  Dims: 512x512x512
  Elements: 134217728
  Target Ratio: 6.00
  Mode: outlier
  Sample Rate: 1000
Data Range: 72324240.000000
Warming up GPU...
Warmup complete.
Starting Profiling...
  Profiling Time: 0.729 ms
  Selected AbsEB: 6.364533e+03 (RelEB: 8.800000e-05)
  Estimated Ratio: 6.04 (Target: 6.00)
Starting Compression...
  Compression Time: 2.143 ms
  Compressed Size: 88948952
  Achieved Ratio: 6.04
Throughput Statistics:
  Profiling Throughput:    736.29 GB/s
  Compression Throughput:  250.48 GB/s
  Total (Prof+Comp) Thrpt: 186.90 GB/s
Starting Decompression...
  Decompression Time: 2.030 ms
  Decompression Throughput: 264.48 GB/s
Verification Results:
  Max Error: 6.365000e+03
  PSNR: 85.88 dB
  Compliance: PASS
BENCH_START:NYX:velocity_z.f32:outlier:8.0
Configuration:
  Input File: /scratch/bfrq/bzhang28/SDRBENCH-EXASKY-NYX-512x512x512/velocity_z.f32
  Dims: 512x512x512
  Elements: 134217728
  Target Ratio: 8.00
  Mode: outlier
  Sample Rate: 1000
Data Range: 72324240.000000
Warming up GPU...
Warmup complete.
Starting Profiling...
  Profiling Time: 0.730 ms
  Selected AbsEB: 1.808106e+04 (RelEB: 2.500000e-04)
  Estimated Ratio: 8.19 (Target: 8.00)
Starting Compression...
  Compression Time: 1.967 ms
  Compressed Size: 65620044
  Achieved Ratio: 8.18
Throughput Statistics:
  Profiling Throughput:    735.71 GB/s
  Compression Throughput:  272.88 GB/s
  Total (Prof+Comp) Thrpt: 199.05 GB/s
Starting Decompression...
  Decompression Time: 1.753 ms
  Decompression Throughput: 306.20 GB/s
Verification Results:
  Max Error: 1.808200e+04
  PSNR: 76.81 dB
  Compliance: PASS
BENCH_START:NYX:velocity_z.f32:plain:4.0
Configuration:
  Input File: /scratch/bfrq/bzhang28/SDRBENCH-EXASKY-NYX-512x512x512/velocity_z.f32
  Dims: 512x512x512
  Elements: 134217728
  Target Ratio: 4.00
  Mode: plain
  Sample Rate: 1000
Data Range: 72324240.000000
Warming up GPU...
Warmup complete.
Starting Profiling...
  Profiling Time: 0.713 ms
  Selected AbsEB: 1.157188e+04 (RelEB: 1.600000e-04)
  Estimated Ratio: 4.12 (Target: 4.00)
Starting Compression...
  Compression Time: 1.733 ms
  Compressed Size: 130637168
  Achieved Ratio: 4.11
Throughput Statistics:
  Profiling Throughput:    753.05 GB/s
  Compression Throughput:  309.87 GB/s
  Total (Prof+Comp) Thrpt: 219.53 GB/s
Starting Decompression...
  Decompression Time: 1.069 ms
  Decompression Throughput: 502.33 GB/s
Verification Results:
  Max Error: 1.157200e+04
  PSNR: 80.69 dB
  Compliance: PASS
BENCH_START:NYX:velocity_z.f32:plain:6.0
Configuration:
  Input File: /scratch/bfrq/bzhang28/SDRBENCH-EXASKY-NYX-512x512x512/velocity_z.f32
  Dims: 512x512x512
  Elements: 134217728
  Target Ratio: 6.00
  Mode: plain
  Sample Rate: 1000
Data Range: 72324240.000000
Warming up GPU...
Warmup complete.
Starting Profiling...
  Profiling Time: 0.711 ms
  Selected AbsEB: 6.798479e+04 (RelEB: 9.400000e-04)
  Estimated Ratio: 6.03 (Target: 6.00)
Starting Compression...
  Compression Time: 1.653 ms
  Compressed Size: 89273752
  Achieved Ratio: 6.01
Throughput Statistics:
  Profiling Throughput:    754.64 GB/s
  Compression Throughput:  324.69 GB/s
  Total (Prof+Comp) Thrpt: 227.02 GB/s
Starting Decompression...
  Decompression Time: 0.931 ms
  Decompression Throughput: 576.87 GB/s
Verification Results:
  Max Error: 6.798600e+04
  PSNR: 65.31 dB
  Compliance: PASS
BENCH_START:NYX:velocity_z.f32:plain:8.0
Configuration:
  Input File: /scratch/bfrq/bzhang28/SDRBENCH-EXASKY-NYX-512x512x512/velocity_z.f32
  Dims: 512x512x512
  Elements: 134217728
  Target Ratio: 8.00
  Mode: plain
  Sample Rate: 1000
Data Range: 72324240.000000
Warming up GPU...
Warmup complete.
Starting Profiling...
  Profiling Time: 0.710 ms
  Selected AbsEB: 2.025079e+05 (RelEB: 2.800000e-03)
  Estimated Ratio: 8.15 (Target: 8.00)
Starting Compression...
  Compression Time: 1.627 ms
  Compressed Size: 65855640
  Achieved Ratio: 8.15
Throughput Statistics:
  Profiling Throughput:    756.62 GB/s
  Compression Throughput:  329.92 GB/s
  Total (Prof+Comp) Thrpt: 229.74 GB/s
Starting Decompression...
  Decompression Time: 0.905 ms
  Decompression Throughput: 593.19 GB/s
Verification Results:
  Max Error: 2.025090e+05
  PSNR: 55.83 dB
  Compliance: PASS
BENCH_START:HACC:vx.f32:outlier:4.0
Configuration:
  Input File: /scratch/bfrq/bzhang28/1billionparticles_onesnapshot/vx.f32
  Output File: (none)
  Elements: 1073726487
  Target Ratio: 4.00
  Mode: outlier
Data Range: 7614.873535 (Min: -3700.378418, Max: 3914.495117)
Warming up GPU...
Warmup complete.
Starting Profiling...
  Profiling Time: 3.115 ms
  Selected AbsEB: 1.446826e+00 (RelEB: 1.900000e-04)
Starting Compression...
  Compression Time: 14.069 ms
  Compressed Size: 1043517543 bytes
  Achieved Ratio: 4.12
Throughput Statistics:
  Profiling Throughput:    1378.81 GB/s
  Compression Throughput:  305.28 GB/s
  Total (Prof+Comp) Thrpt: 249.94 GB/s
Starting Decompression...
  Decompression Time: 12.482 ms
  Decompression Throughput: 344.09 GB/s
Verification Results:
  Max Error: 1.447021e+00
  PSNR: 79.20 dB
  Error Bound Compliance: PASS
BENCH_START:HACC:vx.f32:outlier:6.0
Configuration:
  Input File: /scratch/bfrq/bzhang28/1billionparticles_onesnapshot/vx.f32
  Output File: (none)
  Elements: 1073726487
  Target Ratio: 6.00
  Mode: outlier
Data Range: 7614.873535 (Min: -3700.378418, Max: 3914.495117)
Warming up GPU...
Warmup complete.
Starting Profiling...
  Profiling Time: 3.190 ms
  Selected AbsEB: 9.899336e+00 (RelEB: 1.300000e-03)
Starting Compression...
  Compression Time: 12.299 ms
  Compressed Size: 687458818 bytes
  Achieved Ratio: 6.25
Throughput Statistics:
  Profiling Throughput:    1346.56 GB/s
  Compression Throughput:  349.19 GB/s
  Total (Prof+Comp) Thrpt: 277.29 GB/s
Starting Decompression...
  Decompression Time: 9.758 ms
  Decompression Throughput: 440.14 GB/s
Verification Results:
  Max Error: 9.899414e+00
  PSNR: 62.49 dB
  Error Bound Compliance: PASS
BENCH_START:HACC:vx.f32:outlier:8.0
Configuration:
  Input File: /scratch/bfrq/bzhang28/1billionparticles_onesnapshot/vx.f32
  Output File: (none)
  Elements: 1073726487
  Target Ratio: 8.00
  Mode: outlier
Data Range: 7614.873535 (Min: -3700.378418, Max: 3914.495117)
Warming up GPU...
Warmup complete.
Starting Profiling...
  Profiling Time: 3.192 ms
  Selected AbsEB: 2.589057e+01 (RelEB: 3.400000e-03)
Starting Compression...
  Compression Time: 11.947 ms
  Compressed Size: 528455125 bytes
  Achieved Ratio: 8.13
Throughput Statistics:
  Profiling Throughput:    1345.63 GB/s
  Compression Throughput:  359.49 GB/s
  Total (Prof+Comp) Thrpt: 283.70 GB/s
Starting Decompression...
  Decompression Time: 9.167 ms
  Decompression Throughput: 468.53 GB/s
Verification Results:
  Max Error: 2.589062e+01
  PSNR: 54.14 dB
  Error Bound Compliance: PASS
BENCH_START:HACC:vx.f32:plain:4.0
Configuration:
  Input File: /scratch/bfrq/bzhang28/1billionparticles_onesnapshot/vx.f32
  Output File: (none)
  Elements: 1073726487
  Target Ratio: 4.00
  Mode: plain
Data Range: 7614.873535 (Min: -3700.378418, Max: 3914.495117)
Warming up GPU...
Warmup complete.
Starting Profiling...
  Profiling Time: 2.821 ms
  Selected AbsEB: 1.903718e+00 (RelEB: 2.500000e-04)
Starting Compression...
  Compression Time: 11.937 ms
  Compressed Size: 1063103428 bytes
  Achieved Ratio: 4.04
Throughput Statistics:
  Profiling Throughput:    1522.48 GB/s
  Compression Throughput:  359.79 GB/s
  Total (Prof+Comp) Thrpt: 291.02 GB/s
Starting Decompression...
  Decompression Time: 9.309 ms
  Decompression Throughput: 461.38 GB/s
Verification Results:
  Max Error: 1.903809e+00
  PSNR: 76.81 dB
  Error Bound Compliance: PASS
BENCH_START:HACC:vx.f32:plain:6.0
Configuration:
  Input File: /scratch/bfrq/bzhang28/1billionparticles_onesnapshot/vx.f32
  Output File: (none)
  Elements: 1073726487
  Target Ratio: 6.00
  Mode: plain
Data Range: 7614.873535 (Min: -3700.378418, Max: 3914.495117)
Warming up GPU...
Warmup complete.
Starting Profiling...
  Profiling Time: 2.849 ms
  Selected AbsEB: 1.218380e+01 (RelEB: 1.600000e-03)
Starting Compression...
  Compression Time: 11.420 ms
  Compressed Size: 713976264 bytes
  Achieved Ratio: 6.02
Throughput Statistics:
  Profiling Throughput:    1507.70 GB/s
  Compression Throughput:  376.09 GB/s
  Total (Prof+Comp) Thrpt: 301.01 GB/s
Starting Decompression...
  Decompression Time: 9.216 ms
  Decompression Throughput: 466.04 GB/s
Verification Results:
  Max Error: 1.218396e+01
  PSNR: 60.69 dB
  Error Bound Compliance: PASS
BENCH_START:HACC:vx.f32:plain:8.0
Configuration:
  Input File: /scratch/bfrq/bzhang28/1billionparticles_onesnapshot/vx.f32
  Output File: (none)
  Elements: 1073726487
  Target Ratio: 8.00
  Mode: plain
Data Range: 7614.873535 (Min: -3700.378418, Max: 3914.495117)
Warming up GPU...
Warmup complete.
Starting Profiling...
  Profiling Time: 2.832 ms
  Selected AbsEB: 3.502842e+01 (RelEB: 4.600000e-03)
Starting Compression...
  Compression Time: 11.178 ms
  Compressed Size: 529394384 bytes
  Achieved Ratio: 8.11
Throughput Statistics:
  Profiling Throughput:    1516.41 GB/s
  Compression Throughput:  384.23 GB/s
  Total (Prof+Comp) Thrpt: 306.56 GB/s
Starting Decompression...
  Decompression Time: 9.089 ms
  Decompression Throughput: 472.55 GB/s
Verification Results:
  Max Error: 3.502856e+01
  PSNR: 51.52 dB
  Error Bound Compliance: PASS
BENCH_START:HACC:vy.f32:outlier:4.0
Configuration:
  Input File: /scratch/bfrq/bzhang28/1billionparticles_onesnapshot/vy.f32
  Output File: (none)
  Elements: 1073726487
  Target Ratio: 4.00
  Mode: outlier
Data Range: 7877.466797 (Min: -3846.212402, Max: 4031.254150)
Warming up GPU...
Warmup complete.
Starting Profiling...
  Profiling Time: 3.155 ms
  Selected AbsEB: 1.496719e+00 (RelEB: 1.900000e-04)
Starting Compression...
  Compression Time: 13.983 ms
  Compressed Size: 1040957421 bytes
  Achieved Ratio: 4.13
Throughput Statistics:
  Profiling Throughput:    1361.31 GB/s
  Compression Throughput:  307.14 GB/s
  Total (Prof+Comp) Thrpt: 250.60 GB/s
Starting Decompression...
  Decompression Time: 12.578 ms
  Decompression Throughput: 341.46 GB/s
Verification Results:
  Max Error: 1.496826e+00
  PSNR: 79.20 dB
  Error Bound Compliance: PASS
BENCH_START:HACC:vy.f32:outlier:6.0
Configuration:
  Input File: /scratch/bfrq/bzhang28/1billionparticles_onesnapshot/vy.f32
  Output File: (none)
  Elements: 1073726487
  Target Ratio: 6.00
  Mode: outlier
Data Range: 7877.466797 (Min: -3846.212402, Max: 4031.254150)
Warming up GPU...
Warmup complete.
Starting Profiling...
  Profiling Time: 3.175 ms
  Selected AbsEB: 8.665214e+00 (RelEB: 1.100000e-03)
Starting Compression...
  Compression Time: 12.416 ms
  Compressed Size: 714777611 bytes
  Achieved Ratio: 6.01
Throughput Statistics:
  Profiling Throughput:    1352.74 GB/s
  Compression Throughput:  345.92 GB/s
  Total (Prof+Comp) Thrpt: 275.48 GB/s
Starting Decompression...
  Decompression Time: 9.900 ms
  Decompression Throughput: 433.85 GB/s
Verification Results:
  Max Error: 8.665283e+00
  PSNR: 63.94 dB
  Error Bound Compliance: PASS
BENCH_START:HACC:vy.f32:outlier:8.0
Configuration:
  Input File: /scratch/bfrq/bzhang28/1billionparticles_onesnapshot/vy.f32
  Output File: (none)
  Elements: 1073726487
  Target Ratio: 8.00
  Mode: outlier
Data Range: 7877.466797 (Min: -3846.212402, Max: 4031.254150)
Warming up GPU...
Warmup complete.
Starting Profiling...
  Profiling Time: 3.167 ms
  Selected AbsEB: 2.678339e+01 (RelEB: 3.400000e-03)
Starting Compression...
  Compression Time: 11.901 ms
  Compressed Size: 526687524 bytes
  Achieved Ratio: 8.15
Throughput Statistics:
  Profiling Throughput:    1356.33 GB/s
  Compression Throughput:  360.88 GB/s
  Total (Prof+Comp) Thrpt: 285.04 GB/s
Starting Decompression...
  Decompression Time: 9.191 ms
  Decompression Throughput: 467.28 GB/s
Verification Results:
  Max Error: 2.678345e+01
  PSNR: 54.14 dB
  Error Bound Compliance: PASS
BENCH_START:HACC:vy.f32:plain:4.0
Configuration:
  Input File: /scratch/bfrq/bzhang28/1billionparticles_onesnapshot/vy.f32
  Output File: (none)
  Elements: 1073726487
  Target Ratio: 4.00
  Mode: plain
Data Range: 7877.466797 (Min: -3846.212402, Max: 4031.254150)
Warming up GPU...
Warmup complete.
Starting Profiling...
  Profiling Time: 2.812 ms
  Selected AbsEB: 1.969367e+00 (RelEB: 2.500000e-04)
Starting Compression...
  Compression Time: 11.955 ms
  Compressed Size: 1065176720 bytes
  Achieved Ratio: 4.03
Throughput Statistics:
  Profiling Throughput:    1527.11 GB/s
  Compression Throughput:  359.25 GB/s
  Total (Prof+Comp) Thrpt: 290.83 GB/s
Starting Decompression...
  Decompression Time: 9.319 ms
  Decompression Throughput: 460.85 GB/s
Verification Results:
  Max Error: 1.969727e+00
  PSNR: 76.81 dB
  Error Bound Compliance: PASS
BENCH_START:HACC:vy.f32:plain:6.0
Configuration:
  Input File: /scratch/bfrq/bzhang28/1billionparticles_onesnapshot/vy.f32
  Output File: (none)
  Elements: 1073726487
  Target Ratio: 6.00
  Mode: plain
Data Range: 7877.466797 (Min: -3846.212402, Max: 4031.254150)
Warming up GPU...
Warmup complete.
Starting Profiling...
  Profiling Time: 2.836 ms
  Selected AbsEB: 1.260395e+01 (RelEB: 1.600000e-03)
Starting Compression...
  Compression Time: 11.376 ms
  Compressed Size: 715923392 bytes
  Achieved Ratio: 6.00
Throughput Statistics:
  Profiling Throughput:    1514.24 GB/s
  Compression Throughput:  377.56 GB/s
  Total (Prof+Comp) Thrpt: 302.20 GB/s
Starting Decompression...
  Decompression Time: 9.202 ms
  Decompression Throughput: 466.75 GB/s
Verification Results:
  Max Error: 1.260400e+01
  PSNR: 60.69 dB
  Error Bound Compliance: PASS
BENCH_START:HACC:vy.f32:plain:8.0
Configuration:
  Input File: /scratch/bfrq/bzhang28/1billionparticles_onesnapshot/vy.f32
  Output File: (none)
  Elements: 1073726487
  Target Ratio: 8.00
  Mode: plain
Data Range: 7877.466797 (Min: -3846.212402, Max: 4031.254150)
Warming up GPU...
Warmup complete.
Starting Profiling...
  Profiling Time: 2.872 ms
  Selected AbsEB: 3.623635e+01 (RelEB: 4.600000e-03)
Starting Compression...
  Compression Time: 11.201 ms
  Compressed Size: 530973080 bytes
  Achieved Ratio: 8.09
Throughput Statistics:
  Profiling Throughput:    1495.49 GB/s
  Compression Throughput:  383.43 GB/s
  Total (Prof+Comp) Thrpt: 305.19 GB/s
Starting Decompression...
  Decompression Time: 9.114 ms
  Decompression Throughput: 471.27 GB/s
Verification Results:
  Max Error: 3.623645e+01
  PSNR: 51.52 dB
  Error Bound Compliance: PASS
BENCH_START:HACC:vz.f32:outlier:4.0
Configuration:
  Input File: /scratch/bfrq/bzhang28/1billionparticles_onesnapshot/vz.f32
  Output File: (none)
  Elements: 1073726487
  Target Ratio: 4.00
  Mode: outlier
Data Range: 8030.170898 (Min: -4083.671631, Max: 3946.499268)
Warming up GPU...
Warmup complete.
Starting Profiling...
  Profiling Time: 3.231 ms
  Selected AbsEB: 1.525733e+00 (RelEB: 1.900000e-04)
Starting Compression...
  Compression Time: 14.052 ms
  Compressed Size: 1042924574 bytes
  Achieved Ratio: 4.12
Throughput Statistics:
  Profiling Throughput:    1329.42 GB/s
  Compression Throughput:  305.65 GB/s
  Total (Prof+Comp) Thrpt: 248.52 GB/s
Starting Decompression...
  Decompression Time: 12.650 ms
  Decompression Throughput: 339.53 GB/s
Verification Results:
  Max Error: 1.525879e+00
  PSNR: 79.20 dB
  Error Bound Compliance: PASS
BENCH_START:HACC:vz.f32:outlier:6.0
Configuration:
  Input File: /scratch/bfrq/bzhang28/1billionparticles_onesnapshot/vz.f32
  Output File: (none)
  Elements: 1073726487
  Target Ratio: 6.00
  Mode: outlier
Data Range: 8030.170898 (Min: -4083.671631, Max: 3946.499268)
Warming up GPU...
Warmup complete.
Starting Profiling...
  Profiling Time: 3.149 ms
  Selected AbsEB: 1.043922e+01 (RelEB: 1.300000e-03)
Starting Compression...
  Compression Time: 12.363 ms
  Compressed Size: 686822568 bytes
  Achieved Ratio: 6.25
Throughput Statistics:
  Profiling Throughput:    1364.08 GB/s
  Compression Throughput:  347.41 GB/s
  Total (Prof+Comp) Thrpt: 276.89 GB/s
Starting Decompression...
  Decompression Time: 9.822 ms
  Decompression Throughput: 437.28 GB/s
Verification Results:
  Max Error: 1.043933e+01
  PSNR: 62.49 dB
  Error Bound Compliance: PASS
BENCH_START:HACC:vz.f32:outlier:8.0
Configuration:
  Input File: /scratch/bfrq/bzhang28/1billionparticles_onesnapshot/vz.f32
  Output File: (none)
  Elements: 1073726487
  Target Ratio: 8.00
  Mode: outlier
Data Range: 8030.170898 (Min: -4083.671631, Max: 3946.499268)
Warming up GPU...
Warmup complete.
Starting Profiling...
  Profiling Time: 3.185 ms
  Selected AbsEB: 2.730258e+01 (RelEB: 3.400000e-03)
Starting Compression...
  Compression Time: 11.916 ms
  Compressed Size: 528893095 bytes
  Achieved Ratio: 8.12
Throughput Statistics:
  Profiling Throughput:    1348.46 GB/s
  Compression Throughput:  360.43 GB/s
  Total (Prof+Comp) Thrpt: 284.41 GB/s
Starting Decompression...
  Decompression Time: 9.254 ms
  Decompression Throughput: 464.09 GB/s
Verification Results:
  Max Error: 2.730273e+01
  PSNR: 54.14 dB
  Error Bound Compliance: PASS
BENCH_START:HACC:vz.f32:plain:4.0
Configuration:
  Input File: /scratch/bfrq/bzhang28/1billionparticles_onesnapshot/vz.f32
  Output File: (none)
  Elements: 1073726487
  Target Ratio: 4.00
  Mode: plain
Data Range: 8030.170898 (Min: -4083.671631, Max: 3946.499268)
Warming up GPU...
Warmup complete.
Starting Profiling...
  Profiling Time: 2.856 ms
  Selected AbsEB: 2.007543e+00 (RelEB: 2.500000e-04)
Starting Compression...
  Compression Time: 11.944 ms
  Compressed Size: 1069445460 bytes
  Achieved Ratio: 4.02
Throughput Statistics:
  Profiling Throughput:    1503.58 GB/s
  Compression Throughput:  359.59 GB/s
  Total (Prof+Comp) Thrpt: 290.19 GB/s
Starting Decompression...
  Decompression Time: 9.315 ms
  Decompression Throughput: 461.08 GB/s
Verification Results:
  Max Error: 2.007690e+00
  PSNR: 76.81 dB
  Error Bound Compliance: PASS
BENCH_START:HACC:vz.f32:plain:6.0
Configuration:
  Input File: /scratch/bfrq/bzhang28/1billionparticles_onesnapshot/vz.f32
  Output File: (none)
  Elements: 1073726487
  Target Ratio: 6.00
  Mode: plain
Data Range: 8030.170898 (Min: -4083.671631, Max: 3946.499268)
Warming up GPU...
Warmup complete.
Starting Profiling...
  Profiling Time: 2.816 ms
  Selected AbsEB: 1.525733e+01 (RelEB: 1.900000e-03)
Starting Compression...
  Compression Time: 11.334 ms
  Compressed Size: 688699560 bytes
  Achieved Ratio: 6.24
Throughput Statistics:
  Profiling Throughput:    1525.41 GB/s
  Compression Throughput:  378.92 GB/s
  Total (Prof+Comp) Thrpt: 303.53 GB/s
Starting Decompression...
  Decompression Time: 9.165 ms
  Decompression Throughput: 468.61 GB/s
Verification Results:
  Max Error: 1.525735e+01
  PSNR: 59.20 dB
  Error Bound Compliance: PASS
BENCH_START:HACC:vz.f32:plain:8.0
Configuration:
  Input File: /scratch/bfrq/bzhang28/1billionparticles_onesnapshot/vz.f32
  Output File: (none)
  Elements: 1073726487
  Target Ratio: 8.00
  Mode: plain
Data Range: 8030.170898 (Min: -4083.671631, Max: 3946.499268)
Warming up GPU...
Warmup complete.
Starting Profiling...
  Profiling Time: 2.813 ms
  Selected AbsEB: 3.693879e+01 (RelEB: 4.600000e-03)
Starting Compression...
  Compression Time: 11.175 ms
  Compressed Size: 534993280 bytes
  Achieved Ratio: 8.03
Throughput Statistics:
  Profiling Throughput:    1526.98 GB/s
  Compression Throughput:  384.34 GB/s
  Total (Prof+Comp) Thrpt: 307.05 GB/s
Starting Decompression...
  Decompression Time: 9.169 ms
  Decompression Throughput: 468.41 GB/s
Verification Results:
  Max Error: 3.693878e+01
  PSNR: 51.52 dB
  Error Bound Compliance: PASS
BENCH_START:HACC:xx.f32:outlier:4.0
Configuration:
  Input File: /scratch/bfrq/bzhang28/1billionparticles_onesnapshot/xx.f32
  Output File: (none)
  Elements: 1073726487
  Target Ratio: 4.00
  Mode: outlier
Data Range: 255.999985 (Min: 0.000000, Max: 255.999985)
Warming up GPU...
Warmup complete.
Starting Profiling...
  Profiling Time: 3.191 ms
  Selected AbsEB: 3.840000e-03 (RelEB: 1.500000e-05)
Starting Compression...
  Compression Time: 14.502 ms
  Compressed Size: 1023825107 bytes
  Achieved Ratio: 4.19
Throughput Statistics:
  Profiling Throughput:    1345.83 GB/s
  Compression Throughput:  296.16 GB/s
  Total (Prof+Comp) Thrpt: 242.74 GB/s
Starting Decompression...
  Decompression Time: 10.119 ms
  Decompression Throughput: 424.46 GB/s
Verification Results:
  Max Error: 3.860474e-03
  PSNR: 101.25 dB
  Error Bound Compliance: PASS
BENCH_START:HACC:xx.f32:outlier:6.0
Configuration:
  Input File: /scratch/bfrq/bzhang28/1billionparticles_onesnapshot/xx.f32
  Output File: (none)
  Elements: 1073726487
  Target Ratio: 6.00
  Mode: outlier
Data Range: 255.999985 (Min: 0.000000, Max: 255.999985)
Warming up GPU...
Warmup complete.
Starting Profiling...
  Profiling Time: 3.204 ms
  Selected AbsEB: 2.176000e-02 (RelEB: 8.500000e-05)
Starting Compression...
  Compression Time: 12.368 ms
  Compressed Size: 713697203 bytes
  Achieved Ratio: 6.02
Throughput Statistics:
  Profiling Throughput:    1340.43 GB/s
  Compression Throughput:  347.26 GB/s
  Total (Prof+Comp) Thrpt: 275.81 GB/s
Starting Decompression...
  Decompression Time: 9.527 ms
  Decompression Throughput: 450.83 GB/s
Verification Results:
  Max Error: 2.177429e-02
  PSNR: 86.18 dB
  Error Bound Compliance: PASS
BENCH_START:HACC:xx.f32:outlier:8.0
Configuration:
  Input File: /scratch/bfrq/bzhang28/1billionparticles_onesnapshot/xx.f32
  Output File: (none)
  Elements: 1073726487
  Target Ratio: 8.00
  Mode: outlier
Data Range: 255.999985 (Min: 0.000000, Max: 255.999985)
Warming up GPU...
Warmup complete.
Starting Profiling...
  Profiling Time: 3.191 ms
  Selected AbsEB: 6.400000e-02 (RelEB: 2.500000e-04)
Starting Compression...
  Compression Time: 14.329 ms
  Compressed Size: 522784532 bytes
  Achieved Ratio: 8.22
Throughput Statistics:
  Profiling Throughput:    1345.81 GB/s
  Compression Throughput:  299.74 GB/s
  Total (Prof+Comp) Thrpt: 245.14 GB/s
Starting Decompression...
  Decompression Time: 11.765 ms
  Decompression Throughput: 365.05 GB/s
Verification Results:
  Max Error: 6.401062e-02
  PSNR: 76.81 dB
  Error Bound Compliance: PASS
BENCH_START:HACC:xx.f32:plain:4.0
Configuration:
  Input File: /scratch/bfrq/bzhang28/1billionparticles_onesnapshot/xx.f32
  Output File: (none)
  Elements: 1073726487
  Target Ratio: 4.00
  Mode: plain
Data Range: 255.999985 (Min: 0.000000, Max: 255.999985)
Warming up GPU...
Warmup complete.
Starting Profiling...
  Profiling Time: 2.851 ms
  Selected AbsEB: 6.399999e-01 (RelEB: 2.500000e-03)
Starting Compression...
  Compression Time: 11.935 ms
  Compressed Size: 1068379440 bytes
  Achieved Ratio: 4.02
Throughput Statistics:
  Profiling Throughput:    1506.47 GB/s
  Compression Throughput:  359.87 GB/s
  Total (Prof+Comp) Thrpt: 290.48 GB/s
Starting Decompression...
  Decompression Time: 9.346 ms
  Decompression Throughput: 459.53 GB/s
Verification Results:
  Max Error: 6.400146e-01
  PSNR: 56.81 dB
  Error Bound Compliance: PASS
BENCH_START:HACC:xx.f32:plain:6.0
Configuration:
  Input File: /scratch/bfrq/bzhang28/1billionparticles_onesnapshot/xx.f32
  Output File: (none)
  Elements: 1073726487
  Target Ratio: 6.00
  Mode: plain
Data Range: 255.999985 (Min: 0.000000, Max: 255.999985)
Warming up GPU...
Warmup complete.
Starting Profiling...
  Profiling Time: 2.827 ms
  Selected AbsEB: 4.096000e+00 (RelEB: 1.600000e-02)
Starting Compression...
  Compression Time: 11.313 ms
  Compressed Size: 709012424 bytes
  Achieved Ratio: 6.06
Throughput Statistics:
  Profiling Throughput:    1519.00 GB/s
  Compression Throughput:  379.65 GB/s
  Total (Prof+Comp) Thrpt: 303.74 GB/s
Starting Decompression...
  Decompression Time: 9.113 ms
  Decompression Throughput: 471.27 GB/s
Verification Results:
  Max Error: 4.096008e+00
  PSNR: 40.74 dB
  Error Bound Compliance: PASS
BENCH_START:HACC:xx.f32:plain:8.0
Configuration:
  Input File: /scratch/bfrq/bzhang28/1billionparticles_onesnapshot/xx.f32
  Output File: (none)
  Elements: 1073726487
  Target Ratio: 8.00
  Mode: plain
Data Range: 255.999985 (Min: 0.000000, Max: 255.999985)
Warming up GPU...
Warmup complete.
Starting Profiling...
  Profiling Time: 2.847 ms
  Selected AbsEB: 1.177600e+01 (RelEB: 4.600000e-02)
Starting Compression...
  Compression Time: 11.016 ms
  Compressed Size: 534778684 bytes
  Achieved Ratio: 8.03
Throughput Statistics:
  Profiling Throughput:    1508.53 GB/s
  Compression Throughput:  389.89 GB/s
  Total (Prof+Comp) Thrpt: 309.82 GB/s
Starting Decompression...
  Decompression Time: 8.800 ms
  Decompression Throughput: 488.08 GB/s
Verification Results:
  Max Error: 1.177602e+01
  PSNR: 31.48 dB
  Error Bound Compliance: PASS
BENCH_START:HACC:yy.f32:outlier:4.0
Configuration:
  Input File: /scratch/bfrq/bzhang28/1billionparticles_onesnapshot/yy.f32
  Output File: (none)
  Elements: 1073726487
  Target Ratio: 4.00
  Mode: outlier
Data Range: 255.999985 (Min: 0.000000, Max: 255.999985)
Warming up GPU...
Warmup complete.
Starting Profiling...
  Profiling Time: 3.183 ms
  Selected AbsEB: 3.840000e-03 (RelEB: 1.500000e-05)
Starting Compression...
  Compression Time: 14.605 ms
  Compressed Size: 1055775217 bytes
  Achieved Ratio: 4.07
Throughput Statistics:
  Profiling Throughput:    1349.35 GB/s
  Compression Throughput:  294.07 GB/s
  Total (Prof+Comp) Thrpt: 241.45 GB/s
Starting Decompression...
  Decompression Time: 10.228 ms
  Decompression Throughput: 419.92 GB/s
Verification Results:
  Max Error: 3.860474e-03
  PSNR: 101.25 dB
  Error Bound Compliance: PASS
BENCH_START:HACC:yy.f32:outlier:6.0
Configuration:
  Input File: /scratch/bfrq/bzhang28/1billionparticles_onesnapshot/yy.f32
  Output File: (none)
  Elements: 1073726487
  Target Ratio: 6.00
  Mode: outlier
Data Range: 255.999985 (Min: 0.000000, Max: 255.999985)
Warming up GPU...
Warmup complete.
Starting Profiling...
  Profiling Time: 3.160 ms
  Selected AbsEB: 2.560000e-02 (RelEB: 1.000000e-04)
Starting Compression...
  Compression Time: 12.299 ms
  Compressed Size: 712613368 bytes
  Achieved Ratio: 6.03
Throughput Statistics:
  Profiling Throughput:    1359.31 GB/s
  Compression Throughput:  349.22 GB/s
  Total (Prof+Comp) Thrpt: 277.84 GB/s
Starting Decompression...
  Decompression Time: 9.536 ms
  Decompression Throughput: 450.37 GB/s
Verification Results:
  Max Error: 2.561951e-02
  PSNR: 84.77 dB
  Error Bound Compliance: PASS
BENCH_START:HACC:yy.f32:outlier:8.0
Configuration:
  Input File: /scratch/bfrq/bzhang28/1billionparticles_onesnapshot/yy.f32
  Output File: (none)
  Elements: 1073726487
  Target Ratio: 8.00
  Mode: outlier
Data Range: 255.999985 (Min: 0.000000, Max: 255.999985)
Warming up GPU...
Warmup complete.
Starting Profiling...
  Profiling Time: 3.204 ms
  Selected AbsEB: 7.167999e-02 (RelEB: 2.800000e-04)
Starting Compression...
  Compression Time: 11.797 ms
  Compressed Size: 533578778 bytes
  Achieved Ratio: 8.05
Throughput Statistics:
  Profiling Throughput:    1340.63 GB/s
  Compression Throughput:  364.07 GB/s
  Total (Prof+Comp) Thrpt: 286.31 GB/s
Starting Decompression...
  Decompression Time: 9.338 ms
  Decompression Throughput: 459.96 GB/s
Verification Results:
  Max Error: 7.170105e-02
  PSNR: 75.83 dB
  Error Bound Compliance: PASS
BENCH_START:HACC:yy.f32:plain:4.0
Configuration:
  Input File: /scratch/bfrq/bzhang28/1billionparticles_onesnapshot/yy.f32
  Output File: (none)
  Elements: 1073726487
  Target Ratio: 4.00
  Mode: plain
Data Range: 255.999985 (Min: 0.000000, Max: 255.999985)
Warming up GPU...
Warmup complete.
Starting Profiling...
  Profiling Time: 2.853 ms
  Selected AbsEB: 7.167999e-01 (RelEB: 2.800000e-03)
Starting Compression...
  Compression Time: 11.998 ms
  Compressed Size: 1056387344 bytes
  Achieved Ratio: 4.07
Throughput Statistics:
  Profiling Throughput:    1505.49 GB/s
  Compression Throughput:  357.96 GB/s
  Total (Prof+Comp) Thrpt: 289.20 GB/s
Starting Decompression...
  Decompression Time: 9.324 ms
  Decompression Throughput: 460.61 GB/s
Verification Results:
  Max Error: 7.168274e-01
  PSNR: 55.83 dB
  Error Bound Compliance: PASS
BENCH_START:HACC:yy.f32:plain:6.0
Configuration:
  Input File: /scratch/bfrq/bzhang28/1billionparticles_onesnapshot/yy.f32
  Output File: (none)
  Elements: 1073726487
  Target Ratio: 6.00
  Mode: plain
Data Range: 255.999985 (Min: 0.000000, Max: 255.999985)
Warming up GPU...
Warmup complete.
Starting Profiling...
  Profiling Time: 2.857 ms
  Selected AbsEB: 4.096000e+00 (RelEB: 1.600000e-02)
Starting Compression...
  Compression Time: 11.333 ms
  Compressed Size: 715854996 bytes
  Achieved Ratio: 6.00
Throughput Statistics:
  Profiling Throughput:    1503.55 GB/s
  Compression Throughput:  378.97 GB/s
  Total (Prof+Comp) Thrpt: 302.68 GB/s
Starting Decompression...
  Decompression Time: 9.122 ms
  Decompression Throughput: 470.82 GB/s
Verification Results:
  Max Error: 4.096008e+00
  PSNR: 40.74 dB
  Error Bound Compliance: PASS
BENCH_START:HACC:yy.f32:plain:8.0
Configuration:
  Input File: /scratch/bfrq/bzhang28/1billionparticles_onesnapshot/yy.f32
  Output File: (none)
  Elements: 1073726487
  Target Ratio: 8.00
  Mode: plain
Data Range: 255.999985 (Min: 0.000000, Max: 255.999985)
Warming up GPU...
Warmup complete.
Starting Profiling...
  Profiling Time: 2.816 ms
  Selected AbsEB: 1.254400e+01 (RelEB: 4.900000e-02)
Starting Compression...
  Compression Time: 11.015 ms
  Compressed Size: 530967528 bytes
  Achieved Ratio: 8.09
Throughput Statistics:
  Profiling Throughput:    1524.94 GB/s
  Compression Throughput:  389.91 GB/s
  Total (Prof+Comp) Thrpt: 310.52 GB/s
Starting Decompression...
  Decompression Time: 8.840 ms
  Decompression Throughput: 485.85 GB/s
Verification Results:
  Max Error: 1.254401e+01
  PSNR: 31.06 dB
  Error Bound Compliance: PASS
BENCH_START:HACC:zz.f32:outlier:4.0
Configuration:
  Input File: /scratch/bfrq/bzhang28/1billionparticles_onesnapshot/zz.f32
  Output File: (none)
  Elements: 1073726487
  Target Ratio: 4.00
  Mode: outlier
Data Range: 255.999985 (Min: 0.000000, Max: 255.999985)
Warming up GPU...
Warmup complete.
Starting Profiling...
  Profiling Time: 3.233 ms
  Selected AbsEB: 5.119999e-03 (RelEB: 2.000000e-05)
Starting Compression...
  Compression Time: 14.618 ms
  Compressed Size: 1055241410 bytes
  Achieved Ratio: 4.07
Throughput Statistics:
  Profiling Throughput:    1328.66 GB/s
  Compression Throughput:  293.81 GB/s
  Total (Prof+Comp) Thrpt: 240.61 GB/s
Starting Decompression...
  Decompression Time: 10.645 ms
  Decompression Throughput: 403.47 GB/s
Verification Results:
  Max Error: 5.126953e-03
  PSNR: 98.75 dB
  Error Bound Compliance: PASS
BENCH_START:HACC:zz.f32:outlier:6.0
Configuration:
  Input File: /scratch/bfrq/bzhang28/1billionparticles_onesnapshot/zz.f32
  Output File: (none)
  Elements: 1073726487
  Target Ratio: 6.00
  Mode: outlier
Data Range: 255.999985 (Min: 0.000000, Max: 255.999985)
Warming up GPU...
Warmup complete.
Starting Profiling...
  Profiling Time: 3.150 ms
  Selected AbsEB: 3.328000e-02 (RelEB: 1.300000e-04)
Starting Compression...
  Compression Time: 12.341 ms
  Compressed Size: 699661655 bytes
  Achieved Ratio: 6.14
Throughput Statistics:
  Profiling Throughput:    1363.28 GB/s
  Compression Throughput:  348.03 GB/s
  Total (Prof+Comp) Thrpt: 277.25 GB/s
Starting Decompression...
  Decompression Time: 9.594 ms
  Decompression Throughput: 447.69 GB/s
Verification Results:
  Max Error: 3.329468e-02
  PSNR: 82.49 dB
  Error Bound Compliance: PASS
BENCH_START:HACC:zz.f32:outlier:8.0
Configuration:
  Input File: /scratch/bfrq/bzhang28/1billionparticles_onesnapshot/zz.f32
  Output File: (none)
  Elements: 1073726487
  Target Ratio: 8.00
  Mode: outlier
Data Range: 255.999985 (Min: 0.000000, Max: 255.999985)
Warming up GPU...
Warmup complete.
Starting Profiling...
  Profiling Time: 3.194 ms
  Selected AbsEB: 9.471999e-02 (RelEB: 3.700000e-04)
Starting Compression...
  Compression Time: 11.947 ms
  Compressed Size: 534005107 bytes
  Achieved Ratio: 8.04
Throughput Statistics:
  Profiling Throughput:    1344.83 GB/s
  Compression Throughput:  359.51 GB/s
  Total (Prof+Comp) Thrpt: 283.67 GB/s
Starting Decompression...
  Decompression Time: 9.254 ms
  Decompression Throughput: 464.11 GB/s
Verification Results:
  Max Error: 9.472656e-02
  PSNR: 73.41 dB
  Error Bound Compliance: PASS
BENCH_START:HACC:zz.f32:plain:4.0
Configuration:
  Input File: /scratch/bfrq/bzhang28/1billionparticles_onesnapshot/zz.f32
  Output File: (none)
  Elements: 1073726487
  Target Ratio: 4.00
  Mode: plain
Data Range: 255.999985 (Min: 0.000000, Max: 255.999985)
Warming up GPU...
Warmup complete.
Starting Profiling...
  Profiling Time: 2.865 ms
  Selected AbsEB: 7.167999e-01 (RelEB: 2.800000e-03)
Starting Compression...
  Compression Time: 11.914 ms
  Compressed Size: 1054150980 bytes
  Achieved Ratio: 4.07
Throughput Statistics:
  Profiling Throughput:    1499.32 GB/s
  Compression Throughput:  360.50 GB/s
  Total (Prof+Comp) Thrpt: 290.62 GB/s
Starting Decompression...
  Decompression Time: 9.341 ms
  Decompression Throughput: 459.77 GB/s
Verification Results:
  Max Error: 7.168274e-01
  PSNR: 55.83 dB
  Error Bound Compliance: PASS
BENCH_START:HACC:zz.f32:plain:6.0
Configuration:
  Input File: /scratch/bfrq/bzhang28/1billionparticles_onesnapshot/zz.f32
  Output File: (none)
  Elements: 1073726487
  Target Ratio: 6.00
  Mode: plain
Data Range: 255.999985 (Min: 0.000000, Max: 255.999985)
Warming up GPU...
Warmup complete.
Starting Profiling...
  Profiling Time: 2.841 ms
  Selected AbsEB: 4.863999e+00 (RelEB: 1.900000e-02)
Starting Compression...
  Compression Time: 11.341 ms
  Compressed Size: 694988060 bytes
  Achieved Ratio: 6.18
Throughput Statistics:
  Profiling Throughput:    1511.92 GB/s
  Compression Throughput:  378.71 GB/s
  Total (Prof+Comp) Thrpt: 302.85 GB/s
Starting Decompression...
  Decompression Time: 9.143 ms
  Decompression Throughput: 469.74 GB/s
Verification Results:
  Max Error: 4.863999e+00
  PSNR: 39.23 dB
  Error Bound Compliance: PASS
BENCH_START:HACC:zz.f32:plain:8.0
Configuration:
  Input File: /scratch/bfrq/bzhang28/1billionparticles_onesnapshot/zz.f32
  Output File: (none)
  Elements: 1073726487
  Target Ratio: 8.00
  Mode: plain
Data Range: 255.999985 (Min: 0.000000, Max: 255.999985)
Warming up GPU...
Warmup complete.
Starting Profiling...
  Profiling Time: 2.880 ms
  Selected AbsEB: 1.254400e+01 (RelEB: 4.900000e-02)
Starting Compression...
  Compression Time: 11.113 ms
  Compressed Size: 528384316 bytes
  Achieved Ratio: 8.13
Throughput Statistics:
  Profiling Throughput:    1491.25 GB/s
  Compression Throughput:  386.47 GB/s
  Total (Prof+Comp) Thrpt: 306.93 GB/s
Starting Decompression...
  Decompression Time: 8.786 ms
  Decompression Throughput: 488.85 GB/s
Verification Results:
  Max Error: 1.254401e+01
  PSNR: 31.03 dB
  Error Bound Compliance: PASS
BENCH_START:EXAFEL:SDRBENCH-EXAFEL-data-130x1480x1552.f32:outlier:4.0
Configuration:
  Input File: /scratch/bfrq/bzhang28/SDRBENCH-EXAFEL-130x1480x1552/SDRBENCH-EXAFEL-data-130x1480x1552.f32
  Dims: 1552x1480x130
  Elements: 298604800
  Target Ratio: 4.00
  Mode: outlier
  Sample Rate: 1000
Data Range: 16481.031250
Warming up GPU...
Warmup complete.
Starting Profiling...
  Profiling Time: 1.088 ms
  Selected AbsEB: 2.636965e+00 (RelEB: 1.600000e-04)
  Estimated Ratio: 4.14 (Target: 4.00)
Starting Compression...
  Compression Time: 4.137 ms
  Compressed Size: 288438574
  Achieved Ratio: 4.14
Throughput Statistics:
  Profiling Throughput:    1098.01 GB/s
  Compression Throughput:  288.69 GB/s
  Total (Prof+Comp) Thrpt: 228.59 GB/s
Starting Decompression...
  Decompression Time: 3.306 ms
  Decompression Throughput: 361.26 GB/s
Verification Results:
  Max Error: 2.636967e+00
  PSNR: 80.69 dB
  Compliance: PASS
BENCH_START:EXAFEL:SDRBENCH-EXAFEL-data-130x1480x1552.f32:outlier:6.0
Configuration:
  Input File: /scratch/bfrq/bzhang28/SDRBENCH-EXAFEL-130x1480x1552/SDRBENCH-EXAFEL-data-130x1480x1552.f32
  Dims: 1552x1480x130
  Elements: 298604800
  Target Ratio: 6.00
  Mode: outlier
  Sample Rate: 1000
Data Range: 16481.031250
Warming up GPU...
Warmup complete.
Starting Profiling...
  Profiling Time: 1.084 ms
  Selected AbsEB: 1.400888e+01 (RelEB: 8.500000e-04)
  Estimated Ratio: 6.01 (Target: 6.00)
Starting Compression...
  Compression Time: 3.829 ms
  Compressed Size: 198954571
  Achieved Ratio: 6.00
Throughput Statistics:
  Profiling Throughput:    1101.86 GB/s
  Compression Throughput:  311.95 GB/s
  Total (Prof+Comp) Thrpt: 243.12 GB/s
Starting Decompression...
  Decompression Time: 2.715 ms
  Decompression Throughput: 439.93 GB/s
Verification Results:
  Max Error: 1.400897e+01
  PSNR: 66.26 dB
  Compliance: PASS
BENCH_START:EXAFEL:SDRBENCH-EXAFEL-data-130x1480x1552.f32:outlier:8.0
Configuration:
  Input File: /scratch/bfrq/bzhang28/SDRBENCH-EXAFEL-130x1480x1552/SDRBENCH-EXAFEL-data-130x1480x1552.f32
  Dims: 1552x1480x130
  Elements: 298604800
  Target Ratio: 8.00
  Mode: outlier
  Sample Rate: 1000
Data Range: 16481.031250
Warming up GPU...
Warmup complete.
Starting Profiling...
  Profiling Time: 1.060 ms
  Selected AbsEB: 4.120258e+01 (RelEB: 2.500000e-03)
  Estimated Ratio: 8.25 (Target: 8.00)
Starting Compression...
  Compression Time: 3.574 ms
  Compressed Size: 144494995
  Achieved Ratio: 8.27
Throughput Statistics:
  Profiling Throughput:    1127.15 GB/s
  Compression Throughput:  334.20 GB/s
  Total (Prof+Comp) Thrpt: 257.77 GB/s
Starting Decompression...
  Decompression Time: 2.151 ms
  Decompression Throughput: 555.18 GB/s
Verification Results:
  Max Error: 4.120258e+01
  PSNR: 56.82 dB
  Compliance: PASS
BENCH_START:EXAFEL:SDRBENCH-EXAFEL-data-130x1480x1552.f32:plain:4.0
Configuration:
  Input File: /scratch/bfrq/bzhang28/SDRBENCH-EXAFEL-130x1480x1552/SDRBENCH-EXAFEL-data-130x1480x1552.f32
  Dims: 1552x1480x130
  Elements: 298604800
  Target Ratio: 4.00
  Mode: plain
  Sample Rate: 1000
Data Range: 16481.031250
Warming up GPU...
Warmup complete.
Starting Profiling...
  Profiling Time: 1.053 ms
  Selected AbsEB: 2.636965e+00 (RelEB: 1.600000e-04)
  Estimated Ratio: 4.12 (Target: 4.00)
Starting Compression...
  Compression Time: 3.526 ms
  Compressed Size: 289929768
  Achieved Ratio: 4.12
Throughput Statistics:
  Profiling Throughput:    1134.31 GB/s
  Compression Throughput:  338.74 GB/s
  Total (Prof+Comp) Thrpt: 260.84 GB/s
Starting Decompression...
  Decompression Time: 1.872 ms
  Decompression Throughput: 638.19 GB/s
Verification Results:
  Max Error: 2.636967e+00
  PSNR: 80.69 dB
  Compliance: PASS
BENCH_START:EXAFEL:SDRBENCH-EXAFEL-data-130x1480x1552.f32:plain:6.0
Configuration:
  Input File: /scratch/bfrq/bzhang28/SDRBENCH-EXAFEL-130x1480x1552/SDRBENCH-EXAFEL-data-130x1480x1552.f32
  Dims: 1552x1480x130
  Elements: 298604800
  Target Ratio: 6.00
  Mode: plain
  Sample Rate: 1000
Data Range: 16481.031250
Warming up GPU...
Warmup complete.
Starting Profiling...
  Profiling Time: 1.107 ms
  Selected AbsEB: 1.450331e+01 (RelEB: 8.800000e-04)
  Estimated Ratio: 6.02 (Target: 6.00)
Starting Compression...
  Compression Time: 3.400 ms
  Compressed Size: 198556072
  Achieved Ratio: 6.02
Throughput Statistics:
  Profiling Throughput:    1078.87 GB/s
  Compression Throughput:  351.34 GB/s
  Total (Prof+Comp) Thrpt: 265.03 GB/s
Starting Decompression...
  Decompression Time: 1.689 ms
  Decompression Throughput: 707.29 GB/s
Verification Results:
  Max Error: 1.450333e+01
  PSNR: 65.96 dB
  Compliance: PASS
BENCH_START:EXAFEL:SDRBENCH-EXAFEL-data-130x1480x1552.f32:plain:8.0
Configuration:
  Input File: /scratch/bfrq/bzhang28/SDRBENCH-EXAFEL-130x1480x1552/SDRBENCH-EXAFEL-data-130x1480x1552.f32
  Dims: 1552x1480x130
  Elements: 298604800
  Target Ratio: 8.00
  Mode: plain
  Sample Rate: 1000
Data Range: 16481.031250
Warming up GPU...
Warmup complete.
Starting Profiling...
  Profiling Time: 1.082 ms
  Selected AbsEB: 4.120258e+01 (RelEB: 2.500000e-03)
  Estimated Ratio: 8.19 (Target: 8.00)
Starting Compression...
  Compression Time: 3.338 ms
  Compressed Size: 145803888
  Achieved Ratio: 8.19
Throughput Statistics:
  Profiling Throughput:    1103.43 GB/s
  Compression Throughput:  357.84 GB/s
  Total (Prof+Comp) Thrpt: 270.21 GB/s
Starting Decompression...
  Decompression Time: 1.594 ms
  Decompression Throughput: 749.54 GB/s
Verification Results:
  Max Error: 4.120258e+01
  PSNR: 56.82 dB
  Compliance: PASS
BENCH_START:QMCPACK:einspline_115_69_69_288.f32:outlier:4.0
Configuration:
  Input File: /scratch/bfrq/bzhang28/dataset/115x69x69x288/einspline_115_69_69_288.f32
  Output File: (none)
  Elements: 157684320
  Target Ratio: 4.00
  Mode: outlier
Data Range: 33.010017 (Min: -16.505009, Max: 16.505009)
Warming up GPU...
Warmup complete.
Starting Profiling...
  Profiling Time: 1.066 ms
  Selected AbsEB: 5.281602e-03 (RelEB: 1.600000e-04)
Starting Compression...
  Compression Time: 2.370 ms
  Compressed Size: 153589862 bytes
  Achieved Ratio: 4.11
Throughput Statistics:
  Profiling Throughput:    591.80 GB/s
  Compression Throughput:  266.13 GB/s
  Total (Prof+Comp) Thrpt: 183.58 GB/s
Starting Decompression...
  Decompression Time: 1.835 ms
  Decompression Throughput: 343.79 GB/s
Verification Results:
  Max Error: 5.281925e-03
  PSNR: 81.10 dB
  Error Bound Compliance: PASS
BENCH_START:QMCPACK:einspline_115_69_69_288.f32:outlier:6.0
Configuration:
  Input File: /scratch/bfrq/bzhang28/dataset/115x69x69x288/einspline_115_69_69_288.f32
  Output File: (none)
  Elements: 157684320
  Target Ratio: 6.00
  Mode: outlier
Data Range: 33.010017 (Min: -16.505009, Max: 16.505009)
Warming up GPU...
Warmup complete.
Starting Profiling...
  Profiling Time: 1.083 ms
  Selected AbsEB: 3.201972e-02 (RelEB: 9.700000e-04)
Starting Compression...
  Compression Time: 2.063 ms
  Compressed Size: 104589282 bytes
  Achieved Ratio: 6.03
Throughput Statistics:
  Profiling Throughput:    582.39 GB/s
  Compression Throughput:  305.68 GB/s
  Total (Prof+Comp) Thrpt: 200.46 GB/s
Starting Decompression...
  Decompression Time: 1.644 ms
  Decompression Throughput: 383.64 GB/s
Verification Results:
  Max Error: 3.202009e-02
  PSNR: 65.88 dB
  Error Bound Compliance: PASS
BENCH_START:QMCPACK:einspline_115_69_69_288.f32:outlier:8.0
Configuration:
  Input File: /scratch/bfrq/bzhang28/dataset/115x69x69x288/einspline_115_69_69_288.f32
  Output File: (none)
  Elements: 157684320
  Target Ratio: 8.00
  Mode: outlier
Data Range: 33.010017 (Min: -16.505009, Max: 16.505009)
Warming up GPU...
Warmup complete.
Starting Profiling...
  Profiling Time: 1.084 ms
  Selected AbsEB: 9.242804e-02 (RelEB: 2.800000e-03)
Starting Compression...
  Compression Time: 2.013 ms
  Compressed Size: 77298155 bytes
  Achieved Ratio: 8.16
Throughput Statistics:
  Profiling Throughput:    581.79 GB/s
  Compression Throughput:  313.30 GB/s
  Total (Prof+Comp) Thrpt: 203.64 GB/s
Starting Decompression...
  Decompression Time: 1.564 ms
  Decompression Throughput: 403.36 GB/s
Verification Results:
  Max Error: 9.242821e-02
  PSNR: 57.09 dB
  Error Bound Compliance: PASS
BENCH_START:QMCPACK:einspline_115_69_69_288.f32:plain:4.0
Configuration:
  Input File: /scratch/bfrq/bzhang28/dataset/115x69x69x288/einspline_115_69_69_288.f32
  Output File: (none)
  Elements: 157684320
  Target Ratio: 4.00
  Mode: plain
Data Range: 33.010017 (Min: -16.505009, Max: 16.505009)
Warming up GPU...
Warmup complete.
Starting Profiling...
  Profiling Time: 0.799 ms
  Selected AbsEB: 5.281602e-03 (RelEB: 1.600000e-04)
Starting Compression...
  Compression Time: 1.886 ms
  Compressed Size: 153604564 bytes
  Achieved Ratio: 4.11
Throughput Statistics:
  Profiling Throughput:    789.34 GB/s
  Compression Throughput:  334.50 GB/s
  Total (Prof+Comp) Thrpt: 234.94 GB/s
Starting Decompression...
  Decompression Time: 1.487 ms
  Decompression Throughput: 424.21 GB/s
Verification Results:
  Max Error: 5.281925e-03
  PSNR: 81.10 dB
  Error Bound Compliance: PASS
BENCH_START:QMCPACK:einspline_115_69_69_288.f32:plain:6.0
Configuration:
  Input File: /scratch/bfrq/bzhang28/dataset/115x69x69x288/einspline_115_69_69_288.f32
  Output File: (none)
  Elements: 157684320
  Target Ratio: 6.00
  Mode: plain
Data Range: 33.010017 (Min: -16.505009, Max: 16.505009)
Warming up GPU...
Warmup complete.
Starting Profiling...
  Profiling Time: 0.798 ms
  Selected AbsEB: 3.201972e-02 (RelEB: 9.700000e-04)
Starting Compression...
  Compression Time: 1.855 ms
  Compressed Size: 104606796 bytes
  Achieved Ratio: 6.03
Throughput Statistics:
  Profiling Throughput:    789.97 GB/s
  Compression Throughput:  340.05 GB/s
  Total (Prof+Comp) Thrpt: 237.72 GB/s
Starting Decompression...
  Decompression Time: 1.355 ms
  Decompression Throughput: 465.52 GB/s
Verification Results:
  Max Error: 3.202009e-02
  PSNR: 65.88 dB
  Error Bound Compliance: PASS
BENCH_START:QMCPACK:einspline_115_69_69_288.f32:plain:8.0
Configuration:
  Input File: /scratch/bfrq/bzhang28/dataset/115x69x69x288/einspline_115_69_69_288.f32
  Output File: (none)
  Elements: 157684320
  Target Ratio: 8.00
  Mode: plain
Data Range: 33.010017 (Min: -16.505009, Max: 16.505009)
Warming up GPU...
Warmup complete.
Starting Profiling...
  Profiling Time: 0.814 ms
  Selected AbsEB: 9.242804e-02 (RelEB: 2.800000e-03)
Starting Compression...
  Compression Time: 1.720 ms
  Compressed Size: 77311688 bytes
  Achieved Ratio: 8.16
Throughput Statistics:
  Profiling Throughput:    774.88 GB/s
  Compression Throughput:  366.69 GB/s
  Total (Prof+Comp) Thrpt: 248.90 GB/s
Starting Decompression...
  Decompression Time: 1.148 ms
  Decompression Throughput: 549.38 GB/s
Verification Results:
  Max Error: 9.242821e-02
  PSNR: 57.09 dB
  Error Bound Compliance: PASS
BENCH_START:QMCPACK:einspline_288_115_69_69.pre.f32:outlier:4.0
Configuration:
  Input File: /scratch/bfrq/bzhang28/dataset/288x115x69x69/einspline_288_115_69_69.pre.f32
  Output File: (none)
  Elements: 157684320
  Target Ratio: 4.00
  Mode: outlier
Data Range: 33.010017 (Min: -16.505009, Max: 16.505009)
Warming up GPU...
Warmup complete.
Starting Profiling...
  Profiling Time: 1.100 ms
  Selected AbsEB: 2.640801e-04 (RelEB: 8.000000e-06)
Starting Compression...
  Compression Time: 2.833 ms
  Compressed Size: 149158381 bytes
  Achieved Ratio: 4.23
Throughput Statistics:
  Profiling Throughput:    573.38 GB/s
  Compression Throughput:  222.65 GB/s
  Total (Prof+Comp) Thrpt: 160.37 GB/s
Starting Decompression...
  Decompression Time: 2.706 ms
  Decompression Throughput: 233.10 GB/s
Verification Results:
  Max Error: 2.641678e-04
  PSNR: 106.75 dB
  Error Bound Compliance: PASS
BENCH_START:QMCPACK:einspline_288_115_69_69.pre.f32:outlier:6.0
Configuration:
  Input File: /scratch/bfrq/bzhang28/dataset/288x115x69x69/einspline_288_115_69_69.pre.f32
  Output File: (none)
  Elements: 157684320
  Target Ratio: 6.00
  Mode: outlier
Data Range: 33.010017 (Min: -16.505009, Max: 16.505009)
Warming up GPU...
Warmup complete.
Starting Profiling...
  Profiling Time: 1.081 ms
  Selected AbsEB: 1.485451e-03 (RelEB: 4.500000e-05)
Starting Compression...
  Compression Time: 2.551 ms
  Compressed Size: 105290793 bytes
  Achieved Ratio: 5.99
Throughput Statistics:
  Profiling Throughput:    583.29 GB/s
  Compression Throughput:  247.20 GB/s
  Total (Prof+Comp) Thrpt: 173.62 GB/s
Starting Decompression...
  Decompression Time: 2.370 ms
  Decompression Throughput: 266.17 GB/s
Verification Results:
  Max Error: 1.486301e-03
  PSNR: 91.90 dB
  Error Bound Compliance: PASS
BENCH_START:QMCPACK:einspline_288_115_69_69.pre.f32:outlier:8.0
Configuration:
  Input File: /scratch/bfrq/bzhang28/dataset/288x115x69x69/einspline_288_115_69_69.pre.f32
  Output File: (none)
  Elements: 157684320
  Target Ratio: 8.00
  Mode: outlier
Data Range: 33.010017 (Min: -16.505009, Max: 16.505009)
Warming up GPU...
Warmup complete.
Starting Profiling...
  Profiling Time: 1.086 ms
  Selected AbsEB: 5.281602e-03 (RelEB: 1.600000e-04)
Starting Compression...
  Compression Time: 2.257 ms
  Compressed Size: 77225754 bytes
  Achieved Ratio: 8.17
Throughput Statistics:
  Profiling Throughput:    580.97 GB/s
  Compression Throughput:  279.51 GB/s
  Total (Prof+Comp) Thrpt: 188.72 GB/s
Starting Decompression...
  Decompression Time: 2.006 ms
  Decompression Throughput: 314.43 GB/s
Verification Results:
  Max Error: 5.281925e-03
  PSNR: 81.10 dB
  Error Bound Compliance: PASS
BENCH_START:QMCPACK:einspline_288_115_69_69.pre.f32:plain:4.0
Configuration:
  Input File: /scratch/bfrq/bzhang28/dataset/288x115x69x69/einspline_288_115_69_69.pre.f32
  Output File: (none)
  Elements: 157684320
  Target Ratio: 4.00
  Mode: plain
Data Range: 33.010017 (Min: -16.505009, Max: 16.505009)
Warming up GPU...
Warmup complete.
Starting Profiling...
  Profiling Time: 0.814 ms
  Selected AbsEB: 6.602003e-04 (RelEB: 2.000000e-05)
Starting Compression...
  Compression Time: 1.913 ms
  Compressed Size: 154736256 bytes
  Achieved Ratio: 4.08
Throughput Statistics:
  Profiling Throughput:    775.12 GB/s
  Compression Throughput:  329.72 GB/s
  Total (Prof+Comp) Thrpt: 231.32 GB/s
Starting Decompression...
  Decompression Time: 1.488 ms
  Decompression Throughput: 423.76 GB/s
Verification Results:
  Max Error: 6.604195e-04
  PSNR: 98.86 dB
  Error Bound Compliance: PASS
BENCH_START:QMCPACK:einspline_288_115_69_69.pre.f32:plain:6.0
Configuration:
  Input File: /scratch/bfrq/bzhang28/dataset/288x115x69x69/einspline_288_115_69_69.pre.f32
  Output File: (none)
  Elements: 157684320
  Target Ratio: 6.00
  Mode: plain
Data Range: 33.010017 (Min: -16.505009, Max: 16.505009)
Warming up GPU...
Warmup complete.
Starting Profiling...
  Profiling Time: 0.797 ms
  Selected AbsEB: 5.281602e-03 (RelEB: 1.600000e-04)
Starting Compression...
  Compression Time: 1.713 ms
  Compressed Size: 102108168 bytes
  Achieved Ratio: 6.18
Throughput Statistics:
  Profiling Throughput:    791.33 GB/s
  Compression Throughput:  368.18 GB/s
  Total (Prof+Comp) Thrpt: 251.27 GB/s
Starting Decompression...
  Decompression Time: 1.340 ms
  Decompression Throughput: 470.73 GB/s
Verification Results:
  Max Error: 5.281925e-03
  PSNR: 81.10 dB
  Error Bound Compliance: PASS
BENCH_START:QMCPACK:einspline_288_115_69_69.pre.f32:plain:8.0
Configuration:
  Input File: /scratch/bfrq/bzhang28/dataset/288x115x69x69/einspline_288_115_69_69.pre.f32
  Output File: (none)
  Elements: 157684320
  Target Ratio: 8.00
  Mode: plain
Data Range: 33.010017 (Min: -16.505009, Max: 16.505009)
Warming up GPU...
Warmup complete.
Starting Profiling...
  Profiling Time: 0.806 ms
  Selected AbsEB: 1.518461e-02 (RelEB: 4.600000e-04)
Starting Compression...
  Compression Time: 1.665 ms
  Compressed Size: 78227696 bytes
  Achieved Ratio: 8.06
Throughput Statistics:
  Profiling Throughput:    782.94 GB/s
  Compression Throughput:  378.87 GB/s
  Total (Prof+Comp) Thrpt: 255.32 GB/s
Starting Decompression...
  Decompression Time: 1.394 ms
  Decompression Throughput: 452.36 GB/s
Verification Results:
  Max Error: 1.518536e-02
  PSNR: 72.15 dB
  Error Bound Compliance: PASS
BENCH_START:RTM:pressure_1000:outlier:4.0
Configuration:
  Input File: /scratch/bfrq/bzhang28/pressure_1000
  Output File: (none)
  Elements: 357654528
  Target Ratio: 4.00
  Mode: outlier
Data Range: 238.300751 (Min: -143.539719, Max: 94.761032)
Warming up GPU...
Warmup complete.
Starting Profiling...
  Profiling Time: 1.550 ms
  Selected AbsEB: 2.383008e-04 (RelEB: 1.000000e-06)
Starting Compression...
  Compression Time: 3.116 ms
  Compressed Size: 31339432 bytes
  Achieved Ratio: 45.65
Throughput Statistics:
  Profiling Throughput:    922.74 GB/s
  Compression Throughput:  459.18 GB/s
  Total (Prof+Comp) Thrpt: 306.61 GB/s
Starting Decompression...
  Decompression Time: 1.922 ms
  Decompression Throughput: 744.16 GB/s
Verification Results:
  Max Error: 2.441406e-04
  PSNR: 139.78 dB
  Error Bound Compliance: PASS
BENCH_START:RTM:pressure_1000:outlier:6.0
Configuration:
  Input File: /scratch/bfrq/bzhang28/pressure_1000
  Output File: (none)
  Elements: 357654528
  Target Ratio: 6.00
  Mode: outlier
Data Range: 238.300751 (Min: -143.539719, Max: 94.761032)
Warming up GPU...
Warmup complete.
Starting Profiling...
  Profiling Time: 1.534 ms
  Selected AbsEB: 2.383008e-04 (RelEB: 1.000000e-06)
Starting Compression...
  Compression Time: 3.042 ms
  Compressed Size: 31339432 bytes
  Achieved Ratio: 45.65
Throughput Statistics:
  Profiling Throughput:    932.54 GB/s
  Compression Throughput:  470.36 GB/s
  Total (Prof+Comp) Thrpt: 312.66 GB/s
Starting Decompression...
  Decompression Time: 1.931 ms
  Decompression Throughput: 740.71 GB/s
Verification Results:
  Max Error: 2.441406e-04
  PSNR: 139.78 dB
  Error Bound Compliance: PASS
BENCH_START:RTM:pressure_1000:outlier:8.0
Configuration:
  Input File: /scratch/bfrq/bzhang28/pressure_1000
  Output File: (none)
  Elements: 357654528
  Target Ratio: 8.00
  Mode: outlier
Data Range: 238.300751 (Min: -143.539719, Max: 94.761032)
Warming up GPU...
Warmup complete.
Starting Profiling...
  Profiling Time: 1.544 ms
  Selected AbsEB: 2.383008e-04 (RelEB: 1.000000e-06)
Starting Compression...
  Compression Time: 3.086 ms
  Compressed Size: 31339432 bytes
  Achieved Ratio: 45.65
Throughput Statistics:
  Profiling Throughput:    926.57 GB/s
  Compression Throughput:  463.57 GB/s
  Total (Prof+Comp) Thrpt: 308.98 GB/s
Starting Decompression...
  Decompression Time: 1.938 ms
  Decompression Throughput: 738.17 GB/s
Verification Results:
  Max Error: 2.441406e-04
  PSNR: 139.78 dB
  Error Bound Compliance: PASS
BENCH_START:RTM:pressure_1000:plain:4.0
Configuration:
  Input File: /scratch/bfrq/bzhang28/pressure_1000
  Output File: (none)
  Elements: 357654528
  Target Ratio: 4.00
  Mode: plain
Data Range: 238.300751 (Min: -143.539719, Max: 94.761032)
Warming up GPU...
Warmup complete.
Starting Profiling...
  Profiling Time: 1.259 ms
  Selected AbsEB: 2.383008e-04 (RelEB: 1.000000e-06)
Starting Compression...
  Compression Time: 2.683 ms
  Compressed Size: 32338956 bytes
  Achieved Ratio: 44.24
Throughput Statistics:
  Profiling Throughput:    1136.28 GB/s
  Compression Throughput:  533.23 GB/s
  Total (Prof+Comp) Thrpt: 362.92 GB/s
Starting Decompression...
  Decompression Time: 0.923 ms
  Decompression Throughput: 1550.54 GB/s
Verification Results:
  Max Error: 2.441406e-04
  PSNR: 139.78 dB
  Error Bound Compliance: PASS
BENCH_START:RTM:pressure_1000:plain:6.0
Configuration:
  Input File: /scratch/bfrq/bzhang28/pressure_1000
  Output File: (none)
  Elements: 357654528
  Target Ratio: 6.00
  Mode: plain
Data Range: 238.300751 (Min: -143.539719, Max: 94.761032)
Warming up GPU...
Warmup complete.
Starting Profiling...
  Profiling Time: 1.258 ms
  Selected AbsEB: 2.383008e-04 (RelEB: 1.000000e-06)
Starting Compression...
  Compression Time: 2.624 ms
  Compressed Size: 32338956 bytes
  Achieved Ratio: 44.24
Throughput Statistics:
  Profiling Throughput:    1136.85 GB/s
  Compression Throughput:  545.25 GB/s
  Total (Prof+Comp) Thrpt: 368.51 GB/s
Starting Decompression...
  Decompression Time: 1.040 ms
  Decompression Throughput: 1375.98 GB/s
Verification Results:
  Max Error: 2.441406e-04
  PSNR: 139.78 dB
  Error Bound Compliance: PASS
BENCH_START:RTM:pressure_1000:plain:8.0
Configuration:
  Input File: /scratch/bfrq/bzhang28/pressure_1000
  Output File: (none)
  Elements: 357654528
  Target Ratio: 8.00
  Mode: plain
Data Range: 238.300751 (Min: -143.539719, Max: 94.761032)
Warming up GPU...
Warmup complete.
Starting Profiling...
  Profiling Time: 1.257 ms
  Selected AbsEB: 2.383008e-04 (RelEB: 1.000000e-06)
Starting Compression...
  Compression Time: 2.621 ms
  Compressed Size: 32338956 bytes
  Achieved Ratio: 44.24
Throughput Statistics:
  Profiling Throughput:    1138.36 GB/s
  Compression Throughput:  545.80 GB/s
  Total (Prof+Comp) Thrpt: 368.92 GB/s
Starting Decompression...
  Decompression Time: 0.946 ms
  Decompression Throughput: 1511.80 GB/s
Verification Results:
  Max Error: 2.441406e-04
  PSNR: 139.78 dB
  Error Bound Compliance: PASS
BENCH_START:RTM:pressure_2000:outlier:4.0
Configuration:
  Input File: /scratch/bfrq/bzhang28/pressure_2000
  Output File: (none)
  Elements: 357654528
  Target Ratio: 4.00
  Mode: outlier
Data Range: 86.449005 (Min: -46.052582, Max: 40.396423)
Warming up GPU...
Warmup complete.
Starting Profiling...
  Profiling Time: 1.528 ms
  Selected AbsEB: 8.644901e-05 (RelEB: 1.000000e-06)
Starting Compression...
  Compression Time: 4.387 ms
  Compressed Size: 210177826 bytes
  Achieved Ratio: 6.81
Throughput Statistics:
  Profiling Throughput:    936.29 GB/s
  Compression Throughput:  326.08 GB/s
  Total (Prof+Comp) Thrpt: 241.85 GB/s
Starting Decompression...
  Decompression Time: 4.168 ms
  Decompression Throughput: 343.25 GB/s
Verification Results:
  Max Error: 8.773804e-05
  PSNR: 129.40 dB
  Error Bound Compliance: PASS
BENCH_START:RTM:pressure_2000:outlier:6.0
Configuration:
  Input File: /scratch/bfrq/bzhang28/pressure_2000
  Output File: (none)
  Elements: 357654528
  Target Ratio: 6.00
  Mode: outlier
Data Range: 86.449005 (Min: -46.052582, Max: 40.396423)
Warming up GPU...
Warmup complete.
Starting Profiling...
  Profiling Time: 1.551 ms
  Selected AbsEB: 8.644901e-05 (RelEB: 1.000000e-06)
Starting Compression...
  Compression Time: 4.419 ms
  Compressed Size: 210177826 bytes
  Achieved Ratio: 6.81
Throughput Statistics:
  Profiling Throughput:    922.38 GB/s
  Compression Throughput:  323.77 GB/s
  Total (Prof+Comp) Thrpt: 239.65 GB/s
Starting Decompression...
  Decompression Time: 3.949 ms
  Decompression Throughput: 362.27 GB/s
Verification Results:
  Max Error: 8.773804e-05
  PSNR: 129.40 dB
  Error Bound Compliance: PASS
BENCH_START:RTM:pressure_2000:outlier:8.0
Configuration:
  Input File: /scratch/bfrq/bzhang28/pressure_2000
  Output File: (none)
  Elements: 357654528
  Target Ratio: 8.00
  Mode: outlier
Data Range: 86.449005 (Min: -46.052582, Max: 40.396423)
Warming up GPU...
Warmup complete.
Starting Profiling...
  Profiling Time: 1.555 ms
  Selected AbsEB: 3.457960e-04 (RelEB: 4.000000e-06)
Starting Compression...
  Compression Time: 4.220 ms
  Compressed Size: 177205341 bytes
  Achieved Ratio: 8.07
Throughput Statistics:
  Profiling Throughput:    919.89 GB/s
  Compression Throughput:  339.03 GB/s
  Total (Prof+Comp) Thrpt: 247.73 GB/s
Starting Decompression...
  Decompression Time: 3.563 ms
  Decompression Throughput: 401.47 GB/s
Verification Results:
  Max Error: 3.471375e-04
  PSNR: 117.40 dB
  Error Bound Compliance: PASS
BENCH_START:RTM:pressure_2000:plain:4.0
Configuration:
  Input File: /scratch/bfrq/bzhang28/pressure_2000
  Output File: (none)
  Elements: 357654528
  Target Ratio: 4.00
  Mode: plain
Data Range: 86.449005 (Min: -46.052582, Max: 40.396423)
Warming up GPU...
Warmup complete.
Starting Profiling...
  Profiling Time: 1.265 ms
  Selected AbsEB: 8.644901e-05 (RelEB: 1.000000e-06)
Starting Compression...
  Compression Time: 3.457 ms
  Compressed Size: 216981932 bytes
  Achieved Ratio: 6.59
Throughput Statistics:
  Profiling Throughput:    1131.36 GB/s
  Compression Throughput:  413.79 GB/s
  Total (Prof+Comp) Thrpt: 302.98 GB/s
Starting Decompression...
  Decompression Time: 1.865 ms
  Decompression Throughput: 767.05 GB/s
Verification Results:
  Max Error: 8.773804e-05
  PSNR: 129.40 dB
  Error Bound Compliance: PASS
BENCH_START:RTM:pressure_2000:plain:6.0
Configuration:
  Input File: /scratch/bfrq/bzhang28/pressure_2000
  Output File: (none)
  Elements: 357654528
  Target Ratio: 6.00
  Mode: plain
Data Range: 86.449005 (Min: -46.052582, Max: 40.396423)
Warming up GPU...
Warmup complete.
Starting Profiling...
  Profiling Time: 1.244 ms
  Selected AbsEB: 8.644901e-05 (RelEB: 1.000000e-06)
Starting Compression...
  Compression Time: 3.384 ms
  Compressed Size: 216981932 bytes
  Achieved Ratio: 6.59
Throughput Statistics:
  Profiling Throughput:    1149.63 GB/s
  Compression Throughput:  422.81 GB/s
  Total (Prof+Comp) Thrpt: 309.12 GB/s
Starting Decompression...
  Decompression Time: 1.816 ms
  Decompression Throughput: 787.76 GB/s
Verification Results:
  Max Error: 8.773804e-05
  PSNR: 129.40 dB
  Error Bound Compliance: PASS
BENCH_START:RTM:pressure_2000:plain:8.0
Configuration:
  Input File: /scratch/bfrq/bzhang28/pressure_2000
  Output File: (none)
  Elements: 357654528
  Target Ratio: 8.00
  Mode: plain
Data Range: 86.449005 (Min: -46.052582, Max: 40.396423)
Warming up GPU...
Warmup complete.
Starting Profiling...
  Profiling Time: 1.251 ms
  Selected AbsEB: 4.322450e-04 (RelEB: 5.000000e-06)
Starting Compression...
  Compression Time: 3.225 ms
  Compressed Size: 178612296 bytes
  Achieved Ratio: 8.01
Throughput Statistics:
  Profiling Throughput:    1143.19 GB/s
  Compression Throughput:  443.63 GB/s
  Total (Prof+Comp) Thrpt: 319.60 GB/s
Starting Decompression...
  Decompression Time: 1.696 ms
  Decompression Throughput: 843.62 GB/s
Verification Results:
  Max Error: 4.348755e-04
  PSNR: 115.47 dB
  Error Bound Compliance: PASS
BENCH_START:RTM:pressure_3000:outlier:4.0
Configuration:
  Input File: /scratch/bfrq/bzhang28/pressure_3000
  Output File: (none)
  Elements: 357654528
  Target Ratio: 4.00
  Mode: outlier
Data Range: 50.356152 (Min: -27.973200, Max: 22.382952)
Warming up GPU...
Warmup complete.
Starting Profiling...
  Profiling Time: 1.566 ms
  Selected AbsEB: 4.028492e-04 (RelEB: 8.000000e-06)
Starting Compression...
  Compression Time: 5.529 ms
  Compressed Size: 352398826 bytes
  Achieved Ratio: 4.06
Throughput Statistics:
  Profiling Throughput:    913.32 GB/s
  Compression Throughput:  258.76 GB/s
  Total (Prof+Comp) Thrpt: 201.63 GB/s
Starting Decompression...
  Decompression Time: 5.527 ms
  Decompression Throughput: 258.85 GB/s
Verification Results:
  Max Error: 4.043579e-04
  PSNR: 107.64 dB
  Error Bound Compliance: PASS
BENCH_START:RTM:pressure_3000:outlier:6.0
Configuration:
  Input File: /scratch/bfrq/bzhang28/pressure_3000
  Output File: (none)
  Elements: 357654528
  Target Ratio: 6.00
  Mode: outlier
Data Range: 50.356152 (Min: -27.973200, Max: 22.382952)
Warming up GPU...
Warmup complete.
Starting Profiling...
  Profiling Time: 1.523 ms
  Selected AbsEB: 3.675999e-03 (RelEB: 7.300000e-05)
Starting Compression...
  Compression Time: 4.872 ms
  Compressed Size: 235380277 bytes
  Achieved Ratio: 6.08
Throughput Statistics:
  Profiling Throughput:    939.26 GB/s
  Compression Throughput:  293.66 GB/s
  Total (Prof+Comp) Thrpt: 223.71 GB/s
Starting Decompression...
  Decompression Time: 4.751 ms
  Decompression Throughput: 301.14 GB/s
Verification Results:
  Max Error: 3.676414e-03
  PSNR: 88.53 dB
  Error Bound Compliance: PASS
BENCH_START:RTM:pressure_3000:outlier:8.0
Configuration:
  Input File: /scratch/bfrq/bzhang28/pressure_3000
  Output File: (none)
  Elements: 357654528
  Target Ratio: 8.00
  Mode: outlier
Data Range: 50.356152 (Min: -27.973200, Max: 22.382952)
Warming up GPU...
Warmup complete.
Starting Profiling...
  Profiling Time: 1.543 ms
  Selected AbsEB: 1.258904e-02 (RelEB: 2.500000e-04)
Starting Compression...
  Compression Time: 4.484 ms
  Compressed Size: 175916512 bytes
  Achieved Ratio: 8.13
Throughput Statistics:
  Profiling Throughput:    927.08 GB/s
  Compression Throughput:  319.06 GB/s
  Total (Prof+Comp) Thrpt: 237.37 GB/s
Starting Decompression...
  Decompression Time: 3.724 ms
  Decompression Throughput: 384.16 GB/s
Verification Results:
  Max Error: 1.258945e-02
  PSNR: 77.95 dB
  Error Bound Compliance: PASS
BENCH_START:RTM:pressure_3000:plain:4.0
Configuration:
  Input File: /scratch/bfrq/bzhang28/pressure_3000
  Output File: (none)
  Elements: 357654528
  Target Ratio: 4.00
  Mode: plain
Data Range: 50.356152 (Min: -27.973200, Max: 22.382952)
Warming up GPU...
Warmup complete.
Starting Profiling...
  Profiling Time: 1.256 ms
  Selected AbsEB: 5.035615e-04 (RelEB: 1.000000e-05)
Starting Compression...
  Compression Time: 3.989 ms
  Compressed Size: 356578236 bytes
  Achieved Ratio: 4.01
Throughput Statistics:
  Profiling Throughput:    1138.59 GB/s
  Compression Throughput:  358.67 GB/s
  Total (Prof+Comp) Thrpt: 272.75 GB/s
Starting Decompression...
  Decompression Time: 2.893 ms
  Decompression Throughput: 494.54 GB/s
Verification Results:
  Max Error: 5.054474e-04
  PSNR: 105.71 dB
  Error Bound Compliance: PASS
BENCH_START:RTM:pressure_3000:plain:6.0
Configuration:
  Input File: /scratch/bfrq/bzhang28/pressure_3000
  Output File: (none)
  Elements: 357654528
  Target Ratio: 6.00
  Mode: plain
Data Range: 50.356152 (Min: -27.973200, Max: 22.382952)
Warming up GPU...
Warmup complete.
Starting Profiling...
  Profiling Time: 1.257 ms
  Selected AbsEB: 4.884547e-03 (RelEB: 9.700000e-05)
Starting Compression...
  Compression Time: 3.677 ms
  Compressed Size: 237074640 bytes
  Achieved Ratio: 6.03
Throughput Statistics:
  Profiling Throughput:    1138.39 GB/s
  Compression Throughput:  389.12 GB/s
  Total (Prof+Comp) Thrpt: 290.00 GB/s
Starting Decompression...
  Decompression Time: 2.718 ms
  Decompression Throughput: 526.30 GB/s
Verification Results:
  Max Error: 4.886627e-03
  PSNR: 86.09 dB
  Error Bound Compliance: PASS
BENCH_START:RTM:pressure_3000:plain:8.0
Configuration:
  Input File: /scratch/bfrq/bzhang28/pressure_3000
  Output File: (none)
  Elements: 357654528
  Target Ratio: 8.00
  Mode: plain
Data Range: 50.356152 (Min: -27.973200, Max: 22.382952)
Warming up GPU...
Warmup complete.
Starting Profiling...
  Profiling Time: 1.246 ms
  Selected AbsEB: 1.561041e-02 (RelEB: 3.100000e-04)
Starting Compression...
  Compression Time: 3.586 ms
  Compressed Size: 180153828 bytes
  Achieved Ratio: 7.94
Throughput Statistics:
  Profiling Throughput:    1147.98 GB/s
  Compression Throughput:  398.93 GB/s
  Total (Prof+Comp) Thrpt: 296.05 GB/s
Starting Decompression...
  Decompression Time: 2.574 ms
  Decompression Throughput: 555.88 GB/s
Verification Results:
  Max Error: 1.561069e-02
  PSNR: 76.11 dB
  Error Bound Compliance: PASS
BENCH_START:SYNTHESIS:synthetic_truss_with_five_defects_1200x1200x1200_float32.raw:outlier:4.0
Configuration:
  Input File: /scratch/bfrq/bzhang28/synthetic_truss_with_five_defects_1200x1200x1200_float32.raw
  Dims: 1200x1200x1200
  Elements: 1728000000
  Target Ratio: 4.00
  Mode: outlier
  Sample Rate: 1000
Data Range: 0.020613
Warming up GPU...
Warmup complete.
Starting Profiling...
  Profiling Time: 2.443 ms
  Selected AbsEB: 3.092011e-07 (RelEB: 1.500000e-05)
  Estimated Ratio: 4.18 (Target: 4.00)
Starting Compression...
  Compression Time: 20.098 ms
  Compressed Size: 1990388212
  Achieved Ratio: 3.47
Throughput Statistics:
  Profiling Throughput:    2829.15 GB/s
  Compression Throughput:  343.92 GB/s
  Total (Prof+Comp) Thrpt: 306.64 GB/s
Starting Decompression...
  Decompression Time: 14.371 ms
  Decompression Throughput: 480.96 GB/s
Verification Results:
  Max Error: 1.672629e-03
  PSNR: 96.92 dB
  Compliance: FAIL
BENCH_START:SYNTHESIS:synthetic_truss_with_five_defects_1200x1200x1200_float32.raw:outlier:6.0
Configuration:
  Input File: /scratch/bfrq/bzhang28/synthetic_truss_with_five_defects_1200x1200x1200_float32.raw
  Dims: 1200x1200x1200
  Elements: 1728000000
  Target Ratio: 6.00
  Mode: outlier
  Sample Rate: 1000
Data Range: 0.020613
Warming up GPU...
Warmup complete.
Starting Profiling...
  Profiling Time: 2.454 ms
  Selected AbsEB: 4.534949e-06 (RelEB: 2.200000e-04)
  Estimated Ratio: 6.09 (Target: 6.00)
Starting Compression...
  Compression Time: 19.222 ms
  Compressed Size: 1343547383
  Achieved Ratio: 5.14
Throughput Statistics:
  Profiling Throughput:    2816.64 GB/s
  Compression Throughput:  359.59 GB/s
  Total (Prof+Comp) Thrpt: 318.88 GB/s
Starting Decompression...
  Decompression Time: 13.417 ms
  Decompression Throughput: 515.17 GB/s
Verification Results:
  Max Error: 1.342090e-03
  PSNR: 79.03 dB
  Compliance: FAIL
BENCH_START:SYNTHESIS:synthetic_truss_with_five_defects_1200x1200x1200_float32.raw:outlier:8.0
Configuration:
  Input File: /scratch/bfrq/bzhang28/synthetic_truss_with_five_defects_1200x1200x1200_float32.raw
  Dims: 1200x1200x1200
  Elements: 1728000000
  Target Ratio: 8.00
  Mode: outlier
  Sample Rate: 1000
Data Range: 0.020613
Warming up GPU...
Warmup complete.
Starting Profiling...
  Profiling Time: 2.448 ms
  Selected AbsEB: 1.937660e-05 (RelEB: 9.400000e-04)
  Estimated Ratio: 8.03 (Target: 8.00)
Starting Compression...
  Compression Time: 18.270 ms
  Compressed Size: 1002058553
  Achieved Ratio: 6.90
Throughput Statistics:
  Profiling Throughput:    2824.08 GB/s
  Compression Throughput:  378.33 GB/s
  Total (Prof+Comp) Thrpt: 333.63 GB/s
Starting Decompression...
  Decompression Time: 11.729 ms
  Decompression Throughput: 589.30 GB/s
Verification Results:
  Max Error: 1.620647e-03
  PSNR: 66.45 dB
  Compliance: FAIL
BENCH_START:SYNTHESIS:synthetic_truss_with_five_defects_1200x1200x1200_float32.raw:plain:4.0
Configuration:
  Input File: /scratch/bfrq/bzhang28/synthetic_truss_with_five_defects_1200x1200x1200_float32.raw
  Dims: 1200x1200x1200
  Elements: 1728000000
  Target Ratio: 4.00
  Mode: plain
  Sample Rate: 1000
Data Range: 0.020613
Warming up GPU...
Warmup complete.
Starting Profiling...
  Profiling Time: 2.437 ms
  Selected AbsEB: 3.092011e-07 (RelEB: 1.500000e-05)
  Estimated Ratio: 4.10 (Target: 4.00)
Starting Compression...
  Compression Time: 19.139 ms
  Compressed Size: 2018722384
  Achieved Ratio: 3.42
Throughput Statistics:
  Profiling Throughput:    2835.87 GB/s
  Compression Throughput:  361.14 GB/s
  Total (Prof+Comp) Thrpt: 320.35 GB/s
Starting Decompression...
  Decompression Time: 10.620 ms
  Decompression Throughput: 650.87 GB/s
Verification Results:
  Max Error: 9.879153e-04
  PSNR: 98.14 dB
  Compliance: FAIL
BENCH_START:SYNTHESIS:synthetic_truss_with_five_defects_1200x1200x1200_float32.raw:plain:6.0
Configuration:
  Input File: /scratch/bfrq/bzhang28/synthetic_truss_with_five_defects_1200x1200x1200_float32.raw
  Dims: 1200x1200x1200
  Elements: 1728000000
  Target Ratio: 6.00
  Mode: plain
  Sample Rate: 1000
Data Range: 0.020613
Warming up GPU...
Warmup complete.
Starting Profiling...
  Profiling Time: 2.464 ms
  Selected AbsEB: 5.153351e-06 (RelEB: 2.500000e-04)
  Estimated Ratio: 6.05 (Target: 6.00)
Starting Compression...
  Compression Time: 17.258 ms
  Compressed Size: 1343538880
  Achieved Ratio: 5.14
Throughput Statistics:
  Profiling Throughput:    2805.38 GB/s
  Compression Throughput:  400.51 GB/s
  Total (Prof+Comp) Thrpt: 350.47 GB/s
Starting Decompression...
  Decompression Time: 8.340 ms
  Decompression Throughput: 828.74 GB/s
Verification Results:
  Max Error: 1.690299e-03
  PSNR: 77.91 dB
  Compliance: FAIL
BENCH_START:SYNTHESIS:synthetic_truss_with_five_defects_1200x1200x1200_float32.raw:plain:8.0
Configuration:
  Input File: /scratch/bfrq/bzhang28/synthetic_truss_with_five_defects_1200x1200x1200_float32.raw
  Dims: 1200x1200x1200
  Elements: 1728000000
  Target Ratio: 8.00
  Mode: plain
  Sample Rate: 1000
Data Range: 0.020613
Warming up GPU...
Warmup complete.
Starting Profiling...
  Profiling Time: 2.424 ms
  Selected AbsEB: 2.267474e-05 (RelEB: 1.100000e-03)
  Estimated Ratio: 8.01 (Target: 8.00)
Starting Compression...
  Compression Time: 16.886 ms
  Compressed Size: 996536960
  Achieved Ratio: 6.94
Throughput Statistics:
  Profiling Throughput:    2851.52 GB/s
  Compression Throughput:  409.34 GB/s
  Total (Prof+Comp) Thrpt: 357.96 GB/s
Starting Decompression...
  Decompression Time: 7.316 ms
  Decompression Throughput: 944.77 GB/s
Verification Results:
  Max Error: 1.405834e-03
  PSNR: 65.09 dB
  Compliance: FAIL
BENCH_START:EXAALT:dataset1-5423x3137.x.f32.dat:outlier:4.0
Configuration:
  Input File: /scratch/bfrq/bzhang28/SDRBENCH-exaalt-copper/dataset1-5423x3137.x.f32.dat
  Output File: (none)
  Elements: 17011951
  Target Ratio: 4.00
  Mode: outlier
Data Range: 46.992931 (Min: 0.000069, Max: 46.993000)
Warming up GPU...
Warmup complete.
Starting Profiling...
  Profiling Time: 0.365 ms
  Selected AbsEB: 8.928657e-02 (RelEB: 1.900000e-03)
Starting Compression...
  Compression Time: 0.898 ms
  Compressed Size: 15836432 bytes
  Achieved Ratio: 4.30
Throughput Statistics:
  Profiling Throughput:    186.47 GB/s
  Compression Throughput:  75.79 GB/s
  Total (Prof+Comp) Thrpt: 53.89 GB/s
Starting Decompression...
  Decompression Time: 0.881 ms
  Decompression Throughput: 77.22 GB/s
Verification Results:
  Max Error: 8.928680e-02
  PSNR: 59.13 dB
  Error Bound Compliance: PASS
BENCH_START:EXAALT:dataset1-5423x3137.x.f32.dat:outlier:6.0
Configuration:
  Input File: /scratch/bfrq/bzhang28/SDRBENCH-exaalt-copper/dataset1-5423x3137.x.f32.dat
  Output File: (none)
  Elements: 17011951
  Target Ratio: 6.00
  Mode: outlier
Data Range: 46.992931 (Min: 0.000069, Max: 46.993000)
Warming up GPU...
Warmup complete.
Starting Profiling...
  Profiling Time: 0.359 ms
  Selected AbsEB: 4.135378e-01 (RelEB: 8.800000e-03)
Starting Compression...
  Compression Time: 0.822 ms
  Compressed Size: 11336049 bytes
  Achieved Ratio: 6.00
Throughput Statistics:
  Profiling Throughput:    189.49 GB/s
  Compression Throughput:  82.73 GB/s
  Total (Prof+Comp) Thrpt: 57.59 GB/s
Starting Decompression...
  Decompression Time: 0.755 ms
  Decompression Throughput: 90.14 GB/s
Verification Results:
  Max Error: 4.135361e-01
  PSNR: 45.75 dB
  Error Bound Compliance: PASS
BENCH_START:EXAALT:dataset1-5423x3137.x.f32.dat:outlier:8.0
Configuration:
  Input File: /scratch/bfrq/bzhang28/SDRBENCH-exaalt-copper/dataset1-5423x3137.x.f32.dat
  Output File: (none)
  Elements: 17011951
  Target Ratio: 8.00
  Mode: outlier
Data Range: 46.992931 (Min: 0.000069, Max: 46.993000)
Warming up GPU...
Warmup complete.
Starting Profiling...
  Profiling Time: 0.366 ms
  Selected AbsEB: 1.597760e+00 (RelEB: 3.400000e-02)
Starting Compression...
  Compression Time: 0.760 ms
  Compressed Size: 7830909 bytes
  Achieved Ratio: 8.69
Throughput Statistics:
  Profiling Throughput:    186.06 GB/s
  Compression Throughput:  89.58 GB/s
  Total (Prof+Comp) Thrpt: 60.47 GB/s
Starting Decompression...
  Decompression Time: 0.661 ms
  Decompression Throughput: 102.94 GB/s
Verification Results:
  Max Error: 1.597759e+00
  PSNR: 34.01 dB
  Error Bound Compliance: PASS
BENCH_START:EXAALT:dataset1-5423x3137.x.f32.dat:plain:4.0
Configuration:
  Input File: /scratch/bfrq/bzhang28/SDRBENCH-exaalt-copper/dataset1-5423x3137.x.f32.dat
  Output File: (none)
  Elements: 17011951
  Target Ratio: 4.00
  Mode: plain
Data Range: 46.992931 (Min: 0.000069, Max: 46.993000)
Warming up GPU...
Warmup complete.
Starting Profiling...
  Profiling Time: 0.273 ms
  Selected AbsEB: 1.456781e-01 (RelEB: 3.100000e-03)
Starting Compression...
  Compression Time: 0.349 ms
  Compressed Size: 16892780 bytes
  Achieved Ratio: 4.03
Throughput Statistics:
  Profiling Throughput:    249.18 GB/s
  Compression Throughput:  194.89 GB/s
  Total (Prof+Comp) Thrpt: 109.36 GB/s
Starting Decompression...
  Decompression Time: 0.318 ms
  Decompression Throughput: 214.04 GB/s
Verification Results:
  Max Error: 1.456795e-01
  PSNR: 54.72 dB
  Error Bound Compliance: PASS
BENCH_START:EXAALT:dataset1-5423x3137.x.f32.dat:plain:6.0
Configuration:
  Input File: /scratch/bfrq/bzhang28/SDRBENCH-exaalt-copper/dataset1-5423x3137.x.f32.dat
  Output File: (none)
  Elements: 17011951
  Target Ratio: 6.00
  Mode: plain
Data Range: 46.992931 (Min: 0.000069, Max: 46.993000)
Warming up GPU...
Warmup complete.
Starting Profiling...
  Profiling Time: 0.273 ms
  Selected AbsEB: 8.928657e-01 (RelEB: 1.900000e-02)
Starting Compression...
  Compression Time: 0.334 ms
  Compressed Size: 11309984 bytes
  Achieved Ratio: 6.02
Throughput Statistics:
  Profiling Throughput:    249.44 GB/s
  Compression Throughput:  203.45 GB/s
  Total (Prof+Comp) Thrpt: 112.06 GB/s
Starting Decompression...
  Decompression Time: 0.285 ms
  Decompression Throughput: 238.88 GB/s
Verification Results:
  Max Error: 8.928661e-01
  PSNR: 38.74 dB
  Error Bound Compliance: PASS
BENCH_START:EXAALT:dataset1-5423x3137.x.f32.dat:plain:8.0
Configuration:
  Input File: /scratch/bfrq/bzhang28/SDRBENCH-exaalt-copper/dataset1-5423x3137.x.f32.dat
  Output File: (none)
  Elements: 17011951
  Target Ratio: 8.00
  Mode: plain
Data Range: 46.992931 (Min: 0.000069, Max: 46.993000)
Warming up GPU...
Warmup complete.
Starting Profiling...
  Profiling Time: 0.270 ms
  Selected AbsEB: 2.584611e+00 (RelEB: 5.500000e-02)
Starting Compression...
  Compression Time: 0.330 ms
  Compressed Size: 8465676 bytes
  Achieved Ratio: 8.04
Throughput Statistics:
  Profiling Throughput:    252.10 GB/s
  Compression Throughput:  206.16 GB/s
  Total (Prof+Comp) Thrpt: 113.41 GB/s
Starting Decompression...
  Decompression Time: 0.282 ms
  Decompression Throughput: 241.62 GB/s
Verification Results:
  Max Error: 2.584612e+00
  PSNR: 29.98 dB
  Error Bound Compliance: PASS
BENCH_START:EXAALT:dataset1-5423x3137.y.f32.dat:outlier:4.0
Configuration:
  Input File: /scratch/bfrq/bzhang28/SDRBENCH-exaalt-copper/dataset1-5423x3137.y.f32.dat
  Output File: (none)
  Elements: 17011951
  Target Ratio: 4.00
  Mode: outlier
Data Range: 46.993748 (Min: 0.001151, Max: 46.994900)
Warming up GPU...
Warmup complete.
Starting Profiling...
  Profiling Time: 0.366 ms
  Selected AbsEB: 6.109187e-02 (RelEB: 1.300000e-03)
Starting Compression...
  Compression Time: 0.881 ms
  Compressed Size: 16357114 bytes
  Achieved Ratio: 4.16
Throughput Statistics:
  Profiling Throughput:    185.93 GB/s
  Compression Throughput:  77.21 GB/s
  Total (Prof+Comp) Thrpt: 54.55 GB/s
Starting Decompression...
  Decompression Time: 0.836 ms
  Decompression Throughput: 81.43 GB/s
Verification Results:
  Max Error: 6.109619e-02
  PSNR: 62.60 dB
  Error Bound Compliance: PASS
BENCH_START:EXAALT:dataset1-5423x3137.y.f32.dat:outlier:6.0
Configuration:
  Input File: /scratch/bfrq/bzhang28/SDRBENCH-exaalt-copper/dataset1-5423x3137.y.f32.dat
  Output File: (none)
  Elements: 17011951
  Target Ratio: 6.00
  Mode: outlier
Data Range: 46.993748 (Min: 0.001151, Max: 46.994900)
Warming up GPU...
Warmup complete.
Starting Profiling...
  Profiling Time: 0.365 ms
  Selected AbsEB: 3.712506e-01 (RelEB: 7.900000e-03)
Starting Compression...
  Compression Time: 0.779 ms
  Compressed Size: 11098263 bytes
  Achieved Ratio: 6.13
Throughput Statistics:
  Profiling Throughput:    186.62 GB/s
  Compression Throughput:  87.40 GB/s
  Total (Prof+Comp) Thrpt: 59.52 GB/s
Starting Decompression...
  Decompression Time: 0.694 ms
  Decompression Throughput: 98.03 GB/s
Verification Results:
  Max Error: 3.712506e-01
  PSNR: 46.87 dB
  Error Bound Compliance: PASS
BENCH_START:EXAALT:dataset1-5423x3137.y.f32.dat:outlier:8.0
Configuration:
  Input File: /scratch/bfrq/bzhang28/SDRBENCH-exaalt-copper/dataset1-5423x3137.y.f32.dat
  Output File: (none)
  Elements: 17011951
  Target Ratio: 8.00
  Mode: outlier
Data Range: 46.993748 (Min: 0.001151, Max: 46.994900)
Warming up GPU...
Warmup complete.
Starting Profiling...
  Profiling Time: 0.377 ms
  Selected AbsEB: 8.928812e-01 (RelEB: 1.900000e-02)
Starting Compression...
  Compression Time: 0.753 ms
  Compressed Size: 8442935 bytes
  Achieved Ratio: 8.06
Throughput Statistics:
  Profiling Throughput:    180.69 GB/s
  Compression Throughput:  90.41 GB/s
  Total (Prof+Comp) Thrpt: 60.26 GB/s
Starting Decompression...
  Decompression Time: 0.630 ms
  Decompression Throughput: 108.04 GB/s
Verification Results:
  Max Error: 8.928804e-01
  PSNR: 38.72 dB
  Error Bound Compliance: PASS
BENCH_START:EXAALT:dataset1-5423x3137.y.f32.dat:plain:4.0
Configuration:
  Input File: /scratch/bfrq/bzhang28/SDRBENCH-exaalt-copper/dataset1-5423x3137.y.f32.dat
  Output File: (none)
  Elements: 17011951
  Target Ratio: 4.00
  Mode: plain
Data Range: 46.993748 (Min: 0.001151, Max: 46.994900)
Warming up GPU...
Warmup complete.
Starting Profiling...
  Profiling Time: 0.275 ms
  Selected AbsEB: 1.456806e-01 (RelEB: 3.100000e-03)
Starting Compression...
  Compression Time: 0.357 ms
  Compressed Size: 16772712 bytes
  Achieved Ratio: 4.06
Throughput Statistics:
  Profiling Throughput:    247.70 GB/s
  Compression Throughput:  190.72 GB/s
  Total (Prof+Comp) Thrpt: 107.75 GB/s
Starting Decompression...
  Decompression Time: 0.317 ms
  Decompression Throughput: 214.82 GB/s
Verification Results:
  Max Error: 1.456805e-01
  PSNR: 54.72 dB
  Error Bound Compliance: PASS
BENCH_START:EXAALT:dataset1-5423x3137.y.f32.dat:plain:6.0
Configuration:
  Input File: /scratch/bfrq/bzhang28/SDRBENCH-exaalt-copper/dataset1-5423x3137.y.f32.dat
  Output File: (none)
  Elements: 17011951
  Target Ratio: 6.00
  Mode: plain
Data Range: 46.993748 (Min: 0.001151, Max: 46.994900)
Warming up GPU...
Warmup complete.
Starting Profiling...
  Profiling Time: 0.278 ms
  Selected AbsEB: 8.928812e-01 (RelEB: 1.900000e-02)
Starting Compression...
  Compression Time: 0.334 ms
  Compressed Size: 11302820 bytes
  Achieved Ratio: 6.02
Throughput Statistics:
  Profiling Throughput:    244.96 GB/s
  Compression Throughput:  204.00 GB/s
  Total (Prof+Comp) Thrpt: 111.31 GB/s
Starting Decompression...
  Decompression Time: 0.283 ms
  Decompression Throughput: 240.23 GB/s
Verification Results:
  Max Error: 8.928804e-01
  PSNR: 38.72 dB
  Error Bound Compliance: PASS
BENCH_START:EXAALT:dataset1-5423x3137.y.f32.dat:plain:8.0
Configuration:
  Input File: /scratch/bfrq/bzhang28/SDRBENCH-exaalt-copper/dataset1-5423x3137.y.f32.dat
  Output File: (none)
  Elements: 17011951
  Target Ratio: 8.00
  Mode: plain
Data Range: 46.993748 (Min: 0.001151, Max: 46.994900)
Warming up GPU...
Warmup complete.
Starting Profiling...
  Profiling Time: 0.276 ms
  Selected AbsEB: 2.443675e+00 (RelEB: 5.200000e-02)
Starting Compression...
  Compression Time: 0.323 ms
  Compressed Size: 8489348 bytes
  Achieved Ratio: 8.02
Throughput Statistics:
  Profiling Throughput:    246.89 GB/s
  Compression Throughput:  210.71 GB/s
  Total (Prof+Comp) Thrpt: 113.69 GB/s
Starting Decompression...
  Decompression Time: 0.275 ms
  Decompression Throughput: 247.35 GB/s
Verification Results:
  Max Error: 2.443670e+00
  PSNR: 30.36 dB
  Error Bound Compliance: PASS
BENCH_START:EXAALT:dataset1-5423x3137.z.f32.dat:outlier:4.0
Configuration:
  Input File: /scratch/bfrq/bzhang28/SDRBENCH-exaalt-copper/dataset1-5423x3137.z.f32.dat
  Output File: (none)
  Elements: 17011951
  Target Ratio: 4.00
  Mode: outlier
Data Range: 46.267490 (Min: 3.540010, Max: 49.807499)
Warming up GPU...
Warmup complete.
Starting Profiling...
  Profiling Time: 0.362 ms
  Selected AbsEB: 2.961119e-02 (RelEB: 6.400000e-04)
Starting Compression...
  Compression Time: 0.908 ms
  Compressed Size: 16217712 bytes
  Achieved Ratio: 4.20
Throughput Statistics:
  Profiling Throughput:    187.75 GB/s
  Compression Throughput:  74.95 GB/s
  Total (Prof+Comp) Thrpt: 53.57 GB/s
Starting Decompression...
  Decompression Time: 0.894 ms
  Decompression Throughput: 76.09 GB/s
Verification Results:
  Max Error: 2.961159e-02
  PSNR: 68.64 dB
  Error Bound Compliance: PASS
BENCH_START:EXAALT:dataset1-5423x3137.z.f32.dat:outlier:6.0
Configuration:
  Input File: /scratch/bfrq/bzhang28/SDRBENCH-exaalt-copper/dataset1-5423x3137.z.f32.dat
  Output File: (none)
  Elements: 17011951
  Target Ratio: 6.00
  Mode: outlier
Data Range: 46.267490 (Min: 3.540010, Max: 49.807499)
Warming up GPU...
Warmup complete.
Starting Profiling...
  Profiling Time: 0.371 ms
  Selected AbsEB: 1.434292e-01 (RelEB: 3.100000e-03)
Starting Compression...
  Compression Time: 0.807 ms
  Compressed Size: 11112750 bytes
  Achieved Ratio: 6.12
Throughput Statistics:
  Profiling Throughput:    183.52 GB/s
  Compression Throughput:  84.28 GB/s
  Total (Prof+Comp) Thrpt: 57.76 GB/s
Starting Decompression...
  Decompression Time: 0.722 ms
  Decompression Throughput: 94.22 GB/s
Verification Results:
  Max Error: 1.434298e-01
  PSNR: 54.52 dB
  Error Bound Compliance: PASS
BENCH_START:EXAALT:dataset1-5423x3137.z.f32.dat:outlier:8.0
Configuration:
  Input File: /scratch/bfrq/bzhang28/SDRBENCH-exaalt-copper/dataset1-5423x3137.z.f32.dat
  Output File: (none)
  Elements: 17011951
  Target Ratio: 8.00
  Mode: outlier
Data Range: 46.267490 (Min: 3.540010, Max: 49.807499)
Warming up GPU...
Warmup complete.
Starting Profiling...
  Profiling Time: 0.372 ms
  Selected AbsEB: 5.089424e-01 (RelEB: 1.100000e-02)
Starting Compression...
  Compression Time: 0.773 ms
  Compressed Size: 8520550 bytes
  Achieved Ratio: 7.99
Throughput Statistics:
  Profiling Throughput:    182.75 GB/s
  Compression Throughput:  88.04 GB/s
  Total (Prof+Comp) Thrpt: 59.42 GB/s
Starting Decompression...
  Decompression Time: 0.655 ms
  Decompression Throughput: 103.89 GB/s
Verification Results:
  Max Error: 5.089417e-01
  PSNR: 44.11 dB
  Error Bound Compliance: PASS
BENCH_START:EXAALT:dataset1-5423x3137.z.f32.dat:plain:4.0
Configuration:
  Input File: /scratch/bfrq/bzhang28/SDRBENCH-exaalt-copper/dataset1-5423x3137.z.f32.dat
  Output File: (none)
  Elements: 17011951
  Target Ratio: 4.00
  Mode: plain
Data Range: 46.267490 (Min: 3.540010, Max: 49.807499)
Warming up GPU...
Warmup complete.
Starting Profiling...
  Profiling Time: 0.278 ms
  Selected AbsEB: 8.790823e-02 (RelEB: 1.900000e-03)
Starting Compression...
  Compression Time: 0.358 ms
  Compressed Size: 16945364 bytes
  Achieved Ratio: 4.02
Throughput Statistics:
  Profiling Throughput:    244.73 GB/s
  Compression Throughput:  189.98 GB/s
  Total (Prof+Comp) Thrpt: 106.96 GB/s
Starting Decompression...
  Decompression Time: 0.328 ms
  Decompression Throughput: 207.65 GB/s
Verification Results:
  Max Error: 8.790684e-02
  PSNR: 59.47 dB
  Error Bound Compliance: PASS
BENCH_START:EXAALT:dataset1-5423x3137.z.f32.dat:plain:6.0
Configuration:
  Input File: /scratch/bfrq/bzhang28/SDRBENCH-exaalt-copper/dataset1-5423x3137.z.f32.dat
  Output File: (none)
  Elements: 17011951
  Target Ratio: 6.00
  Mode: plain
Data Range: 46.267490 (Min: 3.540010, Max: 49.807499)
Warming up GPU...
Warmup complete.
Starting Profiling...
  Profiling Time: 0.278 ms
  Selected AbsEB: 5.089424e-01 (RelEB: 1.100000e-02)
Starting Compression...
  Compression Time: 0.341 ms
  Compressed Size: 11345856 bytes
  Achieved Ratio: 6.00
Throughput Statistics:
  Profiling Throughput:    244.73 GB/s
  Compression Throughput:  199.82 GB/s
  Total (Prof+Comp) Thrpt: 110.00 GB/s
Starting Decompression...
  Decompression Time: 0.290 ms
  Decompression Throughput: 234.53 GB/s
Verification Results:
  Max Error: 5.089417e-01
  PSNR: 44.11 dB
  Error Bound Compliance: PASS
BENCH_START:EXAALT:dataset1-5423x3137.z.f32.dat:plain:8.0
Configuration:
  Input File: /scratch/bfrq/bzhang28/SDRBENCH-exaalt-copper/dataset1-5423x3137.z.f32.dat
  Output File: (none)
  Elements: 17011951
  Target Ratio: 8.00
  Mode: plain
Data Range: 46.267490 (Min: 3.540010, Max: 49.807499)
Warming up GPU...
Warmup complete.
Starting Profiling...
  Profiling Time: 0.277 ms
  Selected AbsEB: 1.711897e+00 (RelEB: 3.700000e-02)
Starting Compression...
  Compression Time: 0.322 ms
  Compressed Size: 8175208 bytes
  Achieved Ratio: 8.32
Throughput Statistics:
  Profiling Throughput:    245.44 GB/s
  Compression Throughput:  211.07 GB/s
  Total (Prof+Comp) Thrpt: 113.48 GB/s
Starting Decompression...
  Decompression Time: 0.272 ms
  Decompression Throughput: 250.06 GB/s
Verification Results:
  Max Error: 1.711871e+00
  PSNR: 33.60 dB
  Error Bound Compliance: PASS
BENCH_START:EXAALT:dataset2-83x1077290.x.f32.dat:outlier:4.0
Configuration:
  Input File: /scratch/bfrq/bzhang28/SDRBENCH-exaalt-copper/dataset2-83x1077290.x.f32.dat
  Output File: (none)
  Elements: 89415070
  Target Ratio: 4.00
  Mode: outlier
Data Range: 1.002351 (Min: -0.001291, Max: 1.001060)
Warming up GPU...
Warmup complete.
Starting Profiling...
  Profiling Time: 0.726 ms
  Selected AbsEB: 9.422103e-04 (RelEB: 9.400000e-04)
Starting Compression...
  Compression Time: 1.729 ms
  Compressed Size: 87394875 bytes
  Achieved Ratio: 4.09
Throughput Statistics:
  Profiling Throughput:    492.92 GB/s
  Compression Throughput:  206.80 GB/s
  Total (Prof+Comp) Thrpt: 145.68 GB/s
Starting Decompression...
  Decompression Time: 1.766 ms
  Decompression Throughput: 202.47 GB/s
Verification Results:
  Max Error: 9.422302e-04
  PSNR: 65.31 dB
  Error Bound Compliance: PASS
BENCH_START:EXAALT:dataset2-83x1077290.x.f32.dat:outlier:6.0
Configuration:
  Input File: /scratch/bfrq/bzhang28/SDRBENCH-exaalt-copper/dataset2-83x1077290.x.f32.dat
  Output File: (none)
  Elements: 89415070
  Target Ratio: 6.00
  Mode: outlier
Data Range: 1.002351 (Min: -0.001291, Max: 1.001060)
Warming up GPU...
Warmup complete.
Starting Profiling...
  Profiling Time: 0.721 ms
  Selected AbsEB: 7.617871e-03 (RelEB: 7.600000e-03)
Starting Compression...
  Compression Time: 1.493 ms
  Compressed Size: 57328715 bytes
  Achieved Ratio: 6.24
Throughput Statistics:
  Profiling Throughput:    496.09 GB/s
  Compression Throughput:  239.50 GB/s
  Total (Prof+Comp) Thrpt: 161.52 GB/s
Starting Decompression...
  Decompression Time: 1.279 ms
  Decompression Throughput: 279.57 GB/s
Verification Results:
  Max Error: 7.617950e-03
  PSNR: 47.14 dB
  Error Bound Compliance: PASS
BENCH_START:EXAALT:dataset2-83x1077290.x.f32.dat:outlier:8.0
Configuration:
  Input File: /scratch/bfrq/bzhang28/SDRBENCH-exaalt-copper/dataset2-83x1077290.x.f32.dat
  Output File: (none)
  Elements: 89415070
  Target Ratio: 8.00
  Mode: outlier
Data Range: 1.002351 (Min: -0.001291, Max: 1.001060)
Warming up GPU...
Warmup complete.
Starting Profiling...
  Profiling Time: 0.706 ms
  Selected AbsEB: 1.904468e-02 (RelEB: 1.900000e-02)
Starting Compression...
  Compression Time: 1.327 ms
  Compressed Size: 39807156 bytes
  Achieved Ratio: 8.98
Throughput Statistics:
  Profiling Throughput:    506.96 GB/s
  Compression Throughput:  269.61 GB/s
  Total (Prof+Comp) Thrpt: 176.01 GB/s
Starting Decompression...
  Decompression Time: 1.136 ms
  Decompression Throughput: 314.80 GB/s
Verification Results:
  Max Error: 1.904470e-02
  PSNR: 39.23 dB
  Error Bound Compliance: PASS
BENCH_START:EXAALT:dataset2-83x1077290.x.f32.dat:plain:4.0
Configuration:
  Input File: /scratch/bfrq/bzhang28/SDRBENCH-exaalt-copper/dataset2-83x1077290.x.f32.dat
  Output File: (none)
  Elements: 89415070
  Target Ratio: 4.00
  Mode: plain
Data Range: 1.002351 (Min: -0.001291, Max: 1.001060)
Warming up GPU...
Warmup complete.
Starting Profiling...
  Profiling Time: 0.533 ms
  Selected AbsEB: 3.107290e-03 (RelEB: 3.100000e-03)
Starting Compression...
  Compression Time: 1.142 ms
  Compressed Size: 88059764 bytes
  Achieved Ratio: 4.06
Throughput Statistics:
  Profiling Throughput:    670.92 GB/s
  Compression Throughput:  313.14 GB/s
  Total (Prof+Comp) Thrpt: 213.49 GB/s
Starting Decompression...
  Decompression Time: 0.916 ms
  Decompression Throughput: 390.34 GB/s
Verification Results:
  Max Error: 3.107309e-03
  PSNR: 54.94 dB
  Error Bound Compliance: PASS
BENCH_START:EXAALT:dataset2-83x1077290.x.f32.dat:plain:6.0
Configuration:
  Input File: /scratch/bfrq/bzhang28/SDRBENCH-exaalt-copper/dataset2-83x1077290.x.f32.dat
  Output File: (none)
  Elements: 89415070
  Target Ratio: 6.00
  Mode: plain
Data Range: 1.002351 (Min: -0.001291, Max: 1.001060)
Warming up GPU...
Warmup complete.
Starting Profiling...
  Profiling Time: 0.537 ms
  Selected AbsEB: 1.904468e-02 (RelEB: 1.900000e-02)
Starting Compression...
  Compression Time: 1.034 ms
  Compressed Size: 58743196 bytes
  Achieved Ratio: 6.09
Throughput Statistics:
  Profiling Throughput:    665.81 GB/s
  Compression Throughput:  345.89 GB/s
  Total (Prof+Comp) Thrpt: 227.64 GB/s
Starting Decompression...
  Decompression Time: 0.897 ms
  Decompression Throughput: 398.68 GB/s
Verification Results:
  Max Error: 1.904470e-02
  PSNR: 39.23 dB
  Error Bound Compliance: PASS
BENCH_START:EXAALT:dataset2-83x1077290.x.f32.dat:plain:8.0
Configuration:
  Input File: /scratch/bfrq/bzhang28/SDRBENCH-exaalt-copper/dataset2-83x1077290.x.f32.dat
  Output File: (none)
  Elements: 89415070
  Target Ratio: 8.00
  Mode: plain
Data Range: 1.002351 (Min: -0.001291, Max: 1.001060)
Warming up GPU...
Warmup complete.
Starting Profiling...
  Profiling Time: 0.531 ms
  Selected AbsEB: 5.212227e-02 (RelEB: 5.200000e-02)
Starting Compression...
  Compression Time: 1.021 ms
  Compressed Size: 44262360 bytes
  Achieved Ratio: 8.08
Throughput Statistics:
  Profiling Throughput:    673.79 GB/s
  Compression Throughput:  350.19 GB/s
  Total (Prof+Comp) Thrpt: 230.43 GB/s
Starting Decompression...
  Decompression Time: 0.875 ms
  Decompression Throughput: 408.62 GB/s
Verification Results:
  Max Error: 5.212229e-02
  PSNR: 30.39 dB
  Error Bound Compliance: PASS
BENCH_START:EXAALT:dataset2-83x1077290.y.f32.dat:outlier:4.0
Configuration:
  Input File: /scratch/bfrq/bzhang28/SDRBENCH-exaalt-copper/dataset2-83x1077290.y.f32.dat
  Output File: (none)
  Elements: 89415070
  Target Ratio: 4.00
  Mode: outlier
Data Range: 1.002087 (Min: -0.001047, Max: 1.001040)
Warming up GPU...
Warmup complete.
Starting Profiling...
  Profiling Time: 0.758 ms
  Selected AbsEB: 2.204592e-04 (RelEB: 2.200000e-04)
Starting Compression...
  Compression Time: 1.747 ms
  Compressed Size: 89028551 bytes
  Achieved Ratio: 4.02
Throughput Statistics:
  Profiling Throughput:    471.64 GB/s
  Compression Throughput:  204.74 GB/s
  Total (Prof+Comp) Thrpt: 142.76 GB/s
Starting Decompression...
  Decompression Time: 1.521 ms
  Decompression Throughput: 235.21 GB/s
Verification Results:
  Max Error: 2.205372e-04
  PSNR: 77.92 dB
  Error Bound Compliance: PASS
BENCH_START:EXAALT:dataset2-83x1077290.y.f32.dat:outlier:6.0
Configuration:
  Input File: /scratch/bfrq/bzhang28/SDRBENCH-exaalt-copper/dataset2-83x1077290.y.f32.dat
  Output File: (none)
  Elements: 89415070
  Target Ratio: 6.00
  Mode: outlier
Data Range: 1.002087 (Min: -0.001047, Max: 1.001040)
Warming up GPU...
Warmup complete.
Starting Profiling...
  Profiling Time: 0.722 ms
  Selected AbsEB: 1.603340e-03 (RelEB: 1.600000e-03)
Starting Compression...
  Compression Time: 1.719 ms
  Compressed Size: 56605390 bytes
  Achieved Ratio: 6.32
Throughput Statistics:
  Profiling Throughput:    495.30 GB/s
  Compression Throughput:  208.10 GB/s
  Total (Prof+Comp) Thrpt: 146.53 GB/s
Starting Decompression...
  Decompression Time: 1.568 ms
  Decompression Throughput: 228.11 GB/s
Verification Results:
  Max Error: 1.603365e-03
  PSNR: 60.69 dB
  Error Bound Compliance: PASS
BENCH_START:EXAALT:dataset2-83x1077290.y.f32.dat:outlier:8.0
Configuration:
  Input File: /scratch/bfrq/bzhang28/SDRBENCH-exaalt-copper/dataset2-83x1077290.y.f32.dat
  Output File: (none)
  Elements: 89415070
  Target Ratio: 8.00
  Mode: outlier
Data Range: 1.002087 (Min: -0.001047, Max: 1.001040)
Warming up GPU...
Warmup complete.
Starting Profiling...
  Profiling Time: 0.728 ms
  Selected AbsEB: 4.008350e-03 (RelEB: 4.000000e-03)
Starting Compression...
  Compression Time: 1.492 ms
  Compressed Size: 42916601 bytes
  Achieved Ratio: 8.33
Throughput Statistics:
  Profiling Throughput:    491.21 GB/s
  Compression Throughput:  239.67 GB/s
  Total (Prof+Comp) Thrpt: 161.08 GB/s
Starting Decompression...
  Decompression Time: 1.328 ms
  Decompression Throughput: 269.38 GB/s
Verification Results:
  Max Error: 4.008412e-03
  PSNR: 52.72 dB
  Error Bound Compliance: PASS
BENCH_START:EXAALT:dataset2-83x1077290.y.f32.dat:plain:4.0
Configuration:
  Input File: /scratch/bfrq/bzhang28/SDRBENCH-exaalt-copper/dataset2-83x1077290.y.f32.dat
  Output File: (none)
  Elements: 89415070
  Target Ratio: 4.00
  Mode: plain
Data Range: 1.002087 (Min: -0.001047, Max: 1.001040)
Warming up GPU...
Warmup complete.
Starting Profiling...
  Profiling Time: 0.535 ms
  Selected AbsEB: 2.805845e-03 (RelEB: 2.800000e-03)
Starting Compression...
  Compression Time: 1.136 ms
  Compressed Size: 88106876 bytes
  Achieved Ratio: 4.06
Throughput Statistics:
  Profiling Throughput:    668.71 GB/s
  Compression Throughput:  314.71 GB/s
  Total (Prof+Comp) Thrpt: 214.00 GB/s
Starting Decompression...
  Decompression Time: 0.908 ms
  Decompression Throughput: 393.86 GB/s
Verification Results:
  Max Error: 2.805889e-03
  PSNR: 55.83 dB
  Error Bound Compliance: PASS
BENCH_START:EXAALT:dataset2-83x1077290.y.f32.dat:plain:6.0
Configuration:
  Input File: /scratch/bfrq/bzhang28/SDRBENCH-exaalt-copper/dataset2-83x1077290.y.f32.dat
  Output File: (none)
  Elements: 89415070
  Target Ratio: 6.00
  Mode: plain
Data Range: 1.002087 (Min: -0.001047, Max: 1.001040)
Warming up GPU...
Warmup complete.
Starting Profiling...
  Profiling Time: 0.542 ms
  Selected AbsEB: 1.903966e-02 (RelEB: 1.900000e-02)
Starting Compression...
  Compression Time: 1.046 ms
  Compressed Size: 58166100 bytes
  Achieved Ratio: 6.15
Throughput Statistics:
  Profiling Throughput:    659.68 GB/s
  Compression Throughput:  341.85 GB/s
  Total (Prof+Comp) Thrpt: 225.17 GB/s
Starting Decompression...
  Decompression Time: 0.889 ms
  Decompression Throughput: 402.25 GB/s
Verification Results:
  Max Error: 1.903969e-02
  PSNR: 39.23 dB
  Error Bound Compliance: PASS
BENCH_START:EXAALT:dataset2-83x1077290.y.f32.dat:plain:8.0
Configuration:
  Input File: /scratch/bfrq/bzhang28/SDRBENCH-exaalt-copper/dataset2-83x1077290.y.f32.dat
  Output File: (none)
  Elements: 89415070
  Target Ratio: 8.00
  Mode: plain
Data Range: 1.002087 (Min: -0.001047, Max: 1.001040)
Warming up GPU...
Warmup complete.
Starting Profiling...
  Profiling Time: 0.531 ms
  Selected AbsEB: 4.910228e-02 (RelEB: 4.900000e-02)
Starting Compression...
  Compression Time: 1.025 ms
  Compressed Size: 44682968 bytes
  Achieved Ratio: 8.00
Throughput Statistics:
  Profiling Throughput:    673.06 GB/s
  Compression Throughput:  349.02 GB/s
  Total (Prof+Comp) Thrpt: 229.84 GB/s
Starting Decompression...
  Decompression Time: 0.926 ms
  Decompression Throughput: 386.16 GB/s
Verification Results:
  Max Error: 4.910228e-02
  PSNR: 31.03 dB
  Error Bound Compliance: PASS
BENCH_START:EXAALT:dataset2-83x1077290.z.f32.dat:outlier:4.0
Configuration:
  Input File: /scratch/bfrq/bzhang28/SDRBENCH-exaalt-copper/dataset2-83x1077290.z.f32.dat
  Output File: (none)
  Elements: 89415070
  Target Ratio: 4.00
  Mode: outlier
Data Range: 0.716790 (Min: 0.022619, Max: 0.739409)
Warming up GPU...
Warmup complete.
Starting Profiling...
  Profiling Time: 0.730 ms
  Selected AbsEB: 5.447606e-04 (RelEB: 7.600000e-04)
Starting Compression...
  Compression Time: 1.952 ms
  Compressed Size: 89319754 bytes
  Achieved Ratio: 4.00
Throughput Statistics:
  Profiling Throughput:    489.72 GB/s
  Compression Throughput:  183.21 GB/s
  Total (Prof+Comp) Thrpt: 133.33 GB/s
Starting Decompression...
  Decompression Time: 1.964 ms
  Decompression Throughput: 182.15 GB/s
Verification Results:
  Max Error: 5.447865e-04
  PSNR: 67.16 dB
  Error Bound Compliance: PASS
BENCH_START:EXAALT:dataset2-83x1077290.z.f32.dat:outlier:6.0
Configuration:
  Input File: /scratch/bfrq/bzhang28/SDRBENCH-exaalt-copper/dataset2-83x1077290.z.f32.dat
  Output File: (none)
  Elements: 89415070
  Target Ratio: 6.00
  Mode: outlier
Data Range: 0.716790 (Min: 0.022619, Max: 0.739409)
Warming up GPU...
Warmup complete.
Starting Profiling...
  Profiling Time: 0.712 ms
  Selected AbsEB: 3.942346e-03 (RelEB: 5.500000e-03)
Starting Compression...
  Compression Time: 1.645 ms
  Compressed Size: 58639271 bytes
  Achieved Ratio: 6.10
Throughput Statistics:
  Profiling Throughput:    502.54 GB/s
  Compression Throughput:  217.43 GB/s
  Total (Prof+Comp) Thrpt: 151.77 GB/s
Starting Decompression...
  Decompression Time: 1.517 ms
  Decompression Throughput: 235.71 GB/s
Verification Results:
  Max Error: 3.942333e-03
  PSNR: 49.96 dB
  Error Bound Compliance: PASS
BENCH_START:EXAALT:dataset2-83x1077290.z.f32.dat:outlier:8.0
Configuration:
  Input File: /scratch/bfrq/bzhang28/SDRBENCH-exaalt-copper/dataset2-83x1077290.z.f32.dat
  Output File: (none)
  Elements: 89415070
  Target Ratio: 8.00
  Mode: outlier
Data Range: 0.716790 (Min: 0.022619, Max: 0.739409)
Warming up GPU...
Warmup complete.
Starting Profiling...
  Profiling Time: 0.715 ms
  Selected AbsEB: 1.146864e-02 (RelEB: 1.600000e-02)
Starting Compression...
  Compression Time: 1.458 ms
  Compressed Size: 42423595 bytes
  Achieved Ratio: 8.43
Throughput Statistics:
  Profiling Throughput:    499.99 GB/s
  Compression Throughput:  245.24 GB/s
  Total (Prof+Comp) Thrpt: 164.54 GB/s
Starting Decompression...
  Decompression Time: 1.254 ms
  Decompression Throughput: 285.22 GB/s
Verification Results:
  Max Error: 1.146865e-02
  PSNR: 40.77 dB
  Error Bound Compliance: PASS
BENCH_START:EXAALT:dataset2-83x1077290.z.f32.dat:plain:4.0
Configuration:
  Input File: /scratch/bfrq/bzhang28/SDRBENCH-exaalt-copper/dataset2-83x1077290.z.f32.dat
  Output File: (none)
  Elements: 89415070
  Target Ratio: 4.00
  Mode: plain
Data Range: 0.716790 (Min: 0.022619, Max: 0.739409)
Warming up GPU...
Warmup complete.
Starting Profiling...
  Profiling Time: 0.532 ms
  Selected AbsEB: 1.791975e-03 (RelEB: 2.500000e-03)
Starting Compression...
  Compression Time: 1.136 ms
  Compressed Size: 87280388 bytes
  Achieved Ratio: 4.10
Throughput Statistics:
  Profiling Throughput:    672.09 GB/s
  Compression Throughput:  314.74 GB/s
  Total (Prof+Comp) Thrpt: 214.35 GB/s
Starting Decompression...
  Decompression Time: 0.925 ms
  Decompression Throughput: 386.60 GB/s
Verification Results:
  Max Error: 1.791984e-03
  PSNR: 56.82 dB
  Error Bound Compliance: PASS
BENCH_START:EXAALT:dataset2-83x1077290.z.f32.dat:plain:6.0
Configuration:
  Input File: /scratch/bfrq/bzhang28/SDRBENCH-exaalt-copper/dataset2-83x1077290.z.f32.dat
  Output File: (none)
  Elements: 89415070
  Target Ratio: 6.00
  Mode: plain
Data Range: 0.716790 (Min: 0.022619, Max: 0.739409)
Warming up GPU...
Warmup complete.
Starting Profiling...
  Profiling Time: 0.532 ms
  Selected AbsEB: 1.146864e-02 (RelEB: 1.600000e-02)
Starting Compression...
  Compression Time: 1.045 ms
  Compressed Size: 58950468 bytes
  Achieved Ratio: 6.07
Throughput Statistics:
  Profiling Throughput:    672.09 GB/s
  Compression Throughput:  342.28 GB/s
  Total (Prof+Comp) Thrpt: 226.79 GB/s
Starting Decompression...
  Decompression Time: 0.895 ms
  Decompression Throughput: 399.49 GB/s
Verification Results:
  Max Error: 1.146865e-02
  PSNR: 40.77 dB
  Error Bound Compliance: PASS
BENCH_START:EXAALT:dataset2-83x1077290.z.f32.dat:plain:8.0
Configuration:
  Input File: /scratch/bfrq/bzhang28/SDRBENCH-exaalt-copper/dataset2-83x1077290.z.f32.dat
  Output File: (none)
  Elements: 89415070
  Target Ratio: 8.00
  Mode: plain
Data Range: 0.716790 (Min: 0.022619, Max: 0.739409)
Warming up GPU...
Warmup complete.
Starting Profiling...
  Profiling Time: 0.533 ms
  Selected AbsEB: 3.082198e-02 (RelEB: 4.300000e-02)
Starting Compression...
  Compression Time: 1.021 ms
  Compressed Size: 43745528 bytes
  Achieved Ratio: 8.18
Throughput Statistics:
  Profiling Throughput:    670.44 GB/s
  Compression Throughput:  350.22 GB/s
  Total (Prof+Comp) Thrpt: 230.05 GB/s
Starting Decompression...
  Decompression Time: 0.885 ms
  Decompression Throughput: 404.23 GB/s
Verification Results:
  Max Error: 3.082194e-02
  PSNR: 31.88 dB
  Error Bound Compliance: PASS
BENCH_START:SCALE:PRES-98x1200x1200.f32:outlier:4.0
Configuration:
  Input File: /scratch/bfrq/bzhang28/SDRBENCH-SCALE_98x1200x1200/PRES-98x1200x1200.f32
  Dims: 1200x1200x98
  Elements: 141120000
  Target Ratio: 4.00
  Mode: outlier
  Sample Rate: 1000
Data Range: 99534.757812
Warming up GPU...
Warmup complete.
Starting Profiling...
  Profiling Time: 0.721 ms
  Selected AbsEB: 6.370224e+00 (RelEB: 6.400000e-05)
  Estimated Ratio: 4.02 (Target: 4.00)
Starting Compression...
  Compression Time: 2.211 ms
  Compressed Size: 140341533
  Achieved Ratio: 4.02
Throughput Statistics:
  Profiling Throughput:    783.03 GB/s
  Compression Throughput:  255.30 GB/s
  Total (Prof+Comp) Thrpt: 192.53 GB/s
Starting Decompression...
  Decompression Time: 1.554 ms
  Decompression Throughput: 363.30 GB/s
Verification Results:
  Max Error: 6.375000e+00
  PSNR: 88.65 dB
  Compliance: PASS
BENCH_START:SCALE:PRES-98x1200x1200.f32:outlier:6.0
Configuration:
  Input File: /scratch/bfrq/bzhang28/SDRBENCH-SCALE_98x1200x1200/PRES-98x1200x1200.f32
  Dims: 1200x1200x98
  Elements: 141120000
  Target Ratio: 6.00
  Mode: outlier
  Sample Rate: 1000
Data Range: 99534.757812
Warming up GPU...
Warmup complete.
Starting Profiling...
  Profiling Time: 0.720 ms
  Selected AbsEB: 4.578599e+01 (RelEB: 4.600000e-04)
  Estimated Ratio: 6.12 (Target: 6.00)
Starting Compression...
  Compression Time: 1.945 ms
  Compressed Size: 92191488
  Achieved Ratio: 6.12
Throughput Statistics:
  Profiling Throughput:    783.76 GB/s
  Compression Throughput:  290.24 GB/s
  Total (Prof+Comp) Thrpt: 211.81 GB/s
Starting Decompression...
  Decompression Time: 1.348 ms
  Decompression Throughput: 418.87 GB/s
Verification Results:
  Max Error: 4.579688e+01
  PSNR: 71.55 dB
  Compliance: PASS
BENCH_START:SCALE:PRES-98x1200x1200.f32:outlier:8.0
Configuration:
  Input File: /scratch/bfrq/bzhang28/SDRBENCH-SCALE_98x1200x1200/PRES-98x1200x1200.f32
  Dims: 1200x1200x98
  Elements: 141120000
  Target Ratio: 8.00
  Mode: outlier
  Sample Rate: 1000
Data Range: 99534.757812
Warming up GPU...
Warmup complete.
Starting Profiling...
  Profiling Time: 0.720 ms
  Selected AbsEB: 1.293952e+02 (RelEB: 1.300000e-03)
  Estimated Ratio: 8.25 (Target: 8.00)
Starting Compression...
  Compression Time: 1.854 ms
  Compressed Size: 68524143
  Achieved Ratio: 8.24
Throughput Statistics:
  Profiling Throughput:    784.24 GB/s
  Compression Throughput:  304.47 GB/s
  Total (Prof+Comp) Thrpt: 219.32 GB/s
Starting Decompression...
  Decompression Time: 1.218 ms
  Decompression Throughput: 463.64 GB/s
Verification Results:
  Max Error: 1.293984e+02
  PSNR: 62.64 dB
  Compliance: PASS
BENCH_START:SCALE:PRES-98x1200x1200.f32:plain:4.0
Configuration:
  Input File: /scratch/bfrq/bzhang28/SDRBENCH-SCALE_98x1200x1200/PRES-98x1200x1200.f32
  Dims: 1200x1200x98
  Elements: 141120000
  Target Ratio: 4.00
  Mode: plain
  Sample Rate: 1000
Data Range: 99534.757812
Warming up GPU...
Warmup complete.
Starting Profiling...
  Profiling Time: 0.736 ms
  Selected AbsEB: 1.891160e+02 (RelEB: 1.900000e-03)
  Estimated Ratio: 4.06 (Target: 4.00)
Starting Compression...
  Compression Time: 1.829 ms
  Compressed Size: 139110328
  Achieved Ratio: 4.06
Throughput Statistics:
  Profiling Throughput:    766.92 GB/s
  Compression Throughput:  308.60 GB/s
  Total (Prof+Comp) Thrpt: 220.05 GB/s
Starting Decompression...
  Decompression Time: 1.048 ms
  Decompression Throughput: 538.79 GB/s
Verification Results:
  Max Error: 1.891172e+02
  PSNR: 59.10 dB
  Compliance: PASS
BENCH_START:SCALE:PRES-98x1200x1200.f32:plain:6.0
Configuration:
  Input File: /scratch/bfrq/bzhang28/SDRBENCH-SCALE_98x1200x1200/PRES-98x1200x1200.f32
  Dims: 1200x1200x98
  Elements: 141120000
  Target Ratio: 6.00
  Mode: plain
  Sample Rate: 1000
Data Range: 99534.757812
Warming up GPU...
Warmup complete.
Starting Profiling...
  Profiling Time: 0.711 ms
  Selected AbsEB: 1.293952e+03 (RelEB: 1.300000e-02)
  Estimated Ratio: 6.12 (Target: 6.00)
Starting Compression...
  Compression Time: 1.744 ms
  Compressed Size: 92202824
  Achieved Ratio: 6.12
Throughput Statistics:
  Profiling Throughput:    793.52 GB/s
  Compression Throughput:  323.70 GB/s
  Total (Prof+Comp) Thrpt: 229.91 GB/s
Starting Decompression...
  Decompression Time: 0.964 ms
  Decompression Throughput: 585.48 GB/s
Verification Results:
  Max Error: 1.293953e+03
  PSNR: 42.58 dB
  Compliance: PASS
BENCH_START:SCALE:PRES-98x1200x1200.f32:plain:8.0
Configuration:
  Input File: /scratch/bfrq/bzhang28/SDRBENCH-SCALE_98x1200x1200/PRES-98x1200x1200.f32
  Dims: 1200x1200x98
  Elements: 141120000
  Target Ratio: 8.00
  Mode: plain
  Sample Rate: 1000
Data Range: 99534.757812
Warming up GPU...
Warmup complete.
Starting Profiling...
  Profiling Time: 0.718 ms
  Selected AbsEB: 3.384182e+03 (RelEB: 3.400000e-02)
  Estimated Ratio: 8.34 (Target: 8.00)
Starting Compression...
  Compression Time: 1.682 ms
  Compressed Size: 67637032
  Achieved Ratio: 8.35
Throughput Statistics:
  Profiling Throughput:    785.64 GB/s
  Compression Throughput:  335.58 GB/s
  Total (Prof+Comp) Thrpt: 235.14 GB/s
Starting Decompression...
  Decompression Time: 0.880 ms
  Decompression Throughput: 641.15 GB/s
Verification Results:
  Max Error: 3.384184e+03
  PSNR: 33.77 dB
  Compliance: PASS
BENCH_START:SCALE:QC-98x1200x1200.f32:outlier:4.0
Configuration:
  Input File: /scratch/bfrq/bzhang28/SDRBENCH-SCALE_98x1200x1200/QC-98x1200x1200.f32
  Dims: 1200x1200x98
  Elements: 141120000
  Target Ratio: 4.00
  Mode: outlier
  Sample Rate: 1000
Data Range: 0.003012
Warming up GPU...
Warmup complete.
Starting Profiling...
  Profiling Time: 0.722 ms
  Selected AbsEB: 3.011531e-09 (RelEB: 1.000000e-06)
  Estimated Ratio: 9.56 (Target: 4.00)
Starting Compression...
  Compression Time: 1.711 ms
  Compressed Size: 53679909
  Achieved Ratio: 10.52
Throughput Statistics:
  Profiling Throughput:    782.19 GB/s
  Compression Throughput:  330.00 GB/s
  Total (Prof+Comp) Thrpt: 232.09 GB/s
Starting Decompression...
  Decompression Time: 1.396 ms
  Decompression Throughput: 404.34 GB/s
Verification Results:
  Max Error: 3.143214e-09
  PSNR: 130.62 dB
  Compliance: PASS
BENCH_START:SCALE:QC-98x1200x1200.f32:outlier:6.0
Configuration:
  Input File: /scratch/bfrq/bzhang28/SDRBENCH-SCALE_98x1200x1200/QC-98x1200x1200.f32
  Dims: 1200x1200x98
  Elements: 141120000
  Target Ratio: 6.00
  Mode: outlier
  Sample Rate: 1000
Data Range: 0.003012
Warming up GPU...
Warmup complete.
Starting Profiling...
  Profiling Time: 0.723 ms
  Selected AbsEB: 3.011531e-09 (RelEB: 1.000000e-06)
  Estimated Ratio: 9.56 (Target: 6.00)
Starting Compression...
  Compression Time: 1.721 ms
  Compressed Size: 53679909
  Achieved Ratio: 10.52
Throughput Statistics:
  Profiling Throughput:    781.05 GB/s
  Compression Throughput:  328.02 GB/s
  Total (Prof+Comp) Thrpt: 231.00 GB/s
Starting Decompression...
  Decompression Time: 1.477 ms
  Decompression Throughput: 382.17 GB/s
Verification Results:
  Max Error: 3.143214e-09
  PSNR: 130.62 dB
  Compliance: PASS
BENCH_START:SCALE:QC-98x1200x1200.f32:outlier:8.0
Configuration:
  Input File: /scratch/bfrq/bzhang28/SDRBENCH-SCALE_98x1200x1200/QC-98x1200x1200.f32
  Dims: 1200x1200x98
  Elements: 141120000
  Target Ratio: 8.00
  Mode: outlier
  Sample Rate: 1000
Data Range: 0.003012
Warming up GPU...
Warmup complete.
Starting Profiling...
  Profiling Time: 0.714 ms
  Selected AbsEB: 3.011531e-09 (RelEB: 1.000000e-06)
  Estimated Ratio: 9.56 (Target: 8.00)
Starting Compression...
  Compression Time: 1.713 ms
  Compressed Size: 53679909
  Achieved Ratio: 10.52
Throughput Statistics:
  Profiling Throughput:    790.32 GB/s
  Compression Throughput:  329.59 GB/s
  Total (Prof+Comp) Thrpt: 232.59 GB/s
Starting Decompression...
  Decompression Time: 1.398 ms
  Decompression Throughput: 403.76 GB/s
Verification Results:
  Max Error: 3.143214e-09
  PSNR: 130.62 dB
  Compliance: PASS
BENCH_START:SCALE:QC-98x1200x1200.f32:plain:4.0
Configuration:
  Input File: /scratch/bfrq/bzhang28/SDRBENCH-SCALE_98x1200x1200/QC-98x1200x1200.f32
  Dims: 1200x1200x98
  Elements: 141120000
  Target Ratio: 4.00
  Mode: plain
  Sample Rate: 1000
Data Range: 0.003012
Warming up GPU...
Warmup complete.
Starting Profiling...
  Profiling Time: 0.709 ms
  Selected AbsEB: 3.011531e-09 (RelEB: 1.000000e-06)
  Estimated Ratio: 9.14 (Target: 4.00)
Starting Compression...
  Compression Time: 1.574 ms
  Compressed Size: 55332400
  Achieved Ratio: 10.20
Throughput Statistics:
  Profiling Throughput:    795.92 GB/s
  Compression Throughput:  358.61 GB/s
  Total (Prof+Comp) Thrpt: 247.22 GB/s
Starting Decompression...
  Decompression Time: 0.873 ms
  Decompression Throughput: 646.75 GB/s
Verification Results:
  Max Error: 3.143214e-09
  PSNR: 130.62 dB
  Compliance: PASS
BENCH_START:SCALE:QC-98x1200x1200.f32:plain:6.0
Configuration:
  Input File: /scratch/bfrq/bzhang28/SDRBENCH-SCALE_98x1200x1200/QC-98x1200x1200.f32
  Dims: 1200x1200x98
  Elements: 141120000
  Target Ratio: 6.00
  Mode: plain
  Sample Rate: 1000
Data Range: 0.003012
Warming up GPU...
Warmup complete.
Starting Profiling...
  Profiling Time: 0.712 ms
  Selected AbsEB: 3.011531e-09 (RelEB: 1.000000e-06)
  Estimated Ratio: 9.14 (Target: 6.00)
Starting Compression...
  Compression Time: 1.574 ms
  Compressed Size: 55332400
  Achieved Ratio: 10.20
Throughput Statistics:
  Profiling Throughput:    792.38 GB/s
  Compression Throughput:  358.65 GB/s
  Total (Prof+Comp) Thrpt: 246.90 GB/s
Starting Decompression...
  Decompression Time: 0.866 ms
  Decompression Throughput: 652.15 GB/s
Verification Results:
  Max Error: 3.143214e-09
  PSNR: 130.62 dB
  Compliance: PASS
BENCH_START:SCALE:QC-98x1200x1200.f32:plain:8.0
Configuration:
  Input File: /scratch/bfrq/bzhang28/SDRBENCH-SCALE_98x1200x1200/QC-98x1200x1200.f32
  Dims: 1200x1200x98
  Elements: 141120000
  Target Ratio: 8.00
  Mode: plain
  Sample Rate: 1000
Data Range: 0.003012
Warming up GPU...
Warmup complete.
Starting Profiling...
  Profiling Time: 0.714 ms
  Selected AbsEB: 3.011531e-09 (RelEB: 1.000000e-06)
  Estimated Ratio: 9.14 (Target: 8.00)
Starting Compression...
  Compression Time: 1.576 ms
  Compressed Size: 55332400
  Achieved Ratio: 10.20
Throughput Statistics:
  Profiling Throughput:    790.89 GB/s
  Compression Throughput:  358.23 GB/s
  Total (Prof+Comp) Thrpt: 246.55 GB/s
Starting Decompression...
  Decompression Time: 0.866 ms
  Decompression Throughput: 651.55 GB/s
Verification Results:
  Max Error: 3.143214e-09
  PSNR: 130.62 dB
  Compliance: PASS
BENCH_START:SCALE:QG-98x1200x1200.f32:outlier:4.0
Configuration:
  Input File: /scratch/bfrq/bzhang28/SDRBENCH-SCALE_98x1200x1200/QG-98x1200x1200.f32
  Dims: 1200x1200x98
  Elements: 141120000
  Target Ratio: 4.00
  Mode: outlier
  Sample Rate: 1000
Data Range: 0.014881
Warming up GPU...
Warmup complete.
Starting Profiling...
  Profiling Time: 0.727 ms
  Selected AbsEB: 1.488131e-08 (RelEB: 1.000000e-06)
  Estimated Ratio: 14.44 (Target: 4.00)
Starting Compression...
  Compression Time: 1.647 ms
  Compressed Size: 34575550
  Achieved Ratio: 16.33
Throughput Statistics:
  Profiling Throughput:    776.37 GB/s
  Compression Throughput:  342.82 GB/s
  Total (Prof+Comp) Thrpt: 237.81 GB/s
Starting Decompression...
  Decompression Time: 1.246 ms
  Decompression Throughput: 453.14 GB/s
Verification Results:
  Max Error: 1.490116e-08
  PSNR: 130.02 dB
  Compliance: PASS
BENCH_START:SCALE:QG-98x1200x1200.f32:outlier:6.0
Configuration:
  Input File: /scratch/bfrq/bzhang28/SDRBENCH-SCALE_98x1200x1200/QG-98x1200x1200.f32
  Dims: 1200x1200x98
  Elements: 141120000
  Target Ratio: 6.00
  Mode: outlier
  Sample Rate: 1000
Data Range: 0.014881
Warming up GPU...
Warmup complete.
Starting Profiling...
  Profiling Time: 0.729 ms
  Selected AbsEB: 1.488131e-08 (RelEB: 1.000000e-06)
  Estimated Ratio: 14.44 (Target: 6.00)
Starting Compression...
  Compression Time: 1.636 ms
  Compressed Size: 34575550
  Achieved Ratio: 16.33
Throughput Statistics:
  Profiling Throughput:    774.43 GB/s
  Compression Throughput:  345.12 GB/s
  Total (Prof+Comp) Thrpt: 238.73 GB/s
Starting Decompression...
  Decompression Time: 1.213 ms
  Decompression Throughput: 465.32 GB/s
Verification Results:
  Max Error: 1.490116e-08
  PSNR: 130.02 dB
  Compliance: PASS
BENCH_START:SCALE:QG-98x1200x1200.f32:outlier:8.0
Configuration:
  Input File: /scratch/bfrq/bzhang28/SDRBENCH-SCALE_98x1200x1200/QG-98x1200x1200.f32
  Dims: 1200x1200x98
  Elements: 141120000
  Target Ratio: 8.00
  Mode: outlier
  Sample Rate: 1000
Data Range: 0.014881
Warming up GPU...
Warmup complete.
Starting Profiling...
  Profiling Time: 0.720 ms
  Selected AbsEB: 1.488131e-08 (RelEB: 1.000000e-06)
  Estimated Ratio: 14.44 (Target: 8.00)
Starting Compression...
  Compression Time: 1.652 ms
  Compressed Size: 34575550
  Achieved Ratio: 16.33
Throughput Statistics:
  Profiling Throughput:    784.42 GB/s
  Compression Throughput:  341.76 GB/s
  Total (Prof+Comp) Thrpt: 238.05 GB/s
Starting Decompression...
  Decompression Time: 1.229 ms
  Decompression Throughput: 459.43 GB/s
Verification Results:
  Max Error: 1.490116e-08
  PSNR: 130.02 dB
  Compliance: PASS
BENCH_START:SCALE:QG-98x1200x1200.f32:plain:4.0
Configuration:
  Input File: /scratch/bfrq/bzhang28/SDRBENCH-SCALE_98x1200x1200/QG-98x1200x1200.f32
  Dims: 1200x1200x98
  Elements: 141120000
  Target Ratio: 4.00
  Mode: plain
  Sample Rate: 1000
Data Range: 0.014881
Warming up GPU...
Warmup complete.
Starting Profiling...
  Profiling Time: 0.704 ms
  Selected AbsEB: 1.488131e-08 (RelEB: 1.000000e-06)
  Estimated Ratio: 12.80 (Target: 4.00)
Starting Compression...
  Compression Time: 1.498 ms
  Compressed Size: 39130848
  Achieved Ratio: 14.43
Throughput Statistics:
  Profiling Throughput:    801.67 GB/s
  Compression Throughput:  376.89 GB/s
  Total (Prof+Comp) Thrpt: 256.37 GB/s
Starting Decompression...
  Decompression Time: 0.716 ms
  Decompression Throughput: 788.80 GB/s
Verification Results:
  Max Error: 1.490116e-08
  PSNR: 130.02 dB
  Compliance: PASS
BENCH_START:SCALE:QG-98x1200x1200.f32:plain:6.0
Configuration:
  Input File: /scratch/bfrq/bzhang28/SDRBENCH-SCALE_98x1200x1200/QG-98x1200x1200.f32
  Dims: 1200x1200x98
  Elements: 141120000
  Target Ratio: 6.00
  Mode: plain
  Sample Rate: 1000
Data Range: 0.014881
Warming up GPU...
Warmup complete.
Starting Profiling...
  Profiling Time: 0.720 ms
  Selected AbsEB: 1.488131e-08 (RelEB: 1.000000e-06)
  Estimated Ratio: 12.80 (Target: 6.00)
Starting Compression...
  Compression Time: 1.506 ms
  Compressed Size: 39130848
  Achieved Ratio: 14.43
Throughput Statistics:
  Profiling Throughput:    784.24 GB/s
  Compression Throughput:  374.84 GB/s
  Total (Prof+Comp) Thrpt: 253.62 GB/s
Starting Decompression...
  Decompression Time: 0.723 ms
  Decompression Throughput: 780.70 GB/s
Verification Results:
  Max Error: 1.490116e-08
  PSNR: 130.02 dB
  Compliance: PASS
BENCH_START:SCALE:QG-98x1200x1200.f32:plain:8.0
Configuration:
  Input File: /scratch/bfrq/bzhang28/SDRBENCH-SCALE_98x1200x1200/QG-98x1200x1200.f32
  Dims: 1200x1200x98
  Elements: 141120000
  Target Ratio: 8.00
  Mode: plain
  Sample Rate: 1000
Data Range: 0.014881
Warming up GPU...
Warmup complete.
Starting Profiling...
  Profiling Time: 4.999 ms
  Selected AbsEB: 1.488131e-08 (RelEB: 1.000000e-06)
  Estimated Ratio: 12.80 (Target: 8.00)
Starting Compression...
  Compression Time: 4.398 ms
  Compressed Size: 39130848
  Achieved Ratio: 14.43
Throughput Statistics:
  Profiling Throughput:    112.92 GB/s
  Compression Throughput:  128.36 GB/s
  Total (Prof+Comp) Thrpt: 60.07 GB/s
Starting Decompression...
  Decompression Time: 3.211 ms
  Decompression Throughput: 175.81 GB/s
Verification Results:
  Max Error: 1.490116e-08
  PSNR: 130.02 dB
  Compliance: PASS
BENCH_START:SCALE:QI-98x1200x1200.f32:outlier:4.0
Configuration:
  Input File: /scratch/bfrq/bzhang28/SDRBENCH-SCALE_98x1200x1200/QI-98x1200x1200.f32
  Dims: 1200x1200x98
  Elements: 141120000
  Target Ratio: 4.00
  Mode: outlier
  Sample Rate: 1000
Data Range: 0.001601
Warming up GPU...
Warmup complete.
Starting Profiling...
  Profiling Time: 0.728 ms
  Selected AbsEB: 1.600500e-09 (RelEB: 1.000000e-06)
  Estimated Ratio: 8.94 (Target: 4.00)
Starting Compression...
  Compression Time: 1.709 ms
  Compressed Size: 57363971
  Achieved Ratio: 9.84
Throughput Statistics:
  Profiling Throughput:    775.11 GB/s
  Compression Throughput:  330.28 GB/s
  Total (Prof+Comp) Thrpt: 231.59 GB/s
Starting Decompression...
  Decompression Time: 1.253 ms
  Decompression Throughput: 450.55 GB/s
Verification Results:
  Max Error: 1.629815e-09
  PSNR: 130.44 dB
  Compliance: PASS
BENCH_START:SCALE:QI-98x1200x1200.f32:outlier:6.0
Configuration:
  Input File: /scratch/bfrq/bzhang28/SDRBENCH-SCALE_98x1200x1200/QI-98x1200x1200.f32
  Dims: 1200x1200x98
  Elements: 141120000
  Target Ratio: 6.00
  Mode: outlier
  Sample Rate: 1000
Data Range: 0.001601
Warming up GPU...
Warmup complete.
Starting Profiling...
  Profiling Time: 0.729 ms
  Selected AbsEB: 1.600500e-09 (RelEB: 1.000000e-06)
  Estimated Ratio: 8.94 (Target: 6.00)
Starting Compression...
  Compression Time: 1.722 ms
  Compressed Size: 57363971
  Achieved Ratio: 9.84
Throughput Statistics:
  Profiling Throughput:    773.96 GB/s
  Compression Throughput:  327.77 GB/s
  Total (Prof+Comp) Thrpt: 230.26 GB/s
Starting Decompression...
  Decompression Time: 1.252 ms
  Decompression Throughput: 450.98 GB/s
Verification Results:
  Max Error: 1.629815e-09
  PSNR: 130.44 dB
  Compliance: PASS
BENCH_START:SCALE:QI-98x1200x1200.f32:outlier:8.0
Configuration:
  Input File: /scratch/bfrq/bzhang28/SDRBENCH-SCALE_98x1200x1200/QI-98x1200x1200.f32
  Dims: 1200x1200x98
  Elements: 141120000
  Target Ratio: 8.00
  Mode: outlier
  Sample Rate: 1000
Data Range: 0.001601
Warming up GPU...
Warmup complete.
Starting Profiling...
  Profiling Time: 0.722 ms
  Selected AbsEB: 1.600500e-09 (RelEB: 1.000000e-06)
  Estimated Ratio: 8.94 (Target: 8.00)
Starting Compression...
  Compression Time: 1.721 ms
  Compressed Size: 57363971
  Achieved Ratio: 9.84
Throughput Statistics:
  Profiling Throughput:    781.95 GB/s
  Compression Throughput:  328.07 GB/s
  Total (Prof+Comp) Thrpt: 231.11 GB/s
Starting Decompression...
  Decompression Time: 1.240 ms
  Decompression Throughput: 455.07 GB/s
Verification Results:
  Max Error: 1.629815e-09
  PSNR: 130.44 dB
  Compliance: PASS
BENCH_START:SCALE:QI-98x1200x1200.f32:plain:4.0
Configuration:
  Input File: /scratch/bfrq/bzhang28/SDRBENCH-SCALE_98x1200x1200/QI-98x1200x1200.f32
  Dims: 1200x1200x98
  Elements: 141120000
  Target Ratio: 4.00
  Mode: plain
  Sample Rate: 1000
Data Range: 0.001601
Warming up GPU...
Warmup complete.
Starting Profiling...
  Profiling Time: 0.723 ms
  Selected AbsEB: 1.600500e-09 (RelEB: 1.000000e-06)
  Estimated Ratio: 8.34 (Target: 4.00)
Starting Compression...
  Compression Time: 1.582 ms
  Compressed Size: 60908352
  Achieved Ratio: 9.27
Throughput Statistics:
  Profiling Throughput:    780.22 GB/s
  Compression Throughput:  356.86 GB/s
  Total (Prof+Comp) Thrpt: 244.86 GB/s
Starting Decompression...
  Decompression Time: 0.812 ms
  Decompression Throughput: 695.53 GB/s
Verification Results:
  Max Error: 1.629815e-09
  PSNR: 130.44 dB
  Compliance: PASS
BENCH_START:SCALE:QI-98x1200x1200.f32:plain:6.0
Configuration:
  Input File: /scratch/bfrq/bzhang28/SDRBENCH-SCALE_98x1200x1200/QI-98x1200x1200.f32
  Dims: 1200x1200x98
  Elements: 141120000
  Target Ratio: 6.00
  Mode: plain
  Sample Rate: 1000
Data Range: 0.001601
Warming up GPU...
Warmup complete.
Starting Profiling...
  Profiling Time: 0.714 ms
  Selected AbsEB: 1.600500e-09 (RelEB: 1.000000e-06)
  Estimated Ratio: 8.34 (Target: 6.00)
Starting Compression...
  Compression Time: 1.576 ms
  Compressed Size: 60908352
  Achieved Ratio: 9.27
Throughput Statistics:
  Profiling Throughput:    790.15 GB/s
  Compression Throughput:  358.09 GB/s
  Total (Prof+Comp) Thrpt: 246.42 GB/s
Starting Decompression...
  Decompression Time: 0.800 ms
  Decompression Throughput: 705.91 GB/s
Verification Results:
  Max Error: 1.629815e-09
  PSNR: 130.44 dB
  Compliance: PASS
BENCH_START:SCALE:QI-98x1200x1200.f32:plain:8.0
Configuration:
  Input File: /scratch/bfrq/bzhang28/SDRBENCH-SCALE_98x1200x1200/QI-98x1200x1200.f32
  Dims: 1200x1200x98
  Elements: 141120000
  Target Ratio: 8.00
  Mode: plain
  Sample Rate: 1000
Data Range: 0.001601
Warming up GPU...
Warmup complete.
Starting Profiling...
  Profiling Time: 0.714 ms
  Selected AbsEB: 1.600500e-09 (RelEB: 1.000000e-06)
  Estimated Ratio: 8.34 (Target: 8.00)
Starting Compression...
  Compression Time: 1.585 ms
  Compressed Size: 60908352
  Achieved Ratio: 9.27
Throughput Statistics:
  Profiling Throughput:    790.22 GB/s
  Compression Throughput:  356.13 GB/s
  Total (Prof+Comp) Thrpt: 245.49 GB/s
Starting Decompression...
  Decompression Time: 0.801 ms
  Decompression Throughput: 705.15 GB/s
Verification Results:
  Max Error: 1.629815e-09
  PSNR: 130.44 dB
  Compliance: PASS
BENCH_START:SCALE:QR-98x1200x1200.f32:outlier:4.0
Configuration:
  Input File: /scratch/bfrq/bzhang28/SDRBENCH-SCALE_98x1200x1200/QR-98x1200x1200.f32
  Dims: 1200x1200x98
  Elements: 141120000
  Target Ratio: 4.00
  Mode: outlier
  Sample Rate: 1000
Data Range: 0.006372
Warming up GPU...
Warmup complete.
Starting Profiling...
  Profiling Time: 0.717 ms
  Selected AbsEB: 6.372067e-09 (RelEB: 1.000000e-06)
  Estimated Ratio: 11.97 (Target: 4.00)
Starting Compression...
  Compression Time: 1.721 ms
  Compressed Size: 47129144
  Achieved Ratio: 11.98
Throughput Statistics:
  Profiling Throughput:    787.29 GB/s
  Compression Throughput:  327.93 GB/s
  Total (Prof+Comp) Thrpt: 231.50 GB/s
Starting Decompression...
  Decompression Time: 1.378 ms
  Decompression Throughput: 409.61 GB/s
Verification Results:
  Max Error: 6.519258e-09
  PSNR: 129.82 dB
  Compliance: PASS
BENCH_START:SCALE:QR-98x1200x1200.f32:outlier:6.0
Configuration:
  Input File: /scratch/bfrq/bzhang28/SDRBENCH-SCALE_98x1200x1200/QR-98x1200x1200.f32
  Dims: 1200x1200x98
  Elements: 141120000
  Target Ratio: 6.00
  Mode: outlier
  Sample Rate: 1000
Data Range: 0.006372
Warming up GPU...
Warmup complete.
Starting Profiling...
  Profiling Time: 0.729 ms
  Selected AbsEB: 6.372067e-09 (RelEB: 1.000000e-06)
  Estimated Ratio: 11.97 (Target: 6.00)
Starting Compression...
  Compression Time: 1.716 ms
  Compressed Size: 47129144
  Achieved Ratio: 11.98
Throughput Statistics:
  Profiling Throughput:    774.60 GB/s
  Compression Throughput:  328.91 GB/s
  Total (Prof+Comp) Thrpt: 230.88 GB/s
Starting Decompression...
  Decompression Time: 1.437 ms
  Decompression Throughput: 392.79 GB/s
Verification Results:
  Max Error: 6.519258e-09
  PSNR: 129.82 dB
  Compliance: PASS
BENCH_START:SCALE:QR-98x1200x1200.f32:outlier:8.0
Configuration:
  Input File: /scratch/bfrq/bzhang28/SDRBENCH-SCALE_98x1200x1200/QR-98x1200x1200.f32
  Dims: 1200x1200x98
  Elements: 141120000
  Target Ratio: 8.00
  Mode: outlier
  Sample Rate: 1000
Data Range: 0.006372
Warming up GPU...
Warmup complete.
Starting Profiling...
  Profiling Time: 0.727 ms
  Selected AbsEB: 6.372067e-09 (RelEB: 1.000000e-06)
  Estimated Ratio: 11.97 (Target: 8.00)
Starting Compression...
  Compression Time: 1.719 ms
  Compressed Size: 47129144
  Achieved Ratio: 11.98
Throughput Statistics:
  Profiling Throughput:    776.20 GB/s
  Compression Throughput:  328.43 GB/s
  Total (Prof+Comp) Thrpt: 230.78 GB/s
Starting Decompression...
  Decompression Time: 1.383 ms
  Decompression Throughput: 408.05 GB/s
Verification Results:
  Max Error: 6.519258e-09
  PSNR: 129.82 dB
  Compliance: PASS
BENCH_START:SCALE:QR-98x1200x1200.f32:plain:4.0
Configuration:
  Input File: /scratch/bfrq/bzhang28/SDRBENCH-SCALE_98x1200x1200/QR-98x1200x1200.f32
  Dims: 1200x1200x98
  Elements: 141120000
  Target Ratio: 4.00
  Mode: plain
  Sample Rate: 1000
Data Range: 0.006372
Warming up GPU...
Warmup complete.
Starting Profiling...
  Profiling Time: 0.719 ms
  Selected AbsEB: 6.372067e-09 (RelEB: 1.000000e-06)
  Estimated Ratio: 10.65 (Target: 4.00)
Starting Compression...
  Compression Time: 1.553 ms
  Compressed Size: 52984256
  Achieved Ratio: 10.65
Throughput Statistics:
  Profiling Throughput:    785.01 GB/s
  Compression Throughput:  363.42 GB/s
  Total (Prof+Comp) Thrpt: 248.42 GB/s
Starting Decompression...
  Decompression Time: 0.770 ms
  Decompression Throughput: 732.77 GB/s
Verification Results:
  Max Error: 6.519258e-09
  PSNR: 129.82 dB
  Compliance: PASS
BENCH_START:SCALE:QR-98x1200x1200.f32:plain:6.0
Configuration:
  Input File: /scratch/bfrq/bzhang28/SDRBENCH-SCALE_98x1200x1200/QR-98x1200x1200.f32
  Dims: 1200x1200x98
  Elements: 141120000
  Target Ratio: 6.00
  Mode: plain
  Sample Rate: 1000
Data Range: 0.006372
Warming up GPU...
Warmup complete.
Starting Profiling...
  Profiling Time: 0.705 ms
  Selected AbsEB: 6.372067e-09 (RelEB: 1.000000e-06)
  Estimated Ratio: 10.65 (Target: 6.00)
Starting Compression...
  Compression Time: 1.557 ms
  Compressed Size: 52984256
  Achieved Ratio: 10.65
Throughput Statistics:
  Profiling Throughput:    801.24 GB/s
  Compression Throughput:  362.63 GB/s
  Total (Prof+Comp) Thrpt: 249.65 GB/s
Starting Decompression...
  Decompression Time: 0.754 ms
  Decompression Throughput: 748.16 GB/s
Verification Results:
  Max Error: 6.519258e-09
  PSNR: 129.82 dB
  Compliance: PASS
BENCH_START:SCALE:QR-98x1200x1200.f32:plain:8.0
Configuration:
  Input File: /scratch/bfrq/bzhang28/SDRBENCH-SCALE_98x1200x1200/QR-98x1200x1200.f32
  Dims: 1200x1200x98
  Elements: 141120000
  Target Ratio: 8.00
  Mode: plain
  Sample Rate: 1000
Data Range: 0.006372
Warming up GPU...
Warmup complete.
Starting Profiling...
  Profiling Time: 0.706 ms
  Selected AbsEB: 6.372067e-09 (RelEB: 1.000000e-06)
  Estimated Ratio: 10.65 (Target: 8.00)
Starting Compression...
  Compression Time: 1.557 ms
  Compressed Size: 52984256
  Achieved Ratio: 10.65
Throughput Statistics:
  Profiling Throughput:    799.13 GB/s
  Compression Throughput:  362.52 GB/s
  Total (Prof+Comp) Thrpt: 249.39 GB/s
Starting Decompression...
  Decompression Time: 0.767 ms
  Decompression Throughput: 736.17 GB/s
Verification Results:
  Max Error: 6.519258e-09
  PSNR: 129.82 dB
  Compliance: PASS
BENCH_START:SCALE:QS-98x1200x1200.f32:outlier:4.0
Configuration:
  Input File: /scratch/bfrq/bzhang28/SDRBENCH-SCALE_98x1200x1200/QS-98x1200x1200.f32
  Dims: 1200x1200x98
  Elements: 141120000
  Target Ratio: 4.00
  Mode: outlier
  Sample Rate: 1000
Data Range: 0.000757
Warming up GPU...
Warmup complete.
Starting Profiling...
  Profiling Time: 0.723 ms
  Selected AbsEB: 7.569692e-10 (RelEB: 1.000000e-06)
  Estimated Ratio: 6.66 (Target: 4.00)
Starting Compression...
  Compression Time: 1.869 ms
  Compressed Size: 83451290
  Achieved Ratio: 6.76
Throughput Statistics:
  Profiling Throughput:    780.63 GB/s
  Compression Throughput:  302.10 GB/s
  Total (Prof+Comp) Thrpt: 217.81 GB/s
Starting Decompression...
  Decompression Time: 1.448 ms
  Decompression Throughput: 389.73 GB/s
Verification Results:
  Max Error: 7.858034e-10
  PSNR: 128.91 dB
  Compliance: PASS
BENCH_START:SCALE:QS-98x1200x1200.f32:outlier:6.0
Configuration:
  Input File: /scratch/bfrq/bzhang28/SDRBENCH-SCALE_98x1200x1200/QS-98x1200x1200.f32
  Dims: 1200x1200x98
  Elements: 141120000
  Target Ratio: 6.00
  Mode: outlier
  Sample Rate: 1000
Data Range: 0.000757
Warming up GPU...
Warmup complete.
Starting Profiling...
  Profiling Time: 0.721 ms
  Selected AbsEB: 7.569692e-10 (RelEB: 1.000000e-06)
  Estimated Ratio: 6.66 (Target: 6.00)
Starting Compression...
  Compression Time: 1.863 ms
  Compressed Size: 83451290
  Achieved Ratio: 6.76
Throughput Statistics:
  Profiling Throughput:    782.50 GB/s
  Compression Throughput:  303.06 GB/s
  Total (Prof+Comp) Thrpt: 218.45 GB/s
Starting Decompression...
  Decompression Time: 1.566 ms
  Decompression Throughput: 360.57 GB/s
Verification Results:
  Max Error: 7.858034e-10
  PSNR: 128.91 dB
  Compliance: PASS
BENCH_START:SCALE:QS-98x1200x1200.f32:outlier:8.0
Configuration:
  Input File: /scratch/bfrq/bzhang28/SDRBENCH-SCALE_98x1200x1200/QS-98x1200x1200.f32
  Dims: 1200x1200x98
  Elements: 141120000
  Target Ratio: 8.00
  Mode: outlier
  Sample Rate: 1000
Data Range: 0.000757
Warming up GPU...
Warmup complete.
Starting Profiling...
  Profiling Time: 0.729 ms
  Selected AbsEB: 3.027877e-09 (RelEB: 4.000000e-06)
  Estimated Ratio: 8.05 (Target: 8.00)
Starting Compression...
  Compression Time: 1.772 ms
  Compressed Size: 69067091
  Achieved Ratio: 8.17
Throughput Statistics:
  Profiling Throughput:    774.81 GB/s
  Compression Throughput:  318.50 GB/s
  Total (Prof+Comp) Thrpt: 225.71 GB/s
Starting Decompression...
  Decompression Time: 1.328 ms
  Decompression Throughput: 425.15 GB/s
Verification Results:
  Max Error: 3.055902e-09
  PSNR: 117.03 dB
  Compliance: PASS
BENCH_START:SCALE:QS-98x1200x1200.f32:plain:4.0
Configuration:
  Input File: /scratch/bfrq/bzhang28/SDRBENCH-SCALE_98x1200x1200/QS-98x1200x1200.f32
  Dims: 1200x1200x98
  Elements: 141120000
  Target Ratio: 4.00
  Mode: plain
  Sample Rate: 1000
Data Range: 0.000757
Warming up GPU...
Warmup complete.
Starting Profiling...
  Profiling Time: 4.863 ms
  Selected AbsEB: 7.569692e-10 (RelEB: 1.000000e-06)
  Estimated Ratio: 6.21 (Target: 4.00)
Starting Compression...
  Compression Time: 4.316 ms
  Compressed Size: 88880024
  Achieved Ratio: 6.35
Throughput Statistics:
  Profiling Throughput:    116.07 GB/s
  Compression Throughput:  130.78 GB/s
  Total (Prof+Comp) Thrpt: 61.49 GB/s
Starting Decompression...
  Decompression Time: 0.908 ms
  Decompression Throughput: 621.76 GB/s
Verification Results:
  Max Error: 7.858034e-10
  PSNR: 128.91 dB
  Compliance: PASS
BENCH_START:SCALE:QS-98x1200x1200.f32:plain:6.0
Configuration:
  Input File: /scratch/bfrq/bzhang28/SDRBENCH-SCALE_98x1200x1200/QS-98x1200x1200.f32
  Dims: 1200x1200x98
  Elements: 141120000
  Target Ratio: 6.00
  Mode: plain
  Sample Rate: 1000
Data Range: 0.000757
Warming up GPU...
Warmup complete.
Starting Profiling...
  Profiling Time: 0.720 ms
  Selected AbsEB: 7.569692e-10 (RelEB: 1.000000e-06)
  Estimated Ratio: 6.21 (Target: 6.00)
Starting Compression...
  Compression Time: 1.746 ms
  Compressed Size: 88880024
  Achieved Ratio: 6.35
Throughput Statistics:
  Profiling Throughput:    783.58 GB/s
  Compression Throughput:  323.33 GB/s
  Total (Prof+Comp) Thrpt: 228.88 GB/s
Starting Decompression...
  Decompression Time: 0.898 ms
  Decompression Throughput: 628.34 GB/s
Verification Results:
  Max Error: 7.858034e-10
  PSNR: 128.91 dB
  Compliance: PASS
BENCH_START:SCALE:QS-98x1200x1200.f32:plain:8.0
Configuration:
  Input File: /scratch/bfrq/bzhang28/SDRBENCH-SCALE_98x1200x1200/QS-98x1200x1200.f32
  Dims: 1200x1200x98
  Elements: 141120000
  Target Ratio: 8.00
  Mode: plain
  Sample Rate: 1000
Data Range: 0.000757
Warming up GPU...
Warmup complete.
Starting Profiling...
  Profiling Time: 0.737 ms
  Selected AbsEB: 6.055753e-09 (RelEB: 8.000000e-06)
  Estimated Ratio: 8.16 (Target: 8.00)
Starting Compression...
  Compression Time: 1.575 ms
  Compressed Size: 67613896
  Achieved Ratio: 8.35
Throughput Statistics:
  Profiling Throughput:    765.86 GB/s
  Compression Throughput:  358.48 GB/s
  Total (Prof+Comp) Thrpt: 244.18 GB/s
Starting Decompression...
  Decompression Time: 0.802 ms
  Decompression Throughput: 704.14 GB/s
Verification Results:
  Max Error: 6.082701e-09
  PSNR: 111.10 dB
  Compliance: PASS
BENCH_START:SCALE:QV-98x1200x1200.f32:outlier:4.0
Configuration:
  Input File: /scratch/bfrq/bzhang28/SDRBENCH-SCALE_98x1200x1200/QV-98x1200x1200.f32
  Dims: 1200x1200x98
  Elements: 141120000
  Target Ratio: 4.00
  Mode: outlier
  Sample Rate: 1000
Data Range: 0.019523
Warming up GPU...
Warmup complete.
Starting Profiling...
  Profiling Time: 0.730 ms
  Selected AbsEB: 2.928504e-07 (RelEB: 1.500000e-05)
  Estimated Ratio: 4.16 (Target: 4.00)
Starting Compression...
  Compression Time: 2.183 ms
  Compressed Size: 136515910
  Achieved Ratio: 4.13
Throughput Statistics:
  Profiling Throughput:    772.97 GB/s
  Compression Throughput:  258.61 GB/s
  Total (Prof+Comp) Thrpt: 193.78 GB/s
Starting Decompression...
  Decompression Time: 1.674 ms
  Decompression Throughput: 337.18 GB/s
Verification Results:
  Max Error: 2.942979e-07
  PSNR: 101.15 dB
  Compliance: PASS
BENCH_START:SCALE:QV-98x1200x1200.f32:outlier:6.0
Configuration:
  Input File: /scratch/bfrq/bzhang28/SDRBENCH-SCALE_98x1200x1200/QV-98x1200x1200.f32
  Dims: 1200x1200x98
  Elements: 141120000
  Target Ratio: 6.00
  Mode: outlier
  Sample Rate: 1000
Data Range: 0.019523
Warming up GPU...
Warmup complete.
Starting Profiling...
  Profiling Time: 0.706 ms
  Selected AbsEB: 2.147570e-06 (RelEB: 1.100000e-04)
  Estimated Ratio: 6.05 (Target: 6.00)
Starting Compression...
  Compression Time: 1.941 ms
  Compressed Size: 94039292
  Achieved Ratio: 6.00
Throughput Statistics:
  Profiling Throughput:    799.20 GB/s
  Compression Throughput:  290.88 GB/s
  Total (Prof+Comp) Thrpt: 213.26 GB/s
Starting Decompression...
  Decompression Time: 1.490 ms
  Decompression Throughput: 378.76 GB/s
Verification Results:
  Max Error: 2.149493e-06
  PSNR: 83.65 dB
  Compliance: PASS
BENCH_START:SCALE:QV-98x1200x1200.f32:outlier:8.0
Configuration:
  Input File: /scratch/bfrq/bzhang28/SDRBENCH-SCALE_98x1200x1200/QV-98x1200x1200.f32
  Dims: 1200x1200x98
  Elements: 141120000
  Target Ratio: 8.00
  Mode: outlier
  Sample Rate: 1000
Data Range: 0.019523
Warming up GPU...
Warmup complete.
Starting Profiling...
  Profiling Time: 0.717 ms
  Selected AbsEB: 7.223644e-06 (RelEB: 3.700000e-04)
  Estimated Ratio: 8.05 (Target: 8.00)
Starting Compression...
  Compression Time: 1.819 ms
  Compressed Size: 70755599
  Achieved Ratio: 7.98
Throughput Statistics:
  Profiling Throughput:    786.90 GB/s
  Compression Throughput:  310.25 GB/s
  Total (Prof+Comp) Thrpt: 222.52 GB/s
Starting Decompression...
  Decompression Time: 1.349 ms
  Decompression Throughput: 418.30 GB/s
Verification Results:
  Max Error: 7.225201e-06
  PSNR: 73.85 dB
  Compliance: PASS
BENCH_START:SCALE:QV-98x1200x1200.f32:plain:4.0
Configuration:
  Input File: /scratch/bfrq/bzhang28/SDRBENCH-SCALE_98x1200x1200/QV-98x1200x1200.f32
  Dims: 1200x1200x98
  Elements: 141120000
  Target Ratio: 4.00
  Mode: plain
  Sample Rate: 1000
Data Range: 0.019523
Warming up GPU...
Warmup complete.
Starting Profiling...
  Profiling Time: 0.722 ms
  Selected AbsEB: 3.123738e-06 (RelEB: 1.600000e-04)
  Estimated Ratio: 4.10 (Target: 4.00)
Starting Compression...
  Compression Time: 1.928 ms
  Compressed Size: 137058000
  Achieved Ratio: 4.12
Throughput Statistics:
  Profiling Throughput:    782.26 GB/s
  Compression Throughput:  292.83 GB/s
  Total (Prof+Comp) Thrpt: 213.07 GB/s
Starting Decompression...
  Decompression Time: 1.003 ms
  Decompression Throughput: 562.66 GB/s
Verification Results:
  Max Error: 3.124587e-06
  PSNR: 80.81 dB
  Compliance: PASS
BENCH_START:SCALE:QV-98x1200x1200.f32:plain:6.0
Configuration:
  Input File: /scratch/bfrq/bzhang28/SDRBENCH-SCALE_98x1200x1200/QV-98x1200x1200.f32
  Dims: 1200x1200x98
  Elements: 141120000
  Target Ratio: 6.00
  Mode: plain
  Sample Rate: 1000
Data Range: 0.019523
Warming up GPU...
Warmup complete.
Starting Profiling...
  Profiling Time: 0.722 ms
  Selected AbsEB: 2.538037e-05 (RelEB: 1.300000e-03)
  Estimated Ratio: 6.04 (Target: 6.00)
Starting Compression...
  Compression Time: 1.693 ms
  Compressed Size: 93056744
  Achieved Ratio: 6.07
Throughput Statistics:
  Profiling Throughput:    781.60 GB/s
  Compression Throughput:  333.43 GB/s
  Total (Prof+Comp) Thrpt: 233.72 GB/s
Starting Decompression...
  Decompression Time: 0.862 ms
  Decompression Throughput: 655.06 GB/s
Verification Results:
  Max Error: 2.538227e-05
  PSNR: 63.54 dB
  Compliance: PASS
BENCH_START:SCALE:QV-98x1200x1200.f32:plain:8.0
Configuration:
  Input File: /scratch/bfrq/bzhang28/SDRBENCH-SCALE_98x1200x1200/QV-98x1200x1200.f32
  Dims: 1200x1200x98
  Elements: 141120000
  Target Ratio: 8.00
  Mode: plain
  Sample Rate: 1000
Data Range: 0.019523
Warming up GPU...
Warmup complete.
Starting Profiling...
  Profiling Time: 0.718 ms
  Selected AbsEB: 1.015215e-04 (RelEB: 5.200000e-03)
  Estimated Ratio: 8.12 (Target: 8.00)
Starting Compression...
  Compression Time: 1.630 ms
  Compressed Size: 69114464
  Achieved Ratio: 8.17
Throughput Statistics:
  Profiling Throughput:    786.55 GB/s
  Compression Throughput:  346.21 GB/s
  Total (Prof+Comp) Thrpt: 240.40 GB/s
Starting Decompression...
  Decompression Time: 0.802 ms
  Decompression Throughput: 703.88 GB/s
Verification Results:
  Max Error: 1.015235e-04
  PSNR: 52.00 dB
  Compliance: PASS
BENCH_START:SCALE:RH-98x1200x1200.f32:outlier:4.0
Configuration:
  Input File: /scratch/bfrq/bzhang28/SDRBENCH-SCALE_98x1200x1200/RH-98x1200x1200.f32
  Dims: 1200x1200x98
  Elements: 141120000
  Target Ratio: 4.00
  Mode: outlier
  Sample Rate: 1000
Data Range: 204.472931
Warming up GPU...
Warmup complete.
Starting Profiling...
  Profiling Time: 0.718 ms
  Selected AbsEB: 1.308627e-02 (RelEB: 6.400000e-05)
  Estimated Ratio: 4.01 (Target: 4.00)
Starting Compression...
  Compression Time: 2.233 ms
  Compressed Size: 142386633
  Achieved Ratio: 3.96
Throughput Statistics:
  Profiling Throughput:    786.41 GB/s
  Compression Throughput:  252.79 GB/s
  Total (Prof+Comp) Thrpt: 191.30 GB/s
Starting Decompression...
  Decompression Time: 1.770 ms
  Decompression Throughput: 318.84 GB/s
Verification Results:
  Max Error: 1.309967e-02
  PSNR: 88.65 dB
  Compliance: PASS
BENCH_START:SCALE:RH-98x1200x1200.f32:outlier:6.0
Configuration:
  Input File: /scratch/bfrq/bzhang28/SDRBENCH-SCALE_98x1200x1200/RH-98x1200x1200.f32
  Dims: 1200x1200x98
  Elements: 141120000
  Target Ratio: 6.00
  Mode: outlier
  Sample Rate: 1000
Data Range: 204.472931
Warming up GPU...
Warmup complete.
Starting Profiling...
  Profiling Time: 0.717 ms
  Selected AbsEB: 1.001917e-01 (RelEB: 4.900000e-04)
  Estimated Ratio: 6.08 (Target: 6.00)
Starting Compression...
  Compression Time: 2.033 ms
  Compressed Size: 94244420
  Achieved Ratio: 5.99
Throughput Statistics:
  Profiling Throughput:    787.04 GB/s
  Compression Throughput:  277.72 GB/s
  Total (Prof+Comp) Thrpt: 205.28 GB/s
Starting Decompression...
  Decompression Time: 1.717 ms
  Decompression Throughput: 328.67 GB/s
Verification Results:
  Max Error: 1.001968e-01
  PSNR: 70.96 dB
  Compliance: PASS
BENCH_START:SCALE:RH-98x1200x1200.f32:outlier:8.0
Configuration:
  Input File: /scratch/bfrq/bzhang28/SDRBENCH-SCALE_98x1200x1200/RH-98x1200x1200.f32
  Dims: 1200x1200x98
  Elements: 141120000
  Target Ratio: 8.00
  Mode: outlier
  Sample Rate: 1000
Data Range: 204.472931
Warming up GPU...
Warmup complete.
Starting Profiling...
  Profiling Time: 0.717 ms
  Selected AbsEB: 2.658148e-01 (RelEB: 1.300000e-03)
  Estimated Ratio: 8.06 (Target: 8.00)
Starting Compression...
  Compression Time: 1.930 ms
  Compressed Size: 71511165
  Achieved Ratio: 7.89
Throughput Statistics:
  Profiling Throughput:    787.25 GB/s
  Compression Throughput:  292.43 GB/s
  Total (Prof+Comp) Thrpt: 213.23 GB/s
Starting Decompression...
  Decompression Time: 1.585 ms
  Decompression Throughput: 356.06 GB/s
Verification Results:
  Max Error: 2.658234e-01
  PSNR: 62.39 dB
  Compliance: PASS
BENCH_START:SCALE:RH-98x1200x1200.f32:plain:4.0
Configuration:
  Input File: /scratch/bfrq/bzhang28/SDRBENCH-SCALE_98x1200x1200/RH-98x1200x1200.f32
  Dims: 1200x1200x98
  Elements: 141120000
  Target Ratio: 4.00
  Mode: plain
  Sample Rate: 1000
Data Range: 204.472931
Warming up GPU...
Warmup complete.
Starting Profiling...
  Profiling Time: 0.709 ms
  Selected AbsEB: 1.492652e-01 (RelEB: 7.300000e-04)
  Estimated Ratio: 4.00 (Target: 4.00)
Starting Compression...
  Compression Time: 1.841 ms
  Compressed Size: 140885664
  Achieved Ratio: 4.01
Throughput Statistics:
  Profiling Throughput:    795.89 GB/s
  Compression Throughput:  306.62 GB/s
  Total (Prof+Comp) Thrpt: 221.34 GB/s
Starting Decompression...
  Decompression Time: 1.068 ms
  Decompression Throughput: 528.44 GB/s
Verification Results:
  Max Error: 1.492691e-01
  PSNR: 67.49 dB
  Compliance: PASS
BENCH_START:SCALE:RH-98x1200x1200.f32:plain:6.0
Configuration:
  Input File: /scratch/bfrq/bzhang28/SDRBENCH-SCALE_98x1200x1200/RH-98x1200x1200.f32
  Dims: 1200x1200x98
  Elements: 141120000
  Target Ratio: 6.00
  Mode: plain
  Sample Rate: 1000
Data Range: 204.472931
Warming up GPU...
Warmup complete.
Starting Profiling...
  Profiling Time: 0.716 ms
  Selected AbsEB: 1.001917e+00 (RelEB: 4.900000e-03)
  Estimated Ratio: 6.01 (Target: 6.00)
Starting Compression...
  Compression Time: 1.704 ms
  Compressed Size: 93796568
  Achieved Ratio: 6.02
Throughput Statistics:
  Profiling Throughput:    788.38 GB/s
  Compression Throughput:  331.21 GB/s
  Total (Prof+Comp) Thrpt: 233.23 GB/s
Starting Decompression...
  Decompression Time: 0.901 ms
  Decompression Throughput: 626.64 GB/s
Verification Results:
  Max Error: 1.001923e+00
  PSNR: 51.17 dB
  Compliance: PASS
BENCH_START:SCALE:RH-98x1200x1200.f32:plain:8.0
Configuration:
  Input File: /scratch/bfrq/bzhang28/SDRBENCH-SCALE_98x1200x1200/RH-98x1200x1200.f32
  Dims: 1200x1200x98
  Elements: 141120000
  Target Ratio: 8.00
  Mode: plain
  Sample Rate: 1000
Data Range: 204.472931
Warming up GPU...
Warmup complete.
Starting Profiling...
  Profiling Time: 0.740 ms
  Selected AbsEB: 3.271567e+00 (RelEB: 1.600000e-02)
  Estimated Ratio: 8.21 (Target: 8.00)
Starting Compression...
  Compression Time: 1.669 ms
  Compressed Size: 68616592
  Achieved Ratio: 8.23
Throughput Statistics:
  Profiling Throughput:    762.81 GB/s
  Compression Throughput:  338.27 GB/s
  Total (Prof+Comp) Thrpt: 234.35 GB/s
Starting Decompression...
  Decompression Time: 0.858 ms
  Decompression Throughput: 657.79 GB/s
Verification Results:
  Max Error: 3.271568e+00
  PSNR: 41.28 dB
  Compliance: PASS
BENCH_START:SCALE:T-98x1200x1200.f32:outlier:4.0
Configuration:
  Input File: /scratch/bfrq/bzhang28/SDRBENCH-SCALE_98x1200x1200/T-98x1200x1200.f32
  Dims: 1200x1200x98
  Elements: 141120000
  Target Ratio: 4.00
  Mode: outlier
  Sample Rate: 1000
Data Range: 132.714828
Warming up GPU...
Warmup complete.
Starting Profiling...
  Profiling Time: 0.746 ms
  Selected AbsEB: 1.008633e-02 (RelEB: 7.600000e-05)
  Estimated Ratio: 4.01 (Target: 4.00)
Starting Compression...
  Compression Time: 2.164 ms
  Compressed Size: 140293272
  Achieved Ratio: 4.02
Throughput Statistics:
  Profiling Throughput:    756.33 GB/s
  Compression Throughput:  260.84 GB/s
  Total (Prof+Comp) Thrpt: 193.95 GB/s
Starting Decompression...
  Decompression Time: 1.562 ms
  Decompression Throughput: 361.36 GB/s
Verification Results:
  Max Error: 1.010132e-02
  PSNR: 87.16 dB
  Compliance: PASS
BENCH_START:SCALE:T-98x1200x1200.f32:outlier:6.0
Configuration:
  Input File: /scratch/bfrq/bzhang28/SDRBENCH-SCALE_98x1200x1200/T-98x1200x1200.f32
  Dims: 1200x1200x98
  Elements: 141120000
  Target Ratio: 6.00
  Mode: outlier
  Sample Rate: 1000
Data Range: 132.714828
Warming up GPU...
Warmup complete.
Starting Profiling...
  Profiling Time: 0.726 ms
  Selected AbsEB: 6.503027e-02 (RelEB: 4.900000e-04)
  Estimated Ratio: 6.06 (Target: 6.00)
Starting Compression...
  Compression Time: 1.909 ms
  Compressed Size: 92796192
  Achieved Ratio: 6.08
Throughput Statistics:
  Profiling Throughput:    777.78 GB/s
  Compression Throughput:  295.68 GB/s
  Total (Prof+Comp) Thrpt: 214.23 GB/s
Starting Decompression...
  Decompression Time: 1.214 ms
  Decompression Throughput: 464.98 GB/s
Verification Results:
  Max Error: 6.506348e-02
  PSNR: 70.97 dB
  Compliance: PASS
BENCH_START:SCALE:T-98x1200x1200.f32:outlier:8.0
Configuration:
  Input File: /scratch/bfrq/bzhang28/SDRBENCH-SCALE_98x1200x1200/T-98x1200x1200.f32
  Dims: 1200x1200x98
  Elements: 141120000
  Target Ratio: 8.00
  Mode: outlier
  Sample Rate: 1000
Data Range: 132.714828
Warming up GPU...
Warmup complete.
Starting Profiling...
  Profiling Time: 0.727 ms
  Selected AbsEB: 2.123437e-01 (RelEB: 1.600000e-03)
  Estimated Ratio: 8.52 (Target: 8.00)
Starting Compression...
  Compression Time: 1.825 ms
  Compressed Size: 66026672
  Achieved Ratio: 8.55
Throughput Statistics:
  Profiling Throughput:    776.96 GB/s
  Compression Throughput:  309.29 GB/s
  Total (Prof+Comp) Thrpt: 221.22 GB/s
Starting Decompression...
  Decompression Time: 1.085 ms
  Decompression Throughput: 520.19 GB/s
Verification Results:
  Max Error: 2.123718e-01
  PSNR: 60.70 dB
  Compliance: PASS
BENCH_START:SCALE:T-98x1200x1200.f32:plain:4.0
Configuration:
  Input File: /scratch/bfrq/bzhang28/SDRBENCH-SCALE_98x1200x1200/T-98x1200x1200.f32
  Dims: 1200x1200x98
  Elements: 141120000
  Target Ratio: 4.00
  Mode: plain
  Sample Rate: 1000
Data Range: 132.714828
Warming up GPU...
Warmup complete.
Starting Profiling...
  Profiling Time: 0.709 ms
  Selected AbsEB: 1.725293e+00 (RelEB: 1.300000e-02)
  Estimated Ratio: 4.03 (Target: 4.00)
Starting Compression...
  Compression Time: 1.828 ms
  Compressed Size: 139925960
  Achieved Ratio: 4.03
Throughput Statistics:
  Profiling Throughput:    795.81 GB/s
  Compression Throughput:  308.75 GB/s
  Total (Prof+Comp) Thrpt: 222.45 GB/s
Starting Decompression...
  Decompression Time: 1.081 ms
  Decompression Throughput: 522.20 GB/s
Verification Results:
  Max Error: 1.725311e+00
  PSNR: 42.54 dB
  Compliance: PASS
BENCH_START:SCALE:T-98x1200x1200.f32:plain:6.0
Configuration:
  Input File: /scratch/bfrq/bzhang28/SDRBENCH-SCALE_98x1200x1200/T-98x1200x1200.f32
  Dims: 1200x1200x98
  Elements: 141120000
  Target Ratio: 6.00
  Mode: plain
  Sample Rate: 1000
Data Range: 132.714828
Warming up GPU...
Warmup complete.
Starting Profiling...
  Profiling Time: 0.710 ms
  Selected AbsEB: 9.688182e+00 (RelEB: 7.300000e-02)
  Estimated Ratio: 6.04 (Target: 6.00)
Starting Compression...
  Compression Time: 1.763 ms
  Compressed Size: 93320864
  Achieved Ratio: 6.05
Throughput Statistics:
  Profiling Throughput:    794.63 GB/s
  Compression Throughput:  320.21 GB/s
  Total (Prof+Comp) Thrpt: 228.24 GB/s
Starting Decompression...
  Decompression Time: 0.990 ms
  Decompression Throughput: 570.30 GB/s
Verification Results:
  Max Error: 9.688187e+00
  PSNR: 27.26 dB
  Compliance: PASS
BENCH_START:SCALE:T-98x1200x1200.f32:plain:8.0
Configuration:
  Input File: /scratch/bfrq/bzhang28/SDRBENCH-SCALE_98x1200x1200/T-98x1200x1200.f32
  Dims: 1200x1200x98
  Elements: 141120000
  Target Ratio: 8.00
  Mode: plain
  Sample Rate: 1000
Data Range: 132.714828
Warming up GPU...
Warmup complete.
Starting Profiling...
  Profiling Time: 0.720 ms
  Selected AbsEB: 1.327148e-04 (RelEB: 1.000000e-06)
  Estimated Ratio: 1.46 (Target: 8.00)
Starting Compression...
  Compression Time: 4.424 ms
  Compressed Size: 386256240
  Achieved Ratio: 1.46
Throughput Statistics:
  Profiling Throughput:    784.03 GB/s
  Compression Throughput:  127.61 GB/s
  Total (Prof+Comp) Thrpt: 109.74 GB/s
Starting Decompression...
  Decompression Time: 1.960 ms
  Decompression Throughput: 287.93 GB/s
Verification Results:
  Max Error: 1.525879e-04
  PSNR: 124.64 dB
  Compliance: FAIL
BENCH_START:SCALE:U-98x1200x1200.f32:outlier:4.0
Configuration:
  Input File: /scratch/bfrq/bzhang28/SDRBENCH-SCALE_98x1200x1200/U-98x1200x1200.f32
  Dims: 1200x1200x98
  Elements: 141120000
  Target Ratio: 4.00
  Mode: outlier
  Sample Rate: 1000
Data Range: 118.430954
Warming up GPU...
Warmup complete.
Starting Profiling...
  Profiling Time: 0.731 ms
  Selected AbsEB: 5.921548e-03 (RelEB: 5.000000e-05)
  Estimated Ratio: 4.04 (Target: 4.00)
Starting Compression...
  Compression Time: 2.363 ms
  Compressed Size: 142903730
  Achieved Ratio: 3.95
Throughput Statistics:
  Profiling Throughput:    772.06 GB/s
  Compression Throughput:  238.87 GB/s
  Total (Prof+Comp) Thrpt: 182.43 GB/s
Starting Decompression...
  Decompression Time: 1.952 ms
  Decompression Throughput: 289.11 GB/s
Verification Results:
  Max Error: 5.928040e-03
  PSNR: 90.79 dB
  Compliance: PASS
BENCH_START:SCALE:U-98x1200x1200.f32:outlier:6.0
Configuration:
  Input File: /scratch/bfrq/bzhang28/SDRBENCH-SCALE_98x1200x1200/U-98x1200x1200.f32
  Dims: 1200x1200x98
  Elements: 141120000
  Target Ratio: 6.00
  Mode: outlier
  Sample Rate: 1000
Data Range: 118.430954
Warming up GPU...
Warmup complete.
Starting Profiling...
  Profiling Time: 0.723 ms
  Selected AbsEB: 3.671360e-02 (RelEB: 3.100000e-04)
  Estimated Ratio: 6.09 (Target: 6.00)
Starting Compression...
  Compression Time: 2.226 ms
  Compressed Size: 95422509
  Achieved Ratio: 5.92
Throughput Statistics:
  Profiling Throughput:    781.05 GB/s
  Compression Throughput:  253.63 GB/s
  Total (Prof+Comp) Thrpt: 191.46 GB/s
Starting Decompression...
  Decompression Time: 2.008 ms
  Decompression Throughput: 281.11 GB/s
Verification Results:
  Max Error: 3.671646e-02
  PSNR: 74.94 dB
  Compliance: PASS
BENCH_START:SCALE:U-98x1200x1200.f32:outlier:8.0
Configuration:
  Input File: /scratch/bfrq/bzhang28/SDRBENCH-SCALE_98x1200x1200/U-98x1200x1200.f32
  Dims: 1200x1200x98
  Elements: 141120000
  Target Ratio: 8.00
  Mode: outlier
  Sample Rate: 1000
Data Range: 118.430954
Warming up GPU...
Warmup complete.
Starting Profiling...
  Profiling Time: 0.726 ms
  Selected AbsEB: 1.006663e-01 (RelEB: 8.500000e-04)
  Estimated Ratio: 8.05 (Target: 8.00)
Starting Compression...
  Compression Time: 2.048 ms
  Compressed Size: 72424420
  Achieved Ratio: 7.79
Throughput Statistics:
  Profiling Throughput:    777.81 GB/s
  Compression Throughput:  275.68 GB/s
  Total (Prof+Comp) Thrpt: 203.54 GB/s
Starting Decompression...
  Decompression Time: 1.677 ms
  Decompression Throughput: 336.54 GB/s
Verification Results:
  Max Error: 1.006670e-01
  PSNR: 66.18 dB
  Compliance: PASS
BENCH_START:SCALE:U-98x1200x1200.f32:plain:4.0
Configuration:
  Input File: /scratch/bfrq/bzhang28/SDRBENCH-SCALE_98x1200x1200/U-98x1200x1200.f32
  Dims: 1200x1200x98
  Elements: 141120000
  Target Ratio: 4.00
  Mode: plain
  Sample Rate: 1000
Data Range: 118.430954
Warming up GPU...
Warmup complete.
Starting Profiling...
  Profiling Time: 0.714 ms
  Selected AbsEB: 4.737238e-02 (RelEB: 4.000000e-04)
  Estimated Ratio: 4.04 (Target: 4.00)
Starting Compression...
  Compression Time: 1.883 ms
  Compressed Size: 140169416
  Achieved Ratio: 4.03
Throughput Statistics:
  Profiling Throughput:    790.25 GB/s
  Compression Throughput:  299.77 GB/s
  Total (Prof+Comp) Thrpt: 217.33 GB/s
Starting Decompression...
  Decompression Time: 1.077 ms
  Decompression Throughput: 524.13 GB/s
Verification Results:
  Max Error: 4.737473e-02
  PSNR: 72.73 dB
  Compliance: PASS
BENCH_START:SCALE:U-98x1200x1200.f32:plain:6.0
Configuration:
  Input File: /scratch/bfrq/bzhang28/SDRBENCH-SCALE_98x1200x1200/U-98x1200x1200.f32
  Dims: 1200x1200x98
  Elements: 141120000
  Target Ratio: 6.00
  Mode: plain
  Sample Rate: 1000
Data Range: 118.430954
Warming up GPU...
Warmup complete.
Starting Profiling...
  Profiling Time: 0.735 ms
  Selected AbsEB: 3.316067e-01 (RelEB: 2.800000e-03)
  Estimated Ratio: 6.15 (Target: 6.00)
Starting Compression...
  Compression Time: 1.753 ms
  Compressed Size: 91812736
  Achieved Ratio: 6.15
Throughput Statistics:
  Profiling Throughput:    767.59 GB/s
  Compression Throughput:  322.00 GB/s
  Total (Prof+Comp) Thrpt: 226.84 GB/s
Starting Decompression...
  Decompression Time: 0.975 ms
  Decompression Throughput: 578.91 GB/s
Verification Results:
  Max Error: 3.316078e-01
  PSNR: 55.83 dB
  Compliance: PASS
BENCH_START:SCALE:U-98x1200x1200.f32:plain:8.0
Configuration:
  Input File: /scratch/bfrq/bzhang28/SDRBENCH-SCALE_98x1200x1200/U-98x1200x1200.f32
  Dims: 1200x1200x98
  Elements: 141120000
  Target Ratio: 8.00
  Mode: plain
  Sample Rate: 1000
Data Range: 118.430954
Warming up GPU...
Warmup complete.
Starting Profiling...
  Profiling Time: 22.046 ms
  Selected AbsEB: 8.290167e-01 (RelEB: 7.000000e-03)
  Estimated Ratio: 8.10 (Target: 8.00)
Starting Compression...
  Compression Time: 5.303 ms
  Compressed Size: 69924176
  Achieved Ratio: 8.07
Throughput Statistics:
  Profiling Throughput:    25.60 GB/s
  Compression Throughput:  106.44 GB/s
  Total (Prof+Comp) Thrpt: 20.64 GB/s
Starting Decompression...
  Decompression Time: 3.293 ms
  Decompression Throughput: 171.42 GB/s
Verification Results:
  Max Error: 8.290176e-01
  PSNR: 47.88 dB
  Compliance: PASS
BENCH_START:SCALE:V-98x1200x1200.f32:outlier:4.0
Configuration:
  Input File: /scratch/bfrq/bzhang28/SDRBENCH-SCALE_98x1200x1200/V-98x1200x1200.f32
  Dims: 1200x1200x98
  Elements: 141120000
  Target Ratio: 4.00
  Mode: outlier
  Sample Rate: 1000
Data Range: 99.576080
Warming up GPU...
Warmup complete.
Starting Profiling...
  Profiling Time: 0.736 ms
  Selected AbsEB: 5.177956e-03 (RelEB: 5.200000e-05)
  Estimated Ratio: 4.03 (Target: 4.00)
Starting Compression...
  Compression Time: 2.412 ms
  Compressed Size: 141962727
  Achieved Ratio: 3.98
Throughput Statistics:
  Profiling Throughput:    767.39 GB/s
  Compression Throughput:  234.06 GB/s
  Total (Prof+Comp) Thrpt: 179.35 GB/s
Starting Decompression...
  Decompression Time: 2.270 ms
  Decompression Throughput: 248.71 GB/s
Verification Results:
  Max Error: 5.180359e-03
  PSNR: 90.45 dB
  Compliance: PASS
BENCH_START:SCALE:V-98x1200x1200.f32:outlier:6.0
Configuration:
  Input File: /scratch/bfrq/bzhang28/SDRBENCH-SCALE_98x1200x1200/V-98x1200x1200.f32
  Dims: 1200x1200x98
  Elements: 141120000
  Target Ratio: 6.00
  Mode: outlier
  Sample Rate: 1000
Data Range: 99.576080
Warming up GPU...
Warmup complete.
Starting Profiling...
  Profiling Time: 0.726 ms
  Selected AbsEB: 3.086858e-02 (RelEB: 3.100000e-04)
  Estimated Ratio: 6.00 (Target: 6.00)
Starting Compression...
  Compression Time: 2.199 ms
  Compressed Size: 96223094
  Achieved Ratio: 5.87
Throughput Statistics:
  Profiling Throughput:    777.37 GB/s
  Compression Throughput:  256.71 GB/s
  Total (Prof+Comp) Thrpt: 192.98 GB/s
Starting Decompression...
  Decompression Time: 2.012 ms
  Decompression Throughput: 280.50 GB/s
Verification Results:
  Max Error: 3.087234e-02
  PSNR: 74.94 dB
  Compliance: PASS
BENCH_START:SCALE:V-98x1200x1200.f32:outlier:8.0
Configuration:
  Input File: /scratch/bfrq/bzhang28/SDRBENCH-SCALE_98x1200x1200/V-98x1200x1200.f32
  Dims: 1200x1200x98
  Elements: 141120000
  Target Ratio: 8.00
  Mode: outlier
  Sample Rate: 1000
Data Range: 99.576080
Warming up GPU...
Warmup complete.
Starting Profiling...
  Profiling Time: 0.749 ms
  Selected AbsEB: 9.061424e-02 (RelEB: 9.100000e-04)
  Estimated Ratio: 8.04 (Target: 8.00)
Starting Compression...
  Compression Time: 2.064 ms
  Compressed Size: 71566392
  Achieved Ratio: 7.89
Throughput Statistics:
  Profiling Throughput:    753.62 GB/s
  Compression Throughput:  273.48 GB/s
  Total (Prof+Comp) Thrpt: 200.66 GB/s
Starting Decompression...
  Decompression Time: 1.771 ms
  Decompression Throughput: 318.71 GB/s
Verification Results:
  Max Error: 9.061432e-02
  PSNR: 65.59 dB
  Compliance: PASS
BENCH_START:SCALE:V-98x1200x1200.f32:plain:4.0
Configuration:
  Input File: /scratch/bfrq/bzhang28/SDRBENCH-SCALE_98x1200x1200/V-98x1200x1200.f32
  Dims: 1200x1200x98
  Elements: 141120000
  Target Ratio: 4.00
  Mode: plain
  Sample Rate: 1000
Data Range: 99.576080
Warming up GPU...
Warmup complete.
Starting Profiling...
  Profiling Time: 0.705 ms
  Selected AbsEB: 1.891946e-02 (RelEB: 1.900000e-04)
  Estimated Ratio: 4.03 (Target: 4.00)
Starting Compression...
  Compression Time: 1.849 ms
  Compressed Size: 140168816
  Achieved Ratio: 4.03
Throughput Statistics:
  Profiling Throughput:    800.65 GB/s
  Compression Throughput:  305.35 GB/s
  Total (Prof+Comp) Thrpt: 221.05 GB/s
Starting Decompression...
  Decompression Time: 1.118 ms
  Decompression Throughput: 504.87 GB/s
Verification Results:
  Max Error: 1.892090e-02
  PSNR: 79.20 dB
  Compliance: PASS
BENCH_START:SCALE:V-98x1200x1200.f32:plain:6.0
Configuration:
  Input File: /scratch/bfrq/bzhang28/SDRBENCH-SCALE_98x1200x1200/V-98x1200x1200.f32
  Dims: 1200x1200x98
  Elements: 141120000
  Target Ratio: 6.00
  Mode: plain
  Sample Rate: 1000
Data Range: 99.576080
Warming up GPU...
Warmup complete.
Starting Profiling...
  Profiling Time: 0.698 ms
  Selected AbsEB: 1.294489e-01 (RelEB: 1.300000e-03)
  Estimated Ratio: 6.15 (Target: 6.00)
Starting Compression...
  Compression Time: 1.761 ms
  Compressed Size: 91923152
  Achieved Ratio: 6.14
Throughput Statistics:
  Profiling Throughput:    808.17 GB/s
  Compression Throughput:  320.54 GB/s
  Total (Prof+Comp) Thrpt: 229.51 GB/s
Starting Decompression...
  Decompression Time: 1.017 ms
  Decompression Throughput: 555.01 GB/s
Verification Results:
  Max Error: 1.294518e-01
  PSNR: 62.49 dB
  Compliance: PASS
BENCH_START:SCALE:V-98x1200x1200.f32:plain:8.0
Configuration:
  Input File: /scratch/bfrq/bzhang28/SDRBENCH-SCALE_98x1200x1200/V-98x1200x1200.f32
  Dims: 1200x1200x98
  Elements: 141120000
  Target Ratio: 8.00
  Mode: plain
  Sample Rate: 1000
Data Range: 99.576080
Warming up GPU...
Warmup complete.
Starting Profiling...
  Profiling Time: 0.708 ms
  Selected AbsEB: 3.385587e-01 (RelEB: 3.400000e-03)
  Estimated Ratio: 8.10 (Target: 8.00)
Starting Compression...
  Compression Time: 1.730 ms
  Compressed Size: 69866272
  Achieved Ratio: 8.08
Throughput Statistics:
  Profiling Throughput:    797.72 GB/s
  Compression Throughput:  326.21 GB/s
  Total (Prof+Comp) Thrpt: 231.53 GB/s
Starting Decompression...
  Decompression Time: 0.957 ms
  Decompression Throughput: 589.81 GB/s
Verification Results:
  Max Error: 3.385587e-01
  PSNR: 54.14 dB
  Compliance: PASS
BENCH_START:SCALE:W-98x1200x1200.f32:outlier:4.0
Configuration:
  Input File: /scratch/bfrq/bzhang28/SDRBENCH-SCALE_98x1200x1200/W-98x1200x1200.f32
  Dims: 1200x1200x98
  Elements: 141120000
  Target Ratio: 4.00
  Mode: outlier
  Sample Rate: 1000
Data Range: 63.892578
Warming up GPU...
Warmup complete.
Starting Profiling...
  Profiling Time: 0.729 ms
  Selected AbsEB: 1.277852e-03 (RelEB: 2.000000e-05)
  Estimated Ratio: 4.20 (Target: 4.00)
Starting Compression...
  Compression Time: 2.490 ms
  Compressed Size: 136427371
  Achieved Ratio: 4.14
Throughput Statistics:
  Profiling Throughput:    773.92 GB/s
  Compression Throughput:  226.68 GB/s
  Total (Prof+Comp) Thrpt: 175.33 GB/s
Starting Decompression...
  Decompression Time: 2.485 ms
  Decompression Throughput: 227.16 GB/s
Verification Results:
  Max Error: 1.279831e-03
  PSNR: 98.76 dB
  Compliance: PASS
BENCH_START:SCALE:W-98x1200x1200.f32:outlier:6.0
Configuration:
  Input File: /scratch/bfrq/bzhang28/SDRBENCH-SCALE_98x1200x1200/W-98x1200x1200.f32
  Dims: 1200x1200x98
  Elements: 141120000
  Target Ratio: 6.00
  Mode: outlier
  Sample Rate: 1000
Data Range: 63.892578
Warming up GPU...
Warmup complete.
Starting Profiling...
  Profiling Time: 0.734 ms
  Selected AbsEB: 6.389257e-03 (RelEB: 1.000000e-04)
  Estimated Ratio: 6.01 (Target: 6.00)
Starting Compression...
  Compression Time: 2.310 ms
  Compressed Size: 95800936
  Achieved Ratio: 5.89
Throughput Statistics:
  Profiling Throughput:    768.79 GB/s
  Compression Throughput:  244.37 GB/s
  Total (Prof+Comp) Thrpt: 185.43 GB/s
Starting Decompression...
  Decompression Time: 2.130 ms
  Decompression Throughput: 264.99 GB/s
Verification Results:
  Max Error: 6.389618e-03
  PSNR: 84.78 dB
  Compliance: PASS
BENCH_START:SCALE:W-98x1200x1200.f32:outlier:8.0
Configuration:
  Input File: /scratch/bfrq/bzhang28/SDRBENCH-SCALE_98x1200x1200/W-98x1200x1200.f32
  Dims: 1200x1200x98
  Elements: 141120000
  Target Ratio: 8.00
  Mode: outlier
  Sample Rate: 1000
Data Range: 63.892578
Warming up GPU...
Warmup complete.
Starting Profiling...
  Profiling Time: 0.729 ms
  Selected AbsEB: 1.980670e-02 (RelEB: 3.100000e-04)
  Estimated Ratio: 8.19 (Target: 8.00)
Starting Compression...
  Compression Time: 2.078 ms
  Compressed Size: 70613160
  Achieved Ratio: 7.99
Throughput Statistics:
  Profiling Throughput:    774.06 GB/s
  Compression Throughput:  271.65 GB/s
  Total (Prof+Comp) Thrpt: 201.08 GB/s
Starting Decompression...
  Decompression Time: 1.824 ms
  Decompression Throughput: 309.50 GB/s
Verification Results:
  Max Error: 1.980782e-02
  PSNR: 74.96 dB
  Compliance: PASS
BENCH_START:SCALE:W-98x1200x1200.f32:plain:4.0
Configuration:
  Input File: /scratch/bfrq/bzhang28/SDRBENCH-SCALE_98x1200x1200/W-98x1200x1200.f32
  Dims: 1200x1200x98
  Elements: 141120000
  Target Ratio: 4.00
  Mode: plain
  Sample Rate: 1000
Data Range: 63.892578
Warming up GPU...
Warmup complete.
Starting Profiling...
  Profiling Time: 0.716 ms
  Selected AbsEB: 2.875166e-03 (RelEB: 4.500000e-05)
  Estimated Ratio: 4.06 (Target: 4.00)
Starting Compression...
  Compression Time: 1.865 ms
  Compressed Size: 140460616
  Achieved Ratio: 4.02
Throughput Statistics:
  Profiling Throughput:    788.17 GB/s
  Compression Throughput:  302.63 GB/s
  Total (Prof+Comp) Thrpt: 218.67 GB/s
Starting Decompression...
  Decompression Time: 1.154 ms
  Decompression Throughput: 489.09 GB/s
Verification Results:
  Max Error: 2.876282e-03
  PSNR: 91.71 dB
  Compliance: PASS
BENCH_START:SCALE:W-98x1200x1200.f32:plain:6.0
Configuration:
  Input File: /scratch/bfrq/bzhang28/SDRBENCH-SCALE_98x1200x1200/W-98x1200x1200.f32
  Dims: 1200x1200x98
  Elements: 141120000
  Target Ratio: 6.00
  Mode: plain
  Sample Rate: 1000
Data Range: 63.892578
Warming up GPU...
Warmup complete.
Starting Profiling...
  Profiling Time: 0.723 ms
  Selected AbsEB: 1.788992e-02 (RelEB: 2.800000e-04)
  Estimated Ratio: 6.01 (Target: 6.00)
Starting Compression...
  Compression Time: 1.764 ms
  Compressed Size: 94816032
  Achieved Ratio: 5.95
Throughput Statistics:
  Profiling Throughput:    780.57 GB/s
  Compression Throughput:  320.03 GB/s
  Total (Prof+Comp) Thrpt: 226.97 GB/s
Starting Decompression...
  Decompression Time: 1.021 ms
  Decompression Throughput: 552.63 GB/s
Verification Results:
  Max Error: 1.789093e-02
  PSNR: 75.84 dB
  Compliance: PASS
BENCH_START:SCALE:W-98x1200x1200.f32:plain:8.0
Configuration:
  Input File: /scratch/bfrq/bzhang28/SDRBENCH-SCALE_98x1200x1200/W-98x1200x1200.f32
  Dims: 1200x1200x98
  Elements: 141120000
  Target Ratio: 8.00
  Mode: plain
  Sample Rate: 1000
Data Range: 63.892578
Warming up GPU...
Warmup complete.
Starting Profiling...
  Profiling Time: 0.721 ms
  Selected AbsEB: 5.047514e-02 (RelEB: 7.900000e-04)
  Estimated Ratio: 8.03 (Target: 8.00)
Starting Compression...
  Compression Time: 1.754 ms
  Compressed Size: 71189720
  Achieved Ratio: 7.93
Throughput Statistics:
  Profiling Throughput:    783.10 GB/s
  Compression Throughput:  321.82 GB/s
  Total (Prof+Comp) Thrpt: 228.09 GB/s
Starting Decompression...
  Decompression Time: 0.970 ms
  Decompression Throughput: 582.12 GB/s
Verification Results:
  Max Error: 5.047524e-02
  PSNR: 66.84 dB
  Compliance: PASS
