srun: job 20286733 queued and waiting for resources
srun: job 20286733 has been allocated resources
BENCH_START:CESM:CLDICE_1_26_1800_3600.f32:outlier:4.0
Configuration:
  Input File: /scratch/bfrq/bzhang28/SDRBENCH-CESM-ATM-26x1800x3600/CLDICE_1_26_1800_3600.f32
  Dims: 3600x1800x26
  Elements: 168480000
  Target Ratio: 4.00
  Mode: outlier
  Sample Rate: 1000
Data Range: 0.000079
Warming up GPU...
Warmup complete.
Starting Profiling...
  Profiling Time: 0.782 ms
  Selected AbsEB: 2.356551e-10 (RelEB: 3.000000e-06)
  Estimated Ratio: 4.08 (Target: 4.00)
Starting Compression...
  Compression Time: 2.767 ms
  Compressed Size: 165385924
  Achieved Ratio: 4.07
Throughput Statistics:
  Profiling Throughput:    862.23 GB/s
  Compression Throughput:  243.56 GB/s
  Total (Prof+Comp) Thrpt: 189.91 GB/s
Starting Decompression...
  Decompression Time: 1.986 ms
  Decompression Throughput: 339.35 GB/s
Verification Results:
  Max Error: 2.401066e-10
  PSNR: 118.17 dB
  Compliance: PASS
BENCH_START:CESM:CLDICE_1_26_1800_3600.f32:outlier:6.0
Configuration:
  Input File: /scratch/bfrq/bzhang28/SDRBENCH-CESM-ATM-26x1800x3600/CLDICE_1_26_1800_3600.f32
  Dims: 3600x1800x26
  Elements: 168480000
  Target Ratio: 6.00
  Mode: outlier
  Sample Rate: 1000
Data Range: 0.000079
Warming up GPU...
Warmup complete.
Starting Profiling...
  Profiling Time: 0.782 ms
  Selected AbsEB: 3.927584e-09 (RelEB: 5.000000e-05)
  Estimated Ratio: 6.07 (Target: 6.00)
Starting Compression...
  Compression Time: 2.447 ms
  Compressed Size: 111276295
  Achieved Ratio: 6.06
Throughput Statistics:
  Profiling Throughput:    861.53 GB/s
  Compression Throughput:  275.38 GB/s
  Total (Prof+Comp) Thrpt: 208.68 GB/s
Starting Decompression...
  Decompression Time: 1.713 ms
  Decompression Throughput: 393.32 GB/s
Verification Results:
  Max Error: 3.929017e-09
  PSNR: 93.79 dB
  Compliance: PASS
BENCH_START:CESM:CLDICE_1_26_1800_3600.f32:outlier:8.0
Configuration:
  Input File: /scratch/bfrq/bzhang28/SDRBENCH-CESM-ATM-26x1800x3600/CLDICE_1_26_1800_3600.f32
  Dims: 3600x1800x26
  Elements: 168480000
  Target Ratio: 8.00
  Mode: outlier
  Sample Rate: 1000
Data Range: 0.000079
Warming up GPU...
Warmup complete.
Starting Profiling...
  Profiling Time: 0.798 ms
  Selected AbsEB: 1.728137e-08 (RelEB: 2.200000e-04)
  Estimated Ratio: 8.09 (Target: 8.00)
Starting Compression...
  Compression Time: 2.475 ms
  Compressed Size: 83858398
  Achieved Ratio: 8.04
Throughput Statistics:
  Profiling Throughput:    844.43 GB/s
  Compression Throughput:  272.28 GB/s
  Total (Prof+Comp) Thrpt: 205.89 GB/s
Starting Decompression...
  Decompression Time: 1.844 ms
  Decompression Throughput: 365.54 GB/s
Verification Results:
  Max Error: 1.728404e-08
  PSNR: 81.00 dB
  Compliance: PASS
BENCH_START:CESM:CLDICE_1_26_1800_3600.f32:plain:4.0
Configuration:
  Input File: /scratch/bfrq/bzhang28/SDRBENCH-CESM-ATM-26x1800x3600/CLDICE_1_26_1800_3600.f32
  Dims: 3600x1800x26
  Elements: 168480000
  Target Ratio: 4.00
  Mode: plain
  Sample Rate: 1000
Data Range: 0.000079
Warming up GPU...
Warmup complete.
Starting Profiling...
  Profiling Time: 0.773 ms
  Selected AbsEB: 3.142067e-10 (RelEB: 4.000000e-06)
  Estimated Ratio: 4.10 (Target: 4.00)
Starting Compression...
  Compression Time: 2.669 ms
  Compressed Size: 164675256
  Achieved Ratio: 4.09
Throughput Statistics:
  Profiling Throughput:    872.37 GB/s
  Compression Throughput:  252.52 GB/s
  Total (Prof+Comp) Thrpt: 195.83 GB/s
Starting Decompression...
  Decompression Time: 1.386 ms
  Decompression Throughput: 486.37 GB/s
Verification Results:
  Max Error: 3.165042e-10
  PSNR: 115.67 dB
  Compliance: PASS
BENCH_START:CESM:CLDICE_1_26_1800_3600.f32:plain:6.0
Configuration:
  Input File: /scratch/bfrq/bzhang28/SDRBENCH-CESM-ATM-26x1800x3600/CLDICE_1_26_1800_3600.f32
  Dims: 3600x1800x26
  Elements: 168480000
  Target Ratio: 6.00
  Mode: plain
  Sample Rate: 1000
Data Range: 0.000079
Warming up GPU...
Warmup complete.
Starting Profiling...
  Profiling Time: 0.782 ms
  Selected AbsEB: 4.791653e-09 (RelEB: 6.100000e-05)
  Estimated Ratio: 6.01 (Target: 6.00)
Starting Compression...
  Compression Time: 2.210 ms
  Compressed Size: 112482440
  Achieved Ratio: 5.99
Throughput Statistics:
  Profiling Throughput:    862.16 GB/s
  Compression Throughput:  304.89 GB/s
  Total (Prof+Comp) Thrpt: 225.24 GB/s
Starting Decompression...
  Decompression Time: 1.169 ms
  Decompression Throughput: 576.43 GB/s
Verification Results:
  Max Error: 4.794856e-09
  PSNR: 92.07 dB
  Compliance: PASS
BENCH_START:CESM:CLDICE_1_26_1800_3600.f32:plain:8.0
Configuration:
  Input File: /scratch/bfrq/bzhang28/SDRBENCH-CESM-ATM-26x1800x3600/CLDICE_1_26_1800_3600.f32
  Dims: 3600x1800x26
  Elements: 168480000
  Target Ratio: 8.00
  Mode: plain
  Sample Rate: 1000
Data Range: 0.000079
Warming up GPU...
Warmup complete.
Starting Profiling...
  Profiling Time: 0.770 ms
  Selected AbsEB: 2.199447e-08 (RelEB: 2.800000e-04)
  Estimated Ratio: 8.01 (Target: 8.00)
Starting Compression...
  Compression Time: 2.097 ms
  Compressed Size: 84628600
  Achieved Ratio: 7.96
Throughput Statistics:
  Profiling Throughput:    875.53 GB/s
  Compression Throughput:  321.38 GB/s
  Total (Prof+Comp) Thrpt: 235.09 GB/s
Starting Decompression...
  Decompression Time: 1.038 ms
  Decompression Throughput: 649.22 GB/s
Verification Results:
  Max Error: 2.199886e-08
  PSNR: 78.92 dB
  Compliance: PASS
BENCH_START:CESM:CLDLIQ_1_26_1800_3600.f32:outlier:4.0
Configuration:
  Input File: /scratch/bfrq/bzhang28/SDRBENCH-CESM-ATM-26x1800x3600/CLDLIQ_1_26_1800_3600.f32
  Dims: 3600x1800x26
  Elements: 168480000
  Target Ratio: 4.00
  Mode: outlier
  Sample Rate: 1000
Data Range: 0.000521
Warming up GPU...
Warmup complete.
Starting Profiling...
  Profiling Time: 0.784 ms
  Selected AbsEB: 5.205818e-10 (RelEB: 1.000000e-06)
  Estimated Ratio: 4.13 (Target: 4.00)
Starting Compression...
  Compression Time: 2.893 ms
  Compressed Size: 163388230
  Achieved Ratio: 4.12
Throughput Statistics:
  Profiling Throughput:    859.66 GB/s
  Compression Throughput:  232.95 GB/s
  Total (Prof+Comp) Thrpt: 183.28 GB/s
Starting Decompression...
  Decompression Time: 2.065 ms
  Decompression Throughput: 326.42 GB/s
Verification Results:
  Max Error: 5.529728e-10
  PSNR: 128.88 dB
  Compliance: PASS
BENCH_START:CESM:CLDLIQ_1_26_1800_3600.f32:outlier:6.0
Configuration:
  Input File: /scratch/bfrq/bzhang28/SDRBENCH-CESM-ATM-26x1800x3600/CLDLIQ_1_26_1800_3600.f32
  Dims: 3600x1800x26
  Elements: 168480000
  Target Ratio: 6.00
  Mode: outlier
  Sample Rate: 1000
Data Range: 0.000521
Warming up GPU...
Warmup complete.
Starting Profiling...
  Profiling Time: 0.786 ms
  Selected AbsEB: 1.301454e-08 (RelEB: 2.500000e-05)
  Estimated Ratio: 6.11 (Target: 6.00)
Starting Compression...
  Compression Time: 2.376 ms
  Compressed Size: 110618996
  Achieved Ratio: 6.09
Throughput Statistics:
  Profiling Throughput:    857.39 GB/s
  Compression Throughput:  283.59 GB/s
  Total (Prof+Comp) Thrpt: 213.10 GB/s
Starting Decompression...
  Decompression Time: 1.589 ms
  Decompression Throughput: 424.10 GB/s
Verification Results:
  Max Error: 1.303852e-08
  PSNR: 100.97 dB
  Compliance: PASS
BENCH_START:CESM:CLDLIQ_1_26_1800_3600.f32:outlier:8.0
Configuration:
  Input File: /scratch/bfrq/bzhang28/SDRBENCH-CESM-ATM-26x1800x3600/CLDLIQ_1_26_1800_3600.f32
  Dims: 3600x1800x26
  Elements: 168480000
  Target Ratio: 8.00
  Mode: outlier
  Sample Rate: 1000
Data Range: 0.000521
Warming up GPU...
Warmup complete.
Starting Profiling...
  Profiling Time: 0.781 ms
  Selected AbsEB: 6.767564e-08 (RelEB: 1.300000e-04)
  Estimated Ratio: 8.03 (Target: 8.00)
Starting Compression...
  Compression Time: 2.323 ms
  Compressed Size: 84027060
  Achieved Ratio: 8.02
Throughput Statistics:
  Profiling Throughput:    863.29 GB/s
  Compression Throughput:  290.05 GB/s
  Total (Prof+Comp) Thrpt: 217.10 GB/s
Starting Decompression...
  Decompression Time: 1.609 ms
  Decompression Throughput: 418.77 GB/s
Verification Results:
  Max Error: 6.769551e-08
  PSNR: 86.69 dB
  Compliance: PASS
BENCH_START:CESM:CLDLIQ_1_26_1800_3600.f32:plain:4.0
Configuration:
  Input File: /scratch/bfrq/bzhang28/SDRBENCH-CESM-ATM-26x1800x3600/CLDLIQ_1_26_1800_3600.f32
  Dims: 3600x1800x26
  Elements: 168480000
  Target Ratio: 4.00
  Mode: plain
  Sample Rate: 1000
Data Range: 0.000521
Warming up GPU...
Warmup complete.
Starting Profiling...
  Profiling Time: 0.777 ms
  Selected AbsEB: 5.205818e-10 (RelEB: 1.000000e-06)
  Estimated Ratio: 4.01 (Target: 4.00)
Starting Compression...
  Compression Time: 2.829 ms
  Compressed Size: 168025640
  Achieved Ratio: 4.01
Throughput Statistics:
  Profiling Throughput:    867.45 GB/s
  Compression Throughput:  238.23 GB/s
  Total (Prof+Comp) Thrpt: 186.90 GB/s
Starting Decompression...
  Decompression Time: 1.318 ms
  Decompression Throughput: 511.19 GB/s
Verification Results:
  Max Error: 5.529728e-10
  PSNR: 128.88 dB
  Compliance: PASS
BENCH_START:CESM:CLDLIQ_1_26_1800_3600.f32:plain:6.0
Configuration:
  Input File: /scratch/bfrq/bzhang28/SDRBENCH-CESM-ATM-26x1800x3600/CLDLIQ_1_26_1800_3600.f32
  Dims: 3600x1800x26
  Elements: 168480000
  Target Ratio: 6.00
  Mode: plain
  Sample Rate: 1000
Data Range: 0.000521
Warming up GPU...
Warmup complete.
Starting Profiling...
  Profiling Time: 0.804 ms
  Selected AbsEB: 1.822036e-08 (RelEB: 3.500000e-05)
  Estimated Ratio: 6.12 (Target: 6.00)
Starting Compression...
  Compression Time: 2.127 ms
  Compressed Size: 109893464
  Achieved Ratio: 6.13
Throughput Statistics:
  Profiling Throughput:    837.74 GB/s
  Compression Throughput:  316.80 GB/s
  Total (Prof+Comp) Thrpt: 229.87 GB/s
Starting Decompression...
  Decompression Time: 1.083 ms
  Decompression Throughput: 622.52 GB/s
Verification Results:
  Max Error: 1.822264e-08
  PSNR: 98.05 dB
  Compliance: PASS
BENCH_START:CESM:CLDLIQ_1_26_1800_3600.f32:plain:8.0
Configuration:
  Input File: /scratch/bfrq/bzhang28/SDRBENCH-CESM-ATM-26x1800x3600/CLDLIQ_1_26_1800_3600.f32
  Dims: 3600x1800x26
  Elements: 168480000
  Target Ratio: 8.00
  Mode: plain
  Sample Rate: 1000
Data Range: 0.000521
Warming up GPU...
Warmup complete.
Starting Profiling...
  Profiling Time: 0.776 ms
  Selected AbsEB: 9.891054e-08 (RelEB: 1.900000e-04)
  Estimated Ratio: 8.14 (Target: 8.00)
Starting Compression...
  Compression Time: 2.038 ms
  Compressed Size: 82894456
  Achieved Ratio: 8.13
Throughput Statistics:
  Profiling Throughput:    868.31 GB/s
  Compression Throughput:  330.71 GB/s
  Total (Prof+Comp) Thrpt: 239.50 GB/s
Starting Decompression...
  Decompression Time: 0.974 ms
  Decompression Throughput: 691.60 GB/s
Verification Results:
  Max Error: 9.892392e-08
  PSNR: 83.41 dB
  Compliance: PASS
BENCH_START:CESM:CLOUD_1_26_1800_3600.f32:outlier:4.0
Configuration:
  Input File: /scratch/bfrq/bzhang28/SDRBENCH-CESM-ATM-26x1800x3600/CLOUD_1_26_1800_3600.f32
  Dims: 3600x1800x26
  Elements: 168480000
  Target Ratio: 4.00
  Mode: outlier
  Sample Rate: 1000
Data Range: 0.964057
Warming up GPU...
Warmup complete.
Starting Profiling...
  Profiling Time: 0.774 ms
  Selected AbsEB: 5.302312e-05 (RelEB: 5.500000e-05)
  Estimated Ratio: 4.01 (Target: 4.00)
Starting Compression...
  Compression Time: 2.700 ms
  Compressed Size: 168704850
  Achieved Ratio: 3.99
Throughput Statistics:
  Profiling Throughput:    870.18 GB/s
  Compression Throughput:  249.64 GB/s
  Total (Prof+Comp) Thrpt: 193.99 GB/s
Starting Decompression...
  Decompression Time: 2.026 ms
  Decompression Throughput: 332.62 GB/s
Verification Results:
  Max Error: 5.304813e-05
  PSNR: 91.72 dB
  Compliance: PASS
BENCH_START:CESM:CLOUD_1_26_1800_3600.f32:outlier:6.0
Configuration:
  Input File: /scratch/bfrq/bzhang28/SDRBENCH-CESM-ATM-26x1800x3600/CLOUD_1_26_1800_3600.f32
  Dims: 3600x1800x26
  Elements: 168480000
  Target Ratio: 6.00
  Mode: outlier
  Sample Rate: 1000
Data Range: 0.964057
Warming up GPU...
Warmup complete.
Starting Profiling...
  Profiling Time: 0.801 ms
  Selected AbsEB: 5.302312e-04 (RelEB: 5.500000e-04)
  Estimated Ratio: 6.04 (Target: 6.00)
Starting Compression...
  Compression Time: 2.634 ms
  Compressed Size: 111923122
  Achieved Ratio: 6.02
Throughput Statistics:
  Profiling Throughput:    841.09 GB/s
  Compression Throughput:  255.89 GB/s
  Total (Prof+Comp) Thrpt: 196.20 GB/s
Starting Decompression...
  Decompression Time: 2.085 ms
  Decompression Throughput: 323.21 GB/s
Verification Results:
  Max Error: 5.303025e-04
  PSNR: 71.80 dB
  Compliance: PASS
BENCH_START:CESM:CLOUD_1_26_1800_3600.f32:outlier:8.0
Configuration:
  Input File: /scratch/bfrq/bzhang28/SDRBENCH-CESM-ATM-26x1800x3600/CLOUD_1_26_1800_3600.f32
  Dims: 3600x1800x26
  Elements: 168480000
  Target Ratio: 8.00
  Mode: outlier
  Sample Rate: 1000
Data Range: 0.964057
Warming up GPU...
Warmup complete.
Starting Profiling...
  Profiling Time: 0.786 ms
  Selected AbsEB: 1.831708e-03 (RelEB: 1.900000e-03)
  Estimated Ratio: 8.12 (Target: 8.00)
Starting Compression...
  Compression Time: 2.443 ms
  Compressed Size: 83372508
  Achieved Ratio: 8.08
Throughput Statistics:
  Profiling Throughput:    857.21 GB/s
  Compression Throughput:  275.84 GB/s
  Total (Prof+Comp) Thrpt: 208.69 GB/s
Starting Decompression...
  Decompression Time: 1.813 ms
  Decompression Throughput: 371.75 GB/s
Verification Results:
  Max Error: 1.831710e-03
  PSNR: 61.11 dB
  Compliance: PASS
BENCH_START:CESM:CLOUD_1_26_1800_3600.f32:plain:4.0
Configuration:
  Input File: /scratch/bfrq/bzhang28/SDRBENCH-CESM-ATM-26x1800x3600/CLOUD_1_26_1800_3600.f32
  Dims: 3600x1800x26
  Elements: 168480000
  Target Ratio: 4.00
  Mode: plain
  Sample Rate: 1000
Data Range: 0.964057
Warming up GPU...
Warmup complete.
Starting Profiling...
  Profiling Time: 0.776 ms
  Selected AbsEB: 9.351350e-05 (RelEB: 9.700000e-05)
  Estimated Ratio: 4.02 (Target: 4.00)
Starting Compression...
  Compression Time: 2.359 ms
  Compressed Size: 168134096
  Achieved Ratio: 4.01
Throughput Statistics:
  Profiling Throughput:    868.63 GB/s
  Compression Throughput:  285.66 GB/s
  Total (Prof+Comp) Thrpt: 214.96 GB/s
Starting Decompression...
  Decompression Time: 1.277 ms
  Decompression Throughput: 527.57 GB/s
Verification Results:
  Max Error: 9.357929e-05
  PSNR: 86.80 dB
  Compliance: PASS
BENCH_START:CESM:CLOUD_1_26_1800_3600.f32:plain:6.0
Configuration:
  Input File: /scratch/bfrq/bzhang28/SDRBENCH-CESM-ATM-26x1800x3600/CLOUD_1_26_1800_3600.f32
  Dims: 3600x1800x26
  Elements: 168480000
  Target Ratio: 6.00
  Mode: plain
  Sample Rate: 1000
Data Range: 0.964057
Warming up GPU...
Warmup complete.
Starting Profiling...
  Profiling Time: 0.773 ms
  Selected AbsEB: 9.351350e-04 (RelEB: 9.700000e-04)
  Estimated Ratio: 6.01 (Target: 6.00)
Starting Compression...
  Compression Time: 2.175 ms
  Compressed Size: 112588312
  Achieved Ratio: 5.99
Throughput Statistics:
  Profiling Throughput:    872.09 GB/s
  Compression Throughput:  309.82 GB/s
  Total (Prof+Comp) Thrpt: 228.60 GB/s
Starting Decompression...
  Decompression Time: 1.206 ms
  Decompression Throughput: 558.90 GB/s
Verification Results:
  Max Error: 9.351373e-04
  PSNR: 66.91 dB
  Compliance: PASS
BENCH_START:CESM:CLOUD_1_26_1800_3600.f32:plain:8.0
Configuration:
  Input File: /scratch/bfrq/bzhang28/SDRBENCH-CESM-ATM-26x1800x3600/CLOUD_1_26_1800_3600.f32
  Dims: 3600x1800x26
  Elements: 168480000
  Target Ratio: 8.00
  Mode: plain
  Sample Rate: 1000
Data Range: 0.964057
Warming up GPU...
Warmup complete.
Starting Profiling...
  Profiling Time: 0.806 ms
  Selected AbsEB: 3.277793e-03 (RelEB: 3.400000e-03)
  Estimated Ratio: 8.08 (Target: 8.00)
Starting Compression...
  Compression Time: 2.174 ms
  Compressed Size: 83855928
  Achieved Ratio: 8.04
Throughput Statistics:
  Profiling Throughput:    835.85 GB/s
  Compression Throughput:  310.03 GB/s
  Total (Prof+Comp) Thrpt: 226.15 GB/s
Starting Decompression...
  Decompression Time: 1.033 ms
  Decompression Throughput: 652.21 GB/s
Verification Results:
  Max Error: 3.277838e-03
  PSNR: 56.10 dB
  Compliance: PASS
BENCH_START:CESM:CMFDQR_1_26_1800_3600.f32:outlier:4.0
Configuration:
  Input File: /scratch/bfrq/bzhang28/SDRBENCH-CESM-ATM-26x1800x3600/CMFDQR_1_26_1800_3600.f32
  Dims: 3600x1800x26
  Elements: 168480000
  Target Ratio: 4.00
  Mode: outlier
  Sample Rate: 1000
Data Range: 0.000000
Warming up GPU...
Warmup complete.
Starting Profiling...
  Profiling Time: 0.785 ms
  Selected AbsEB: 3.533698e-14 (RelEB: 1.000000e-06)
  Estimated Ratio: 4.92 (Target: 4.00)
Starting Compression...
  Compression Time: 2.502 ms
  Compressed Size: 137472064
  Achieved Ratio: 4.90
Throughput Statistics:
  Profiling Throughput:    858.58 GB/s
  Compression Throughput:  269.40 GB/s
  Total (Prof+Comp) Thrpt: 205.06 GB/s
Starting Decompression...
  Decompression Time: 1.651 ms
  Decompression Throughput: 408.17 GB/s
Verification Results:
  Max Error: 3.552714e-14
  PSNR: 128.65 dB
  Compliance: PASS
BENCH_START:CESM:CMFDQR_1_26_1800_3600.f32:outlier:6.0
Configuration:
  Input File: /scratch/bfrq/bzhang28/SDRBENCH-CESM-ATM-26x1800x3600/CMFDQR_1_26_1800_3600.f32
  Dims: 3600x1800x26
  Elements: 168480000
  Target Ratio: 6.00
  Mode: outlier
  Sample Rate: 1000
Data Range: 0.000000
Warming up GPU...
Warmup complete.
Starting Profiling...
  Profiling Time: 0.782 ms
  Selected AbsEB: 1.413479e-13 (RelEB: 4.000000e-06)
  Estimated Ratio: 6.05 (Target: 6.00)
Starting Compression...
  Compression Time: 2.319 ms
  Compressed Size: 111922851
  Achieved Ratio: 6.02
Throughput Statistics:
  Profiling Throughput:    861.42 GB/s
  Compression Throughput:  290.58 GB/s
  Total (Prof+Comp) Thrpt: 217.28 GB/s
Starting Decompression...
  Decompression Time: 1.505 ms
  Decompression Throughput: 447.76 GB/s
Verification Results:
  Max Error: 1.421085e-13
  PSNR: 116.69 dB
  Compliance: PASS
BENCH_START:CESM:CMFDQR_1_26_1800_3600.f32:outlier:8.0
Configuration:
  Input File: /scratch/bfrq/bzhang28/SDRBENCH-CESM-ATM-26x1800x3600/CMFDQR_1_26_1800_3600.f32
  Dims: 3600x1800x26
  Elements: 168480000
  Target Ratio: 8.00
  Mode: outlier
  Sample Rate: 1000
Data Range: 0.000000
Warming up GPU...
Warmup complete.
Starting Profiling...
  Profiling Time: 0.787 ms
  Selected AbsEB: 7.067395e-13 (RelEB: 2.000000e-05)
  Estimated Ratio: 8.07 (Target: 8.00)
Starting Compression...
  Compression Time: 2.205 ms
  Compressed Size: 83817296
  Achieved Ratio: 8.04
Throughput Statistics:
  Profiling Throughput:    856.59 GB/s
  Compression Throughput:  305.57 GB/s
  Total (Prof+Comp) Thrpt: 225.23 GB/s
Starting Decompression...
  Decompression Time: 1.543 ms
  Decompression Throughput: 436.65 GB/s
Verification Results:
  Max Error: 7.069900e-13
  PSNR: 102.85 dB
  Compliance: PASS
BENCH_START:CESM:CMFDQR_1_26_1800_3600.f32:plain:4.0
Configuration:
  Input File: /scratch/bfrq/bzhang28/SDRBENCH-CESM-ATM-26x1800x3600/CMFDQR_1_26_1800_3600.f32
  Dims: 3600x1800x26
  Elements: 168480000
  Target Ratio: 4.00
  Mode: plain
  Sample Rate: 1000
Data Range: 0.000000
Warming up GPU...
Warmup complete.
Starting Profiling...
  Profiling Time: 0.781 ms
  Selected AbsEB: 3.533698e-14 (RelEB: 1.000000e-06)
  Estimated Ratio: 4.89 (Target: 4.00)
Starting Compression...
  Compression Time: 2.475 ms
  Compressed Size: 138318472
  Achieved Ratio: 4.87
Throughput Statistics:
  Profiling Throughput:    862.58 GB/s
  Compression Throughput:  272.28 GB/s
  Total (Prof+Comp) Thrpt: 206.95 GB/s
Starting Decompression...
  Decompression Time: 1.214 ms
  Decompression Throughput: 555.09 GB/s
Verification Results:
  Max Error: 3.552714e-14
  PSNR: 128.65 dB
  Compliance: PASS
BENCH_START:CESM:CMFDQR_1_26_1800_3600.f32:plain:6.0
Configuration:
  Input File: /scratch/bfrq/bzhang28/SDRBENCH-CESM-ATM-26x1800x3600/CMFDQR_1_26_1800_3600.f32
  Dims: 3600x1800x26
  Elements: 168480000
  Target Ratio: 6.00
  Mode: plain
  Sample Rate: 1000
Data Range: 0.000000
Warming up GPU...
Warmup complete.
Starting Profiling...
  Profiling Time: 0.761 ms
  Selected AbsEB: 1.413479e-13 (RelEB: 4.000000e-06)
  Estimated Ratio: 6.01 (Target: 6.00)
Starting Compression...
  Compression Time: 2.160 ms
  Compressed Size: 112782592
  Achieved Ratio: 5.98
Throughput Statistics:
  Profiling Throughput:    885.77 GB/s
  Compression Throughput:  312.00 GB/s
  Total (Prof+Comp) Thrpt: 230.73 GB/s
Starting Decompression...
  Decompression Time: 1.110 ms
  Decompression Throughput: 606.93 GB/s
Verification Results:
  Max Error: 1.421085e-13
  PSNR: 116.69 dB
  Compliance: PASS
BENCH_START:CESM:CMFDQR_1_26_1800_3600.f32:plain:8.0
Configuration:
  Input File: /scratch/bfrq/bzhang28/SDRBENCH-CESM-ATM-26x1800x3600/CMFDQR_1_26_1800_3600.f32
  Dims: 3600x1800x26
  Elements: 168480000
  Target Ratio: 8.00
  Mode: plain
  Sample Rate: 1000
Data Range: 0.000000
Warming up GPU...
Warmup complete.
Starting Profiling...
  Profiling Time: 0.778 ms
  Selected AbsEB: 8.834244e-13 (RelEB: 2.500000e-05)
  Estimated Ratio: 8.33 (Target: 8.00)
Starting Compression...
  Compression Time: 2.057 ms
  Compressed Size: 80957200
  Achieved Ratio: 8.32
Throughput Statistics:
  Profiling Throughput:    865.92 GB/s
  Compression Throughput:  327.55 GB/s
  Total (Prof+Comp) Thrpt: 237.65 GB/s
Starting Decompression...
  Decompression Time: 1.095 ms
  Decompression Throughput: 615.50 GB/s
Verification Results:
  Max Error: 8.846257e-13
  PSNR: 100.94 dB
  Compliance: PASS
BENCH_START:CESM:CMFDQ_1_26_1800_3600.f32:outlier:4.0
Configuration:
  Input File: /scratch/bfrq/bzhang28/SDRBENCH-CESM-ATM-26x1800x3600/CMFDQ_1_26_1800_3600.f32
  Dims: 3600x1800x26
  Elements: 168480000
  Target Ratio: 4.00
  Mode: outlier
  Sample Rate: 1000
Data Range: 0.000000
Warming up GPU...
Warmup complete.
Starting Profiling...
  Profiling Time: 0.770 ms
  Selected AbsEB: 2.286381e-13 (RelEB: 1.000000e-06)
  Estimated Ratio: 4.24 (Target: 4.00)
Starting Compression...
  Compression Time: 2.834 ms
  Compressed Size: 159282317
  Achieved Ratio: 4.23
Throughput Statistics:
  Profiling Throughput:    874.73 GB/s
  Compression Throughput:  237.77 GB/s
  Total (Prof+Comp) Thrpt: 186.95 GB/s
Starting Decompression...
  Decompression Time: 2.170 ms
  Decompression Throughput: 310.61 GB/s
Verification Results:
  Max Error: 2.415845e-13
  PSNR: 127.56 dB
  Compliance: PASS
BENCH_START:CESM:CMFDQ_1_26_1800_3600.f32:outlier:6.0
Configuration:
  Input File: /scratch/bfrq/bzhang28/SDRBENCH-CESM-ATM-26x1800x3600/CMFDQ_1_26_1800_3600.f32
  Dims: 3600x1800x26
  Elements: 168480000
  Target Ratio: 6.00
  Mode: outlier
  Sample Rate: 1000
Data Range: 0.000000
Warming up GPU...
Warmup complete.
Starting Profiling...
  Profiling Time: 0.783 ms
  Selected AbsEB: 3.429572e-12 (RelEB: 1.500000e-05)
  Estimated Ratio: 6.33 (Target: 6.00)
Starting Compression...
  Compression Time: 2.398 ms
  Compressed Size: 106521807
  Achieved Ratio: 6.33
Throughput Statistics:
  Profiling Throughput:    860.19 GB/s
  Compression Throughput:  281.04 GB/s
  Total (Prof+Comp) Thrpt: 211.83 GB/s
Starting Decompression...
  Decompression Time: 1.602 ms
  Decompression Throughput: 420.54 GB/s
Verification Results:
  Max Error: 3.439027e-12
  PSNR: 104.40 dB
  Compliance: PASS
BENCH_START:CESM:CMFDQ_1_26_1800_3600.f32:outlier:8.0
Configuration:
  Input File: /scratch/bfrq/bzhang28/SDRBENCH-CESM-ATM-26x1800x3600/CMFDQ_1_26_1800_3600.f32
  Dims: 3600x1800x26
  Elements: 168480000
  Target Ratio: 8.00
  Mode: outlier
  Sample Rate: 1000
Data Range: 0.000000
Warming up GPU...
Warmup complete.
Starting Profiling...
  Profiling Time: 0.799 ms
  Selected AbsEB: 1.188918e-11 (RelEB: 5.200000e-05)
  Estimated Ratio: 8.02 (Target: 8.00)
Starting Compression...
  Compression Time: 2.324 ms
  Compressed Size: 84370326
  Achieved Ratio: 7.99
Throughput Statistics:
  Profiling Throughput:    843.61 GB/s
  Compression Throughput:  289.99 GB/s
  Total (Prof+Comp) Thrpt: 215.81 GB/s
Starting Decompression...
  Decompression Time: 1.523 ms
  Decompression Throughput: 442.58 GB/s
Verification Results:
  Max Error: 1.189449e-11
  PSNR: 93.87 dB
  Compliance: PASS
BENCH_START:CESM:CMFDQ_1_26_1800_3600.f32:plain:4.0
Configuration:
  Input File: /scratch/bfrq/bzhang28/SDRBENCH-CESM-ATM-26x1800x3600/CMFDQ_1_26_1800_3600.f32
  Dims: 3600x1800x26
  Elements: 168480000
  Target Ratio: 4.00
  Mode: plain
  Sample Rate: 1000
Data Range: 0.000000
Warming up GPU...
Warmup complete.
Starting Profiling...
  Profiling Time: 0.768 ms
  Selected AbsEB: 2.286381e-13 (RelEB: 1.000000e-06)
  Estimated Ratio: 4.16 (Target: 4.00)
Starting Compression...
  Compression Time: 2.681 ms
  Compressed Size: 161993888
  Achieved Ratio: 4.16
Throughput Statistics:
  Profiling Throughput:    877.61 GB/s
  Compression Throughput:  251.41 GB/s
  Total (Prof+Comp) Thrpt: 195.42 GB/s
Starting Decompression...
  Decompression Time: 1.326 ms
  Decompression Throughput: 508.22 GB/s
Verification Results:
  Max Error: 2.415845e-13
  PSNR: 127.56 dB
  Compliance: PASS
BENCH_START:CESM:CMFDQ_1_26_1800_3600.f32:plain:6.0
Configuration:
  Input File: /scratch/bfrq/bzhang28/SDRBENCH-CESM-ATM-26x1800x3600/CMFDQ_1_26_1800_3600.f32
  Dims: 3600x1800x26
  Elements: 168480000
  Target Ratio: 6.00
  Mode: plain
  Sample Rate: 1000
Data Range: 0.000000
Warming up GPU...
Warmup complete.
Starting Profiling...
  Profiling Time: 0.774 ms
  Selected AbsEB: 3.429572e-12 (RelEB: 1.500000e-05)
  Estimated Ratio: 6.16 (Target: 6.00)
Starting Compression...
  Compression Time: 2.180 ms
  Compressed Size: 109270680
  Achieved Ratio: 6.17
Throughput Statistics:
  Profiling Throughput:    870.93 GB/s
  Compression Throughput:  309.16 GB/s
  Total (Prof+Comp) Thrpt: 228.16 GB/s
Starting Decompression...
  Decompression Time: 1.092 ms
  Decompression Throughput: 617.36 GB/s
Verification Results:
  Max Error: 3.439027e-12
  PSNR: 104.40 dB
  Compliance: PASS
BENCH_START:CESM:CMFDQ_1_26_1800_3600.f32:plain:8.0
Configuration:
  Input File: /scratch/bfrq/bzhang28/SDRBENCH-CESM-ATM-26x1800x3600/CMFDQ_1_26_1800_3600.f32
  Dims: 3600x1800x26
  Elements: 168480000
  Target Ratio: 8.00
  Mode: plain
  Sample Rate: 1000
Data Range: 0.000000
Warming up GPU...
Warmup complete.
Starting Profiling...
  Profiling Time: 0.776 ms
  Selected AbsEB: 1.463284e-11 (RelEB: 6.400000e-05)
  Estimated Ratio: 8.05 (Target: 8.00)
Starting Compression...
  Compression Time: 2.084 ms
  Compressed Size: 83566712
  Achieved Ratio: 8.06
Throughput Statistics:
  Profiling Throughput:    868.92 GB/s
  Compression Throughput:  323.44 GB/s
  Total (Prof+Comp) Thrpt: 235.70 GB/s
Starting Decompression...
  Decompression Time: 0.999 ms
  Decompression Throughput: 674.83 GB/s
Verification Results:
  Max Error: 1.463718e-11
  PSNR: 92.12 dB
  Compliance: PASS
BENCH_START:CESM:CMFDT_1_26_1800_3600.f32:outlier:4.0
Configuration:
  Input File: /scratch/bfrq/bzhang28/SDRBENCH-CESM-ATM-26x1800x3600/CMFDT_1_26_1800_3600.f32
  Dims: 3600x1800x26
  Elements: 168480000
  Target Ratio: 4.00
  Mode: outlier
  Sample Rate: 1000
Data Range: 0.000442
Warming up GPU...
Warmup complete.
Starting Profiling...
  Profiling Time: 0.797 ms
  Selected AbsEB: 1.326582e-09 (RelEB: 3.000000e-06)
  Estimated Ratio: 4.15 (Target: 4.00)
Starting Compression...
  Compression Time: 2.639 ms
  Compressed Size: 163330556
  Achieved Ratio: 4.13
Throughput Statistics:
  Profiling Throughput:    845.82 GB/s
  Compression Throughput:  255.39 GB/s
  Total (Prof+Comp) Thrpt: 196.16 GB/s
Starting Decompression...
  Decompression Time: 1.789 ms
  Decompression Throughput: 376.80 GB/s
Verification Results:
  Max Error: 1.338776e-09
  PSNR: 117.73 dB
  Compliance: PASS
BENCH_START:CESM:CMFDT_1_26_1800_3600.f32:outlier:6.0
Configuration:
  Input File: /scratch/bfrq/bzhang28/SDRBENCH-CESM-ATM-26x1800x3600/CMFDT_1_26_1800_3600.f32
  Dims: 3600x1800x26
  Elements: 168480000
  Target Ratio: 6.00
  Mode: outlier
  Sample Rate: 1000
Data Range: 0.000442
Warming up GPU...
Warmup complete.
Starting Profiling...
  Profiling Time: 0.810 ms
  Selected AbsEB: 1.547679e-08 (RelEB: 3.500000e-05)
  Estimated Ratio: 6.14 (Target: 6.00)
Starting Compression...
  Compression Time: 2.426 ms
  Compressed Size: 110179145
  Achieved Ratio: 6.12
Throughput Statistics:
  Profiling Throughput:    832.28 GB/s
  Compression Throughput:  277.81 GB/s
  Total (Prof+Comp) Thrpt: 208.29 GB/s
Starting Decompression...
  Decompression Time: 1.682 ms
  Decompression Throughput: 400.74 GB/s
Verification Results:
  Max Error: 1.548324e-08
  PSNR: 96.48 dB
  Compliance: PASS
BENCH_START:CESM:CMFDT_1_26_1800_3600.f32:outlier:8.0
Configuration:
  Input File: /scratch/bfrq/bzhang28/SDRBENCH-CESM-ATM-26x1800x3600/CMFDT_1_26_1800_3600.f32
  Dims: 3600x1800x26
  Elements: 168480000
  Target Ratio: 8.00
  Mode: outlier
  Sample Rate: 1000
Data Range: 0.000442
Warming up GPU...
Warmup complete.
Starting Profiling...
  Profiling Time: 0.770 ms
  Selected AbsEB: 5.748523e-08 (RelEB: 1.300000e-04)
  Estimated Ratio: 8.11 (Target: 8.00)
Starting Compression...
  Compression Time: 2.346 ms
  Compressed Size: 83448149
  Achieved Ratio: 8.08
Throughput Statistics:
  Profiling Throughput:    875.35 GB/s
  Compression Throughput:  287.31 GB/s
  Total (Prof+Comp) Thrpt: 216.31 GB/s
Starting Decompression...
  Decompression Time: 1.592 ms
  Decompression Throughput: 423.44 GB/s
Verification Results:
  Max Error: 5.749462e-08
  PSNR: 85.22 dB
  Compliance: PASS
BENCH_START:CESM:CMFDT_1_26_1800_3600.f32:plain:4.0
Configuration:
  Input File: /scratch/bfrq/bzhang28/SDRBENCH-CESM-ATM-26x1800x3600/CMFDT_1_26_1800_3600.f32
  Dims: 3600x1800x26
  Elements: 168480000
  Target Ratio: 4.00
  Mode: plain
  Sample Rate: 1000
Data Range: 0.000442
Warming up GPU...
Warmup complete.
Starting Profiling...
  Profiling Time: 0.785 ms
  Selected AbsEB: 1.326582e-09 (RelEB: 3.000000e-06)
  Estimated Ratio: 4.12 (Target: 4.00)
Starting Compression...
  Compression Time: 2.519 ms
  Compressed Size: 164443888
  Achieved Ratio: 4.10
Throughput Statistics:
  Profiling Throughput:    858.89 GB/s
  Compression Throughput:  267.57 GB/s
  Total (Prof+Comp) Thrpt: 204.01 GB/s
Starting Decompression...
  Decompression Time: 1.334 ms
  Decompression Throughput: 505.23 GB/s
Verification Results:
  Max Error: 1.338776e-09
  PSNR: 117.73 dB
  Compliance: PASS
BENCH_START:CESM:CMFDT_1_26_1800_3600.f32:plain:6.0
Configuration:
  Input File: /scratch/bfrq/bzhang28/SDRBENCH-CESM-ATM-26x1800x3600/CMFDT_1_26_1800_3600.f32
  Dims: 3600x1800x26
  Elements: 168480000
  Target Ratio: 6.00
  Mode: plain
  Sample Rate: 1000
Data Range: 0.000442
Warming up GPU...
Warmup complete.
Starting Profiling...
  Profiling Time: 1.327 ms
  Selected AbsEB: 1.547679e-08 (RelEB: 3.500000e-05)
  Estimated Ratio: 6.08 (Target: 6.00)
Starting Compression...
  Compression Time: 2.239 ms
  Compressed Size: 111337576
  Achieved Ratio: 6.05
Throughput Statistics:
  Profiling Throughput:    507.85 GB/s
  Compression Throughput:  301.02 GB/s
  Total (Prof+Comp) Thrpt: 188.99 GB/s
Starting Decompression...
  Decompression Time: 1.146 ms
  Decompression Throughput: 588.20 GB/s
Verification Results:
  Max Error: 1.548324e-08
  PSNR: 96.48 dB
  Compliance: PASS
BENCH_START:CESM:CMFDT_1_26_1800_3600.f32:plain:8.0
Configuration:
  Input File: /scratch/bfrq/bzhang28/SDRBENCH-CESM-ATM-26x1800x3600/CMFDT_1_26_1800_3600.f32
  Dims: 3600x1800x26
  Elements: 168480000
  Target Ratio: 8.00
  Mode: plain
  Sample Rate: 1000
Data Range: 0.000442
Warming up GPU...
Warmup complete.
Starting Profiling...
  Profiling Time: 0.760 ms
  Selected AbsEB: 7.075105e-08 (RelEB: 1.600000e-04)
  Estimated Ratio: 8.39 (Target: 8.00)
Starting Compression...
  Compression Time: 2.124 ms
  Compressed Size: 80510680
  Achieved Ratio: 8.37
Throughput Statistics:
  Profiling Throughput:    886.25 GB/s
  Compression Throughput:  317.24 GB/s
  Total (Prof+Comp) Thrpt: 233.62 GB/s
Starting Decompression...
  Decompression Time: 1.041 ms
  Decompression Throughput: 647.46 GB/s
Verification Results:
  Max Error: 7.075869e-08
  PSNR: 83.46 dB
  Compliance: PASS
BENCH_START:CESM:CONCLD_1_26_1800_3600.f32:outlier:4.0
Configuration:
  Input File: /scratch/bfrq/bzhang28/SDRBENCH-CESM-ATM-26x1800x3600/CONCLD_1_26_1800_3600.f32
  Dims: 3600x1800x26
  Elements: 168480000
  Target Ratio: 4.00
  Mode: outlier
  Sample Rate: 1000
Data Range: 0.490213
Warming up GPU...
Warmup complete.
Starting Profiling...
  Profiling Time: 0.779 ms
  Selected AbsEB: 3.921703e-06 (RelEB: 8.000000e-06)
  Estimated Ratio: 4.08 (Target: 4.00)
Starting Compression...
  Compression Time: 2.707 ms
  Compressed Size: 166609607
  Achieved Ratio: 4.04
Throughput Statistics:
  Profiling Throughput:    865.49 GB/s
  Compression Throughput:  248.99 GB/s
  Total (Prof+Comp) Thrpt: 193.36 GB/s
Starting Decompression...
  Decompression Time: 1.713 ms
  Decompression Throughput: 393.48 GB/s
Verification Results:
  Max Error: 3.933907e-06
  PSNR: 109.61 dB
  Compliance: PASS
BENCH_START:CESM:CONCLD_1_26_1800_3600.f32:outlier:6.0
Configuration:
  Input File: /scratch/bfrq/bzhang28/SDRBENCH-CESM-ATM-26x1800x3600/CONCLD_1_26_1800_3600.f32
  Dims: 3600x1800x26
  Elements: 168480000
  Target Ratio: 6.00
  Mode: outlier
  Sample Rate: 1000
Data Range: 0.490213
Warming up GPU...
Warmup complete.
Starting Profiling...
  Profiling Time: 0.786 ms
  Selected AbsEB: 4.608001e-05 (RelEB: 9.400000e-05)
  Estimated Ratio: 6.00 (Target: 6.00)
Starting Compression...
  Compression Time: 2.370 ms
  Compressed Size: 113498837
  Achieved Ratio: 5.94
Throughput Statistics:
  Profiling Throughput:    856.97 GB/s
  Compression Throughput:  284.31 GB/s
  Total (Prof+Comp) Thrpt: 213.48 GB/s
Starting Decompression...
  Decompression Time: 1.573 ms
  Decompression Throughput: 428.39 GB/s
Verification Results:
  Max Error: 4.610419e-05
  PSNR: 88.27 dB
  Compliance: PASS
BENCH_START:CESM:CONCLD_1_26_1800_3600.f32:outlier:8.0
Configuration:
  Input File: /scratch/bfrq/bzhang28/SDRBENCH-CESM-ATM-26x1800x3600/CONCLD_1_26_1800_3600.f32
  Dims: 3600x1800x26
  Elements: 168480000
  Target Ratio: 8.00
  Mode: outlier
  Sample Rate: 1000
Data Range: 0.490213
Warming up GPU...
Warmup complete.
Starting Profiling...
  Profiling Time: 0.796 ms
  Selected AbsEB: 1.960852e-04 (RelEB: 4.000000e-04)
  Estimated Ratio: 8.12 (Target: 8.00)
Starting Compression...
  Compression Time: 2.272 ms
  Compressed Size: 84287759
  Achieved Ratio: 8.00
Throughput Statistics:
  Profiling Throughput:    846.39 GB/s
  Compression Throughput:  296.59 GB/s
  Total (Prof+Comp) Thrpt: 219.63 GB/s
Starting Decompression...
  Decompression Time: 1.358 ms
  Decompression Throughput: 496.32 GB/s
Verification Results:
  Max Error: 1.960993e-04
  PSNR: 75.82 dB
  Compliance: PASS
BENCH_START:CESM:CONCLD_1_26_1800_3600.f32:plain:4.0
Configuration:
  Input File: /scratch/bfrq/bzhang28/SDRBENCH-CESM-ATM-26x1800x3600/CONCLD_1_26_1800_3600.f32
  Dims: 3600x1800x26
  Elements: 168480000
  Target Ratio: 4.00
  Mode: plain
  Sample Rate: 1000
Data Range: 0.490213
Warming up GPU...
Warmup complete.
Starting Profiling...
  Profiling Time: 0.765 ms
  Selected AbsEB: 3.921703e-06 (RelEB: 8.000000e-06)
  Estimated Ratio: 4.02 (Target: 4.00)
Starting Compression...
  Compression Time: 2.588 ms
  Compressed Size: 169061424
  Achieved Ratio: 3.99
Throughput Statistics:
  Profiling Throughput:    881.32 GB/s
  Compression Throughput:  260.39 GB/s
  Total (Prof+Comp) Thrpt: 201.00 GB/s
Starting Decompression...
  Decompression Time: 1.313 ms
  Decompression Throughput: 513.13 GB/s
Verification Results:
  Max Error: 3.933907e-06
  PSNR: 109.61 dB
  Compliance: PASS
BENCH_START:CESM:CONCLD_1_26_1800_3600.f32:plain:6.0
Configuration:
  Input File: /scratch/bfrq/bzhang28/SDRBENCH-CESM-ATM-26x1800x3600/CONCLD_1_26_1800_3600.f32
  Dims: 3600x1800x26
  Elements: 168480000
  Target Ratio: 6.00
  Mode: plain
  Sample Rate: 1000
Data Range: 0.490213
Warming up GPU...
Warmup complete.
Starting Profiling...
  Profiling Time: 0.780 ms
  Selected AbsEB: 5.392342e-05 (RelEB: 1.100000e-04)
  Estimated Ratio: 6.04 (Target: 6.00)
Starting Compression...
  Compression Time: 2.213 ms
  Compressed Size: 112788736
  Achieved Ratio: 5.98
Throughput Statistics:
  Profiling Throughput:    863.75 GB/s
  Compression Throughput:  304.58 GB/s
  Total (Prof+Comp) Thrpt: 225.18 GB/s
Starting Decompression...
  Decompression Time: 1.125 ms
  Decompression Throughput: 599.16 GB/s
Verification Results:
  Max Error: 5.397201e-05
  PSNR: 86.92 dB
  Compliance: PASS
BENCH_START:CESM:CONCLD_1_26_1800_3600.f32:plain:8.0
Configuration:
  Input File: /scratch/bfrq/bzhang28/SDRBENCH-CESM-ATM-26x1800x3600/CONCLD_1_26_1800_3600.f32
  Dims: 3600x1800x26
  Elements: 168480000
  Target Ratio: 8.00
  Mode: plain
  Sample Rate: 1000
Data Range: 0.490213
Warming up GPU...
Warmup complete.
Starting Profiling...
  Profiling Time: 0.762 ms
  Selected AbsEB: 2.107915e-04 (RelEB: 4.300000e-04)
  Estimated Ratio: 8.00 (Target: 8.00)
Starting Compression...
  Compression Time: 2.114 ms
  Compressed Size: 85372472
  Achieved Ratio: 7.89
Throughput Statistics:
  Profiling Throughput:    884.58 GB/s
  Compression Throughput:  318.73 GB/s
  Total (Prof+Comp) Thrpt: 234.31 GB/s
Starting Decompression...
  Decompression Time: 1.012 ms
  Decompression Throughput: 665.76 GB/s
Verification Results:
  Max Error: 2.107918e-04
  PSNR: 75.20 dB
  Compliance: PASS
BENCH_START:CESM:DCQ_1_26_1800_3600.f32:outlier:4.0
Configuration:
  Input File: /scratch/bfrq/bzhang28/SDRBENCH-CESM-ATM-26x1800x3600/DCQ_1_26_1800_3600.f32
  Dims: 3600x1800x26
  Elements: 168480000
  Target Ratio: 4.00
  Mode: outlier
  Sample Rate: 1000
Data Range: 0.000000
Warming up GPU...
Warmup complete.
Starting Profiling...
  Profiling Time: 0.774 ms
  Selected AbsEB: 1.114277e-12 (RelEB: 4.000000e-06)
  Estimated Ratio: 4.14 (Target: 4.00)
Starting Compression...
  Compression Time: 2.753 ms
  Compressed Size: 163227118
  Achieved Ratio: 4.13
Throughput Statistics:
  Profiling Throughput:    870.57 GB/s
  Compression Throughput:  244.82 GB/s
  Total (Prof+Comp) Thrpt: 191.09 GB/s
Starting Decompression...
  Decompression Time: 1.786 ms
  Decompression Throughput: 377.33 GB/s
Verification Results:
  Max Error: 1.122658e-12
  PSNR: 114.53 dB
  Compliance: PASS
BENCH_START:CESM:DCQ_1_26_1800_3600.f32:outlier:6.0
Configuration:
  Input File: /scratch/bfrq/bzhang28/SDRBENCH-CESM-ATM-26x1800x3600/DCQ_1_26_1800_3600.f32
  Dims: 3600x1800x26
  Elements: 168480000
  Target Ratio: 6.00
  Mode: outlier
  Sample Rate: 1000
Data Range: 0.000000
Warming up GPU...
Warmup complete.
Starting Profiling...
  Profiling Time: 0.895 ms
  Selected AbsEB: 1.114276e-11 (RelEB: 4.000000e-05)
  Estimated Ratio: 6.06 (Target: 6.00)
Starting Compression...
  Compression Time: 2.502 ms
  Compressed Size: 111283311
  Achieved Ratio: 6.06
Throughput Statistics:
  Profiling Throughput:    753.03 GB/s
  Compression Throughput:  269.31 GB/s
  Total (Prof+Comp) Thrpt: 198.36 GB/s
Starting Decompression...
  Decompression Time: 1.752 ms
  Decompression Throughput: 384.66 GB/s
Verification Results:
  Max Error: 1.114842e-11
  PSNR: 94.97 dB
  Compliance: PASS
BENCH_START:CESM:DCQ_1_26_1800_3600.f32:outlier:8.0
Configuration:
  Input File: /scratch/bfrq/bzhang28/SDRBENCH-CESM-ATM-26x1800x3600/DCQ_1_26_1800_3600.f32
  Dims: 3600x1800x26
  Elements: 168480000
  Target Ratio: 8.00
  Mode: outlier
  Sample Rate: 1000
Data Range: 0.000000
Warming up GPU...
Warmup complete.
Starting Profiling...
  Profiling Time: 0.780 ms
  Selected AbsEB: 4.457106e-11 (RelEB: 1.600000e-04)
  Estimated Ratio: 8.06 (Target: 8.00)
Starting Compression...
  Compression Time: 2.344 ms
  Compressed Size: 83878545
  Achieved Ratio: 8.03
Throughput Statistics:
  Profiling Throughput:    864.07 GB/s
  Compression Throughput:  287.48 GB/s
  Total (Prof+Comp) Thrpt: 215.71 GB/s
Starting Decompression...
  Decompression Time: 1.513 ms
  Decompression Throughput: 445.49 GB/s
Verification Results:
  Max Error: 4.457235e-11
  PSNR: 83.33 dB
  Compliance: PASS
BENCH_START:CESM:DCQ_1_26_1800_3600.f32:plain:4.0
Configuration:
  Input File: /scratch/bfrq/bzhang28/SDRBENCH-CESM-ATM-26x1800x3600/DCQ_1_26_1800_3600.f32
  Dims: 3600x1800x26
  Elements: 168480000
  Target Ratio: 4.00
  Mode: plain
  Sample Rate: 1000
Data Range: 0.000000
Warming up GPU...
Warmup complete.
Starting Profiling...
  Profiling Time: 0.761 ms
  Selected AbsEB: 1.114277e-12 (RelEB: 4.000000e-06)
  Estimated Ratio: 4.07 (Target: 4.00)
Starting Compression...
  Compression Time: 2.582 ms
  Compressed Size: 165931976
  Achieved Ratio: 4.06
Throughput Statistics:
  Profiling Throughput:    885.06 GB/s
  Compression Throughput:  261.04 GB/s
  Total (Prof+Comp) Thrpt: 201.59 GB/s
Starting Decompression...
  Decompression Time: 1.338 ms
  Decompression Throughput: 503.86 GB/s
Verification Results:
  Max Error: 1.122658e-12
  PSNR: 114.53 dB
  Compliance: PASS
BENCH_START:CESM:DCQ_1_26_1800_3600.f32:plain:6.0
Configuration:
  Input File: /scratch/bfrq/bzhang28/SDRBENCH-CESM-ATM-26x1800x3600/DCQ_1_26_1800_3600.f32
  Dims: 3600x1800x26
  Elements: 168480000
  Target Ratio: 6.00
  Mode: plain
  Sample Rate: 1000
Data Range: 0.000000
Warming up GPU...
Warmup complete.
Starting Profiling...
  Profiling Time: 0.767 ms
  Selected AbsEB: 1.253561e-11 (RelEB: 4.500000e-05)
  Estimated Ratio: 6.04 (Target: 6.00)
Starting Compression...
  Compression Time: 2.209 ms
  Compressed Size: 111558072
  Achieved Ratio: 6.04
Throughput Statistics:
  Profiling Throughput:    879.08 GB/s
  Compression Throughput:  305.12 GB/s
  Total (Prof+Comp) Thrpt: 226.50 GB/s
Starting Decompression...
  Decompression Time: 1.960 ms
  Decompression Throughput: 343.86 GB/s
Verification Results:
  Max Error: 1.254108e-11
  PSNR: 93.98 dB
  Compliance: PASS
BENCH_START:CESM:DCQ_1_26_1800_3600.f32:plain:8.0
Configuration:
  Input File: /scratch/bfrq/bzhang28/SDRBENCH-CESM-ATM-26x1800x3600/DCQ_1_26_1800_3600.f32
  Dims: 3600x1800x26
  Elements: 168480000
  Target Ratio: 8.00
  Mode: plain
  Sample Rate: 1000
Data Range: 0.000000
Warming up GPU...
Warmup complete.
Starting Profiling...
  Profiling Time: 0.762 ms
  Selected AbsEB: 5.292814e-11 (RelEB: 1.900000e-04)
  Estimated Ratio: 8.08 (Target: 8.00)
Starting Compression...
  Compression Time: 2.120 ms
  Compressed Size: 83434328
  Achieved Ratio: 8.08
Throughput Statistics:
  Profiling Throughput:    884.24 GB/s
  Compression Throughput:  317.96 GB/s
  Total (Prof+Comp) Thrpt: 233.86 GB/s
Starting Decompression...
  Decompression Time: 0.974 ms
  Decompression Throughput: 691.58 GB/s
Verification Results:
  Max Error: 5.292833e-11
  PSNR: 81.88 dB
  Compliance: PASS
BENCH_START:CESM:DTCOND_1_26_1800_3600.f32:outlier:4.0
Configuration:
  Input File: /scratch/bfrq/bzhang28/SDRBENCH-CESM-ATM-26x1800x3600/DTCOND_1_26_1800_3600.f32
  Dims: 3600x1800x26
  Elements: 168480000
  Target Ratio: 4.00
  Mode: outlier
  Sample Rate: 1000
Data Range: 0.000582
Warming up GPU...
Warmup complete.
Starting Profiling...
  Profiling Time: 0.769 ms
  Selected AbsEB: 4.656882e-09 (RelEB: 8.000000e-06)
  Estimated Ratio: 4.22 (Target: 4.00)
Starting Compression...
  Compression Time: 2.662 ms
  Compressed Size: 160401453
  Achieved Ratio: 4.20
Throughput Statistics:
  Profiling Throughput:    876.15 GB/s
  Compression Throughput:  253.18 GB/s
  Total (Prof+Comp) Thrpt: 196.42 GB/s
Starting Decompression...
  Decompression Time: 1.787 ms
  Decompression Throughput: 377.08 GB/s
Verification Results:
  Max Error: 4.671165e-09
  PSNR: 108.44 dB
  Compliance: PASS
BENCH_START:CESM:DTCOND_1_26_1800_3600.f32:outlier:6.0
Configuration:
  Input File: /scratch/bfrq/bzhang28/SDRBENCH-CESM-ATM-26x1800x3600/DTCOND_1_26_1800_3600.f32
  Dims: 3600x1800x26
  Elements: 168480000
  Target Ratio: 6.00
  Mode: outlier
  Sample Rate: 1000
Data Range: 0.000582
Warming up GPU...
Warmup complete.
Starting Profiling...
  Profiling Time: 0.770 ms
  Selected AbsEB: 3.725506e-08 (RelEB: 6.400000e-05)
  Estimated Ratio: 6.06 (Target: 6.00)
Starting Compression...
  Compression Time: 2.529 ms
  Compressed Size: 111862759
  Achieved Ratio: 6.02
Throughput Statistics:
  Profiling Throughput:    875.17 GB/s
  Compression Throughput:  266.43 GB/s
  Total (Prof+Comp) Thrpt: 204.25 GB/s
Starting Decompression...
  Decompression Time: 1.785 ms
  Decompression Throughput: 377.58 GB/s
Verification Results:
  Max Error: 3.726745e-08
  PSNR: 90.70 dB
  Compliance: PASS
BENCH_START:CESM:DTCOND_1_26_1800_3600.f32:outlier:8.0
Configuration:
  Input File: /scratch/bfrq/bzhang28/SDRBENCH-CESM-ATM-26x1800x3600/DTCOND_1_26_1800_3600.f32
  Dims: 3600x1800x26
  Elements: 168480000
  Target Ratio: 8.00
  Mode: outlier
  Sample Rate: 1000
Data Range: 0.000582
Warming up GPU...
Warmup complete.
Starting Profiling...
  Profiling Time: 0.768 ms
  Selected AbsEB: 1.455276e-07 (RelEB: 2.500000e-04)
  Estimated Ratio: 8.14 (Target: 8.00)
Starting Compression...
  Compression Time: 2.387 ms
  Compressed Size: 83142089
  Achieved Ratio: 8.11
Throughput Statistics:
  Profiling Throughput:    877.57 GB/s
  Compression Throughput:  282.34 GB/s
  Total (Prof+Comp) Thrpt: 213.61 GB/s
Starting Decompression...
  Decompression Time: 1.573 ms
  Decompression Throughput: 428.40 GB/s
Verification Results:
  Max Error: 1.455337e-07
  PSNR: 79.19 dB
  Compliance: PASS
BENCH_START:CESM:DTCOND_1_26_1800_3600.f32:plain:4.0
Configuration:
  Input File: /scratch/bfrq/bzhang28/SDRBENCH-CESM-ATM-26x1800x3600/DTCOND_1_26_1800_3600.f32
  Dims: 3600x1800x26
  Elements: 168480000
  Target Ratio: 4.00
  Mode: plain
  Sample Rate: 1000
Data Range: 0.000582
Warming up GPU...
Warmup complete.
Starting Profiling...
  Profiling Time: 0.761 ms
  Selected AbsEB: 4.656882e-09 (RelEB: 8.000000e-06)
  Estimated Ratio: 4.15 (Target: 4.00)
Starting Compression...
  Compression Time: 2.503 ms
  Compressed Size: 163207032
  Achieved Ratio: 4.13
Throughput Statistics:
  Profiling Throughput:    885.13 GB/s
  Compression Throughput:  269.26 GB/s
  Total (Prof+Comp) Thrpt: 206.46 GB/s
Starting Decompression...
  Decompression Time: 1.318 ms
  Decompression Throughput: 511.29 GB/s
Verification Results:
  Max Error: 4.671165e-09
  PSNR: 108.44 dB
  Compliance: PASS
BENCH_START:CESM:DTCOND_1_26_1800_3600.f32:plain:6.0
Configuration:
  Input File: /scratch/bfrq/bzhang28/SDRBENCH-CESM-ATM-26x1800x3600/DTCOND_1_26_1800_3600.f32
  Dims: 3600x1800x26
  Elements: 168480000
  Target Ratio: 6.00
  Mode: plain
  Sample Rate: 1000
Data Range: 0.000582
Warming up GPU...
Warmup complete.
Starting Profiling...
  Profiling Time: 0.762 ms
  Selected AbsEB: 4.074772e-08 (RelEB: 7.000000e-05)
  Estimated Ratio: 6.00 (Target: 6.00)
Starting Compression...
  Compression Time: 2.207 ms
  Compressed Size: 112770328
  Achieved Ratio: 5.98
Throughput Statistics:
  Profiling Throughput:    884.87 GB/s
  Compression Throughput:  305.36 GB/s
  Total (Prof+Comp) Thrpt: 227.02 GB/s
Starting Decompression...
  Decompression Time: 1.145 ms
  Decompression Throughput: 588.37 GB/s
Verification Results:
  Max Error: 4.075991e-08
  PSNR: 89.95 dB
  Compliance: PASS
BENCH_START:CESM:DTCOND_1_26_1800_3600.f32:plain:8.0
Configuration:
  Input File: /scratch/bfrq/bzhang28/SDRBENCH-CESM-ATM-26x1800x3600/DTCOND_1_26_1800_3600.f32
  Dims: 3600x1800x26
  Elements: 168480000
  Target Ratio: 8.00
  Mode: plain
  Sample Rate: 1000
Data Range: 0.000582
Warming up GPU...
Warmup complete.
Starting Profiling...
  Profiling Time: 0.746 ms
  Selected AbsEB: 1.629909e-07 (RelEB: 2.800000e-04)
  Estimated Ratio: 8.08 (Target: 8.00)
Starting Compression...
  Compression Time: 2.130 ms
  Compressed Size: 83736304
  Achieved Ratio: 8.05
Throughput Statistics:
  Profiling Throughput:    903.75 GB/s
  Compression Throughput:  316.35 GB/s
  Total (Prof+Comp) Thrpt: 234.33 GB/s
Starting Decompression...
  Decompression Time: 1.036 ms
  Decompression Throughput: 650.62 GB/s
Verification Results:
  Max Error: 1.629960e-07
  PSNR: 78.24 dB
  Compliance: PASS
BENCH_START:CESM:DTV_1_26_1800_3600.f32:outlier:4.0
Configuration:
  Input File: /scratch/bfrq/bzhang28/SDRBENCH-CESM-ATM-26x1800x3600/DTV_1_26_1800_3600.f32
  Dims: 3600x1800x26
  Elements: 168480000
  Target Ratio: 4.00
  Mode: outlier
  Sample Rate: 1000
Data Range: 0.001464
Warming up GPU...
Warmup complete.
Starting Profiling...
  Profiling Time: 0.765 ms
  Selected AbsEB: 2.928068e-09 (RelEB: 2.000000e-06)
  Estimated Ratio: 4.33 (Target: 4.00)
Starting Compression...
  Compression Time: 2.850 ms
  Compressed Size: 156411515
  Achieved Ratio: 4.31
Throughput Statistics:
  Profiling Throughput:    881.36 GB/s
  Compression Throughput:  236.43 GB/s
  Total (Prof+Comp) Thrpt: 186.42 GB/s
Starting Decompression...
  Decompression Time: 1.982 ms
  Decompression Throughput: 340.11 GB/s
Verification Results:
  Max Error: 2.968591e-09
  PSNR: 118.63 dB
  Compliance: PASS
BENCH_START:CESM:DTV_1_26_1800_3600.f32:outlier:6.0
Configuration:
  Input File: /scratch/bfrq/bzhang28/SDRBENCH-CESM-ATM-26x1800x3600/DTV_1_26_1800_3600.f32
  Dims: 3600x1800x26
  Elements: 168480000
  Target Ratio: 6.00
  Mode: outlier
  Sample Rate: 1000
Data Range: 0.001464
Warming up GPU...
Warmup complete.
Starting Profiling...
  Profiling Time: 0.778 ms
  Selected AbsEB: 1.464034e-08 (RelEB: 1.000000e-05)
  Estimated Ratio: 6.03 (Target: 6.00)
Starting Compression...
  Compression Time: 2.532 ms
  Compressed Size: 111974679
  Achieved Ratio: 6.02
Throughput Statistics:
  Profiling Throughput:    866.24 GB/s
  Compression Throughput:  266.20 GB/s
  Total (Prof+Comp) Thrpt: 203.63 GB/s
Starting Decompression...
  Decompression Time: 1.650 ms
  Decompression Throughput: 408.45 GB/s
Verification Results:
  Max Error: 1.466833e-08
  PSNR: 104.27 dB
  Compliance: PASS
BENCH_START:CESM:DTV_1_26_1800_3600.f32:outlier:8.0
Configuration:
  Input File: /scratch/bfrq/bzhang28/SDRBENCH-CESM-ATM-26x1800x3600/DTV_1_26_1800_3600.f32
  Dims: 3600x1800x26
  Elements: 168480000
  Target Ratio: 8.00
  Mode: outlier
  Sample Rate: 1000
Data Range: 0.001464
Warming up GPU...
Warmup complete.
Starting Profiling...
  Profiling Time: 0.771 ms
  Selected AbsEB: 3.660085e-08 (RelEB: 2.500000e-05)
  Estimated Ratio: 8.14 (Target: 8.00)
Starting Compression...
  Compression Time: 2.385 ms
  Compressed Size: 83517413
  Achieved Ratio: 8.07
Throughput Statistics:
  Profiling Throughput:    874.00 GB/s
  Compression Throughput:  282.55 GB/s
  Total (Prof+Comp) Thrpt: 213.52 GB/s
Starting Decompression...
  Decompression Time: 1.515 ms
  Decompression Throughput: 444.80 GB/s
Verification Results:
  Max Error: 3.661262e-08
  PSNR: 97.43 dB
  Compliance: PASS
BENCH_START:CESM:DTV_1_26_1800_3600.f32:plain:4.0
Configuration:
  Input File: /scratch/bfrq/bzhang28/SDRBENCH-CESM-ATM-26x1800x3600/DTV_1_26_1800_3600.f32
  Dims: 3600x1800x26
  Elements: 168480000
  Target Ratio: 4.00
  Mode: plain
  Sample Rate: 1000
Data Range: 0.001464
Warming up GPU...
Warmup complete.
Starting Profiling...
  Profiling Time: 0.812 ms
  Selected AbsEB: 2.928068e-09 (RelEB: 2.000000e-06)
  Estimated Ratio: 4.18 (Target: 4.00)
Starting Compression...
  Compression Time: 2.652 ms
  Compressed Size: 162043096
  Achieved Ratio: 4.16
Throughput Statistics:
  Profiling Throughput:    830.02 GB/s
  Compression Throughput:  254.08 GB/s
  Total (Prof+Comp) Thrpt: 194.53 GB/s
Starting Decompression...
  Decompression Time: 1.513 ms
  Decompression Throughput: 445.42 GB/s
Verification Results:
  Max Error: 2.968591e-09
  PSNR: 118.63 dB
  Compliance: PASS
BENCH_START:CESM:DTV_1_26_1800_3600.f32:plain:6.0
Configuration:
  Input File: /scratch/bfrq/bzhang28/SDRBENCH-CESM-ATM-26x1800x3600/DTV_1_26_1800_3600.f32
  Dims: 3600x1800x26
  Elements: 168480000
  Target Ratio: 6.00
  Mode: plain
  Sample Rate: 1000
Data Range: 0.001464
Warming up GPU...
Warmup complete.
Starting Profiling...
  Profiling Time: 0.755 ms
  Selected AbsEB: 2.196051e-08 (RelEB: 1.500000e-05)
  Estimated Ratio: 6.46 (Target: 6.00)
Starting Compression...
  Compression Time: 2.404 ms
  Compressed Size: 105031848
  Achieved Ratio: 6.42
Throughput Statistics:
  Profiling Throughput:    892.90 GB/s
  Compression Throughput:  280.32 GB/s
  Total (Prof+Comp) Thrpt: 213.34 GB/s
Starting Decompression...
  Decompression Time: 1.240 ms
  Decompression Throughput: 543.46 GB/s
Verification Results:
  Max Error: 2.200250e-08
  PSNR: 100.73 dB
  Compliance: PASS
BENCH_START:CESM:DTV_1_26_1800_3600.f32:plain:8.0
Configuration:
  Input File: /scratch/bfrq/bzhang28/SDRBENCH-CESM-ATM-26x1800x3600/DTV_1_26_1800_3600.f32
  Dims: 3600x1800x26
  Elements: 168480000
  Target Ratio: 8.00
  Mode: plain
  Sample Rate: 1000
Data Range: 0.001464
Warming up GPU...
Warmup complete.
Starting Profiling...
  Profiling Time: 0.763 ms
  Selected AbsEB: 3.660085e-08 (RelEB: 2.500000e-05)
  Estimated Ratio: 8.03 (Target: 8.00)
Starting Compression...
  Compression Time: 2.189 ms
  Compressed Size: 84775408
  Achieved Ratio: 7.95
Throughput Statistics:
  Profiling Throughput:    882.87 GB/s
  Compression Throughput:  307.81 GB/s
  Total (Prof+Comp) Thrpt: 228.24 GB/s
Starting Decompression...
  Decompression Time: 1.104 ms
  Decompression Throughput: 610.29 GB/s
Verification Results:
  Max Error: 3.661262e-08
  PSNR: 97.43 dB
  Compliance: PASS
BENCH_START:CESM:FICE_1_26_1800_3600.f32:outlier:4.0
Configuration:
  Input File: /scratch/bfrq/bzhang28/SDRBENCH-CESM-ATM-26x1800x3600/FICE_1_26_1800_3600.f32
  Dims: 3600x1800x26
  Elements: 168480000
  Target Ratio: 4.00
  Mode: outlier
  Sample Rate: 1000
Data Range: 1.000000
Warming up GPU...
Warmup complete.
Starting Profiling...
  Profiling Time: 0.758 ms
  Selected AbsEB: 2.000000e-05 (RelEB: 2.000000e-05)
  Estimated Ratio: 4.09 (Target: 4.00)
Starting Compression...
  Compression Time: 2.845 ms
  Compressed Size: 164719780
  Achieved Ratio: 4.09
Throughput Statistics:
  Profiling Throughput:    889.06 GB/s
  Compression Throughput:  236.84 GB/s
  Total (Prof+Comp) Thrpt: 187.02 GB/s
Starting Decompression...
  Decompression Time: 2.251 ms
  Decompression Throughput: 299.44 GB/s
Verification Results:
  Max Error: 2.002716e-05
  PSNR: 102.82 dB
  Compliance: PASS
BENCH_START:CESM:FICE_1_26_1800_3600.f32:outlier:6.0
Configuration:
  Input File: /scratch/bfrq/bzhang28/SDRBENCH-CESM-ATM-26x1800x3600/FICE_1_26_1800_3600.f32
  Dims: 3600x1800x26
  Elements: 168480000
  Target Ratio: 6.00
  Mode: outlier
  Sample Rate: 1000
Data Range: 1.000000
Warming up GPU...
Warmup complete.
Starting Profiling...
  Profiling Time: 0.762 ms
  Selected AbsEB: 4.900000e-04 (RelEB: 4.900000e-04)
  Estimated Ratio: 6.06 (Target: 6.00)
Starting Compression...
  Compression Time: 2.484 ms
  Compressed Size: 110907385
  Achieved Ratio: 6.08
Throughput Statistics:
  Profiling Throughput:    884.65 GB/s
  Compression Throughput:  271.27 GB/s
  Total (Prof+Comp) Thrpt: 207.61 GB/s
Starting Decompression...
  Decompression Time: 1.665 ms
  Decompression Throughput: 404.84 GB/s
Verification Results:
  Max Error: 4.900098e-04
  PSNR: 69.81 dB
  Compliance: PASS
BENCH_START:CESM:FICE_1_26_1800_3600.f32:outlier:8.0
Configuration:
  Input File: /scratch/bfrq/bzhang28/SDRBENCH-CESM-ATM-26x1800x3600/FICE_1_26_1800_3600.f32
  Dims: 3600x1800x26
  Elements: 168480000
  Target Ratio: 8.00
  Mode: outlier
  Sample Rate: 1000
Data Range: 1.000000
Warming up GPU...
Warmup complete.
Starting Profiling...
  Profiling Time: 0.771 ms
  Selected AbsEB: 2.200000e-03 (RelEB: 2.200000e-03)
  Estimated Ratio: 8.07 (Target: 8.00)
Starting Compression...
  Compression Time: 2.450 ms
  Compressed Size: 83233942
  Achieved Ratio: 8.10
Throughput Statistics:
  Profiling Throughput:    874.51 GB/s
  Compression Throughput:  275.07 GB/s
  Total (Prof+Comp) Thrpt: 209.25 GB/s
Starting Decompression...
  Decompression Time: 1.833 ms
  Decompression Throughput: 367.62 GB/s
Verification Results:
  Max Error: 2.200067e-03
  PSNR: 58.99 dB
  Compliance: PASS
BENCH_START:CESM:FICE_1_26_1800_3600.f32:plain:4.0
Configuration:
  Input File: /scratch/bfrq/bzhang28/SDRBENCH-CESM-ATM-26x1800x3600/FICE_1_26_1800_3600.f32
  Dims: 3600x1800x26
  Elements: 168480000
  Target Ratio: 4.00
  Mode: plain
  Sample Rate: 1000
Data Range: 1.000000
Warming up GPU...
Warmup complete.
Starting Profiling...
  Profiling Time: 0.798 ms
  Selected AbsEB: 2.200000e-03 (RelEB: 2.200000e-03)
  Estimated Ratio: 4.03 (Target: 4.00)
Starting Compression...
  Compression Time: 2.289 ms
  Compressed Size: 167161824
  Achieved Ratio: 4.03
Throughput Statistics:
  Profiling Throughput:    844.22 GB/s
  Compression Throughput:  294.38 GB/s
  Total (Prof+Comp) Thrpt: 218.27 GB/s
Starting Decompression...
  Decompression Time: 1.234 ms
  Decompression Throughput: 546.35 GB/s
Verification Results:
  Max Error: 2.200067e-03
  PSNR: 58.99 dB
  Compliance: PASS
BENCH_START:CESM:FICE_1_26_1800_3600.f32:plain:6.0
Configuration:
  Input File: /scratch/bfrq/bzhang28/SDRBENCH-CESM-ATM-26x1800x3600/FICE_1_26_1800_3600.f32
  Dims: 3600x1800x26
  Elements: 168480000
  Target Ratio: 6.00
  Mode: plain
  Sample Rate: 1000
Data Range: 1.000000
Warming up GPU...
Warmup complete.
Starting Profiling...
  Profiling Time: 0.755 ms
  Selected AbsEB: 1.600000e-02 (RelEB: 1.600000e-02)
  Estimated Ratio: 6.07 (Target: 6.00)
Starting Compression...
  Compression Time: 2.207 ms
  Compressed Size: 111102928
  Achieved Ratio: 6.07
Throughput Statistics:
  Profiling Throughput:    892.56 GB/s
  Compression Throughput:  305.36 GB/s
  Total (Prof+Comp) Thrpt: 227.52 GB/s
Starting Decompression...
  Decompression Time: 1.128 ms
  Decompression Throughput: 597.58 GB/s
Verification Results:
  Max Error: 1.600003e-02
  PSNR: 42.33 dB
  Compliance: PASS
BENCH_START:CESM:FICE_1_26_1800_3600.f32:plain:8.0
Configuration:
  Input File: /scratch/bfrq/bzhang28/SDRBENCH-CESM-ATM-26x1800x3600/FICE_1_26_1800_3600.f32
  Dims: 3600x1800x26
  Elements: 168480000
  Target Ratio: 8.00
  Mode: plain
  Sample Rate: 1000
Data Range: 1.000000
Warming up GPU...
Warmup complete.
Starting Profiling...
  Profiling Time: 0.758 ms
  Selected AbsEB: 6.700000e-02 (RelEB: 6.700000e-02)
  Estimated Ratio: 9.14 (Target: 8.00)
Starting Compression...
  Compression Time: 2.304 ms
  Compressed Size: 73828952
  Achieved Ratio: 9.13
Throughput Statistics:
  Profiling Throughput:    889.62 GB/s
  Compression Throughput:  292.54 GB/s
  Total (Prof+Comp) Thrpt: 220.15 GB/s
Starting Decompression...
  Decompression Time: 1.002 ms
  Decompression Throughput: 672.50 GB/s
Verification Results:
  Max Error: 6.700003e-02
  PSNR: 26.14 dB
  Compliance: PASS
BENCH_START:CESM:GCLDLWP_1_26_1800_3600.f32:outlier:4.0
Configuration:
  Input File: /scratch/bfrq/bzhang28/SDRBENCH-CESM-ATM-26x1800x3600/GCLDLWP_1_26_1800_3600.f32
  Dims: 3600x1800x26
  Elements: 168480000
  Target Ratio: 4.00
  Mode: outlier
  Sample Rate: 1000
Data Range: 167.311600
Warming up GPU...
Warmup complete.
Starting Profiling...
  Profiling Time: 0.873 ms
  Selected AbsEB: 2.509674e-03 (RelEB: 1.500000e-05)
  Estimated Ratio: 4.18 (Target: 4.00)
Starting Compression...
  Compression Time: 2.709 ms
  Compressed Size: 161545177
  Achieved Ratio: 4.17
Throughput Statistics:
  Profiling Throughput:    771.57 GB/s
  Compression Throughput:  248.73 GB/s
  Total (Prof+Comp) Thrpt: 188.10 GB/s
Starting Decompression...
  Decompression Time: 1.876 ms
  Decompression Throughput: 359.28 GB/s
Verification Results:
  Max Error: 2.517700e-03
  PSNR: 103.18 dB
  Compliance: PASS
BENCH_START:CESM:GCLDLWP_1_26_1800_3600.f32:outlier:6.0
Configuration:
  Input File: /scratch/bfrq/bzhang28/SDRBENCH-CESM-ATM-26x1800x3600/GCLDLWP_1_26_1800_3600.f32
  Dims: 3600x1800x26
  Elements: 168480000
  Target Ratio: 6.00
  Mode: outlier
  Sample Rate: 1000
Data Range: 167.311600
Warming up GPU...
Warmup complete.
Starting Profiling...
  Profiling Time: 0.751 ms
  Selected AbsEB: 2.676986e-02 (RelEB: 1.600000e-04)
  Estimated Ratio: 6.25 (Target: 6.00)
Starting Compression...
  Compression Time: 2.557 ms
  Compressed Size: 108149674
  Achieved Ratio: 6.23
Throughput Statistics:
  Profiling Throughput:    896.86 GB/s
  Compression Throughput:  263.55 GB/s
  Total (Prof+Comp) Thrpt: 203.69 GB/s
Starting Decompression...
  Decompression Time: 1.800 ms
  Decompression Throughput: 374.34 GB/s
Verification Results:
  Max Error: 2.677536e-02
  PSNR: 82.78 dB
  Compliance: PASS
BENCH_START:CESM:GCLDLWP_1_26_1800_3600.f32:outlier:8.0
Configuration:
  Input File: /scratch/bfrq/bzhang28/SDRBENCH-CESM-ATM-26x1800x3600/GCLDLWP_1_26_1800_3600.f32
  Dims: 3600x1800x26
  Elements: 168480000
  Target Ratio: 8.00
  Mode: outlier
  Sample Rate: 1000
Data Range: 167.311600
Warming up GPU...
Warmup complete.
Starting Profiling...
  Profiling Time: 0.766 ms
  Selected AbsEB: 8.700203e-02 (RelEB: 5.200000e-04)
  Estimated Ratio: 8.05 (Target: 8.00)
Starting Compression...
  Compression Time: 2.378 ms
  Compressed Size: 83791733
  Achieved Ratio: 8.04
Throughput Statistics:
  Profiling Throughput:    879.99 GB/s
  Compression Throughput:  283.37 GB/s
  Total (Prof+Comp) Thrpt: 214.35 GB/s
Starting Decompression...
  Decompression Time: 1.674 ms
  Decompression Throughput: 402.56 GB/s
Verification Results:
  Max Error: 8.700562e-02
  PSNR: 72.79 dB
  Compliance: PASS
BENCH_START:CESM:GCLDLWP_1_26_1800_3600.f32:plain:4.0
Configuration:
  Input File: /scratch/bfrq/bzhang28/SDRBENCH-CESM-ATM-26x1800x3600/GCLDLWP_1_26_1800_3600.f32
  Dims: 3600x1800x26
  Elements: 168480000
  Target Ratio: 4.00
  Mode: plain
  Sample Rate: 1000
Data Range: 167.311600
Warming up GPU...
Warmup complete.
Starting Profiling...
  Profiling Time: 0.750 ms
  Selected AbsEB: 2.509674e-03 (RelEB: 1.500000e-05)
  Estimated Ratio: 4.06 (Target: 4.00)
Starting Compression...
  Compression Time: 2.516 ms
  Compressed Size: 166006216
  Achieved Ratio: 4.06
Throughput Statistics:
  Profiling Throughput:    898.27 GB/s
  Compression Throughput:  267.81 GB/s
  Total (Prof+Comp) Thrpt: 206.30 GB/s
Starting Decompression...
  Decompression Time: 1.280 ms
  Decompression Throughput: 526.34 GB/s
Verification Results:
  Max Error: 2.517700e-03
  PSNR: 103.18 dB
  Compliance: PASS
BENCH_START:CESM:GCLDLWP_1_26_1800_3600.f32:plain:6.0
Configuration:
  Input File: /scratch/bfrq/bzhang28/SDRBENCH-CESM-ATM-26x1800x3600/GCLDLWP_1_26_1800_3600.f32
  Dims: 3600x1800x26
  Elements: 168480000
  Target Ratio: 6.00
  Mode: plain
  Sample Rate: 1000
Data Range: 167.311600
Warming up GPU...
Warmup complete.
Starting Profiling...
  Profiling Time: 0.756 ms
  Selected AbsEB: 3.178921e-02 (RelEB: 1.900000e-04)
  Estimated Ratio: 6.20 (Target: 6.00)
Starting Compression...
  Compression Time: 2.194 ms
  Compressed Size: 108927760
  Achieved Ratio: 6.19
Throughput Statistics:
  Profiling Throughput:    891.35 GB/s
  Compression Throughput:  307.11 GB/s
  Total (Prof+Comp) Thrpt: 228.41 GB/s
Starting Decompression...
  Decompression Time: 1.181 ms
  Decompression Throughput: 570.79 GB/s
Verification Results:
  Max Error: 3.179169e-02
  PSNR: 81.31 dB
  Compliance: PASS
BENCH_START:CESM:GCLDLWP_1_26_1800_3600.f32:plain:8.0
Configuration:
  Input File: /scratch/bfrq/bzhang28/SDRBENCH-CESM-ATM-26x1800x3600/GCLDLWP_1_26_1800_3600.f32
  Dims: 3600x1800x26
  Elements: 168480000
  Target Ratio: 8.00
  Mode: plain
  Sample Rate: 1000
Data Range: 167.311600
Warming up GPU...
Warmup complete.
Starting Profiling...
  Profiling Time: 0.763 ms
  Selected AbsEB: 1.070794e-01 (RelEB: 6.400000e-04)
  Estimated Ratio: 8.02 (Target: 8.00)
Starting Compression...
  Compression Time: 2.099 ms
  Compressed Size: 84333472
  Achieved Ratio: 7.99
Throughput Statistics:
  Profiling Throughput:    883.46 GB/s
  Compression Throughput:  321.01 GB/s
  Total (Prof+Comp) Thrpt: 235.45 GB/s
Starting Decompression...
  Decompression Time: 0.979 ms
  Decompression Throughput: 688.33 GB/s
Verification Results:
  Max Error: 1.070862e-01
  PSNR: 71.05 dB
  Compliance: PASS
BENCH_START:CESM:ICIMR_1_26_1800_3600.f32:outlier:4.0
Configuration:
  Input File: /scratch/bfrq/bzhang28/SDRBENCH-CESM-ATM-26x1800x3600/ICIMR_1_26_1800_3600.f32
  Dims: 3600x1800x26
  Elements: 168480000
  Target Ratio: 4.00
  Mode: outlier
  Sample Rate: 1000
Data Range: 0.007477
Warming up GPU...
Warmup complete.
Starting Profiling...
  Profiling Time: 0.774 ms
  Selected AbsEB: 7.477245e-09 (RelEB: 1.000000e-06)
  Estimated Ratio: 4.40 (Target: 4.00)
Starting Compression...
  Compression Time: 2.838 ms
  Compressed Size: 153312854
  Achieved Ratio: 4.40
Throughput Statistics:
  Profiling Throughput:    870.97 GB/s
  Compression Throughput:  237.49 GB/s
  Total (Prof+Comp) Thrpt: 186.61 GB/s
Starting Decompression...
  Decompression Time: 2.141 ms
  Decompression Throughput: 314.77 GB/s
Verification Results:
  Max Error: 7.683411e-09
  PSNR: 127.70 dB
  Compliance: PASS
BENCH_START:CESM:ICIMR_1_26_1800_3600.f32:outlier:6.0
Configuration:
  Input File: /scratch/bfrq/bzhang28/SDRBENCH-CESM-ATM-26x1800x3600/ICIMR_1_26_1800_3600.f32
  Dims: 3600x1800x26
  Elements: 168480000
  Target Ratio: 6.00
  Mode: outlier
  Sample Rate: 1000
Data Range: 0.007477
Warming up GPU...
Warmup complete.
Starting Profiling...
  Profiling Time: 0.756 ms
  Selected AbsEB: 6.729520e-08 (RelEB: 9.000000e-06)
  Estimated Ratio: 6.10 (Target: 6.00)
Starting Compression...
  Compression Time: 2.486 ms
  Compressed Size: 110889874
  Achieved Ratio: 6.08
Throughput Statistics:
  Profiling Throughput:    891.92 GB/s
  Compression Throughput:  271.11 GB/s
  Total (Prof+Comp) Thrpt: 207.91 GB/s
Starting Decompression...
  Decompression Time: 1.864 ms
  Decompression Throughput: 361.59 GB/s
Verification Results:
  Max Error: 6.752089e-08
  PSNR: 108.66 dB
  Compliance: PASS
BENCH_START:CESM:ICIMR_1_26_1800_3600.f32:outlier:8.0
Configuration:
  Input File: /scratch/bfrq/bzhang28/SDRBENCH-CESM-ATM-26x1800x3600/ICIMR_1_26_1800_3600.f32
  Dims: 3600x1800x26
  Elements: 168480000
  Target Ratio: 8.00
  Mode: outlier
  Sample Rate: 1000
Data Range: 0.007477
Warming up GPU...
Warmup complete.
Starting Profiling...
  Profiling Time: 0.753 ms
  Selected AbsEB: 2.990898e-07 (RelEB: 4.000000e-05)
  Estimated Ratio: 8.14 (Target: 8.00)
Starting Compression...
  Compression Time: 2.526 ms
  Compressed Size: 83201116
  Achieved Ratio: 8.10
Throughput Statistics:
  Profiling Throughput:    894.76 GB/s
  Compression Throughput:  266.78 GB/s
  Total (Prof+Comp) Thrpt: 205.51 GB/s
Starting Decompression...
  Decompression Time: 1.948 ms
  Decompression Throughput: 345.89 GB/s
Verification Results:
  Max Error: 2.994202e-07
  PSNR: 95.75 dB
  Compliance: PASS
BENCH_START:CESM:ICIMR_1_26_1800_3600.f32:plain:4.0
Configuration:
  Input File: /scratch/bfrq/bzhang28/SDRBENCH-CESM-ATM-26x1800x3600/ICIMR_1_26_1800_3600.f32
  Dims: 3600x1800x26
  Elements: 168480000
  Target Ratio: 4.00
  Mode: plain
  Sample Rate: 1000
Data Range: 0.007477
Warming up GPU...
Warmup complete.
Starting Profiling...
  Profiling Time: 0.760 ms
  Selected AbsEB: 7.477245e-09 (RelEB: 1.000000e-06)
  Estimated Ratio: 4.32 (Target: 4.00)
Starting Compression...
  Compression Time: 2.580 ms
  Compressed Size: 156310168
  Achieved Ratio: 4.31
Throughput Statistics:
  Profiling Throughput:    887.26 GB/s
  Compression Throughput:  261.25 GB/s
  Total (Prof+Comp) Thrpt: 201.82 GB/s
Starting Decompression...
  Decompression Time: 1.359 ms
  Decompression Throughput: 495.76 GB/s
Verification Results:
  Max Error: 7.683411e-09
  PSNR: 127.70 dB
  Compliance: PASS
BENCH_START:CESM:ICIMR_1_26_1800_3600.f32:plain:6.0
Configuration:
  Input File: /scratch/bfrq/bzhang28/SDRBENCH-CESM-ATM-26x1800x3600/ICIMR_1_26_1800_3600.f32
  Dims: 3600x1800x26
  Elements: 168480000
  Target Ratio: 6.00
  Mode: plain
  Sample Rate: 1000
Data Range: 0.007477
Warming up GPU...
Warmup complete.
Starting Profiling...
  Profiling Time: 0.762 ms
  Selected AbsEB: 7.477244e-08 (RelEB: 1.000000e-05)
  Estimated Ratio: 6.03 (Target: 6.00)
Starting Compression...
  Compression Time: 2.210 ms
  Compressed Size: 111955184
  Achieved Ratio: 6.02
Throughput Statistics:
  Profiling Throughput:    884.06 GB/s
  Compression Throughput:  304.92 GB/s
  Total (Prof+Comp) Thrpt: 226.72 GB/s
Starting Decompression...
  Decompression Time: 1.171 ms
  Decompression Throughput: 575.74 GB/s
Verification Results:
  Max Error: 7.497147e-08
  PSNR: 107.74 dB
  Compliance: PASS
BENCH_START:CESM:ICIMR_1_26_1800_3600.f32:plain:8.0
Configuration:
  Input File: /scratch/bfrq/bzhang28/SDRBENCH-CESM-ATM-26x1800x3600/ICIMR_1_26_1800_3600.f32
  Dims: 3600x1800x26
  Elements: 168480000
  Target Ratio: 8.00
  Mode: plain
  Sample Rate: 1000
Data Range: 0.007477
Warming up GPU...
Warmup complete.
Starting Profiling...
  Profiling Time: 0.763 ms
  Selected AbsEB: 3.364760e-07 (RelEB: 4.500000e-05)
  Estimated Ratio: 8.02 (Target: 8.00)
Starting Compression...
  Compression Time: 2.254 ms
  Compressed Size: 84176696
  Achieved Ratio: 8.01
Throughput Statistics:
  Profiling Throughput:    883.72 GB/s
  Compression Throughput:  299.01 GB/s
  Total (Prof+Comp) Thrpt: 223.42 GB/s
Starting Decompression...
  Decompression Time: 1.058 ms
  Decompression Throughput: 637.27 GB/s
Verification Results:
  Max Error: 3.364985e-07
  PSNR: 94.73 dB
  Compliance: PASS
BENCH_START:CESM:ICLDIWP_1_26_1800_3600.f32:outlier:4.0
Configuration:
  Input File: /scratch/bfrq/bzhang28/SDRBENCH-CESM-ATM-26x1800x3600/ICLDIWP_1_26_1800_3600.f32
  Dims: 3600x1800x26
  Elements: 168480000
  Target Ratio: 4.00
  Mode: outlier
  Sample Rate: 1000
Data Range: 1799.319946
Warming up GPU...
Warmup complete.
Starting Profiling...
  Profiling Time: 0.760 ms
  Selected AbsEB: 1.799320e-03 (RelEB: 1.000000e-06)
  Estimated Ratio: 4.23 (Target: 4.00)
Starting Compression...
  Compression Time: 2.757 ms
  Compressed Size: 159404143
  Achieved Ratio: 4.23
Throughput Statistics:
  Profiling Throughput:    886.21 GB/s
  Compression Throughput:  244.44 GB/s
  Total (Prof+Comp) Thrpt: 191.59 GB/s
Starting Decompression...
  Decompression Time: 1.979 ms
  Decompression Throughput: 340.55 GB/s
Verification Results:
  Max Error: 1.831055e-03
  PSNR: 127.71 dB
  Compliance: PASS
BENCH_START:CESM:ICLDIWP_1_26_1800_3600.f32:outlier:6.0
Configuration:
  Input File: /scratch/bfrq/bzhang28/SDRBENCH-CESM-ATM-26x1800x3600/ICLDIWP_1_26_1800_3600.f32
  Dims: 3600x1800x26
  Elements: 168480000
  Target Ratio: 6.00
  Mode: outlier
  Sample Rate: 1000
Data Range: 1799.319946
Warming up GPU...
Warmup complete.
Starting Profiling...
  Profiling Time: 0.758 ms
  Selected AbsEB: 2.698980e-02 (RelEB: 1.500000e-05)
  Estimated Ratio: 6.26 (Target: 6.00)
Starting Compression...
  Compression Time: 2.505 ms
  Compressed Size: 107536668
  Achieved Ratio: 6.27
Throughput Statistics:
  Profiling Throughput:    889.47 GB/s
  Compression Throughput:  269.04 GB/s
  Total (Prof+Comp) Thrpt: 206.56 GB/s
Starting Decompression...
  Decompression Time: 1.765 ms
  Decompression Throughput: 381.80 GB/s
Verification Results:
  Max Error: 2.709961e-02
  PSNR: 104.24 dB
  Compliance: PASS
BENCH_START:CESM:ICLDIWP_1_26_1800_3600.f32:outlier:8.0
Configuration:
  Input File: /scratch/bfrq/bzhang28/SDRBENCH-CESM-ATM-26x1800x3600/ICLDIWP_1_26_1800_3600.f32
  Dims: 3600x1800x26
  Elements: 168480000
  Target Ratio: 8.00
  Mode: outlier
  Sample Rate: 1000
Data Range: 1799.319946
Warming up GPU...
Warmup complete.
Starting Profiling...
  Profiling Time: 0.774 ms
  Selected AbsEB: 9.896260e-02 (RelEB: 5.500000e-05)
  Estimated Ratio: 8.04 (Target: 8.00)
Starting Compression...
  Compression Time: 2.502 ms
  Compressed Size: 83836534
  Achieved Ratio: 8.04
Throughput Statistics:
  Profiling Throughput:    871.08 GB/s
  Compression Throughput:  269.34 GB/s
  Total (Prof+Comp) Thrpt: 205.73 GB/s
Starting Decompression...
  Decompression Time: 1.776 ms
  Decompression Throughput: 379.38 GB/s
Verification Results:
  Max Error: 9.899902e-02
  PSNR: 93.00 dB
  Compliance: PASS
BENCH_START:CESM:ICLDIWP_1_26_1800_3600.f32:plain:4.0
Configuration:
  Input File: /scratch/bfrq/bzhang28/SDRBENCH-CESM-ATM-26x1800x3600/ICLDIWP_1_26_1800_3600.f32
  Dims: 3600x1800x26
  Elements: 168480000
  Target Ratio: 4.00
  Mode: plain
  Sample Rate: 1000
Data Range: 1799.319946
Warming up GPU...
Warmup complete.
Starting Profiling...
  Profiling Time: 0.771 ms
  Selected AbsEB: 1.799320e-03 (RelEB: 1.000000e-06)
  Estimated Ratio: 4.16 (Target: 4.00)
Starting Compression...
  Compression Time: 2.551 ms
  Compressed Size: 162075616
  Achieved Ratio: 4.16
Throughput Statistics:
  Profiling Throughput:    874.33 GB/s
  Compression Throughput:  264.19 GB/s
  Total (Prof+Comp) Thrpt: 202.88 GB/s
Starting Decompression...
  Decompression Time: 1.405 ms
  Decompression Throughput: 479.83 GB/s
Verification Results:
  Max Error: 1.831055e-03
  PSNR: 127.71 dB
  Compliance: PASS
BENCH_START:CESM:ICLDIWP_1_26_1800_3600.f32:plain:6.0
Configuration:
  Input File: /scratch/bfrq/bzhang28/SDRBENCH-CESM-ATM-26x1800x3600/ICLDIWP_1_26_1800_3600.f32
  Dims: 3600x1800x26
  Elements: 168480000
  Target Ratio: 6.00
  Mode: plain
  Sample Rate: 1000
Data Range: 1799.319946
Warming up GPU...
Warmup complete.
Starting Profiling...
  Profiling Time: 0.776 ms
  Selected AbsEB: 2.698980e-02 (RelEB: 1.500000e-05)
  Estimated Ratio: 6.11 (Target: 6.00)
Starting Compression...
  Compression Time: 2.196 ms
  Compressed Size: 110239144
  Achieved Ratio: 6.11
Throughput Statistics:
  Profiling Throughput:    867.95 GB/s
  Compression Throughput:  306.89 GB/s
  Total (Prof+Comp) Thrpt: 226.72 GB/s
Starting Decompression...
  Decompression Time: 1.178 ms
  Decompression Throughput: 571.89 GB/s
Verification Results:
  Max Error: 2.709961e-02
  PSNR: 104.24 dB
  Compliance: PASS
BENCH_START:CESM:ICLDIWP_1_26_1800_3600.f32:plain:8.0
Configuration:
  Input File: /scratch/bfrq/bzhang28/SDRBENCH-CESM-ATM-26x1800x3600/ICLDIWP_1_26_1800_3600.f32
  Dims: 3600x1800x26
  Elements: 168480000
  Target Ratio: 8.00
  Mode: plain
  Sample Rate: 1000
Data Range: 1799.319946
Warming up GPU...
Warmup complete.
Starting Profiling...
  Profiling Time: 0.766 ms
  Selected AbsEB: 1.151565e-01 (RelEB: 6.400000e-05)
  Estimated Ratio: 8.05 (Target: 8.00)
Starting Compression...
  Compression Time: 2.123 ms
  Compressed Size: 83898336
  Achieved Ratio: 8.03
Throughput Statistics:
  Profiling Throughput:    879.59 GB/s
  Compression Throughput:  317.44 GB/s
  Total (Prof+Comp) Thrpt: 233.26 GB/s
Starting Decompression...
  Decompression Time: 1.053 ms
  Decompression Throughput: 640.14 GB/s
Verification Results:
  Max Error: 1.151733e-01
  PSNR: 91.70 dB
  Compliance: PASS
BENCH_START:CESM:ICLDTWP_1_26_1800_3600.f32:outlier:4.0
Configuration:
  Input File: /scratch/bfrq/bzhang28/SDRBENCH-CESM-ATM-26x1800x3600/ICLDTWP_1_26_1800_3600.f32
  Dims: 3600x1800x26
  Elements: 168480000
  Target Ratio: 4.00
  Mode: outlier
  Sample Rate: 1000
Data Range: 8722.882812
Warming up GPU...
Warmup complete.
Starting Profiling...
  Profiling Time: 0.774 ms
  Selected AbsEB: 2.616865e-02 (RelEB: 3.000000e-06)
  Estimated Ratio: 4.19 (Target: 4.00)
Starting Compression...
  Compression Time: 2.705 ms
  Compressed Size: 160508566
  Achieved Ratio: 4.20
Throughput Statistics:
  Profiling Throughput:    870.21 GB/s
  Compression Throughput:  249.17 GB/s
  Total (Prof+Comp) Thrpt: 193.70 GB/s
Starting Decompression...
  Decompression Time: 1.956 ms
  Decompression Throughput: 344.61 GB/s
Verification Results:
  Max Error: 2.685547e-02
  PSNR: 117.11 dB
  Compliance: PASS
BENCH_START:CESM:ICLDTWP_1_26_1800_3600.f32:outlier:6.0
Configuration:
  Input File: /scratch/bfrq/bzhang28/SDRBENCH-CESM-ATM-26x1800x3600/ICLDTWP_1_26_1800_3600.f32
  Dims: 3600x1800x26
  Elements: 168480000
  Target Ratio: 6.00
  Mode: outlier
  Sample Rate: 1000
Data Range: 8722.882812
Warming up GPU...
Warmup complete.
Starting Profiling...
  Profiling Time: 0.769 ms
  Selected AbsEB: 2.180721e-01 (RelEB: 2.500000e-05)
  Estimated Ratio: 6.02 (Target: 6.00)
Starting Compression...
  Compression Time: 2.725 ms
  Compressed Size: 111676730
  Achieved Ratio: 6.03
Throughput Statistics:
  Profiling Throughput:    876.70 GB/s
  Compression Throughput:  247.32 GB/s
  Total (Prof+Comp) Thrpt: 192.90 GB/s
Starting Decompression...
  Decompression Time: 1.932 ms
  Decompression Throughput: 348.88 GB/s
Verification Results:
  Max Error: 2.182617e-01
  PSNR: 98.77 dB
  Compliance: PASS
BENCH_START:CESM:ICLDTWP_1_26_1800_3600.f32:outlier:8.0
Configuration:
  Input File: /scratch/bfrq/bzhang28/SDRBENCH-CESM-ATM-26x1800x3600/ICLDTWP_1_26_1800_3600.f32
  Dims: 3600x1800x26
  Elements: 168480000
  Target Ratio: 8.00
  Mode: outlier
  Sample Rate: 1000
Data Range: 8722.882812
Warming up GPU...
Warmup complete.
Starting Profiling...
  Profiling Time: 0.786 ms
  Selected AbsEB: 8.199510e-01 (RelEB: 9.400000e-05)
  Estimated Ratio: 8.03 (Target: 8.00)
Starting Compression...
  Compression Time: 2.507 ms
  Compressed Size: 83856188
  Achieved Ratio: 8.04
Throughput Statistics:
  Profiling Throughput:    857.28 GB/s
  Compression Throughput:  268.86 GB/s
  Total (Prof+Comp) Thrpt: 204.67 GB/s
Starting Decompression...
  Decompression Time: 1.730 ms
  Decompression Throughput: 389.46 GB/s
Verification Results:
  Max Error: 8.200684e-01
  PSNR: 87.39 dB
  Compliance: PASS
BENCH_START:CESM:ICLDTWP_1_26_1800_3600.f32:plain:4.0
Configuration:
  Input File: /scratch/bfrq/bzhang28/SDRBENCH-CESM-ATM-26x1800x3600/ICLDTWP_1_26_1800_3600.f32
  Dims: 3600x1800x26
  Elements: 168480000
  Target Ratio: 4.00
  Mode: plain
  Sample Rate: 1000
Data Range: 8722.882812
Warming up GPU...
Warmup complete.
Starting Profiling...
  Profiling Time: 0.759 ms
  Selected AbsEB: 2.616865e-02 (RelEB: 3.000000e-06)
  Estimated Ratio: 4.09 (Target: 4.00)
Starting Compression...
  Compression Time: 2.501 ms
  Compressed Size: 164588864
  Achieved Ratio: 4.09
Throughput Statistics:
  Profiling Throughput:    887.56 GB/s
  Compression Throughput:  269.46 GB/s
  Total (Prof+Comp) Thrpt: 206.71 GB/s
Starting Decompression...
  Decompression Time: 1.302 ms
  Decompression Throughput: 517.51 GB/s
Verification Results:
  Max Error: 2.685547e-02
  PSNR: 117.11 dB
  Compliance: PASS
BENCH_START:CESM:ICLDTWP_1_26_1800_3600.f32:plain:6.0
Configuration:
  Input File: /scratch/bfrq/bzhang28/SDRBENCH-CESM-ATM-26x1800x3600/ICLDTWP_1_26_1800_3600.f32
  Dims: 3600x1800x26
  Elements: 168480000
  Target Ratio: 6.00
  Mode: plain
  Sample Rate: 1000
Data Range: 8722.882812
Warming up GPU...
Warmup complete.
Starting Profiling...
  Profiling Time: 0.768 ms
  Selected AbsEB: 2.616865e-01 (RelEB: 3.000000e-05)
  Estimated Ratio: 6.03 (Target: 6.00)
Starting Compression...
  Compression Time: 2.211 ms
  Compressed Size: 111839936
  Achieved Ratio: 6.03
Throughput Statistics:
  Profiling Throughput:    877.10 GB/s
  Compression Throughput:  304.86 GB/s
  Total (Prof+Comp) Thrpt: 226.23 GB/s
Starting Decompression...
  Decompression Time: 1.150 ms
  Decompression Throughput: 586.19 GB/s
Verification Results:
  Max Error: 2.617188e-01
  PSNR: 97.20 dB
  Compliance: PASS
BENCH_START:CESM:ICLDTWP_1_26_1800_3600.f32:plain:8.0
Configuration:
  Input File: /scratch/bfrq/bzhang28/SDRBENCH-CESM-ATM-26x1800x3600/ICLDTWP_1_26_1800_3600.f32
  Dims: 3600x1800x26
  Elements: 168480000
  Target Ratio: 8.00
  Mode: plain
  Sample Rate: 1000
Data Range: 8722.882812
Warming up GPU...
Warmup complete.
Starting Profiling...
  Profiling Time: 0.748 ms
  Selected AbsEB: 1.133975e+00 (RelEB: 1.300000e-04)
  Estimated Ratio: 8.30 (Target: 8.00)
Starting Compression...
  Compression Time: 2.117 ms
  Compressed Size: 81364312
  Achieved Ratio: 8.28
Throughput Statistics:
  Profiling Throughput:    901.19 GB/s
  Compression Throughput:  318.28 GB/s
  Total (Prof+Comp) Thrpt: 235.21 GB/s
Starting Decompression...
  Decompression Time: 1.034 ms
  Decompression Throughput: 651.63 GB/s
Verification Results:
  Max Error: 1.134033e+00
  PSNR: 84.63 dB
  Compliance: PASS
BENCH_START:CESM:ICWMR_1_26_1800_3600.f32:outlier:4.0
Configuration:
  Input File: /scratch/bfrq/bzhang28/SDRBENCH-CESM-ATM-26x1800x3600/ICWMR_1_26_1800_3600.f32
  Dims: 3600x1800x26
  Elements: 168480000
  Target Ratio: 4.00
  Mode: outlier
  Sample Rate: 1000
Data Range: 0.021344
Warming up GPU...
Warmup complete.
Starting Profiling...
  Profiling Time: 0.777 ms
  Selected AbsEB: 2.134415e-08 (RelEB: 1.000000e-06)
  Estimated Ratio: 4.59 (Target: 4.00)
Starting Compression...
  Compression Time: 2.671 ms
  Compressed Size: 147396660
  Achieved Ratio: 4.57
Throughput Statistics:
  Profiling Throughput:    866.95 GB/s
  Compression Throughput:  252.34 GB/s
  Total (Prof+Comp) Thrpt: 195.45 GB/s
Starting Decompression...
  Decompression Time: 1.816 ms
  Decompression Throughput: 371.20 GB/s
Verification Results:
  Max Error: 2.142042e-08
  PSNR: 128.90 dB
  Compliance: PASS
BENCH_START:CESM:ICWMR_1_26_1800_3600.f32:outlier:6.0
Configuration:
  Input File: /scratch/bfrq/bzhang28/SDRBENCH-CESM-ATM-26x1800x3600/ICWMR_1_26_1800_3600.f32
  Dims: 3600x1800x26
  Elements: 168480000
  Target Ratio: 6.00
  Mode: outlier
  Sample Rate: 1000
Data Range: 0.021344
Warming up GPU...
Warmup complete.
Starting Profiling...
  Profiling Time: 0.778 ms
  Selected AbsEB: 1.920973e-07 (RelEB: 9.000000e-06)
  Estimated Ratio: 6.07 (Target: 6.00)
Starting Compression...
  Compression Time: 2.445 ms
  Compressed Size: 111555390
  Achieved Ratio: 6.04
Throughput Statistics:
  Profiling Throughput:    865.67 GB/s
  Compression Throughput:  275.68 GB/s
  Total (Prof+Comp) Thrpt: 209.09 GB/s
Starting Decompression...
  Decompression Time: 1.648 ms
  Decompression Throughput: 409.03 GB/s
Verification Results:
  Max Error: 1.927838e-07
  PSNR: 109.85 dB
  Compliance: PASS
BENCH_START:CESM:ICWMR_1_26_1800_3600.f32:outlier:8.0
Configuration:
  Input File: /scratch/bfrq/bzhang28/SDRBENCH-CESM-ATM-26x1800x3600/ICWMR_1_26_1800_3600.f32
  Dims: 3600x1800x26
  Elements: 168480000
  Target Ratio: 8.00
  Mode: outlier
  Sample Rate: 1000
Data Range: 0.021344
Warming up GPU...
Warmup complete.
Starting Profiling...
  Profiling Time: 0.760 ms
  Selected AbsEB: 1.067207e-06 (RelEB: 5.000000e-05)
  Estimated Ratio: 8.06 (Target: 8.00)
Starting Compression...
  Compression Time: 2.384 ms
  Compressed Size: 84045376
  Achieved Ratio: 8.02
Throughput Statistics:
  Profiling Throughput:    886.96 GB/s
  Compression Throughput:  282.64 GB/s
  Total (Prof+Comp) Thrpt: 214.34 GB/s
Starting Decompression...
  Decompression Time: 1.699 ms
  Decompression Throughput: 396.71 GB/s
Verification Results:
  Max Error: 1.067296e-06
  PSNR: 95.01 dB
  Compliance: PASS
BENCH_START:CESM:ICWMR_1_26_1800_3600.f32:plain:4.0
Configuration:
  Input File: /scratch/bfrq/bzhang28/SDRBENCH-CESM-ATM-26x1800x3600/ICWMR_1_26_1800_3600.f32
  Dims: 3600x1800x26
  Elements: 168480000
  Target Ratio: 4.00
  Mode: plain
  Sample Rate: 1000
Data Range: 0.021344
Warming up GPU...
Warmup complete.
Starting Profiling...
  Profiling Time: 0.792 ms
  Selected AbsEB: 2.134415e-08 (RelEB: 1.000000e-06)
  Estimated Ratio: 4.48 (Target: 4.00)
Starting Compression...
  Compression Time: 2.594 ms
  Compressed Size: 151038568
  Achieved Ratio: 4.46
Throughput Statistics:
  Profiling Throughput:    850.81 GB/s
  Compression Throughput:  259.84 GB/s
  Total (Prof+Comp) Thrpt: 199.05 GB/s
Starting Decompression...
  Decompression Time: 1.247 ms
  Decompression Throughput: 540.64 GB/s
Verification Results:
  Max Error: 2.142042e-08
  PSNR: 128.90 dB
  Compliance: PASS
BENCH_START:CESM:ICWMR_1_26_1800_3600.f32:plain:6.0
Configuration:
  Input File: /scratch/bfrq/bzhang28/SDRBENCH-CESM-ATM-26x1800x3600/ICWMR_1_26_1800_3600.f32
  Dims: 3600x1800x26
  Elements: 168480000
  Target Ratio: 6.00
  Mode: plain
  Sample Rate: 1000
Data Range: 0.021344
Warming up GPU...
Warmup complete.
Starting Profiling...
  Profiling Time: 0.746 ms
  Selected AbsEB: 3.201622e-07 (RelEB: 1.500000e-05)
  Estimated Ratio: 6.33 (Target: 6.00)
Starting Compression...
  Compression Time: 2.134 ms
  Compressed Size: 107031128
  Achieved Ratio: 6.30
Throughput Statistics:
  Profiling Throughput:    903.82 GB/s
  Compression Throughput:  315.85 GB/s
  Total (Prof+Comp) Thrpt: 234.05 GB/s
Starting Decompression...
  Decompression Time: 1.069 ms
  Decompression Throughput: 630.39 GB/s
Verification Results:
  Max Error: 3.203750e-07
  PSNR: 105.43 dB
  Compliance: PASS
BENCH_START:CESM:ICWMR_1_26_1800_3600.f32:plain:8.0
Configuration:
  Input File: /scratch/bfrq/bzhang28/SDRBENCH-CESM-ATM-26x1800x3600/ICWMR_1_26_1800_3600.f32
  Dims: 3600x1800x26
  Elements: 168480000
  Target Ratio: 8.00
  Mode: plain
  Sample Rate: 1000
Data Range: 0.021344
Warming up GPU...
Warmup complete.
Starting Profiling...
  Profiling Time: 0.776 ms
  Selected AbsEB: 1.366026e-06 (RelEB: 6.400000e-05)
  Estimated Ratio: 8.06 (Target: 8.00)
Starting Compression...
  Compression Time: 2.052 ms
  Compressed Size: 84057488
  Achieved Ratio: 8.02
Throughput Statistics:
  Profiling Throughput:    868.78 GB/s
  Compression Throughput:  328.39 GB/s
  Total (Prof+Comp) Thrpt: 238.31 GB/s
Starting Decompression...
  Decompression Time: 0.978 ms
  Decompression Throughput: 688.75 GB/s
Verification Results:
  Max Error: 1.366250e-06
  PSNR: 92.88 dB
  Compliance: PASS
BENCH_START:CESM:OMEGAT_1_26_1800_3600.f32:outlier:4.0
Configuration:
  Input File: /scratch/bfrq/bzhang28/SDRBENCH-CESM-ATM-26x1800x3600/OMEGAT_1_26_1800_3600.f32
  Dims: 3600x1800x26
  Elements: 168480000
  Target Ratio: 4.00
  Mode: outlier
  Sample Rate: 1000
Data Range: 1039.598999
Warming up GPU...
Warmup complete.
Starting Profiling...
  Profiling Time: 0.769 ms
  Selected AbsEB: 1.039599e-02 (RelEB: 1.000000e-05)
  Estimated Ratio: 4.07 (Target: 4.00)
Starting Compression...
  Compression Time: 2.953 ms
  Compressed Size: 165282584
  Achieved Ratio: 4.08
Throughput Statistics:
  Profiling Throughput:    875.82 GB/s
  Compression Throughput:  228.22 GB/s
  Total (Prof+Comp) Thrpt: 181.05 GB/s
Starting Decompression...
  Decompression Time: 2.472 ms
  Decompression Throughput: 272.59 GB/s
Verification Results:
  Max Error: 1.043701e-02
  PSNR: 104.83 dB
  Compliance: PASS
BENCH_START:CESM:OMEGAT_1_26_1800_3600.f32:outlier:6.0
Configuration:
  Input File: /scratch/bfrq/bzhang28/SDRBENCH-CESM-ATM-26x1800x3600/OMEGAT_1_26_1800_3600.f32
  Dims: 3600x1800x26
  Elements: 168480000
  Target Ratio: 6.00
  Mode: outlier
  Sample Rate: 1000
Data Range: 1039.598999
Warming up GPU...
Warmup complete.
Starting Profiling...
  Profiling Time: 0.767 ms
  Selected AbsEB: 6.029674e-02 (RelEB: 5.800000e-05)
  Estimated Ratio: 6.03 (Target: 6.00)
Starting Compression...
  Compression Time: 2.692 ms
  Compressed Size: 111413336
  Achieved Ratio: 6.05
Throughput Statistics:
  Profiling Throughput:    878.34 GB/s
  Compression Throughput:  250.31 GB/s
  Total (Prof+Comp) Thrpt: 194.79 GB/s
Starting Decompression...
  Decompression Time: 2.236 ms
  Decompression Throughput: 301.43 GB/s
Verification Results:
  Max Error: 6.033325e-02
  PSNR: 89.75 dB
  Compliance: PASS
BENCH_START:CESM:OMEGAT_1_26_1800_3600.f32:outlier:8.0
Configuration:
  Input File: /scratch/bfrq/bzhang28/SDRBENCH-CESM-ATM-26x1800x3600/OMEGAT_1_26_1800_3600.f32
  Dims: 3600x1800x26
  Elements: 168480000
  Target Ratio: 8.00
  Mode: outlier
  Sample Rate: 1000
Data Range: 1039.598999
Warming up GPU...
Warmup complete.
Starting Profiling...
  Profiling Time: 0.763 ms
  Selected AbsEB: 1.663358e-01 (RelEB: 1.600000e-04)
  Estimated Ratio: 8.02 (Target: 8.00)
Starting Compression...
  Compression Time: 2.536 ms
  Compressed Size: 83424769
  Achieved Ratio: 8.08
Throughput Statistics:
  Profiling Throughput:    883.54 GB/s
  Compression Throughput:  265.69 GB/s
  Total (Prof+Comp) Thrpt: 204.27 GB/s
Starting Decompression...
  Decompression Time: 1.888 ms
  Decompression Throughput: 357.04 GB/s
Verification Results:
  Max Error: 1.663818e-01
  PSNR: 81.24 dB
  Compliance: PASS
BENCH_START:CESM:OMEGAT_1_26_1800_3600.f32:plain:4.0
Configuration:
  Input File: /scratch/bfrq/bzhang28/SDRBENCH-CESM-ATM-26x1800x3600/OMEGAT_1_26_1800_3600.f32
  Dims: 3600x1800x26
  Elements: 168480000
  Target Ratio: 4.00
  Mode: plain
  Sample Rate: 1000
Data Range: 1039.598999
Warming up GPU...
Warmup complete.
Starting Profiling...
  Profiling Time: 0.776 ms
  Selected AbsEB: 1.559398e-02 (RelEB: 1.500000e-05)
  Estimated Ratio: 4.15 (Target: 4.00)
Starting Compression...
  Compression Time: 2.399 ms
  Compressed Size: 161899216
  Achieved Ratio: 4.16
Throughput Statistics:
  Profiling Throughput:    868.10 GB/s
  Compression Throughput:  280.90 GB/s
  Total (Prof+Comp) Thrpt: 212.23 GB/s
Starting Decompression...
  Decompression Time: 1.324 ms
  Decompression Throughput: 508.84 GB/s
Verification Results:
  Max Error: 1.562500e-02
  PSNR: 101.33 dB
  Compliance: PASS
BENCH_START:CESM:OMEGAT_1_26_1800_3600.f32:plain:6.0
Configuration:
  Input File: /scratch/bfrq/bzhang28/SDRBENCH-CESM-ATM-26x1800x3600/OMEGAT_1_26_1800_3600.f32
  Dims: 3600x1800x26
  Elements: 168480000
  Target Ratio: 6.00
  Mode: plain
  Sample Rate: 1000
Data Range: 1039.598999
Warming up GPU...
Warmup complete.
Starting Profiling...
  Profiling Time: 0.749 ms
  Selected AbsEB: 8.212832e-02 (RelEB: 7.900000e-05)
  Estimated Ratio: 6.00 (Target: 6.00)
Starting Compression...
  Compression Time: 2.279 ms
  Compressed Size: 111683096
  Achieved Ratio: 6.03
Throughput Statistics:
  Profiling Throughput:    899.31 GB/s
  Compression Throughput:  295.66 GB/s
  Total (Prof+Comp) Thrpt: 222.51 GB/s
Starting Decompression...
  Decompression Time: 1.170 ms
  Decompression Throughput: 575.83 GB/s
Verification Results:
  Max Error: 8.215332e-02
  PSNR: 87.13 dB
  Compliance: PASS
BENCH_START:CESM:OMEGAT_1_26_1800_3600.f32:plain:8.0
Configuration:
  Input File: /scratch/bfrq/bzhang28/SDRBENCH-CESM-ATM-26x1800x3600/OMEGAT_1_26_1800_3600.f32
  Dims: 3600x1800x26
  Elements: 168480000
  Target Ratio: 8.00
  Mode: plain
  Sample Rate: 1000
Data Range: 1039.598999
Warming up GPU...
Warmup complete.
Starting Profiling...
  Profiling Time: 0.753 ms
  Selected AbsEB: 2.287118e-01 (RelEB: 2.200000e-04)
  Estimated Ratio: 8.01 (Target: 8.00)
Starting Compression...
  Compression Time: 2.203 ms
  Compressed Size: 83767728
  Achieved Ratio: 8.05
Throughput Statistics:
  Profiling Throughput:    895.45 GB/s
  Compression Throughput:  305.86 GB/s
  Total (Prof+Comp) Thrpt: 227.99 GB/s
Starting Decompression...
  Decompression Time: 1.214 ms
  Decompression Throughput: 555.06 GB/s
Verification Results:
  Max Error: 2.287140e-01
  PSNR: 78.60 dB
  Compliance: PASS
BENCH_START:CESM:OMEGA_1_26_1800_3600.f32:outlier:4.0
Configuration:
  Input File: /scratch/bfrq/bzhang28/SDRBENCH-CESM-ATM-26x1800x3600/OMEGA_1_26_1800_3600.f32
  Dims: 3600x1800x26
  Elements: 168480000
  Target Ratio: 4.00
  Mode: outlier
  Sample Rate: 1000
Data Range: 4.087473
Warming up GPU...
Warmup complete.
Starting Profiling...
  Profiling Time: 0.775 ms
  Selected AbsEB: 4.087473e-05 (RelEB: 1.000000e-05)
  Estimated Ratio: 4.01 (Target: 4.00)
Starting Compression...
  Compression Time: 3.032 ms
  Compressed Size: 167579915
  Achieved Ratio: 4.02
Throughput Statistics:
  Profiling Throughput:    869.92 GB/s
  Compression Throughput:  222.29 GB/s
  Total (Prof+Comp) Thrpt: 177.05 GB/s
Starting Decompression...
  Decompression Time: 2.530 ms
  Decompression Throughput: 266.42 GB/s
Verification Results:
  Max Error: 4.100800e-05
  PSNR: 104.82 dB
  Compliance: PASS
BENCH_START:CESM:OMEGA_1_26_1800_3600.f32:outlier:6.0
Configuration:
  Input File: /scratch/bfrq/bzhang28/SDRBENCH-CESM-ATM-26x1800x3600/OMEGA_1_26_1800_3600.f32
  Dims: 3600x1800x26
  Elements: 168480000
  Target Ratio: 6.00
  Mode: outlier
  Sample Rate: 1000
Data Range: 4.087473
Warming up GPU...
Warmup complete.
Starting Profiling...
  Profiling Time: 0.764 ms
  Selected AbsEB: 2.493359e-04 (RelEB: 6.100000e-05)
  Estimated Ratio: 6.00 (Target: 6.00)
Starting Compression...
  Compression Time: 2.760 ms
  Compressed Size: 111965911
  Achieved Ratio: 6.02
Throughput Statistics:
  Profiling Throughput:    881.69 GB/s
  Compression Throughput:  244.22 GB/s
  Total (Prof+Comp) Thrpt: 191.24 GB/s
Starting Decompression...
  Decompression Time: 2.198 ms
  Decompression Throughput: 306.64 GB/s
Verification Results:
  Max Error: 2.493858e-04
  PSNR: 89.31 dB
  Compliance: PASS
BENCH_START:CESM:OMEGA_1_26_1800_3600.f32:outlier:8.0
Configuration:
  Input File: /scratch/bfrq/bzhang28/SDRBENCH-CESM-ATM-26x1800x3600/OMEGA_1_26_1800_3600.f32
  Dims: 3600x1800x26
  Elements: 168480000
  Target Ratio: 8.00
  Mode: outlier
  Sample Rate: 1000
Data Range: 4.087473
Warming up GPU...
Warmup complete.
Starting Profiling...
  Profiling Time: 0.766 ms
  Selected AbsEB: 7.766199e-04 (RelEB: 1.900000e-04)
  Estimated Ratio: 8.31 (Target: 8.00)
Starting Compression...
  Compression Time: 2.626 ms
  Compressed Size: 80617631
  Achieved Ratio: 8.36
Throughput Statistics:
  Profiling Throughput:    880.03 GB/s
  Compression Throughput:  256.66 GB/s
  Total (Prof+Comp) Thrpt: 198.71 GB/s
Starting Decompression...
  Decompression Time: 1.858 ms
  Decompression Throughput: 362.81 GB/s
Verification Results:
  Max Error: 7.766485e-04
  PSNR: 79.77 dB
  Compliance: PASS
BENCH_START:CESM:OMEGA_1_26_1800_3600.f32:plain:4.0
Configuration:
  Input File: /scratch/bfrq/bzhang28/SDRBENCH-CESM-ATM-26x1800x3600/OMEGA_1_26_1800_3600.f32
  Dims: 3600x1800x26
  Elements: 168480000
  Target Ratio: 4.00
  Mode: plain
  Sample Rate: 1000
Data Range: 4.087473
Warming up GPU...
Warmup complete.
Starting Profiling...
  Profiling Time: 0.748 ms
  Selected AbsEB: 6.131210e-05 (RelEB: 1.500000e-05)
  Estimated Ratio: 4.09 (Target: 4.00)
Starting Compression...
  Compression Time: 2.361 ms
  Compressed Size: 164397736
  Achieved Ratio: 4.10
Throughput Statistics:
  Profiling Throughput:    900.81 GB/s
  Compression Throughput:  285.46 GB/s
  Total (Prof+Comp) Thrpt: 216.77 GB/s
Starting Decompression...
  Decompression Time: 1.511 ms
  Decompression Throughput: 445.89 GB/s
Verification Results:
  Max Error: 6.139278e-05
  PSNR: 101.33 dB
  Compliance: PASS
BENCH_START:CESM:OMEGA_1_26_1800_3600.f32:plain:6.0
Configuration:
  Input File: /scratch/bfrq/bzhang28/SDRBENCH-CESM-ATM-26x1800x3600/OMEGA_1_26_1800_3600.f32
  Dims: 3600x1800x26
  Elements: 168480000
  Target Ratio: 6.00
  Mode: plain
  Sample Rate: 1000
Data Range: 4.087473
Warming up GPU...
Warmup complete.
Starting Profiling...
  Profiling Time: 0.768 ms
  Selected AbsEB: 3.474352e-04 (RelEB: 8.500000e-05)
  Estimated Ratio: 6.01 (Target: 6.00)
Starting Compression...
  Compression Time: 2.287 ms
  Compressed Size: 111796152
  Achieved Ratio: 6.03
Throughput Statistics:
  Profiling Throughput:    877.61 GB/s
  Compression Throughput:  294.66 GB/s
  Total (Prof+Comp) Thrpt: 220.60 GB/s
Starting Decompression...
  Decompression Time: 1.163 ms
  Decompression Throughput: 579.43 GB/s
Verification Results:
  Max Error: 3.474355e-04
  PSNR: 86.49 dB
  Compliance: PASS
BENCH_START:CESM:OMEGA_1_26_1800_3600.f32:plain:8.0
Configuration:
  Input File: /scratch/bfrq/bzhang28/SDRBENCH-CESM-ATM-26x1800x3600/OMEGA_1_26_1800_3600.f32
  Dims: 3600x1800x26
  Elements: 168480000
  Target Ratio: 8.00
  Mode: plain
  Sample Rate: 1000
Data Range: 4.087473
Warming up GPU...
Warmup complete.
Starting Profiling...
  Profiling Time: 0.753 ms
  Selected AbsEB: 1.021868e-03 (RelEB: 2.500000e-04)
  Estimated Ratio: 8.14 (Target: 8.00)
Starting Compression...
  Compression Time: 2.221 ms
  Compressed Size: 82296544
  Achieved Ratio: 8.19
Throughput Statistics:
  Profiling Throughput:    894.95 GB/s
  Compression Throughput:  303.44 GB/s
  Total (Prof+Comp) Thrpt: 226.61 GB/s
Starting Decompression...
  Decompression Time: 1.098 ms
  Decompression Throughput: 613.80 GB/s
Verification Results:
  Max Error: 1.021877e-03
  PSNR: 77.48 dB
  Compliance: PASS
BENCH_START:CESM:QC_1_26_1800_3600.f32:outlier:4.0
Configuration:
  Input File: /scratch/bfrq/bzhang28/SDRBENCH-CESM-ATM-26x1800x3600/QC_1_26_1800_3600.f32
  Dims: 3600x1800x26
  Elements: 168480000
  Target Ratio: 4.00
  Mode: outlier
  Sample Rate: 1000
Data Range: 0.000000
Warming up GPU...
Warmup complete.
Starting Profiling...
  Profiling Time: 0.769 ms
  Selected AbsEB: 9.800506e-14 (RelEB: 1.000000e-06)
  Estimated Ratio: 4.28 (Target: 4.00)
Starting Compression...
  Compression Time: 2.728 ms
  Compressed Size: 158433834
  Achieved Ratio: 4.25
Throughput Statistics:
  Profiling Throughput:    876.22 GB/s
  Compression Throughput:  247.08 GB/s
  Total (Prof+Comp) Thrpt: 192.73 GB/s
Starting Decompression...
  Decompression Time: 1.717 ms
  Decompression Throughput: 392.57 GB/s
Verification Results:
  Max Error: 9.947598e-14
  PSNR: 128.64 dB
  Compliance: PASS
BENCH_START:CESM:QC_1_26_1800_3600.f32:outlier:6.0
Configuration:
  Input File: /scratch/bfrq/bzhang28/SDRBENCH-CESM-ATM-26x1800x3600/QC_1_26_1800_3600.f32
  Dims: 3600x1800x26
  Elements: 168480000
  Target Ratio: 6.00
  Mode: outlier
  Sample Rate: 1000
Data Range: 0.000000
Warming up GPU...
Warmup complete.
Starting Profiling...
  Profiling Time: 0.760 ms
  Selected AbsEB: 1.470076e-12 (RelEB: 1.500000e-05)
  Estimated Ratio: 6.26 (Target: 6.00)
Starting Compression...
  Compression Time: 2.293 ms
  Compressed Size: 108369717
  Achieved Ratio: 6.22
Throughput Statistics:
  Profiling Throughput:    886.25 GB/s
  Compression Throughput:  293.93 GB/s
  Total (Prof+Comp) Thrpt: 220.73 GB/s
Starting Decompression...
  Decompression Time: 1.441 ms
  Decompression Throughput: 467.73 GB/s
Verification Results:
  Max Error: 1.477929e-12
  PSNR: 105.25 dB
  Compliance: PASS
BENCH_START:CESM:QC_1_26_1800_3600.f32:outlier:8.0
Configuration:
  Input File: /scratch/bfrq/bzhang28/SDRBENCH-CESM-ATM-26x1800x3600/QC_1_26_1800_3600.f32
  Dims: 3600x1800x26
  Elements: 168480000
  Target Ratio: 8.00
  Mode: outlier
  Sample Rate: 1000
Data Range: 0.000000
Warming up GPU...
Warmup complete.
Starting Profiling...
  Profiling Time: 0.784 ms
  Selected AbsEB: 5.978309e-12 (RelEB: 6.100000e-05)
  Estimated Ratio: 8.06 (Target: 8.00)
Starting Compression...
  Compression Time: 2.310 ms
  Compressed Size: 84009686
  Achieved Ratio: 8.02
Throughput Statistics:
  Profiling Throughput:    859.80 GB/s
  Compression Throughput:  291.69 GB/s
  Total (Prof+Comp) Thrpt: 217.80 GB/s
Starting Decompression...
  Decompression Time: 1.413 ms
  Decompression Throughput: 476.91 GB/s
Verification Results:
  Max Error: 5.982770e-12
  PSNR: 93.20 dB
  Compliance: PASS
BENCH_START:CESM:QC_1_26_1800_3600.f32:plain:4.0
Configuration:
  Input File: /scratch/bfrq/bzhang28/SDRBENCH-CESM-ATM-26x1800x3600/QC_1_26_1800_3600.f32
  Dims: 3600x1800x26
  Elements: 168480000
  Target Ratio: 4.00
  Mode: plain
  Sample Rate: 1000
Data Range: 0.000000
Warming up GPU...
Warmup complete.
Starting Profiling...
  Profiling Time: 0.742 ms
  Selected AbsEB: 9.800506e-14 (RelEB: 1.000000e-06)
  Estimated Ratio: 4.26 (Target: 4.00)
Starting Compression...
  Compression Time: 2.590 ms
  Compressed Size: 159053616
  Achieved Ratio: 4.24
Throughput Statistics:
  Profiling Throughput:    907.95 GB/s
  Compression Throughput:  260.25 GB/s
  Total (Prof+Comp) Thrpt: 202.27 GB/s
Starting Decompression...
  Decompression Time: 1.306 ms
  Decompression Throughput: 515.85 GB/s
Verification Results:
  Max Error: 9.947598e-14
  PSNR: 128.64 dB
  Compliance: PASS
BENCH_START:CESM:QC_1_26_1800_3600.f32:plain:6.0
Configuration:
  Input File: /scratch/bfrq/bzhang28/SDRBENCH-CESM-ATM-26x1800x3600/QC_1_26_1800_3600.f32
  Dims: 3600x1800x26
  Elements: 168480000
  Target Ratio: 6.00
  Mode: plain
  Sample Rate: 1000
Data Range: 0.000000
Warming up GPU...
Warmup complete.
Starting Profiling...
  Profiling Time: 0.751 ms
  Selected AbsEB: 1.470076e-12 (RelEB: 1.500000e-05)
  Estimated Ratio: 6.22 (Target: 6.00)
Starting Compression...
  Compression Time: 2.163 ms
  Compressed Size: 109016152
  Achieved Ratio: 6.18
Throughput Statistics:
  Profiling Throughput:    897.51 GB/s
  Compression Throughput:  311.61 GB/s
  Total (Prof+Comp) Thrpt: 231.30 GB/s
Starting Decompression...
  Decompression Time: 1.118 ms
  Decompression Throughput: 602.56 GB/s
Verification Results:
  Max Error: 1.477929e-12
  PSNR: 105.25 dB
  Compliance: PASS
BENCH_START:CESM:QC_1_26_1800_3600.f32:plain:8.0
Configuration:
  Input File: /scratch/bfrq/bzhang28/SDRBENCH-CESM-ATM-26x1800x3600/QC_1_26_1800_3600.f32
  Dims: 3600x1800x26
  Elements: 168480000
  Target Ratio: 8.00
  Mode: plain
  Sample Rate: 1000
Data Range: 0.000000
Warming up GPU...
Warmup complete.
Starting Profiling...
  Profiling Time: 0.757 ms
  Selected AbsEB: 5.978309e-12 (RelEB: 6.100000e-05)
  Estimated Ratio: 8.00 (Target: 8.00)
Starting Compression...
  Compression Time: 2.094 ms
  Compressed Size: 84662360
  Achieved Ratio: 7.96
Throughput Statistics:
  Profiling Throughput:    890.22 GB/s
  Compression Throughput:  321.78 GB/s
  Total (Prof+Comp) Thrpt: 236.35 GB/s
Starting Decompression...
  Decompression Time: 1.002 ms
  Decompression Throughput: 672.41 GB/s
Verification Results:
  Max Error: 5.982770e-12
  PSNR: 93.20 dB
  Compliance: PASS
BENCH_START:CESM:QRL_1_26_1800_3600.f32:outlier:4.0
Configuration:
  Input File: /scratch/bfrq/bzhang28/SDRBENCH-CESM-ATM-26x1800x3600/QRL_1_26_1800_3600.f32
  Dims: 3600x1800x26
  Elements: 168480000
  Target Ratio: 4.00
  Mode: outlier
  Sample Rate: 1000
Data Range: 0.000342
Warming up GPU...
Warmup complete.
Starting Profiling...
  Profiling Time: 0.764 ms
  Selected AbsEB: 4.440336e-08 (RelEB: 1.300000e-04)
  Estimated Ratio: 4.03 (Target: 4.00)
Starting Compression...
  Compression Time: 2.984 ms
  Compressed Size: 167102681
  Achieved Ratio: 4.03
Throughput Statistics:
  Profiling Throughput:    882.35 GB/s
  Compression Throughput:  225.83 GB/s
  Total (Prof+Comp) Thrpt: 179.81 GB/s
Starting Decompression...
  Decompression Time: 2.585 ms
  Decompression Throughput: 260.70 GB/s
Verification Results:
  Max Error: 4.441245e-08
  PSNR: 82.49 dB
  Compliance: PASS
BENCH_START:CESM:QRL_1_26_1800_3600.f32:outlier:6.0
Configuration:
  Input File: /scratch/bfrq/bzhang28/SDRBENCH-CESM-ATM-26x1800x3600/QRL_1_26_1800_3600.f32
  Dims: 3600x1800x26
  Elements: 168480000
  Target Ratio: 6.00
  Mode: outlier
  Sample Rate: 1000
Data Range: 0.000342
Warming up GPU...
Warmup complete.
Starting Profiling...
  Profiling Time: 0.758 ms
  Selected AbsEB: 2.493420e-07 (RelEB: 7.300000e-04)
  Estimated Ratio: 6.00 (Target: 6.00)
Starting Compression...
  Compression Time: 2.751 ms
  Compressed Size: 111878171
  Achieved Ratio: 6.02
Throughput Statistics:
  Profiling Throughput:    888.57 GB/s
  Compression Throughput:  245.01 GB/s
  Total (Prof+Comp) Thrpt: 192.05 GB/s
Starting Decompression...
  Decompression Time: 2.166 ms
  Decompression Throughput: 311.18 GB/s
Verification Results:
  Max Error: 2.493471e-07
  PSNR: 67.50 dB
  Compliance: PASS
BENCH_START:CESM:QRL_1_26_1800_3600.f32:outlier:8.0
Configuration:
  Input File: /scratch/bfrq/bzhang28/SDRBENCH-CESM-ATM-26x1800x3600/QRL_1_26_1800_3600.f32
  Dims: 3600x1800x26
  Elements: 168480000
  Target Ratio: 8.00
  Mode: outlier
  Sample Rate: 1000
Data Range: 0.000342
Warming up GPU...
Warmup complete.
Starting Profiling...
  Profiling Time: 0.863 ms
  Selected AbsEB: 7.514415e-07 (RelEB: 2.200000e-03)
  Estimated Ratio: 8.31 (Target: 8.00)
Starting Compression...
  Compression Time: 2.541 ms
  Compressed Size: 81204722
  Achieved Ratio: 8.30
Throughput Statistics:
  Profiling Throughput:    780.87 GB/s
  Compression Throughput:  265.26 GB/s
  Total (Prof+Comp) Thrpt: 198.00 GB/s
Starting Decompression...
  Decompression Time: 1.777 ms
  Decompression Throughput: 379.32 GB/s
Verification Results:
  Max Error: 7.514427e-07
  PSNR: 57.90 dB
  Compliance: PASS
BENCH_START:CESM:QRL_1_26_1800_3600.f32:plain:4.0
Configuration:
  Input File: /scratch/bfrq/bzhang28/SDRBENCH-CESM-ATM-26x1800x3600/QRL_1_26_1800_3600.f32
  Dims: 3600x1800x26
  Elements: 168480000
  Target Ratio: 4.00
  Mode: plain
  Sample Rate: 1000
Data Range: 0.000342
Warming up GPU...
Warmup complete.
Starting Profiling...
  Profiling Time: 0.759 ms
  Selected AbsEB: 1.366257e-07 (RelEB: 4.000000e-04)
  Estimated Ratio: 4.05 (Target: 4.00)
Starting Compression...
  Compression Time: 2.362 ms
  Compressed Size: 166275816
  Achieved Ratio: 4.05
Throughput Statistics:
  Profiling Throughput:    887.97 GB/s
  Compression Throughput:  285.37 GB/s
  Total (Prof+Comp) Thrpt: 215.97 GB/s
Starting Decompression...
  Decompression Time: 1.269 ms
  Decompression Throughput: 531.00 GB/s
Verification Results:
  Max Error: 1.366279e-07
  PSNR: 72.73 dB
  Compliance: PASS
BENCH_START:CESM:QRL_1_26_1800_3600.f32:plain:6.0
Configuration:
  Input File: /scratch/bfrq/bzhang28/SDRBENCH-CESM-ATM-26x1800x3600/QRL_1_26_1800_3600.f32
  Dims: 3600x1800x26
  Elements: 168480000
  Target Ratio: 6.00
  Mode: plain
  Sample Rate: 1000
Data Range: 0.000342
Warming up GPU...
Warmup complete.
Starting Profiling...
  Profiling Time: 0.771 ms
  Selected AbsEB: 7.514415e-07 (RelEB: 2.200000e-03)
  Estimated Ratio: 6.01 (Target: 6.00)
Starting Compression...
  Compression Time: 2.290 ms
  Compressed Size: 111945336
  Achieved Ratio: 6.02
Throughput Statistics:
  Profiling Throughput:    873.79 GB/s
  Compression Throughput:  294.35 GB/s
  Total (Prof+Comp) Thrpt: 220.18 GB/s
Starting Decompression...
  Decompression Time: 1.136 ms
  Decompression Throughput: 593.07 GB/s
Verification Results:
  Max Error: 7.514427e-07
  PSNR: 57.90 dB
  Compliance: PASS
BENCH_START:CESM:QRL_1_26_1800_3600.f32:plain:8.0
Configuration:
  Input File: /scratch/bfrq/bzhang28/SDRBENCH-CESM-ATM-26x1800x3600/QRL_1_26_1800_3600.f32
  Dims: 3600x1800x26
  Elements: 168480000
  Target Ratio: 8.00
  Mode: plain
  Sample Rate: 1000
Data Range: 0.000342
Warming up GPU...
Warmup complete.
Starting Profiling...
  Profiling Time: 0.795 ms
  Selected AbsEB: 2.083542e-06 (RelEB: 6.100000e-03)
  Estimated Ratio: 8.06 (Target: 8.00)
Starting Compression...
  Compression Time: 2.275 ms
  Compressed Size: 83526800
  Achieved Ratio: 8.07
Throughput Statistics:
  Profiling Throughput:    847.96 GB/s
  Compression Throughput:  296.29 GB/s
  Total (Prof+Comp) Thrpt: 219.57 GB/s
Starting Decompression...
  Decompression Time: 1.077 ms
  Decompression Throughput: 625.69 GB/s
Verification Results:
  Max Error: 2.083543e-06
  PSNR: 49.16 dB
  Compliance: PASS
BENCH_START:CESM:QRS_1_26_1800_3600.f32:outlier:4.0
Configuration:
  Input File: /scratch/bfrq/bzhang28/SDRBENCH-CESM-ATM-26x1800x3600/QRS_1_26_1800_3600.f32
  Dims: 3600x1800x26
  Elements: 168480000
  Target Ratio: 4.00
  Mode: outlier
  Sample Rate: 1000
Data Range: 0.000069
Warming up GPU...
Warmup complete.
Starting Profiling...
  Profiling Time: 0.765 ms
  Selected AbsEB: 1.100934e-08 (RelEB: 1.600000e-04)
  Estimated Ratio: 4.13 (Target: 4.00)
Starting Compression...
  Compression Time: 2.958 ms
  Compressed Size: 162710773
  Achieved Ratio: 4.14
Throughput Statistics:
  Profiling Throughput:    880.95 GB/s
  Compression Throughput:  227.86 GB/s
  Total (Prof+Comp) Thrpt: 181.04 GB/s
Starting Decompression...
  Decompression Time: 2.421 ms
  Decompression Throughput: 278.34 GB/s
Verification Results:
  Max Error: 1.101216e-08
  PSNR: 81.16 dB
  Compliance: PASS
BENCH_START:CESM:QRS_1_26_1800_3600.f32:outlier:6.0
Configuration:
  Input File: /scratch/bfrq/bzhang28/SDRBENCH-CESM-ATM-26x1800x3600/QRS_1_26_1800_3600.f32
  Dims: 3600x1800x26
  Elements: 168480000
  Target Ratio: 6.00
  Mode: outlier
  Sample Rate: 1000
Data Range: 0.000069
Warming up GPU...
Warmup complete.
Starting Profiling...
  Profiling Time: 0.757 ms
  Selected AbsEB: 6.467990e-08 (RelEB: 9.400000e-04)
  Estimated Ratio: 6.03 (Target: 6.00)
Starting Compression...
  Compression Time: 2.763 ms
  Compressed Size: 111816041
  Achieved Ratio: 6.03
Throughput Statistics:
  Profiling Throughput:    890.71 GB/s
  Compression Throughput:  243.92 GB/s
  Total (Prof+Comp) Thrpt: 191.48 GB/s
Starting Decompression...
  Decompression Time: 2.191 ms
  Decompression Throughput: 307.59 GB/s
Verification Results:
  Max Error: 6.468326e-08
  PSNR: 65.80 dB
  Compliance: PASS
BENCH_START:CESM:QRS_1_26_1800_3600.f32:outlier:8.0
Configuration:
  Input File: /scratch/bfrq/bzhang28/SDRBENCH-CESM-ATM-26x1800x3600/QRS_1_26_1800_3600.f32
  Dims: 3600x1800x26
  Elements: 168480000
  Target Ratio: 8.00
  Mode: outlier
  Sample Rate: 1000
Data Range: 0.000069
Warming up GPU...
Warmup complete.
Starting Profiling...
  Profiling Time: 0.781 ms
  Selected AbsEB: 2.133061e-07 (RelEB: 3.100000e-03)
  Estimated Ratio: 8.21 (Target: 8.00)
Starting Compression...
  Compression Time: 2.539 ms
  Compressed Size: 82072605
  Achieved Ratio: 8.21
Throughput Statistics:
  Profiling Throughput:    863.33 GB/s
  Compression Throughput:  265.46 GB/s
  Total (Prof+Comp) Thrpt: 203.03 GB/s
Starting Decompression...
  Decompression Time: 1.878 ms
  Decompression Throughput: 358.90 GB/s
Verification Results:
  Max Error: 2.133092e-07
  PSNR: 55.45 dB
  Compliance: PASS
BENCH_START:CESM:QRS_1_26_1800_3600.f32:plain:4.0
Configuration:
  Input File: /scratch/bfrq/bzhang28/SDRBENCH-CESM-ATM-26x1800x3600/QRS_1_26_1800_3600.f32
  Dims: 3600x1800x26
  Elements: 168480000
  Target Ratio: 4.00
  Mode: plain
  Sample Rate: 1000
Data Range: 0.000069
Warming up GPU...
Warmup complete.
Starting Profiling...
  Profiling Time: 0.752 ms
  Selected AbsEB: 3.371612e-08 (RelEB: 4.900000e-04)
  Estimated Ratio: 4.03 (Target: 4.00)
Starting Compression...
  Compression Time: 2.435 ms
  Compressed Size: 166802584
  Achieved Ratio: 4.04
Throughput Statistics:
  Profiling Throughput:    895.87 GB/s
  Compression Throughput:  276.77 GB/s
  Total (Prof+Comp) Thrpt: 211.45 GB/s
Starting Decompression...
  Decompression Time: 1.274 ms
  Decompression Throughput: 528.97 GB/s
Verification Results:
  Max Error: 3.372043e-08
  PSNR: 71.44 dB
  Compliance: PASS
BENCH_START:CESM:QRS_1_26_1800_3600.f32:plain:6.0
Configuration:
  Input File: /scratch/bfrq/bzhang28/SDRBENCH-CESM-ATM-26x1800x3600/QRS_1_26_1800_3600.f32
  Dims: 3600x1800x26
  Elements: 168480000
  Target Ratio: 6.00
  Mode: plain
  Sample Rate: 1000
Data Range: 0.000069
Warming up GPU...
Warmup complete.
Starting Profiling...
  Profiling Time: 0.743 ms
  Selected AbsEB: 2.339486e-07 (RelEB: 3.400000e-03)
  Estimated Ratio: 6.01 (Target: 6.00)
Starting Compression...
  Compression Time: 2.197 ms
  Compressed Size: 111970024
  Achieved Ratio: 6.02
Throughput Statistics:
  Profiling Throughput:    906.94 GB/s
  Compression Throughput:  306.76 GB/s
  Total (Prof+Comp) Thrpt: 229.23 GB/s
Starting Decompression...
  Decompression Time: 1.094 ms
  Decompression Throughput: 615.92 GB/s
Verification Results:
  Max Error: 2.339548e-07
  PSNR: 54.69 dB
  Compliance: PASS
BENCH_START:CESM:QRS_1_26_1800_3600.f32:plain:8.0
Configuration:
  Input File: /scratch/bfrq/bzhang28/SDRBENCH-CESM-ATM-26x1800x3600/QRS_1_26_1800_3600.f32
  Dims: 3600x1800x26
  Elements: 168480000
  Target Ratio: 8.00
  Mode: plain
  Sample Rate: 1000
Data Range: 0.000069
Warming up GPU...
Warmup complete.
Starting Profiling...
  Profiling Time: 0.761 ms
  Selected AbsEB: 6.674416e-07 (RelEB: 9.700000e-03)
  Estimated Ratio: 8.02 (Target: 8.00)
Starting Compression...
  Compression Time: 2.180 ms
  Compressed Size: 83904840
  Achieved Ratio: 8.03
Throughput Statistics:
  Profiling Throughput:    885.99 GB/s
  Compression Throughput:  309.21 GB/s
  Total (Prof+Comp) Thrpt: 229.21 GB/s
Starting Decompression...
  Decompression Time: 1.019 ms
  Decompression Throughput: 661.39 GB/s
Verification Results:
  Max Error: 6.674418e-07
  PSNR: 45.63 dB
  Compliance: PASS
BENCH_START:CESM:Q_1_26_1800_3600.f32:outlier:4.0
Configuration:
  Input File: /scratch/bfrq/bzhang28/SDRBENCH-CESM-ATM-26x1800x3600/Q_1_26_1800_3600.f32
  Dims: 3600x1800x26
  Elements: 168480000
  Target Ratio: 4.00
  Mode: outlier
  Sample Rate: 1000
Data Range: 0.019756
Warming up GPU...
Warmup complete.
Starting Profiling...
  Profiling Time: 0.758 ms
  Selected AbsEB: 1.778044e-07 (RelEB: 9.000000e-06)
  Estimated Ratio: 4.05 (Target: 4.00)
Starting Compression...
  Compression Time: 2.763 ms
  Compressed Size: 166706514
  Achieved Ratio: 4.04
Throughput Statistics:
  Profiling Throughput:    888.76 GB/s
  Compression Throughput:  243.90 GB/s
  Total (Prof+Comp) Thrpt: 191.38 GB/s
Starting Decompression...
  Decompression Time: 1.832 ms
  Decompression Throughput: 367.81 GB/s
Verification Results:
  Max Error: 1.788139e-07
  PSNR: 105.40 dB
  Compliance: PASS
BENCH_START:CESM:Q_1_26_1800_3600.f32:outlier:6.0
Configuration:
  Input File: /scratch/bfrq/bzhang28/SDRBENCH-CESM-ATM-26x1800x3600/Q_1_26_1800_3600.f32
  Dims: 3600x1800x26
  Elements: 168480000
  Target Ratio: 6.00
  Mode: outlier
  Sample Rate: 1000
Data Range: 0.019756
Warming up GPU...
Warmup complete.
Starting Profiling...
  Profiling Time: 0.769 ms
  Selected AbsEB: 1.916336e-06 (RelEB: 9.700000e-05)
  Estimated Ratio: 6.02 (Target: 6.00)
Starting Compression...
  Compression Time: 2.417 ms
  Compressed Size: 112100967
  Achieved Ratio: 6.01
Throughput Statistics:
  Profiling Throughput:    876.66 GB/s
  Compression Throughput:  278.80 GB/s
  Total (Prof+Comp) Thrpt: 211.53 GB/s
Starting Decompression...
  Decompression Time: 1.653 ms
  Decompression Throughput: 407.63 GB/s
Verification Results:
  Max Error: 1.916662e-06
  PSNR: 85.79 dB
  Compliance: PASS
BENCH_START:CESM:Q_1_26_1800_3600.f32:outlier:8.0
Configuration:
  Input File: /scratch/bfrq/bzhang28/SDRBENCH-CESM-ATM-26x1800x3600/Q_1_26_1800_3600.f32
  Dims: 3600x1800x26
  Elements: 168480000
  Target Ratio: 8.00
  Mode: outlier
  Sample Rate: 1000
Data Range: 0.019756
Warming up GPU...
Warmup complete.
Starting Profiling...
  Profiling Time: 0.770 ms
  Selected AbsEB: 5.531691e-06 (RelEB: 2.800000e-04)
  Estimated Ratio: 8.05 (Target: 8.00)
Starting Compression...
  Compression Time: 2.441 ms
  Compressed Size: 83812731
  Achieved Ratio: 8.04
Throughput Statistics:
  Profiling Throughput:    874.73 GB/s
  Compression Throughput:  276.09 GB/s
  Total (Prof+Comp) Thrpt: 209.86 GB/s
Starting Decompression...
  Decompression Time: 1.437 ms
  Decompression Throughput: 469.13 GB/s
Verification Results:
  Max Error: 5.532056e-06
  PSNR: 75.65 dB
  Compliance: PASS
BENCH_START:CESM:Q_1_26_1800_3600.f32:plain:4.0
Configuration:
  Input File: /scratch/bfrq/bzhang28/SDRBENCH-CESM-ATM-26x1800x3600/Q_1_26_1800_3600.f32
  Dims: 3600x1800x26
  Elements: 168480000
  Target Ratio: 4.00
  Mode: plain
  Sample Rate: 1000
Data Range: 0.019756
Warming up GPU...
Warmup complete.
Starting Profiling...
  Profiling Time: 0.760 ms
  Selected AbsEB: 5.926811e-07 (RelEB: 3.000000e-05)
  Estimated Ratio: 4.04 (Target: 4.00)
Starting Compression...
  Compression Time: 2.575 ms
  Compressed Size: 166630928
  Achieved Ratio: 4.04
Throughput Statistics:
  Profiling Throughput:    886.89 GB/s
  Compression Throughput:  261.74 GB/s
  Total (Prof+Comp) Thrpt: 202.10 GB/s
Starting Decompression...
  Decompression Time: 1.333 ms
  Decompression Throughput: 505.39 GB/s
Verification Results:
  Max Error: 5.941838e-07
  PSNR: 94.39 dB
  Compliance: PASS
BENCH_START:CESM:Q_1_26_1800_3600.f32:plain:6.0
Configuration:
  Input File: /scratch/bfrq/bzhang28/SDRBENCH-CESM-ATM-26x1800x3600/Q_1_26_1800_3600.f32
  Dims: 3600x1800x26
  Elements: 168480000
  Target Ratio: 6.00
  Mode: plain
  Sample Rate: 1000
Data Range: 0.019756
Warming up GPU...
Warmup complete.
Starting Profiling...
  Profiling Time: 0.777 ms
  Selected AbsEB: 3.753648e-06 (RelEB: 1.900000e-04)
  Estimated Ratio: 6.22 (Target: 6.00)
Starting Compression...
  Compression Time: 2.228 ms
  Compressed Size: 108278064
  Achieved Ratio: 6.22
Throughput Statistics:
  Profiling Throughput:    867.49 GB/s
  Compression Throughput:  302.43 GB/s
  Total (Prof+Comp) Thrpt: 224.25 GB/s
Starting Decompression...
  Decompression Time: 1.099 ms
  Decompression Throughput: 613.40 GB/s
Verification Results:
  Max Error: 3.755093e-06
  PSNR: 77.79 dB
  Compliance: PASS
BENCH_START:CESM:Q_1_26_1800_3600.f32:plain:8.0
Configuration:
  Input File: /scratch/bfrq/bzhang28/SDRBENCH-CESM-ATM-26x1800x3600/Q_1_26_1800_3600.f32
  Dims: 3600x1800x26
  Elements: 168480000
  Target Ratio: 8.00
  Mode: plain
  Sample Rate: 1000
Data Range: 0.019756
Warming up GPU...
Warmup complete.
Starting Profiling...
  Profiling Time: 0.752 ms
  Selected AbsEB: 1.264387e-05 (RelEB: 6.400000e-04)
  Estimated Ratio: 8.06 (Target: 8.00)
Starting Compression...
  Compression Time: 2.108 ms
  Compressed Size: 83752456
  Achieved Ratio: 8.05
Throughput Statistics:
  Profiling Throughput:    896.28 GB/s
  Compression Throughput:  319.69 GB/s
  Total (Prof+Comp) Thrpt: 235.64 GB/s
Starting Decompression...
  Decompression Time: 0.990 ms
  Decompression Throughput: 680.58 GB/s
Verification Results:
  Max Error: 1.264410e-05
  PSNR: 70.22 dB
  Compliance: PASS
BENCH_START:CESM:RELHUM_1_26_1800_3600.f32:outlier:4.0
Configuration:
  Input File: /scratch/bfrq/bzhang28/SDRBENCH-CESM-ATM-26x1800x3600/RELHUM_1_26_1800_3600.f32
  Dims: 3600x1800x26
  Elements: 168480000
  Target Ratio: 4.00
  Mode: outlier
  Sample Rate: 1000
Data Range: 99.603401
Warming up GPU...
Warmup complete.
Starting Profiling...
  Profiling Time: 0.756 ms
  Selected AbsEB: 3.984136e-02 (RelEB: 4.000000e-04)
  Estimated Ratio: 4.04 (Target: 4.00)
Starting Compression...
  Compression Time: 2.772 ms
  Compressed Size: 166844563
  Achieved Ratio: 4.04
Throughput Statistics:
  Profiling Throughput:    891.92 GB/s
  Compression Throughput:  243.08 GB/s
  Total (Prof+Comp) Thrpt: 191.02 GB/s
Starting Decompression...
  Decompression Time: 1.854 ms
  Decompression Throughput: 363.58 GB/s
Verification Results:
  Max Error: 3.984833e-02
  PSNR: 72.72 dB
  Compliance: PASS
BENCH_START:CESM:RELHUM_1_26_1800_3600.f32:outlier:6.0
Configuration:
  Input File: /scratch/bfrq/bzhang28/SDRBENCH-CESM-ATM-26x1800x3600/RELHUM_1_26_1800_3600.f32
  Dims: 3600x1800x26
  Elements: 168480000
  Target Ratio: 6.00
  Mode: outlier
  Sample Rate: 1000
Data Range: 99.603401
Warming up GPU...
Warmup complete.
Starting Profiling...
  Profiling Time: 0.780 ms
  Selected AbsEB: 2.490085e-01 (RelEB: 2.500000e-03)
  Estimated Ratio: 6.10 (Target: 6.00)
Starting Compression...
  Compression Time: 2.635 ms
  Compressed Size: 110465063
  Achieved Ratio: 6.10
Throughput Statistics:
  Profiling Throughput:    863.57 GB/s
  Compression Throughput:  255.76 GB/s
  Total (Prof+Comp) Thrpt: 197.32 GB/s
Starting Decompression...
  Decompression Time: 1.938 ms
  Decompression Throughput: 347.70 GB/s
Verification Results:
  Max Error: 2.490158e-01
  PSNR: 57.14 dB
  Compliance: PASS
BENCH_START:CESM:RELHUM_1_26_1800_3600.f32:outlier:8.0
Configuration:
  Input File: /scratch/bfrq/bzhang28/SDRBENCH-CESM-ATM-26x1800x3600/RELHUM_1_26_1800_3600.f32
  Dims: 3600x1800x26
  Elements: 168480000
  Target Ratio: 8.00
  Mode: outlier
  Sample Rate: 1000
Data Range: 99.603401
Warming up GPU...
Warmup complete.
Starting Profiling...
  Profiling Time: 16.123 ms
  Selected AbsEB: 6.374617e-01 (RelEB: 6.400000e-03)
  Estimated Ratio: 8.12 (Target: 8.00)
Starting Compression...
  Compression Time: 3.349 ms
  Compressed Size: 83097482
  Achieved Ratio: 8.11
Throughput Statistics:
  Profiling Throughput:    41.80 GB/s
  Compression Throughput:  201.23 GB/s
  Total (Prof+Comp) Thrpt: 34.61 GB/s
Starting Decompression...
  Decompression Time: 2.921 ms
  Decompression Throughput: 230.74 GB/s
Verification Results:
  Max Error: 6.374664e-01
  PSNR: 49.06 dB
  Compliance: PASS
BENCH_START:CESM:RELHUM_1_26_1800_3600.f32:plain:4.0
Configuration:
  Input File: /scratch/bfrq/bzhang28/SDRBENCH-CESM-ATM-26x1800x3600/RELHUM_1_26_1800_3600.f32
  Dims: 3600x1800x26
  Elements: 168480000
  Target Ratio: 4.00
  Mode: plain
  Sample Rate: 1000
Data Range: 99.603401
Warming up GPU...
Warmup complete.
Starting Profiling...
  Profiling Time: 0.765 ms
  Selected AbsEB: 1.593654e-01 (RelEB: 1.600000e-03)
  Estimated Ratio: 4.00 (Target: 4.00)
Starting Compression...
  Compression Time: 2.387 ms
  Compressed Size: 168568544
  Achieved Ratio: 4.00
Throughput Statistics:
  Profiling Throughput:    880.84 GB/s
  Compression Throughput:  282.29 GB/s
  Total (Prof+Comp) Thrpt: 213.78 GB/s
Starting Decompression...
  Decompression Time: 1.271 ms
  Decompression Throughput: 530.26 GB/s
Verification Results:
  Max Error: 1.593704e-01
  PSNR: 60.83 dB
  Compliance: PASS
BENCH_START:CESM:RELHUM_1_26_1800_3600.f32:plain:6.0
Configuration:
  Input File: /scratch/bfrq/bzhang28/SDRBENCH-CESM-ATM-26x1800x3600/RELHUM_1_26_1800_3600.f32
  Dims: 3600x1800x26
  Elements: 168480000
  Target Ratio: 6.00
  Mode: plain
  Sample Rate: 1000
Data Range: 99.603401
Warming up GPU...
Warmup complete.
Starting Profiling...
  Profiling Time: 0.775 ms
  Selected AbsEB: 1.095637e+00 (RelEB: 1.100000e-02)
  Estimated Ratio: 6.03 (Target: 6.00)
Starting Compression...
  Compression Time: 2.221 ms
  Compressed Size: 111890592
  Achieved Ratio: 6.02
Throughput Statistics:
  Profiling Throughput:    869.10 GB/s
  Compression Throughput:  303.39 GB/s
  Total (Prof+Comp) Thrpt: 224.89 GB/s
Starting Decompression...
  Decompression Time: 1.095 ms
  Decompression Throughput: 615.47 GB/s
Verification Results:
  Max Error: 1.095642e+00
  PSNR: 44.50 dB
  Compliance: PASS
BENCH_START:CESM:RELHUM_1_26_1800_3600.f32:plain:8.0
Configuration:
  Input File: /scratch/bfrq/bzhang28/SDRBENCH-CESM-ATM-26x1800x3600/RELHUM_1_26_1800_3600.f32
  Dims: 3600x1800x26
  Elements: 168480000
  Target Ratio: 8.00
  Mode: plain
  Sample Rate: 1000
Data Range: 99.603401
Warming up GPU...
Warmup complete.
Starting Profiling...
  Profiling Time: 0.775 ms
  Selected AbsEB: 3.087705e+00 (RelEB: 3.100000e-02)
  Estimated Ratio: 8.02 (Target: 8.00)
Starting Compression...
  Compression Time: 2.177 ms
  Compressed Size: 84018816
  Achieved Ratio: 8.02
Throughput Statistics:
  Profiling Throughput:    869.92 GB/s
  Compression Throughput:  309.61 GB/s
  Total (Prof+Comp) Thrpt: 228.34 GB/s
Starting Decompression...
  Decompression Time: 0.992 ms
  Decompression Throughput: 679.44 GB/s
Verification Results:
  Max Error: 3.087708e+00
  PSNR: 35.78 dB
  Compliance: PASS
BENCH_START:CESM:T_1_26_1800_3600.f32:outlier:4.0
Configuration:
  Input File: /scratch/bfrq/bzhang28/SDRBENCH-CESM-ATM-26x1800x3600/T_1_26_1800_3600.f32
  Dims: 3600x1800x26
  Elements: 168480000
  Target Ratio: 4.00
  Mode: outlier
  Sample Rate: 1000
Data Range: 122.225845
Warming up GPU...
Warmup complete.
Starting Profiling...
  Profiling Time: 0.802 ms
  Selected AbsEB: 4.522356e-02 (RelEB: 3.700000e-04)
  Estimated Ratio: 4.02 (Target: 4.00)
Starting Compression...
  Compression Time: 2.823 ms
  Compressed Size: 167513312
  Achieved Ratio: 4.02
Throughput Statistics:
  Profiling Throughput:    840.48 GB/s
  Compression Throughput:  238.70 GB/s
  Total (Prof+Comp) Thrpt: 185.90 GB/s
Starting Decompression...
  Decompression Time: 1.769 ms
  Decompression Throughput: 381.02 GB/s
Verification Results:
  Max Error: 4.522705e-02
  PSNR: 73.41 dB
  Compliance: PASS
BENCH_START:CESM:T_1_26_1800_3600.f32:outlier:6.0
Configuration:
  Input File: /scratch/bfrq/bzhang28/SDRBENCH-CESM-ATM-26x1800x3600/T_1_26_1800_3600.f32
  Dims: 3600x1800x26
  Elements: 168480000
  Target Ratio: 6.00
  Mode: outlier
  Sample Rate: 1000
Data Range: 122.225845
Warming up GPU...
Warmup complete.
Starting Profiling...
  Profiling Time: 0.768 ms
  Selected AbsEB: 3.055646e-01 (RelEB: 2.500000e-03)
  Estimated Ratio: 6.31 (Target: 6.00)
Starting Compression...
  Compression Time: 2.543 ms
  Compressed Size: 106727888
  Achieved Ratio: 6.31
Throughput Statistics:
  Profiling Throughput:    878.05 GB/s
  Compression Throughput:  265.03 GB/s
  Total (Prof+Comp) Thrpt: 203.58 GB/s
Starting Decompression...
  Decompression Time: 1.373 ms
  Decompression Throughput: 490.92 GB/s
Verification Results:
  Max Error: 3.055725e-01
  PSNR: 56.80 dB
  Compliance: PASS
BENCH_START:CESM:T_1_26_1800_3600.f32:outlier:8.0
Configuration:
  Input File: /scratch/bfrq/bzhang28/SDRBENCH-CESM-ATM-26x1800x3600/T_1_26_1800_3600.f32
  Dims: 3600x1800x26
  Elements: 168480000
  Target Ratio: 8.00
  Mode: outlier
  Sample Rate: 1000
Data Range: 122.225845
Warming up GPU...
Warmup complete.
Starting Profiling...
  Profiling Time: 0.761 ms
  Selected AbsEB: 6.722422e-01 (RelEB: 5.500000e-03)
  Estimated Ratio: 8.19 (Target: 8.00)
Starting Compression...
  Compression Time: 2.507 ms
  Compressed Size: 82328736
  Achieved Ratio: 8.19
Throughput Statistics:
  Profiling Throughput:    886.14 GB/s
  Compression Throughput:  268.85 GB/s
  Total (Prof+Comp) Thrpt: 206.27 GB/s
Starting Decompression...
  Decompression Time: 1.690 ms
  Decompression Throughput: 398.67 GB/s
Verification Results:
  Max Error: 6.722717e-01
  PSNR: 49.97 dB
  Compliance: PASS
BENCH_START:CESM:T_1_26_1800_3600.f32:plain:4.0
Configuration:
  Input File: /scratch/bfrq/bzhang28/SDRBENCH-CESM-ATM-26x1800x3600/T_1_26_1800_3600.f32
  Dims: 3600x1800x26
  Elements: 168480000
  Target Ratio: 4.00
  Mode: plain
  Sample Rate: 1000
Data Range: 122.225845
Warming up GPU...
Warmup complete.
Starting Profiling...
  Profiling Time: 0.754 ms
  Selected AbsEB: 2.322291e+00 (RelEB: 1.900000e-02)
  Estimated Ratio: 4.15 (Target: 4.00)
Starting Compression...
  Compression Time: 2.346 ms
  Compressed Size: 162253280
  Achieved Ratio: 4.15
Throughput Statistics:
  Profiling Throughput:    893.93 GB/s
  Compression Throughput:  287.23 GB/s
  Total (Prof+Comp) Thrpt: 217.38 GB/s
Starting Decompression...
  Decompression Time: 1.339 ms
  Decompression Throughput: 503.38 GB/s
Verification Results:
  Max Error: 2.322311e+00
  PSNR: 39.20 dB
  Compliance: PASS
BENCH_START:CESM:T_1_26_1800_3600.f32:plain:6.0
Configuration:
  Input File: /scratch/bfrq/bzhang28/SDRBENCH-CESM-ATM-26x1800x3600/T_1_26_1800_3600.f32
  Dims: 3600x1800x26
  Elements: 168480000
  Target Ratio: 6.00
  Mode: plain
  Sample Rate: 1000
Data Range: 122.225845
Warming up GPU...
Warmup complete.
Starting Profiling...
  Profiling Time: 0.752 ms
  Selected AbsEB: 1.222258e-04 (RelEB: 1.000000e-06)
  Estimated Ratio: 1.39 (Target: 6.00)
Starting Compression...
  Compression Time: 5.525 ms
  Compressed Size: 483817584
  Achieved Ratio: 1.39
Throughput Statistics:
  Profiling Throughput:    896.17 GB/s
  Compression Throughput:  121.98 GB/s
  Total (Prof+Comp) Thrpt: 107.36 GB/s
Starting Decompression...
  Decompression Time: 2.377 ms
  Decompression Throughput: 283.54 GB/s
Verification Results:
  Max Error: 1.220703e-04
  PSNR: 124.71 dB
  Compliance: PASS
BENCH_START:CESM:T_1_26_1800_3600.f32:plain:8.0
Configuration:
  Input File: /scratch/bfrq/bzhang28/SDRBENCH-CESM-ATM-26x1800x3600/T_1_26_1800_3600.f32
  Dims: 3600x1800x26
  Elements: 168480000
  Target Ratio: 8.00
  Mode: plain
  Sample Rate: 1000
Data Range: 122.225845
Warming up GPU...
Warmup complete.
Starting Profiling...
  Profiling Time: 0.761 ms
  Selected AbsEB: 1.222258e-04 (RelEB: 1.000000e-06)
  Estimated Ratio: 1.39 (Target: 8.00)
Starting Compression...
  Compression Time: 5.549 ms
  Compressed Size: 483817584
  Achieved Ratio: 1.39
Throughput Statistics:
  Profiling Throughput:    885.62 GB/s
  Compression Throughput:  121.44 GB/s
  Total (Prof+Comp) Thrpt: 106.80 GB/s
Starting Decompression...
  Decompression Time: 2.353 ms
  Decompression Throughput: 286.41 GB/s
Verification Results:
  Max Error: 1.220703e-04
  PSNR: 124.71 dB
  Compliance: PASS
BENCH_START:CESM:UU_1_26_1800_3600.f32:outlier:4.0
Configuration:
  Input File: /scratch/bfrq/bzhang28/SDRBENCH-CESM-ATM-26x1800x3600/UU_1_26_1800_3600.f32
  Dims: 3600x1800x26
  Elements: 168480000
  Target Ratio: 4.00
  Mode: outlier
  Sample Rate: 1000
Data Range: 11181.509766
Warming up GPU...
Warmup complete.
Starting Profiling...
  Profiling Time: 0.760 ms
  Selected AbsEB: 5.590755e-01 (RelEB: 5.000000e-05)
  Estimated Ratio: 4.06 (Target: 4.00)
Starting Compression...
  Compression Time: 2.926 ms
  Compressed Size: 165923583
  Achieved Ratio: 4.06
Throughput Statistics:
  Profiling Throughput:    886.89 GB/s
  Compression Throughput:  230.35 GB/s
  Total (Prof+Comp) Thrpt: 182.86 GB/s
Starting Decompression...
  Decompression Time: 2.419 ms
  Decompression Throughput: 278.61 GB/s
Verification Results:
  Max Error: 5.595703e-01
  PSNR: 90.79 dB
  Compliance: PASS
BENCH_START:CESM:UU_1_26_1800_3600.f32:outlier:6.0
Configuration:
  Input File: /scratch/bfrq/bzhang28/SDRBENCH-CESM-ATM-26x1800x3600/UU_1_26_1800_3600.f32
  Dims: 3600x1800x26
  Elements: 168480000
  Target Ratio: 6.00
  Mode: outlier
  Sample Rate: 1000
Data Range: 11181.509766
Warming up GPU...
Warmup complete.
Starting Profiling...
  Profiling Time: 0.771 ms
  Selected AbsEB: 3.466268e+00 (RelEB: 3.100000e-04)
  Estimated Ratio: 6.10 (Target: 6.00)
Starting Compression...
  Compression Time: 2.649 ms
  Compressed Size: 110519829
  Achieved Ratio: 6.10
Throughput Statistics:
  Profiling Throughput:    874.51 GB/s
  Compression Throughput:  254.36 GB/s
  Total (Prof+Comp) Thrpt: 197.05 GB/s
Starting Decompression...
  Decompression Time: 2.123 ms
  Decompression Throughput: 317.47 GB/s
Verification Results:
  Max Error: 3.466797e+00
  PSNR: 74.92 dB
  Compliance: PASS
BENCH_START:CESM:UU_1_26_1800_3600.f32:outlier:8.0
Configuration:
  Input File: /scratch/bfrq/bzhang28/SDRBENCH-CESM-ATM-26x1800x3600/UU_1_26_1800_3600.f32
  Dims: 3600x1800x26
  Elements: 168480000
  Target Ratio: 8.00
  Mode: outlier
  Sample Rate: 1000
Data Range: 11181.509766
Warming up GPU...
Warmup complete.
Starting Profiling...
  Profiling Time: 0.772 ms
  Selected AbsEB: 9.504283e+00 (RelEB: 8.500000e-04)
  Estimated Ratio: 8.05 (Target: 8.00)
Starting Compression...
  Compression Time: 2.481 ms
  Compressed Size: 83955270
  Achieved Ratio: 8.03
Throughput Statistics:
  Profiling Throughput:    873.28 GB/s
  Compression Throughput:  271.64 GB/s
  Total (Prof+Comp) Thrpt: 207.19 GB/s
Starting Decompression...
  Decompression Time: 1.772 ms
  Decompression Throughput: 380.27 GB/s
Verification Results:
  Max Error: 9.504395e+00
  PSNR: 66.12 dB
  Compliance: PASS
BENCH_START:CESM:UU_1_26_1800_3600.f32:plain:4.0
Configuration:
  Input File: /scratch/bfrq/bzhang28/SDRBENCH-CESM-ATM-26x1800x3600/UU_1_26_1800_3600.f32
  Dims: 3600x1800x26
  Elements: 168480000
  Target Ratio: 4.00
  Mode: plain
  Sample Rate: 1000
Data Range: 11181.509766
Warming up GPU...
Warmup complete.
Starting Profiling...
  Profiling Time: 0.755 ms
  Selected AbsEB: 1.789042e+00 (RelEB: 1.600000e-04)
  Estimated Ratio: 4.10 (Target: 4.00)
Starting Compression...
  Compression Time: 2.348 ms
  Compressed Size: 164102512
  Achieved Ratio: 4.11
Throughput Statistics:
  Profiling Throughput:    892.41 GB/s
  Compression Throughput:  286.99 GB/s
  Total (Prof+Comp) Thrpt: 217.16 GB/s
Starting Decompression...
  Decompression Time: 1.250 ms
  Decompression Throughput: 539.28 GB/s
Verification Results:
  Max Error: 1.789551e+00
  PSNR: 80.70 dB
  Compliance: PASS
BENCH_START:CESM:UU_1_26_1800_3600.f32:plain:6.0
Configuration:
  Input File: /scratch/bfrq/bzhang28/SDRBENCH-CESM-ATM-26x1800x3600/UU_1_26_1800_3600.f32
  Dims: 3600x1800x26
  Elements: 168480000
  Target Ratio: 6.00
  Mode: plain
  Sample Rate: 1000
Data Range: 11181.509766
Warming up GPU...
Warmup complete.
Starting Profiling...
  Profiling Time: 0.758 ms
  Selected AbsEB: 9.839728e+00 (RelEB: 8.800000e-04)
  Estimated Ratio: 6.04 (Target: 6.00)
Starting Compression...
  Compression Time: 2.270 ms
  Compressed Size: 111536864
  Achieved Ratio: 6.04
Throughput Statistics:
  Profiling Throughput:    889.13 GB/s
  Compression Throughput:  296.87 GB/s
  Total (Prof+Comp) Thrpt: 222.56 GB/s
Starting Decompression...
  Decompression Time: 1.243 ms
  Decompression Throughput: 542.08 GB/s
Verification Results:
  Max Error: 9.840332e+00
  PSNR: 65.82 dB
  Compliance: PASS
BENCH_START:CESM:UU_1_26_1800_3600.f32:plain:8.0
Configuration:
  Input File: /scratch/bfrq/bzhang28/SDRBENCH-CESM-ATM-26x1800x3600/UU_1_26_1800_3600.f32
  Dims: 3600x1800x26
  Elements: 168480000
  Target Ratio: 8.00
  Mode: plain
  Sample Rate: 1000
Data Range: 11181.509766
Warming up GPU...
Warmup complete.
Starting Profiling...
  Profiling Time: 0.764 ms
  Selected AbsEB: 2.795377e+01 (RelEB: 2.500000e-03)
  Estimated Ratio: 8.20 (Target: 8.00)
Starting Compression...
  Compression Time: 2.221 ms
  Compressed Size: 82153080
  Achieved Ratio: 8.20
Throughput Statistics:
  Profiling Throughput:    881.69 GB/s
  Compression Throughput:  303.42 GB/s
  Total (Prof+Comp) Thrpt: 225.74 GB/s
Starting Decompression...
  Decompression Time: 1.046 ms
  Decompression Throughput: 643.98 GB/s
Verification Results:
  Max Error: 2.795386e+01
  PSNR: 56.76 dB
  Compliance: PASS
BENCH_START:CESM:U_1_26_1800_3600.f32:outlier:4.0
Configuration:
  Input File: /scratch/bfrq/bzhang28/SDRBENCH-CESM-ATM-26x1800x3600/U_1_26_1800_3600.f32
  Dims: 3600x1800x26
  Elements: 168480000
  Target Ratio: 4.00
  Mode: outlier
  Sample Rate: 1000
Data Range: 158.951645
Warming up GPU...
Warmup complete.
Starting Profiling...
  Profiling Time: 0.779 ms
  Selected AbsEB: 2.066371e-02 (RelEB: 1.300000e-04)
  Estimated Ratio: 4.05 (Target: 4.00)
Starting Compression...
  Compression Time: 2.913 ms
  Compressed Size: 166576250
  Achieved Ratio: 4.05
Throughput Statistics:
  Profiling Throughput:    865.42 GB/s
  Compression Throughput:  231.37 GB/s
  Total (Prof+Comp) Thrpt: 182.56 GB/s
Starting Decompression...
  Decompression Time: 2.346 ms
  Decompression Throughput: 287.28 GB/s
Verification Results:
  Max Error: 2.067566e-02
  PSNR: 82.49 dB
  Compliance: PASS
BENCH_START:CESM:U_1_26_1800_3600.f32:outlier:6.0
Configuration:
  Input File: /scratch/bfrq/bzhang28/SDRBENCH-CESM-ATM-26x1800x3600/U_1_26_1800_3600.f32
  Dims: 3600x1800x26
  Elements: 168480000
  Target Ratio: 6.00
  Mode: outlier
  Sample Rate: 1000
Data Range: 158.951645
Warming up GPU...
Warmup complete.
Starting Profiling...
  Profiling Time: 0.799 ms
  Selected AbsEB: 1.160347e-01 (RelEB: 7.300000e-04)
  Estimated Ratio: 6.02 (Target: 6.00)
Starting Compression...
  Compression Time: 2.636 ms
  Compressed Size: 112003413
  Achieved Ratio: 6.02
Throughput Statistics:
  Profiling Throughput:    842.94 GB/s
  Compression Throughput:  255.68 GB/s
  Total (Prof+Comp) Thrpt: 196.18 GB/s
Starting Decompression...
  Decompression Time: 2.101 ms
  Decompression Throughput: 320.78 GB/s
Verification Results:
  Max Error: 1.160355e-01
  PSNR: 67.50 dB
  Compliance: PASS
BENCH_START:CESM:U_1_26_1800_3600.f32:outlier:8.0
Configuration:
  Input File: /scratch/bfrq/bzhang28/SDRBENCH-CESM-ATM-26x1800x3600/U_1_26_1800_3600.f32
  Dims: 3600x1800x26
  Elements: 168480000
  Target Ratio: 8.00
  Mode: outlier
  Sample Rate: 1000
Data Range: 158.951645
Warming up GPU...
Warmup complete.
Starting Profiling...
  Profiling Time: 0.772 ms
  Selected AbsEB: 3.496936e-01 (RelEB: 2.200000e-03)
  Estimated Ratio: 8.19 (Target: 8.00)
Starting Compression...
  Compression Time: 2.500 ms
  Compressed Size: 82324140
  Achieved Ratio: 8.19
Throughput Statistics:
  Profiling Throughput:    873.39 GB/s
  Compression Throughput:  269.59 GB/s
  Total (Prof+Comp) Thrpt: 206.00 GB/s
Starting Decompression...
  Decompression Time: 1.730 ms
  Decompression Throughput: 389.49 GB/s
Verification Results:
  Max Error: 3.496971e-01
  PSNR: 57.92 dB
  Compliance: PASS
BENCH_START:CESM:U_1_26_1800_3600.f32:plain:4.0
Configuration:
  Input File: /scratch/bfrq/bzhang28/SDRBENCH-CESM-ATM-26x1800x3600/U_1_26_1800_3600.f32
  Dims: 3600x1800x26
  Elements: 168480000
  Target Ratio: 4.00
  Mode: plain
  Sample Rate: 1000
Data Range: 158.951645
Warming up GPU...
Warmup complete.
Starting Profiling...
  Profiling Time: 0.758 ms
  Selected AbsEB: 7.788631e-02 (RelEB: 4.900000e-04)
  Estimated Ratio: 4.04 (Target: 4.00)
Starting Compression...
  Compression Time: 2.348 ms
  Compressed Size: 166774256
  Achieved Ratio: 4.04
Throughput Statistics:
  Profiling Throughput:    889.55 GB/s
  Compression Throughput:  286.96 GB/s
  Total (Prof+Comp) Thrpt: 216.97 GB/s
Starting Decompression...
  Decompression Time: 1.242 ms
  Decompression Throughput: 542.56 GB/s
Verification Results:
  Max Error: 7.788849e-02
  PSNR: 70.97 dB
  Compliance: PASS
BENCH_START:CESM:U_1_26_1800_3600.f32:plain:6.0
Configuration:
  Input File: /scratch/bfrq/bzhang28/SDRBENCH-CESM-ATM-26x1800x3600/U_1_26_1800_3600.f32
  Dims: 3600x1800x26
  Elements: 168480000
  Target Ratio: 6.00
  Mode: plain
  Sample Rate: 1000
Data Range: 158.951645
Warming up GPU...
Warmup complete.
Starting Profiling...
  Profiling Time: 0.743 ms
  Selected AbsEB: 4.450646e-01 (RelEB: 2.800000e-03)
  Estimated Ratio: 6.01 (Target: 6.00)
Starting Compression...
  Compression Time: 2.257 ms
  Compressed Size: 112098872
  Achieved Ratio: 6.01
Throughput Statistics:
  Profiling Throughput:    906.55 GB/s
  Compression Throughput:  298.61 GB/s
  Total (Prof+Comp) Thrpt: 224.62 GB/s
Starting Decompression...
  Decompression Time: 1.133 ms
  Decompression Throughput: 594.80 GB/s
Verification Results:
  Max Error: 4.450684e-01
  PSNR: 55.83 dB
  Compliance: PASS
BENCH_START:CESM:U_1_26_1800_3600.f32:plain:8.0
Configuration:
  Input File: /scratch/bfrq/bzhang28/SDRBENCH-CESM-ATM-26x1800x3600/U_1_26_1800_3600.f32
  Dims: 3600x1800x26
  Elements: 168480000
  Target Ratio: 8.00
  Mode: plain
  Sample Rate: 1000
Data Range: 158.951645
Warming up GPU...
Warmup complete.
Starting Profiling...
  Profiling Time: 0.758 ms
  Selected AbsEB: 1.208032e+00 (RelEB: 7.600000e-03)
  Estimated Ratio: 8.03 (Target: 8.00)
Starting Compression...
  Compression Time: 2.239 ms
  Compressed Size: 83780776
  Achieved Ratio: 8.04
Throughput Statistics:
  Profiling Throughput:    889.47 GB/s
  Compression Throughput:  301.05 GB/s
  Total (Prof+Comp) Thrpt: 224.92 GB/s
Starting Decompression...
  Decompression Time: 1.060 ms
  Decompression Throughput: 635.58 GB/s
Verification Results:
  Max Error: 1.208035e+00
  PSNR: 47.16 dB
  Compliance: PASS
BENCH_START:CESM:VD01_1_26_1800_3600.f32:outlier:4.0
Configuration:
  Input File: /scratch/bfrq/bzhang28/SDRBENCH-CESM-ATM-26x1800x3600/VD01_1_26_1800_3600.f32
  Dims: 3600x1800x26
  Elements: 168480000
  Target Ratio: 4.00
  Mode: outlier
  Sample Rate: 1000
Data Range: 0.000001
Warming up GPU...
Warmup complete.
Starting Profiling...
  Profiling Time: 0.765 ms
  Selected AbsEB: 7.211687e-13 (RelEB: 1.000000e-06)
  Estimated Ratio: 6.01 (Target: 4.00)
Starting Compression...
  Compression Time: 2.572 ms
  Compressed Size: 112368212
  Achieved Ratio: 6.00
Throughput Statistics:
  Profiling Throughput:    881.17 GB/s
  Compression Throughput:  262.06 GB/s
  Total (Prof+Comp) Thrpt: 201.99 GB/s
Starting Decompression...
  Decompression Time: 1.607 ms
  Decompression Throughput: 419.43 GB/s
Verification Results:
  Max Error: 7.673862e-13
  PSNR: 127.50 dB
  Compliance: PASS
BENCH_START:CESM:VD01_1_26_1800_3600.f32:outlier:6.0
Configuration:
  Input File: /scratch/bfrq/bzhang28/SDRBENCH-CESM-ATM-26x1800x3600/VD01_1_26_1800_3600.f32
  Dims: 3600x1800x26
  Elements: 168480000
  Target Ratio: 6.00
  Mode: outlier
  Sample Rate: 1000
Data Range: 0.000001
Warming up GPU...
Warmup complete.
Starting Profiling...
  Profiling Time: 0.759 ms
  Selected AbsEB: 7.211687e-13 (RelEB: 1.000000e-06)
  Estimated Ratio: 6.01 (Target: 6.00)
Starting Compression...
  Compression Time: 2.594 ms
  Compressed Size: 112368212
  Achieved Ratio: 6.00
Throughput Statistics:
  Profiling Throughput:    887.45 GB/s
  Compression Throughput:  259.83 GB/s
  Total (Prof+Comp) Thrpt: 200.98 GB/s
Starting Decompression...
  Decompression Time: 1.580 ms
  Decompression Throughput: 426.42 GB/s
Verification Results:
  Max Error: 7.673862e-13
  PSNR: 127.50 dB
  Compliance: PASS
BENCH_START:CESM:VD01_1_26_1800_3600.f32:outlier:8.0
Configuration:
  Input File: /scratch/bfrq/bzhang28/SDRBENCH-CESM-ATM-26x1800x3600/VD01_1_26_1800_3600.f32
  Dims: 3600x1800x26
  Elements: 168480000
  Target Ratio: 8.00
  Mode: outlier
  Sample Rate: 1000
Data Range: 0.000001
Warming up GPU...
Warmup complete.
Starting Profiling...
  Profiling Time: 0.766 ms
  Selected AbsEB: 5.769349e-12 (RelEB: 8.000000e-06)
  Estimated Ratio: 8.60 (Target: 8.00)
Starting Compression...
  Compression Time: 2.252 ms
  Compressed Size: 78440166
  Achieved Ratio: 8.59
Throughput Statistics:
  Profiling Throughput:    879.81 GB/s
  Compression Throughput:  299.28 GB/s
  Total (Prof+Comp) Thrpt: 223.32 GB/s
Starting Decompression...
  Decompression Time: 1.305 ms
  Decompression Throughput: 516.34 GB/s
Verification Results:
  Max Error: 5.798029e-12
  PSNR: 111.15 dB
  Compliance: PASS
BENCH_START:CESM:VD01_1_26_1800_3600.f32:plain:4.0
Configuration:
  Input File: /scratch/bfrq/bzhang28/SDRBENCH-CESM-ATM-26x1800x3600/VD01_1_26_1800_3600.f32
  Dims: 3600x1800x26
  Elements: 168480000
  Target Ratio: 4.00
  Mode: plain
  Sample Rate: 1000
Data Range: 0.000001
Warming up GPU...
Warmup complete.
Starting Profiling...
  Profiling Time: 0.757 ms
  Selected AbsEB: 7.211687e-13 (RelEB: 1.000000e-06)
  Estimated Ratio: 5.91 (Target: 4.00)
Starting Compression...
  Compression Time: 2.510 ms
  Compressed Size: 114446728
  Achieved Ratio: 5.89
Throughput Statistics:
  Profiling Throughput:    890.49 GB/s
  Compression Throughput:  268.54 GB/s
  Total (Prof+Comp) Thrpt: 206.32 GB/s
Starting Decompression...
  Decompression Time: 1.166 ms
  Decompression Throughput: 577.95 GB/s
Verification Results:
  Max Error: 7.673862e-13
  PSNR: 127.50 dB
  Compliance: PASS
BENCH_START:CESM:VD01_1_26_1800_3600.f32:plain:6.0
Configuration:
  Input File: /scratch/bfrq/bzhang28/SDRBENCH-CESM-ATM-26x1800x3600/VD01_1_26_1800_3600.f32
  Dims: 3600x1800x26
  Elements: 168480000
  Target Ratio: 6.00
  Mode: plain
  Sample Rate: 1000
Data Range: 0.000001
Warming up GPU...
Warmup complete.
Starting Profiling...
  Profiling Time: 0.750 ms
  Selected AbsEB: 1.442337e-12 (RelEB: 2.000000e-06)
  Estimated Ratio: 6.59 (Target: 6.00)
Starting Compression...
  Compression Time: 2.384 ms
  Compressed Size: 102490776
  Achieved Ratio: 6.58
Throughput Statistics:
  Profiling Throughput:    898.66 GB/s
  Compression Throughput:  282.71 GB/s
  Total (Prof+Comp) Thrpt: 215.06 GB/s
Starting Decompression...
  Decompression Time: 1.122 ms
  Decompression Throughput: 600.39 GB/s
Verification Results:
  Max Error: 1.477929e-12
  PSNR: 121.87 dB
  Compliance: PASS
BENCH_START:CESM:VD01_1_26_1800_3600.f32:plain:8.0
Configuration:
  Input File: /scratch/bfrq/bzhang28/SDRBENCH-CESM-ATM-26x1800x3600/VD01_1_26_1800_3600.f32
  Dims: 3600x1800x26
  Elements: 168480000
  Target Ratio: 8.00
  Mode: plain
  Sample Rate: 1000
Data Range: 0.000001
Warming up GPU...
Warmup complete.
Starting Profiling...
  Profiling Time: 0.750 ms
  Selected AbsEB: 5.769349e-12 (RelEB: 8.000000e-06)
  Estimated Ratio: 8.40 (Target: 8.00)
Starting Compression...
  Compression Time: 2.131 ms
  Compressed Size: 80460760
  Achieved Ratio: 8.38
Throughput Statistics:
  Profiling Throughput:    899.15 GB/s
  Compression Throughput:  316.27 GB/s
  Total (Prof+Comp) Thrpt: 233.97 GB/s
Starting Decompression...
  Decompression Time: 1.027 ms
  Decompression Throughput: 656.40 GB/s
Verification Results:
  Max Error: 5.798029e-12
  PSNR: 111.15 dB
  Compliance: PASS
BENCH_START:CESM:VQ_1_26_1800_3600.f32:outlier:4.0
Configuration:
  Input File: /scratch/bfrq/bzhang28/SDRBENCH-CESM-ATM-26x1800x3600/VQ_1_26_1800_3600.f32
  Dims: 3600x1800x26
  Elements: 168480000
  Target Ratio: 4.00
  Mode: outlier
  Sample Rate: 1000
Data Range: 0.336999
Warming up GPU...
Warmup complete.
Starting Profiling...
  Profiling Time: 0.771 ms
  Selected AbsEB: 1.010997e-06 (RelEB: 3.000000e-06)
  Estimated Ratio: 4.06 (Target: 4.00)
Starting Compression...
  Compression Time: 2.817 ms
  Compressed Size: 165689296
  Achieved Ratio: 4.07
Throughput Statistics:
  Profiling Throughput:    874.15 GB/s
  Compression Throughput:  239.24 GB/s
  Total (Prof+Comp) Thrpt: 187.83 GB/s
Starting Decompression...
  Decompression Time: 2.033 ms
  Decompression Throughput: 331.47 GB/s
Verification Results:
  Max Error: 1.028180e-06
  PSNR: 115.30 dB
  Compliance: PASS
BENCH_START:CESM:VQ_1_26_1800_3600.f32:outlier:6.0
Configuration:
  Input File: /scratch/bfrq/bzhang28/SDRBENCH-CESM-ATM-26x1800x3600/VQ_1_26_1800_3600.f32
  Dims: 3600x1800x26
  Elements: 168480000
  Target Ratio: 6.00
  Mode: outlier
  Sample Rate: 1000
Data Range: 0.336999
Warming up GPU...
Warmup complete.
Starting Profiling...
  Profiling Time: 0.755 ms
  Selected AbsEB: 8.424976e-06 (RelEB: 2.500000e-05)
  Estimated Ratio: 6.24 (Target: 6.00)
Starting Compression...
  Compression Time: 2.523 ms
  Compressed Size: 107893732
  Achieved Ratio: 6.25
Throughput Statistics:
  Profiling Throughput:    892.90 GB/s
  Compression Throughput:  267.07 GB/s
  Total (Prof+Comp) Thrpt: 205.58 GB/s
Starting Decompression...
  Decompression Time: 1.740 ms
  Decompression Throughput: 387.41 GB/s
Verification Results:
  Max Error: 8.434057e-06
  PSNR: 97.28 dB
  Compliance: PASS
BENCH_START:CESM:VQ_1_26_1800_3600.f32:outlier:8.0
Configuration:
  Input File: /scratch/bfrq/bzhang28/SDRBENCH-CESM-ATM-26x1800x3600/VQ_1_26_1800_3600.f32
  Dims: 3600x1800x26
  Elements: 168480000
  Target Ratio: 8.00
  Mode: outlier
  Sample Rate: 1000
Data Range: 0.336999
Warming up GPU...
Warmup complete.
Starting Profiling...
  Profiling Time: 0.763 ms
  Selected AbsEB: 2.358993e-05 (RelEB: 7.000000e-05)
  Estimated Ratio: 8.03 (Target: 8.00)
Starting Compression...
  Compression Time: 2.407 ms
  Compressed Size: 83599569
  Achieved Ratio: 8.06
Throughput Statistics:
  Profiling Throughput:    883.65 GB/s
  Compression Throughput:  279.98 GB/s
  Total (Prof+Comp) Thrpt: 212.61 GB/s
Starting Decompression...
  Decompression Time: 1.586 ms
  Decompression Throughput: 425.03 GB/s
Verification Results:
  Max Error: 2.360344e-05
  PSNR: 88.84 dB
  Compliance: PASS
BENCH_START:CESM:VQ_1_26_1800_3600.f32:plain:4.0
Configuration:
  Input File: /scratch/bfrq/bzhang28/SDRBENCH-CESM-ATM-26x1800x3600/VQ_1_26_1800_3600.f32
  Dims: 3600x1800x26
  Elements: 168480000
  Target Ratio: 4.00
  Mode: plain
  Sample Rate: 1000
Data Range: 0.336999
Warming up GPU...
Warmup complete.
Starting Profiling...
  Profiling Time: 0.764 ms
  Selected AbsEB: 1.684995e-06 (RelEB: 5.000000e-06)
  Estimated Ratio: 4.05 (Target: 4.00)
Starting Compression...
  Compression Time: 2.557 ms
  Compressed Size: 166105096
  Achieved Ratio: 4.06
Throughput Statistics:
  Profiling Throughput:    882.43 GB/s
  Compression Throughput:  263.51 GB/s
  Total (Prof+Comp) Thrpt: 202.92 GB/s
Starting Decompression...
  Decompression Time: 1.370 ms
  Decompression Throughput: 491.86 GB/s
Verification Results:
  Max Error: 1.687557e-06
  PSNR: 110.97 dB
  Compliance: PASS
BENCH_START:CESM:VQ_1_26_1800_3600.f32:plain:6.0
Configuration:
  Input File: /scratch/bfrq/bzhang28/SDRBENCH-CESM-ATM-26x1800x3600/VQ_1_26_1800_3600.f32
  Dims: 3600x1800x26
  Elements: 168480000
  Target Ratio: 6.00
  Mode: plain
  Sample Rate: 1000
Data Range: 0.336999
Warming up GPU...
Warmup complete.
Starting Profiling...
  Profiling Time: 0.757 ms
  Selected AbsEB: 1.179497e-05 (RelEB: 3.500000e-05)
  Estimated Ratio: 6.04 (Target: 6.00)
Starting Compression...
  Compression Time: 2.270 ms
  Compressed Size: 111607912
  Achieved Ratio: 6.04
Throughput Statistics:
  Profiling Throughput:    890.37 GB/s
  Compression Throughput:  296.92 GB/s
  Total (Prof+Comp) Thrpt: 222.66 GB/s
Starting Decompression...
  Decompression Time: 1.163 ms
  Decompression Throughput: 579.37 GB/s
Verification Results:
  Max Error: 1.180172e-05
  PSNR: 94.45 dB
  Compliance: PASS
BENCH_START:CESM:VQ_1_26_1800_3600.f32:plain:8.0
Configuration:
  Input File: /scratch/bfrq/bzhang28/SDRBENCH-CESM-ATM-26x1800x3600/VQ_1_26_1800_3600.f32
  Dims: 3600x1800x26
  Elements: 168480000
  Target Ratio: 8.00
  Mode: plain
  Sample Rate: 1000
Data Range: 0.336999
Warming up GPU...
Warmup complete.
Starting Profiling...
  Profiling Time: 0.758 ms
  Selected AbsEB: 4.380987e-05 (RelEB: 1.300000e-04)
  Estimated Ratio: 8.32 (Target: 8.00)
Starting Compression...
  Compression Time: 2.154 ms
  Compressed Size: 81057496
  Achieved Ratio: 8.31
Throughput Statistics:
  Profiling Throughput:    889.25 GB/s
  Compression Throughput:  312.83 GB/s
  Total (Prof+Comp) Thrpt: 231.42 GB/s
Starting Decompression...
  Decompression Time: 1.020 ms
  Decompression Throughput: 660.42 GB/s
Verification Results:
  Max Error: 4.382432e-05
  PSNR: 84.00 dB
  Compliance: PASS
BENCH_START:CESM:VT_1_26_1800_3600.f32:outlier:4.0
Configuration:
  Input File: /scratch/bfrq/bzhang28/SDRBENCH-CESM-ATM-26x1800x3600/VT_1_26_1800_3600.f32
  Dims: 3600x1800x26
  Elements: 168480000
  Target Ratio: 4.00
  Mode: outlier
  Sample Rate: 1000
Data Range: 27636.546875
Warming up GPU...
Warmup complete.
Starting Profiling...
  Profiling Time: 0.762 ms
  Selected AbsEB: 1.768739e+00 (RelEB: 6.400000e-05)
  Estimated Ratio: 4.01 (Target: 4.00)
Starting Compression...
  Compression Time: 2.978 ms
  Compressed Size: 167949522
  Achieved Ratio: 4.01
Throughput Statistics:
  Profiling Throughput:    884.80 GB/s
  Compression Throughput:  226.28 GB/s
  Total (Prof+Comp) Thrpt: 180.20 GB/s
Starting Decompression...
  Decompression Time: 2.567 ms
  Decompression Throughput: 262.55 GB/s
Verification Results:
  Max Error: 1.769531e+00
  PSNR: 88.65 dB
  Compliance: PASS
BENCH_START:CESM:VT_1_26_1800_3600.f32:outlier:6.0
Configuration:
  Input File: /scratch/bfrq/bzhang28/SDRBENCH-CESM-ATM-26x1800x3600/VT_1_26_1800_3600.f32
  Dims: 3600x1800x26
  Elements: 168480000
  Target Ratio: 6.00
  Mode: outlier
  Sample Rate: 1000
Data Range: 27636.546875
Warming up GPU...
Warmup complete.
Starting Profiling...
  Profiling Time: 0.770 ms
  Selected AbsEB: 1.105462e+01 (RelEB: 4.000000e-04)
  Estimated Ratio: 6.13 (Target: 6.00)
Starting Compression...
  Compression Time: 2.639 ms
  Compressed Size: 110036283
  Achieved Ratio: 6.12
Throughput Statistics:
  Profiling Throughput:    875.75 GB/s
  Compression Throughput:  255.42 GB/s
  Total (Prof+Comp) Thrpt: 197.74 GB/s
Starting Decompression...
  Decompression Time: 2.074 ms
  Decompression Throughput: 324.98 GB/s
Verification Results:
  Max Error: 1.105566e+01
  PSNR: 72.73 dB
  Compliance: PASS
BENCH_START:CESM:VT_1_26_1800_3600.f32:outlier:8.0
Configuration:
  Input File: /scratch/bfrq/bzhang28/SDRBENCH-CESM-ATM-26x1800x3600/VT_1_26_1800_3600.f32
  Dims: 3600x1800x26
  Elements: 168480000
  Target Ratio: 8.00
  Mode: outlier
  Sample Rate: 1000
Data Range: 27636.546875
Warming up GPU...
Warmup complete.
Starting Profiling...
  Profiling Time: 0.770 ms
  Selected AbsEB: 2.901837e+01 (RelEB: 1.050000e-03)
  Estimated Ratio: 8.08 (Target: 8.00)
Starting Compression...
  Compression Time: 2.479 ms
  Compressed Size: 83309901
  Achieved Ratio: 8.09
Throughput Statistics:
  Profiling Throughput:    875.49 GB/s
  Compression Throughput:  271.86 GB/s
  Total (Prof+Comp) Thrpt: 207.45 GB/s
Starting Decompression...
  Decompression Time: 1.778 ms
  Decompression Throughput: 379.13 GB/s
Verification Results:
  Max Error: 2.901855e+01
  PSNR: 64.35 dB
  Compliance: PASS
BENCH_START:CESM:VT_1_26_1800_3600.f32:plain:4.0
Configuration:
  Input File: /scratch/bfrq/bzhang28/SDRBENCH-CESM-ATM-26x1800x3600/VT_1_26_1800_3600.f32
  Dims: 3600x1800x26
  Elements: 168480000
  Target Ratio: 4.00
  Mode: plain
  Sample Rate: 1000
Data Range: 27636.546875
Warming up GPU...
Warmup complete.
Starting Profiling...
  Profiling Time: 0.779 ms
  Selected AbsEB: 5.250944e+00 (RelEB: 1.900000e-04)
  Estimated Ratio: 4.09 (Target: 4.00)
Starting Compression...
  Compression Time: 2.334 ms
  Compressed Size: 164640552
  Achieved Ratio: 4.09
Throughput Statistics:
  Profiling Throughput:    864.89 GB/s
  Compression Throughput:  288.77 GB/s
  Total (Prof+Comp) Thrpt: 216.49 GB/s
Starting Decompression...
  Decompression Time: 1.245 ms
  Decompression Throughput: 541.43 GB/s
Verification Results:
  Max Error: 5.250977e+00
  PSNR: 79.20 dB
  Compliance: PASS
BENCH_START:CESM:VT_1_26_1800_3600.f32:plain:6.0
Configuration:
  Input File: /scratch/bfrq/bzhang28/SDRBENCH-CESM-ATM-26x1800x3600/VT_1_26_1800_3600.f32
  Dims: 3600x1800x26
  Elements: 168480000
  Target Ratio: 6.00
  Mode: plain
  Sample Rate: 1000
Data Range: 27636.546875
Warming up GPU...
Warmup complete.
Starting Profiling...
  Profiling Time: 0.754 ms
  Selected AbsEB: 2.901837e+01 (RelEB: 1.050000e-03)
  Estimated Ratio: 6.07 (Target: 6.00)
Starting Compression...
  Compression Time: 2.285 ms
  Compressed Size: 111192624
  Achieved Ratio: 6.06
Throughput Statistics:
  Profiling Throughput:    894.04 GB/s
  Compression Throughput:  294.96 GB/s
  Total (Prof+Comp) Thrpt: 221.79 GB/s
Starting Decompression...
  Decompression Time: 1.155 ms
  Decompression Throughput: 583.35 GB/s
Verification Results:
  Max Error: 2.901855e+01
  PSNR: 64.35 dB
  Compliance: PASS
BENCH_START:CESM:VT_1_26_1800_3600.f32:plain:8.0
Configuration:
  Input File: /scratch/bfrq/bzhang28/SDRBENCH-CESM-ATM-26x1800x3600/VT_1_26_1800_3600.f32
  Dims: 3600x1800x26
  Elements: 168480000
  Target Ratio: 8.00
  Mode: plain
  Sample Rate: 1000
Data Range: 27636.546875
Warming up GPU...
Warmup complete.
Starting Profiling...
  Profiling Time: 0.757 ms
  Selected AbsEB: 7.738233e+01 (RelEB: 2.800000e-03)
  Estimated Ratio: 8.14 (Target: 8.00)
Starting Compression...
  Compression Time: 2.345 ms
  Compressed Size: 82578672
  Achieved Ratio: 8.16
Throughput Statistics:
  Profiling Throughput:    890.83 GB/s
  Compression Throughput:  287.37 GB/s
  Total (Prof+Comp) Thrpt: 217.28 GB/s
Starting Decompression...
  Decompression Time: 1.085 ms
  Decompression Throughput: 621.09 GB/s
Verification Results:
  Max Error: 7.738281e+01
  PSNR: 55.90 dB
  Compliance: PASS
BENCH_START:CESM:VU_1_26_1800_3600.f32:outlier:4.0
Configuration:
  Input File: /scratch/bfrq/bzhang28/SDRBENCH-CESM-ATM-26x1800x3600/VU_1_26_1800_3600.f32
  Dims: 3600x1800x26
  Elements: 168480000
  Target Ratio: 4.00
  Mode: outlier
  Sample Rate: 1000
Data Range: 9034.287109
Warming up GPU...
Warmup complete.
Starting Profiling...
  Profiling Time: 0.758 ms
  Selected AbsEB: 1.355143e-01 (RelEB: 1.500000e-05)
  Estimated Ratio: 4.17 (Target: 4.00)
Starting Compression...
  Compression Time: 2.922 ms
  Compressed Size: 162111277
  Achieved Ratio: 4.16
Throughput Statistics:
  Profiling Throughput:    888.76 GB/s
  Compression Throughput:  230.60 GB/s
  Total (Prof+Comp) Thrpt: 183.10 GB/s
Starting Decompression...
  Decompression Time: 2.453 ms
  Decompression Throughput: 274.74 GB/s
Verification Results:
  Max Error: 1.357422e-01
  PSNR: 101.25 dB
  Compliance: PASS
BENCH_START:CESM:VU_1_26_1800_3600.f32:outlier:6.0
Configuration:
  Input File: /scratch/bfrq/bzhang28/SDRBENCH-CESM-ATM-26x1800x3600/VU_1_26_1800_3600.f32
  Dims: 3600x1800x26
  Elements: 168480000
  Target Ratio: 6.00
  Mode: outlier
  Sample Rate: 1000
Data Range: 9034.287109
Warming up GPU...
Warmup complete.
Starting Profiling...
  Profiling Time: 0.752 ms
  Selected AbsEB: 6.866058e-01 (RelEB: 7.600000e-05)
  Estimated Ratio: 6.02 (Target: 6.00)
Starting Compression...
  Compression Time: 2.678 ms
  Compressed Size: 112393261
  Achieved Ratio: 6.00
Throughput Statistics:
  Profiling Throughput:    895.90 GB/s
  Compression Throughput:  251.61 GB/s
  Total (Prof+Comp) Thrpt: 196.44 GB/s
Starting Decompression...
  Decompression Time: 2.144 ms
  Decompression Throughput: 314.28 GB/s
Verification Results:
  Max Error: 6.867676e-01
  PSNR: 87.19 dB
  Compliance: PASS
BENCH_START:CESM:VU_1_26_1800_3600.f32:outlier:8.0
Configuration:
  Input File: /scratch/bfrq/bzhang28/SDRBENCH-CESM-ATM-26x1800x3600/VU_1_26_1800_3600.f32
  Dims: 3600x1800x26
  Elements: 168480000
  Target Ratio: 8.00
  Mode: outlier
  Sample Rate: 1000
Data Range: 9034.287109
Warming up GPU...
Warmup complete.
Starting Profiling...
  Profiling Time: 0.780 ms
  Selected AbsEB: 1.987543e+00 (RelEB: 2.200000e-04)
  Estimated Ratio: 8.12 (Target: 8.00)
Starting Compression...
  Compression Time: 2.465 ms
  Compressed Size: 83430516
  Achieved Ratio: 8.08
Throughput Statistics:
  Profiling Throughput:    863.93 GB/s
  Compression Throughput:  273.35 GB/s
  Total (Prof+Comp) Thrpt: 207.65 GB/s
Starting Decompression...
  Decompression Time: 1.789 ms
  Decompression Throughput: 376.65 GB/s
Verification Results:
  Max Error: 1.987793e+00
  PSNR: 78.00 dB
  Compliance: PASS
BENCH_START:CESM:VU_1_26_1800_3600.f32:plain:4.0
Configuration:
  Input File: /scratch/bfrq/bzhang28/SDRBENCH-CESM-ATM-26x1800x3600/VU_1_26_1800_3600.f32
  Dims: 3600x1800x26
  Elements: 168480000
  Target Ratio: 4.00
  Mode: plain
  Sample Rate: 1000
Data Range: 9034.287109
Warming up GPU...
Warmup complete.
Starting Profiling...
  Profiling Time: 0.752 ms
  Selected AbsEB: 2.258572e-01 (RelEB: 2.500000e-05)
  Estimated Ratio: 4.04 (Target: 4.00)
Starting Compression...
  Compression Time: 2.436 ms
  Compressed Size: 166850176
  Achieved Ratio: 4.04
Throughput Statistics:
  Profiling Throughput:    896.63 GB/s
  Compression Throughput:  276.66 GB/s
  Total (Prof+Comp) Thrpt: 211.43 GB/s
Starting Decompression...
  Decompression Time: 1.266 ms
  Decompression Throughput: 532.15 GB/s
Verification Results:
  Max Error: 2.260742e-01
  PSNR: 96.82 dB
  Compliance: PASS
BENCH_START:CESM:VU_1_26_1800_3600.f32:plain:6.0
Configuration:
  Input File: /scratch/bfrq/bzhang28/SDRBENCH-CESM-ATM-26x1800x3600/VU_1_26_1800_3600.f32
  Dims: 3600x1800x26
  Elements: 168480000
  Target Ratio: 6.00
  Mode: plain
  Sample Rate: 1000
Data Range: 9034.287109
Warming up GPU...
Warmup complete.
Starting Profiling...
  Profiling Time: 0.766 ms
  Selected AbsEB: 1.445486e+00 (RelEB: 1.600000e-04)
  Estimated Ratio: 6.16 (Target: 6.00)
Starting Compression...
  Compression Time: 2.264 ms
  Compressed Size: 109709832
  Achieved Ratio: 6.14
Throughput Statistics:
  Profiling Throughput:    879.33 GB/s
  Compression Throughput:  297.64 GB/s
  Total (Prof+Comp) Thrpt: 222.37 GB/s
Starting Decompression...
  Decompression Time: 1.118 ms
  Decompression Throughput: 602.99 GB/s
Verification Results:
  Max Error: 1.445801e+00
  PSNR: 80.75 dB
  Compliance: PASS
BENCH_START:CESM:VU_1_26_1800_3600.f32:plain:8.0
Configuration:
  Input File: /scratch/bfrq/bzhang28/SDRBENCH-CESM-ATM-26x1800x3600/VU_1_26_1800_3600.f32
  Dims: 3600x1800x26
  Elements: 168480000
  Target Ratio: 8.00
  Mode: plain
  Sample Rate: 1000
Data Range: 9034.287109
Warming up GPU...
Warmup complete.
Starting Profiling...
  Profiling Time: 0.761 ms
  Selected AbsEB: 3.613715e+00 (RelEB: 4.000000e-04)
  Estimated Ratio: 8.07 (Target: 8.00)
Starting Compression...
  Compression Time: 2.221 ms
  Compressed Size: 83756792
  Achieved Ratio: 8.05
Throughput Statistics:
  Profiling Throughput:    885.77 GB/s
  Compression Throughput:  303.45 GB/s
  Total (Prof+Comp) Thrpt: 226.02 GB/s
Starting Decompression...
  Decompression Time: 1.079 ms
  Decompression Throughput: 624.85 GB/s
Verification Results:
  Max Error: 3.613770e+00
  PSNR: 72.86 dB
  Compliance: PASS
BENCH_START:CESM:VV_1_26_1800_3600.f32:outlier:4.0
Configuration:
  Input File: /scratch/bfrq/bzhang28/SDRBENCH-CESM-ATM-26x1800x3600/VV_1_26_1800_3600.f32
  Dims: 3600x1800x26
  Elements: 168480000
  Target Ratio: 4.00
  Mode: outlier
  Sample Rate: 1000
Data Range: 5136.346680
Warming up GPU...
Warmup complete.
Starting Profiling...
  Profiling Time: 0.800 ms
  Selected AbsEB: 1.797721e-01 (RelEB: 3.500000e-05)
  Estimated Ratio: 4.03 (Target: 4.00)
Starting Compression...
  Compression Time: 2.975 ms
  Compressed Size: 167125675
  Achieved Ratio: 4.03
Throughput Statistics:
  Profiling Throughput:    842.43 GB/s
  Compression Throughput:  226.49 GB/s
  Total (Prof+Comp) Thrpt: 178.50 GB/s
Starting Decompression...
  Decompression Time: 2.538 ms
  Decompression Throughput: 265.55 GB/s
Verification Results:
  Max Error: 1.801758e-01
  PSNR: 93.89 dB
  Compliance: PASS
BENCH_START:CESM:VV_1_26_1800_3600.f32:outlier:6.0
Configuration:
  Input File: /scratch/bfrq/bzhang28/SDRBENCH-CESM-ATM-26x1800x3600/VV_1_26_1800_3600.f32
  Dims: 3600x1800x26
  Elements: 168480000
  Target Ratio: 6.00
  Mode: outlier
  Sample Rate: 1000
Data Range: 5136.346680
Warming up GPU...
Warmup complete.
Starting Profiling...
  Profiling Time: 0.782 ms
  Selected AbsEB: 1.129996e+00 (RelEB: 2.200000e-04)
  Estimated Ratio: 6.14 (Target: 6.00)
Starting Compression...
  Compression Time: 2.657 ms
  Compressed Size: 109876598
  Achieved Ratio: 6.13
Throughput Statistics:
  Profiling Throughput:    861.63 GB/s
  Compression Throughput:  253.61 GB/s
  Total (Prof+Comp) Thrpt: 195.94 GB/s
Starting Decompression...
  Decompression Time: 2.107 ms
  Decompression Throughput: 319.80 GB/s
Verification Results:
  Max Error: 1.130127e+00
  PSNR: 77.94 dB
  Compliance: PASS
BENCH_START:CESM:VV_1_26_1800_3600.f32:outlier:8.0
Configuration:
  Input File: /scratch/bfrq/bzhang28/SDRBENCH-CESM-ATM-26x1800x3600/VV_1_26_1800_3600.f32
  Dims: 3600x1800x26
  Elements: 168480000
  Target Ratio: 8.00
  Mode: outlier
  Sample Rate: 1000
Data Range: 5136.346680
Warming up GPU...
Warmup complete.
Starting Profiling...
  Profiling Time: 0.780 ms
  Selected AbsEB: 2.979081e+00 (RelEB: 5.800000e-04)
  Estimated Ratio: 8.09 (Target: 8.00)
Starting Compression...
  Compression Time: 2.466 ms
  Compressed Size: 83631799
  Achieved Ratio: 8.06
Throughput Statistics:
  Profiling Throughput:    863.68 GB/s
  Compression Throughput:  273.30 GB/s
  Total (Prof+Comp) Thrpt: 207.61 GB/s
Starting Decompression...
  Decompression Time: 1.813 ms
  Decompression Throughput: 371.78 GB/s
Verification Results:
  Max Error: 2.979248e+00
  PSNR: 69.38 dB
  Compliance: PASS
BENCH_START:CESM:VV_1_26_1800_3600.f32:plain:4.0
Configuration:
  Input File: /scratch/bfrq/bzhang28/SDRBENCH-CESM-ATM-26x1800x3600/VV_1_26_1800_3600.f32
  Dims: 3600x1800x26
  Elements: 168480000
  Target Ratio: 4.00
  Mode: plain
  Sample Rate: 1000
Data Range: 5136.346680
Warming up GPU...
Warmup complete.
Starting Profiling...
  Profiling Time: 0.769 ms
  Selected AbsEB: 4.982256e-01 (RelEB: 9.700000e-05)
  Estimated Ratio: 4.00 (Target: 4.00)
Starting Compression...
  Compression Time: 2.355 ms
  Compressed Size: 168251608
  Achieved Ratio: 4.01
Throughput Statistics:
  Profiling Throughput:    876.70 GB/s
  Compression Throughput:  286.13 GB/s
  Total (Prof+Comp) Thrpt: 215.73 GB/s
Starting Decompression...
  Decompression Time: 1.256 ms
  Decompression Throughput: 536.53 GB/s
Verification Results:
  Max Error: 4.985352e-01
  PSNR: 85.03 dB
  Compliance: PASS
BENCH_START:CESM:VV_1_26_1800_3600.f32:plain:6.0
Configuration:
  Input File: /scratch/bfrq/bzhang28/SDRBENCH-CESM-ATM-26x1800x3600/VV_1_26_1800_3600.f32
  Dims: 3600x1800x26
  Elements: 168480000
  Target Ratio: 6.00
  Mode: plain
  Sample Rate: 1000
Data Range: 5136.346680
Warming up GPU...
Warmup complete.
Starting Profiling...
  Profiling Time: 0.757 ms
  Selected AbsEB: 3.133171e+00 (RelEB: 6.100000e-04)
  Estimated Ratio: 6.07 (Target: 6.00)
Starting Compression...
  Compression Time: 2.318 ms
  Compressed Size: 111139352
  Achieved Ratio: 6.06
Throughput Statistics:
  Profiling Throughput:    890.22 GB/s
  Compression Throughput:  290.73 GB/s
  Total (Prof+Comp) Thrpt: 219.16 GB/s
Starting Decompression...
  Decompression Time: 1.151 ms
  Decompression Throughput: 585.65 GB/s
Verification Results:
  Max Error: 3.133301e+00
  PSNR: 68.93 dB
  Compliance: PASS
BENCH_START:CESM:VV_1_26_1800_3600.f32:plain:8.0
Configuration:
  Input File: /scratch/bfrq/bzhang28/SDRBENCH-CESM-ATM-26x1800x3600/VV_1_26_1800_3600.f32
  Dims: 3600x1800x26
  Elements: 168480000
  Target Ratio: 8.00
  Mode: plain
  Sample Rate: 1000
Data Range: 5136.346680
Warming up GPU...
Warmup complete.
Starting Profiling...
  Profiling Time: 0.784 ms
  Selected AbsEB: 8.218155e+00 (RelEB: 1.600000e-03)
  Estimated Ratio: 8.08 (Target: 8.00)
Starting Compression...
  Compression Time: 2.223 ms
  Compressed Size: 83293728
  Achieved Ratio: 8.09
Throughput Statistics:
  Profiling Throughput:    859.56 GB/s
  Compression Throughput:  303.17 GB/s
  Total (Prof+Comp) Thrpt: 224.12 GB/s
Starting Decompression...
  Decompression Time: 1.064 ms
  Decompression Throughput: 633.55 GB/s
Verification Results:
  Max Error: 8.218262e+00
  PSNR: 60.53 dB
  Compliance: PASS
BENCH_START:CESM:V_1_26_1800_3600.f32:outlier:4.0
Configuration:
  Input File: /scratch/bfrq/bzhang28/SDRBENCH-CESM-ATM-26x1800x3600/V_1_26_1800_3600.f32
  Dims: 3600x1800x26
  Elements: 168480000
  Target Ratio: 4.00
  Mode: outlier
  Sample Rate: 1000
Data Range: 125.611519
Warming up GPU...
Warmup complete.
Starting Profiling...
  Profiling Time: 0.768 ms
  Selected AbsEB: 7.662302e-03 (RelEB: 6.100000e-05)
  Estimated Ratio: 4.01 (Target: 4.00)
Starting Compression...
  Compression Time: 2.993 ms
  Compressed Size: 167733428
  Achieved Ratio: 4.02
Throughput Statistics:
  Profiling Throughput:    877.68 GB/s
  Compression Throughput:  225.15 GB/s
  Total (Prof+Comp) Thrpt: 179.18 GB/s
Starting Decompression...
  Decompression Time: 2.531 ms
  Decompression Throughput: 266.30 GB/s
Verification Results:
  Max Error: 7.667542e-03
  PSNR: 89.06 dB
  Compliance: PASS
BENCH_START:CESM:V_1_26_1800_3600.f32:outlier:6.0
Configuration:
  Input File: /scratch/bfrq/bzhang28/SDRBENCH-CESM-ATM-26x1800x3600/V_1_26_1800_3600.f32
  Dims: 3600x1800x26
  Elements: 168480000
  Target Ratio: 6.00
  Mode: outlier
  Sample Rate: 1000
Data Range: 125.611519
Warming up GPU...
Warmup complete.
Starting Profiling...
  Profiling Time: 0.781 ms
  Selected AbsEB: 4.647626e-02 (RelEB: 3.700000e-04)
  Estimated Ratio: 6.08 (Target: 6.00)
Starting Compression...
  Compression Time: 2.628 ms
  Compressed Size: 110787960
  Achieved Ratio: 6.08
Throughput Statistics:
  Profiling Throughput:    863.43 GB/s
  Compression Throughput:  256.48 GB/s
  Total (Prof+Comp) Thrpt: 197.74 GB/s
Starting Decompression...
  Decompression Time: 2.096 ms
  Decompression Throughput: 321.57 GB/s
Verification Results:
  Max Error: 4.647827e-02
  PSNR: 73.40 dB
  Compliance: PASS
BENCH_START:CESM:V_1_26_1800_3600.f32:outlier:8.0
Configuration:
  Input File: /scratch/bfrq/bzhang28/SDRBENCH-CESM-ATM-26x1800x3600/V_1_26_1800_3600.f32
  Dims: 3600x1800x26
  Elements: 168480000
  Target Ratio: 8.00
  Mode: outlier
  Sample Rate: 1000
Data Range: 125.611519
Warming up GPU...
Warmup complete.
Starting Profiling...
  Profiling Time: 0.770 ms
  Selected AbsEB: 1.218432e-01 (RelEB: 9.700000e-04)
  Estimated Ratio: 8.00 (Target: 8.00)
Starting Compression...
  Compression Time: 2.462 ms
  Compressed Size: 84075581
  Achieved Ratio: 8.02
Throughput Statistics:
  Profiling Throughput:    875.60 GB/s
  Compression Throughput:  273.76 GB/s
  Total (Prof+Comp) Thrpt: 208.55 GB/s
Starting Decompression...
  Decompression Time: 1.799 ms
  Decompression Throughput: 374.53 GB/s
Verification Results:
  Max Error: 1.218491e-01
  PSNR: 65.03 dB
  Compliance: PASS
BENCH_START:CESM:V_1_26_1800_3600.f32:plain:4.0
Configuration:
  Input File: /scratch/bfrq/bzhang28/SDRBENCH-CESM-ATM-26x1800x3600/V_1_26_1800_3600.f32
  Dims: 3600x1800x26
  Elements: 168480000
  Target Ratio: 4.00
  Mode: plain
  Sample Rate: 1000
Data Range: 125.611519
Warming up GPU...
Warmup complete.
Starting Profiling...
  Profiling Time: 0.777 ms
  Selected AbsEB: 2.009784e-02 (RelEB: 1.600000e-04)
  Estimated Ratio: 4.01 (Target: 4.00)
Starting Compression...
  Compression Time: 2.344 ms
  Compressed Size: 168213288
  Achieved Ratio: 4.01
Throughput Statistics:
  Profiling Throughput:    867.81 GB/s
  Compression Throughput:  287.55 GB/s
  Total (Prof+Comp) Thrpt: 215.98 GB/s
Starting Decompression...
  Decompression Time: 1.256 ms
  Decompression Throughput: 536.75 GB/s
Verification Results:
  Max Error: 2.009964e-02
  PSNR: 80.69 dB
  Compliance: PASS
BENCH_START:CESM:V_1_26_1800_3600.f32:plain:6.0
Configuration:
  Input File: /scratch/bfrq/bzhang28/SDRBENCH-CESM-ATM-26x1800x3600/V_1_26_1800_3600.f32
  Dims: 3600x1800x26
  Elements: 168480000
  Target Ratio: 6.00
  Mode: plain
  Sample Rate: 1000
Data Range: 125.611519
Warming up GPU...
Warmup complete.
Starting Profiling...
  Profiling Time: 0.761 ms
  Selected AbsEB: 1.218432e-01 (RelEB: 9.700000e-04)
  Estimated Ratio: 6.03 (Target: 6.00)
Starting Compression...
  Compression Time: 2.372 ms
  Compressed Size: 111743336
  Achieved Ratio: 6.03
Throughput Statistics:
  Profiling Throughput:    885.99 GB/s
  Compression Throughput:  284.16 GB/s
  Total (Prof+Comp) Thrpt: 215.16 GB/s
Starting Decompression...
  Decompression Time: 1.135 ms
  Decompression Throughput: 593.93 GB/s
Verification Results:
  Max Error: 1.218491e-01
  PSNR: 65.03 dB
  Compliance: PASS
BENCH_START:CESM:V_1_26_1800_3600.f32:plain:8.0
Configuration:
  Input File: /scratch/bfrq/bzhang28/SDRBENCH-CESM-ATM-26x1800x3600/V_1_26_1800_3600.f32
  Dims: 3600x1800x26
  Elements: 168480000
  Target Ratio: 8.00
  Mode: plain
  Sample Rate: 1000
Data Range: 125.611519
Warming up GPU...
Warmup complete.
Starting Profiling...
  Profiling Time: 0.766 ms
  Selected AbsEB: 3.140288e-01 (RelEB: 2.500000e-03)
  Estimated Ratio: 8.02 (Target: 8.00)
Starting Compression...
  Compression Time: 2.232 ms
  Compressed Size: 84052320
  Achieved Ratio: 8.02
Throughput Statistics:
  Profiling Throughput:    879.66 GB/s
  Compression Throughput:  301.89 GB/s
  Total (Prof+Comp) Thrpt: 224.76 GB/s
Starting Decompression...
  Decompression Time: 1.089 ms
  Decompression Throughput: 618.65 GB/s
Verification Results:
  Max Error: 3.140297e-01
  PSNR: 56.88 dB
  Compliance: PASS
BENCH_START:CESM:Z3_1_26_1800_3600.f32:outlier:4.0
Configuration:
  Input File: /scratch/bfrq/bzhang28/SDRBENCH-CESM-ATM-26x1800x3600/Z3_1_26_1800_3600.f32
  Dims: 3600x1800x26
  Elements: 168480000
  Target Ratio: 4.00
  Mode: outlier
  Sample Rate: 1000
Data Range: 39047.023438
Warming up GPU...
Warmup complete.
Starting Profiling...
  Profiling Time: 0.758 ms
  Selected AbsEB: 1.210458e+01 (RelEB: 3.100000e-04)
  Estimated Ratio: 4.01 (Target: 4.00)
Starting Compression...
  Compression Time: 2.802 ms
  Compressed Size: 167912639
  Achieved Ratio: 4.01
Throughput Statistics:
  Profiling Throughput:    888.91 GB/s
  Compression Throughput:  240.48 GB/s
  Total (Prof+Comp) Thrpt: 189.28 GB/s
Starting Decompression...
  Decompression Time: 1.961 ms
  Decompression Throughput: 343.62 GB/s
Verification Results:
  Max Error: 1.210547e+01
  PSNR: 74.92 dB
  Compliance: PASS
BENCH_START:CESM:Z3_1_26_1800_3600.f32:outlier:6.0
Configuration:
  Input File: /scratch/bfrq/bzhang28/SDRBENCH-CESM-ATM-26x1800x3600/Z3_1_26_1800_3600.f32
  Dims: 3600x1800x26
  Elements: 168480000
  Target Ratio: 6.00
  Mode: outlier
  Sample Rate: 1000
Data Range: 39047.023438
Warming up GPU...
Warmup complete.
Starting Profiling...
  Profiling Time: 0.762 ms
  Selected AbsEB: 7.418935e+01 (RelEB: 1.900000e-03)
  Estimated Ratio: 6.13 (Target: 6.00)
Starting Compression...
  Compression Time: 2.591 ms
  Compressed Size: 109817682
  Achieved Ratio: 6.14
Throughput Statistics:
  Profiling Throughput:    884.95 GB/s
  Compression Throughput:  260.09 GB/s
  Total (Prof+Comp) Thrpt: 201.01 GB/s
Starting Decompression...
  Decompression Time: 1.921 ms
  Decompression Throughput: 350.89 GB/s
Verification Results:
  Max Error: 7.419141e+01
  PSNR: 59.13 dB
  Compliance: PASS
BENCH_START:CESM:Z3_1_26_1800_3600.f32:outlier:8.0
Configuration:
  Input File: /scratch/bfrq/bzhang28/SDRBENCH-CESM-ATM-26x1800x3600/Z3_1_26_1800_3600.f32
  Dims: 3600x1800x26
  Elements: 168480000
  Target Ratio: 8.00
  Mode: outlier
  Sample Rate: 1000
Data Range: 39047.023438
Warming up GPU...
Warmup complete.
Starting Profiling...
  Profiling Time: 0.777 ms
  Selected AbsEB: 1.796163e+02 (RelEB: 4.600000e-03)
  Estimated Ratio: 8.22 (Target: 8.00)
Starting Compression...
  Compression Time: 2.440 ms
  Compressed Size: 81919380
  Achieved Ratio: 8.23
Throughput Statistics:
  Profiling Throughput:    867.88 GB/s
  Compression Throughput:  276.24 GB/s
  Total (Prof+Comp) Thrpt: 209.54 GB/s
Starting Decompression...
  Decompression Time: 1.554 ms
  Decompression Throughput: 433.68 GB/s
Verification Results:
  Max Error: 1.796191e+02
  PSNR: 51.51 dB
  Compliance: PASS
BENCH_START:CESM:Z3_1_26_1800_3600.f32:plain:4.0
Configuration:
  Input File: /scratch/bfrq/bzhang28/SDRBENCH-CESM-ATM-26x1800x3600/Z3_1_26_1800_3600.f32
  Dims: 3600x1800x26
  Elements: 168480000
  Target Ratio: 4.00
  Mode: plain
  Sample Rate: 1000
Data Range: 39047.023438
Warming up GPU...
Warmup complete.
Starting Profiling...
  Profiling Time: 0.760 ms
  Selected AbsEB: 7.418935e+01 (RelEB: 1.900000e-03)
  Estimated Ratio: 4.02 (Target: 4.00)
Starting Compression...
  Compression Time: 2.335 ms
  Compressed Size: 167801352
  Achieved Ratio: 4.02
Throughput Statistics:
  Profiling Throughput:    886.48 GB/s
  Compression Throughput:  288.60 GB/s
  Total (Prof+Comp) Thrpt: 217.72 GB/s
Starting Decompression...
  Decompression Time: 1.226 ms
  Decompression Throughput: 549.54 GB/s
Verification Results:
  Max Error: 7.419141e+01
  PSNR: 59.13 dB
  Compliance: PASS
BENCH_START:CESM:Z3_1_26_1800_3600.f32:plain:6.0
Configuration:
  Input File: /scratch/bfrq/bzhang28/SDRBENCH-CESM-ATM-26x1800x3600/Z3_1_26_1800_3600.f32
  Dims: 3600x1800x26
  Elements: 168480000
  Target Ratio: 6.00
  Mode: plain
  Sample Rate: 1000
Data Range: 39047.023438
Warming up GPU...
Warmup complete.
Starting Profiling...
  Profiling Time: 0.750 ms
  Selected AbsEB: 4.295172e+02 (RelEB: 1.100000e-02)
  Estimated Ratio: 6.08 (Target: 6.00)
Starting Compression...
  Compression Time: 2.242 ms
  Compressed Size: 110777904
  Achieved Ratio: 6.08
Throughput Statistics:
  Profiling Throughput:    898.27 GB/s
  Compression Throughput:  300.60 GB/s
  Total (Prof+Comp) Thrpt: 225.23 GB/s
Starting Decompression...
  Decompression Time: 1.192 ms
  Decompression Throughput: 565.32 GB/s
Verification Results:
  Max Error: 4.295176e+02
  PSNR: 43.87 dB
  Compliance: PASS
BENCH_START:CESM:Z3_1_26_1800_3600.f32:plain:8.0
Configuration:
  Input File: /scratch/bfrq/bzhang28/SDRBENCH-CESM-ATM-26x1800x3600/Z3_1_26_1800_3600.f32
  Dims: 3600x1800x26
  Elements: 168480000
  Target Ratio: 8.00
  Mode: plain
  Sample Rate: 1000
Data Range: 39047.023438
Warming up GPU...
Warmup complete.
Starting Profiling...
  Profiling Time: 0.744 ms
  Selected AbsEB: 1.210458e+03 (RelEB: 3.100000e-02)
  Estimated Ratio: 8.26 (Target: 8.00)
Starting Compression...
  Compression Time: 2.304 ms
  Compressed Size: 81606408
  Achieved Ratio: 8.26
Throughput Statistics:
  Profiling Throughput:    905.42 GB/s
  Compression Throughput:  292.51 GB/s
  Total (Prof+Comp) Thrpt: 221.08 GB/s
Starting Decompression...
  Decompression Time: 1.021 ms
  Decompression Throughput: 660.21 GB/s
Verification Results:
  Max Error: 1.210461e+03
  PSNR: 34.98 dB
  Compliance: PASS
BENCH_START:NYX:baryon_density.f32:outlier:4.0
Configuration:
  Input File: /scratch/bfrq/bzhang28/SDRBENCH-EXASKY-NYX-512x512x512/baryon_density.f32
  Dims: 512x512x512
  Elements: 134217728
  Target Ratio: 4.00
  Mode: outlier
  Sample Rate: 1000
Data Range: 115862.234375
Warming up GPU...
Warmup complete.
Starting Profiling...
  Profiling Time: 0.744 ms
  Selected AbsEB: 1.158622e-01 (RelEB: 1.000000e-06)
  Estimated Ratio: 13.64 (Target: 4.00)
Starting Compression...
  Compression Time: 1.968 ms
  Compressed Size: 39581835
  Achieved Ratio: 13.56
Throughput Statistics:
  Profiling Throughput:    721.54 GB/s
  Compression Throughput:  272.80 GB/s
  Total (Prof+Comp) Thrpt: 197.95 GB/s
Starting Decompression...
  Decompression Time: 1.736 ms
  Decompression Throughput: 309.21 GB/s
Verification Results:
  Max Error: 1.210938e-01
  PSNR: 124.90 dB
  Compliance: PASS
BENCH_START:NYX:baryon_density.f32:outlier:6.0
Configuration:
  Input File: /scratch/bfrq/bzhang28/SDRBENCH-EXASKY-NYX-512x512x512/baryon_density.f32
  Dims: 512x512x512
  Elements: 134217728
  Target Ratio: 6.00
  Mode: outlier
  Sample Rate: 1000
Data Range: 115862.234375
Warming up GPU...
Warmup complete.
Starting Profiling...
  Profiling Time: 0.701 ms
  Selected AbsEB: 1.158622e-01 (RelEB: 1.000000e-06)
  Estimated Ratio: 13.64 (Target: 6.00)
Starting Compression...
  Compression Time: 2.112 ms
  Compressed Size: 39581835
  Achieved Ratio: 13.56
Throughput Statistics:
  Profiling Throughput:    765.35 GB/s
  Compression Throughput:  254.22 GB/s
  Total (Prof+Comp) Thrpt: 190.83 GB/s
Starting Decompression...
  Decompression Time: 1.607 ms
  Decompression Throughput: 334.09 GB/s
Verification Results:
  Max Error: 1.210938e-01
  PSNR: 124.90 dB
  Compliance: PASS
BENCH_START:NYX:baryon_density.f32:outlier:8.0
Configuration:
  Input File: /scratch/bfrq/bzhang28/SDRBENCH-EXASKY-NYX-512x512x512/baryon_density.f32
  Dims: 512x512x512
  Elements: 134217728
  Target Ratio: 8.00
  Mode: outlier
  Sample Rate: 1000
Data Range: 115862.234375
Warming up GPU...
Warmup complete.
Starting Profiling...
  Profiling Time: 0.715 ms
  Selected AbsEB: 1.158622e-01 (RelEB: 1.000000e-06)
  Estimated Ratio: 13.64 (Target: 8.00)
Starting Compression...
  Compression Time: 2.083 ms
  Compressed Size: 39581835
  Achieved Ratio: 13.56
Throughput Statistics:
  Profiling Throughput:    750.46 GB/s
  Compression Throughput:  257.77 GB/s
  Total (Prof+Comp) Thrpt: 191.87 GB/s
Starting Decompression...
  Decompression Time: 1.609 ms
  Decompression Throughput: 333.72 GB/s
Verification Results:
  Max Error: 1.210938e-01
  PSNR: 124.90 dB
  Compliance: PASS
BENCH_START:NYX:baryon_density.f32:plain:4.0
Configuration:
  Input File: /scratch/bfrq/bzhang28/SDRBENCH-EXASKY-NYX-512x512x512/baryon_density.f32
  Dims: 512x512x512
  Elements: 134217728
  Target Ratio: 4.00
  Mode: plain
  Sample Rate: 1000
Data Range: 115862.234375
Warming up GPU...
Warmup complete.
Starting Profiling...
  Profiling Time: 0.704 ms
  Selected AbsEB: 1.158622e-01 (RelEB: 1.000000e-06)
  Estimated Ratio: 9.71 (Target: 4.00)
Starting Compression...
  Compression Time: 1.776 ms
  Compressed Size: 55179880
  Achieved Ratio: 9.73
Throughput Statistics:
  Profiling Throughput:    762.43 GB/s
  Compression Throughput:  302.26 GB/s
  Total (Prof+Comp) Thrpt: 216.45 GB/s
Starting Decompression...
  Decompression Time: 0.913 ms
  Decompression Throughput: 587.83 GB/s
Verification Results:
  Max Error: 1.210938e-01
  PSNR: 124.90 dB
  Compliance: PASS
BENCH_START:NYX:baryon_density.f32:plain:6.0
Configuration:
  Input File: /scratch/bfrq/bzhang28/SDRBENCH-EXASKY-NYX-512x512x512/baryon_density.f32
  Dims: 512x512x512
  Elements: 134217728
  Target Ratio: 6.00
  Mode: plain
  Sample Rate: 1000
Data Range: 115862.234375
Warming up GPU...
Warmup complete.
Starting Profiling...
  Profiling Time: 0.701 ms
  Selected AbsEB: 1.158622e-01 (RelEB: 1.000000e-06)
  Estimated Ratio: 9.71 (Target: 6.00)
Starting Compression...
  Compression Time: 1.770 ms
  Compressed Size: 55179880
  Achieved Ratio: 9.73
Throughput Statistics:
  Profiling Throughput:    766.33 GB/s
  Compression Throughput:  303.26 GB/s
  Total (Prof+Comp) Thrpt: 217.28 GB/s
Starting Decompression...
  Decompression Time: 0.916 ms
  Decompression Throughput: 586.31 GB/s
Verification Results:
  Max Error: 1.210938e-01
  PSNR: 124.90 dB
  Compliance: PASS
BENCH_START:NYX:baryon_density.f32:plain:8.0
Configuration:
  Input File: /scratch/bfrq/bzhang28/SDRBENCH-EXASKY-NYX-512x512x512/baryon_density.f32
  Dims: 512x512x512
  Elements: 134217728
  Target Ratio: 8.00
  Mode: plain
  Sample Rate: 1000
Data Range: 115862.234375
Warming up GPU...
Warmup complete.
Starting Profiling...
  Profiling Time: 0.713 ms
  Selected AbsEB: 1.158622e-01 (RelEB: 1.000000e-06)
  Estimated Ratio: 9.71 (Target: 8.00)
Starting Compression...
  Compression Time: 1.769 ms
  Compressed Size: 55179880
  Achieved Ratio: 9.73
Throughput Statistics:
  Profiling Throughput:    753.08 GB/s
  Compression Throughput:  303.53 GB/s
  Total (Prof+Comp) Thrpt: 216.34 GB/s
Starting Decompression...
  Decompression Time: 0.943 ms
  Decompression Throughput: 569.11 GB/s
Verification Results:
  Max Error: 1.210938e-01
  PSNR: 124.90 dB
  Compliance: PASS
BENCH_START:NYX:dark_matter_density.f32:outlier:4.0
Configuration:
  Input File: /scratch/bfrq/bzhang28/SDRBENCH-EXASKY-NYX-512x512x512/dark_matter_density.f32
  Dims: 512x512x512
  Elements: 134217728
  Target Ratio: 4.00
  Mode: outlier
  Sample Rate: 1000
Data Range: 13778.934570
Warming up GPU...
Warmup complete.
Starting Profiling...
  Profiling Time: 0.713 ms
  Selected AbsEB: 1.377893e-02 (RelEB: 1.000000e-06)
  Estimated Ratio: 4.53 (Target: 4.00)
Starting Compression...
  Compression Time: 2.233 ms
  Compressed Size: 118021194
  Achieved Ratio: 4.55
Throughput Statistics:
  Profiling Throughput:    752.92 GB/s
  Compression Throughput:  240.39 GB/s
  Total (Prof+Comp) Thrpt: 182.21 GB/s
Starting Decompression...
  Decompression Time: 2.091 ms
  Decompression Throughput: 256.79 GB/s
Verification Results:
  Max Error: 1.379395e-02
  PSNR: 124.90 dB
  Compliance: PASS
BENCH_START:NYX:dark_matter_density.f32:outlier:6.0
Configuration:
  Input File: /scratch/bfrq/bzhang28/SDRBENCH-EXASKY-NYX-512x512x512/dark_matter_density.f32
  Dims: 512x512x512
  Elements: 134217728
  Target Ratio: 6.00
  Mode: outlier
  Sample Rate: 1000
Data Range: 13778.934570
Warming up GPU...
Warmup complete.
Starting Profiling...
  Profiling Time: 0.720 ms
  Selected AbsEB: 5.511574e-02 (RelEB: 4.000000e-06)
  Estimated Ratio: 6.24 (Target: 6.00)
Starting Compression...
  Compression Time: 2.073 ms
  Compressed Size: 85561141
  Achieved Ratio: 6.27
Throughput Statistics:
  Profiling Throughput:    745.29 GB/s
  Compression Throughput:  259.04 GB/s
  Total (Prof+Comp) Thrpt: 192.23 GB/s
Starting Decompression...
  Decompression Time: 1.688 ms
  Decompression Throughput: 318.00 GB/s
Verification Results:
  Max Error: 5.517578e-02
  PSNR: 112.87 dB
  Compliance: PASS
BENCH_START:NYX:dark_matter_density.f32:outlier:8.0
Configuration:
  Input File: /scratch/bfrq/bzhang28/SDRBENCH-EXASKY-NYX-512x512x512/dark_matter_density.f32
  Dims: 512x512x512
  Elements: 134217728
  Target Ratio: 8.00
  Mode: outlier
  Sample Rate: 1000
Data Range: 13778.934570
Warming up GPU...
Warmup complete.
Starting Profiling...
  Profiling Time: 0.718 ms
  Selected AbsEB: 1.377893e-01 (RelEB: 1.000000e-05)
  Estimated Ratio: 8.05 (Target: 8.00)
Starting Compression...
  Compression Time: 1.959 ms
  Compressed Size: 66156002
  Achieved Ratio: 8.12
Throughput Statistics:
  Profiling Throughput:    747.51 GB/s
  Compression Throughput:  274.02 GB/s
  Total (Prof+Comp) Thrpt: 200.51 GB/s
Starting Decompression...
  Decompression Time: 1.572 ms
  Decompression Throughput: 341.60 GB/s
Verification Results:
  Max Error: 1.377895e-01
  PSNR: 104.90 dB
  Compliance: PASS
BENCH_START:NYX:dark_matter_density.f32:plain:4.0
Configuration:
  Input File: /scratch/bfrq/bzhang28/SDRBENCH-EXASKY-NYX-512x512x512/dark_matter_density.f32
  Dims: 512x512x512
  Elements: 134217728
  Target Ratio: 4.00
  Mode: plain
  Sample Rate: 1000
Data Range: 13778.934570
Warming up GPU...
Warmup complete.
Starting Profiling...
  Profiling Time: 0.705 ms
  Selected AbsEB: 1.377893e-02 (RelEB: 1.000000e-06)
  Estimated Ratio: 4.51 (Target: 4.00)
Starting Compression...
  Compression Time: 1.884 ms
  Compressed Size: 118673352
  Achieved Ratio: 4.52
Throughput Statistics:
  Profiling Throughput:    762.05 GB/s
  Compression Throughput:  284.96 GB/s
  Total (Prof+Comp) Thrpt: 207.41 GB/s
Starting Decompression...
  Decompression Time: 1.191 ms
  Decompression Throughput: 450.87 GB/s
Verification Results:
  Max Error: 1.379395e-02
  PSNR: 124.90 dB
  Compliance: PASS
BENCH_START:NYX:dark_matter_density.f32:plain:6.0
Configuration:
  Input File: /scratch/bfrq/bzhang28/SDRBENCH-EXASKY-NYX-512x512x512/dark_matter_density.f32
  Dims: 512x512x512
  Elements: 134217728
  Target Ratio: 6.00
  Mode: plain
  Sample Rate: 1000
Data Range: 13778.934570
Warming up GPU...
Warmup complete.
Starting Profiling...
  Profiling Time: 0.704 ms
  Selected AbsEB: 5.511574e-02 (RelEB: 4.000000e-06)
  Estimated Ratio: 6.20 (Target: 6.00)
Starting Compression...
  Compression Time: 1.838 ms
  Compressed Size: 86179224
  Achieved Ratio: 6.23
Throughput Statistics:
  Profiling Throughput:    762.74 GB/s
  Compression Throughput:  292.08 GB/s
  Total (Prof+Comp) Thrpt: 211.20 GB/s
Starting Decompression...
  Decompression Time: 1.052 ms
  Decompression Throughput: 510.50 GB/s
Verification Results:
  Max Error: 5.517578e-02
  PSNR: 112.87 dB
  Compliance: PASS
BENCH_START:NYX:dark_matter_density.f32:plain:8.0
Configuration:
  Input File: /scratch/bfrq/bzhang28/SDRBENCH-EXASKY-NYX-512x512x512/dark_matter_density.f32
  Dims: 512x512x512
  Elements: 134217728
  Target Ratio: 8.00
  Mode: plain
  Sample Rate: 1000
Data Range: 13778.934570
Warming up GPU...
Warmup complete.
Starting Profiling...
  Profiling Time: 5.250 ms
  Selected AbsEB: 2.066840e-01 (RelEB: 1.500000e-05)
  Estimated Ratio: 8.95 (Target: 8.00)
Starting Compression...
  Compression Time: 1.781 ms
  Compressed Size: 59776352
  Achieved Ratio: 8.98
Throughput Statistics:
  Profiling Throughput:    102.25 GB/s
  Compression Throughput:  301.44 GB/s
  Total (Prof+Comp) Thrpt: 76.35 GB/s
Starting Decompression...
  Decompression Time: 1.059 ms
  Decompression Throughput: 507.17 GB/s
Verification Results:
  Max Error: 2.066841e-01
  PSNR: 101.34 dB
  Compliance: PASS
BENCH_START:NYX:temperature.f32:outlier:4.0
Configuration:
  Input File: /scratch/bfrq/bzhang28/SDRBENCH-EXASKY-NYX-512x512x512/temperature.f32
  Dims: 512x512x512
  Elements: 134217728
  Target Ratio: 4.00
  Mode: outlier
  Sample Rate: 1000
Data Range: 4780302.500000
Warming up GPU...
Warmup complete.
Starting Profiling...
  Profiling Time: 0.712 ms
  Selected AbsEB: 9.560605e+00 (RelEB: 2.000000e-06)
  Estimated Ratio: 4.55 (Target: 4.00)
Starting Compression...
  Compression Time: 2.403 ms
  Compressed Size: 118039062
  Achieved Ratio: 4.55
Throughput Statistics:
  Profiling Throughput:    753.90 GB/s
  Compression Throughput:  223.37 GB/s
  Total (Prof+Comp) Thrpt: 172.32 GB/s
Starting Decompression...
  Decompression Time: 2.212 ms
  Decompression Throughput: 242.75 GB/s
Verification Results:
  Max Error: 9.750000e+00
  PSNR: 118.75 dB
  Compliance: PASS
BENCH_START:NYX:temperature.f32:outlier:6.0
Configuration:
  Input File: /scratch/bfrq/bzhang28/SDRBENCH-EXASKY-NYX-512x512x512/temperature.f32
  Dims: 512x512x512
  Elements: 134217728
  Target Ratio: 6.00
  Mode: outlier
  Sample Rate: 1000
Data Range: 4780302.500000
Warming up GPU...
Warmup complete.
Starting Profiling...
  Profiling Time: 0.706 ms
  Selected AbsEB: 3.824242e+01 (RelEB: 8.000000e-06)
  Estimated Ratio: 6.37 (Target: 6.00)
Starting Compression...
  Compression Time: 2.384 ms
  Compressed Size: 84406330
  Achieved Ratio: 6.36
Throughput Statistics:
  Profiling Throughput:    760.49 GB/s
  Compression Throughput:  225.19 GB/s
  Total (Prof+Comp) Thrpt: 173.75 GB/s
Starting Decompression...
  Decompression Time: 2.149 ms
  Decompression Throughput: 249.81 GB/s
Verification Results:
  Max Error: 3.850000e+01
  PSNR: 106.71 dB
  Compliance: PASS
BENCH_START:NYX:temperature.f32:outlier:8.0
Configuration:
  Input File: /scratch/bfrq/bzhang28/SDRBENCH-EXASKY-NYX-512x512x512/temperature.f32
  Dims: 512x512x512
  Elements: 134217728
  Target Ratio: 8.00
  Mode: outlier
  Sample Rate: 1000
Data Range: 4780302.500000
Warming up GPU...
Warmup complete.
Starting Profiling...
  Profiling Time: 0.720 ms
  Selected AbsEB: 9.560605e+01 (RelEB: 2.000000e-05)
  Estimated Ratio: 8.22 (Target: 8.00)
Starting Compression...
  Compression Time: 2.201 ms
  Compressed Size: 65533522
  Achieved Ratio: 8.19
Throughput Statistics:
  Profiling Throughput:    745.89 GB/s
  Compression Throughput:  243.91 GB/s
  Total (Prof+Comp) Thrpt: 183.81 GB/s
Starting Decompression...
  Decompression Time: 1.921 ms
  Decompression Throughput: 279.51 GB/s
Verification Results:
  Max Error: 9.560938e+01
  PSNR: 98.75 dB
  Compliance: PASS
BENCH_START:NYX:temperature.f32:plain:4.0
Configuration:
  Input File: /scratch/bfrq/bzhang28/SDRBENCH-EXASKY-NYX-512x512x512/temperature.f32
  Dims: 512x512x512
  Elements: 134217728
  Target Ratio: 4.00
  Mode: plain
  Sample Rate: 1000
Data Range: 4780302.500000
Warming up GPU...
Warmup complete.
Starting Profiling...
  Profiling Time: 0.703 ms
  Selected AbsEB: 4.780302e+01 (RelEB: 1.000000e-05)
  Estimated Ratio: 4.03 (Target: 4.00)
Starting Compression...
  Compression Time: 1.893 ms
  Compressed Size: 133193576
  Achieved Ratio: 4.03
Throughput Statistics:
  Profiling Throughput:    763.33 GB/s
  Compression Throughput:  283.64 GB/s
  Total (Prof+Comp) Thrpt: 206.80 GB/s
Starting Decompression...
  Decompression Time: 1.089 ms
  Decompression Throughput: 492.80 GB/s
Verification Results:
  Max Error: 4.781250e+01
  PSNR: 104.77 dB
  Compliance: PASS
BENCH_START:NYX:temperature.f32:plain:6.0
Configuration:
  Input File: /scratch/bfrq/bzhang28/SDRBENCH-EXASKY-NYX-512x512x512/temperature.f32
  Dims: 512x512x512
  Elements: 134217728
  Target Ratio: 6.00
  Mode: plain
  Sample Rate: 1000
Data Range: 4780302.500000
Warming up GPU...
Warmup complete.
Starting Profiling...
  Profiling Time: 0.717 ms
  Selected AbsEB: 3.202803e+02 (RelEB: 6.700000e-05)
  Estimated Ratio: 6.06 (Target: 6.00)
Starting Compression...
  Compression Time: 1.810 ms
  Compressed Size: 88260520
  Achieved Ratio: 6.08
Throughput Statistics:
  Profiling Throughput:    749.08 GB/s
  Compression Throughput:  296.62 GB/s
  Total (Prof+Comp) Thrpt: 212.48 GB/s
Starting Decompression...
  Decompression Time: 0.961 ms
  Decompression Throughput: 558.72 GB/s
Verification Results:
  Max Error: 3.202891e+02
  PSNR: 88.25 dB
  Compliance: PASS
BENCH_START:NYX:temperature.f32:plain:8.0
Configuration:
  Input File: /scratch/bfrq/bzhang28/SDRBENCH-EXASKY-NYX-512x512x512/temperature.f32
  Dims: 512x512x512
  Elements: 134217728
  Target Ratio: 8.00
  Mode: plain
  Sample Rate: 1000
Data Range: 4780302.500000
Warming up GPU...
Warmup complete.
Starting Profiling...
  Profiling Time: 0.725 ms
  Selected AbsEB: 9.082575e+02 (RelEB: 1.900000e-04)
  Estimated Ratio: 8.30 (Target: 8.00)
Starting Compression...
  Compression Time: 1.800 ms
  Compressed Size: 64581528
  Achieved Ratio: 8.31
Throughput Statistics:
  Profiling Throughput:    740.39 GB/s
  Compression Throughput:  298.24 GB/s
  Total (Prof+Comp) Thrpt: 212.60 GB/s
Starting Decompression...
  Decompression Time: 0.888 ms
  Decompression Throughput: 604.91 GB/s
Verification Results:
  Max Error: 9.082578e+02
  PSNR: 79.19 dB
  Compliance: PASS
BENCH_START:NYX:velocity_x.f32:outlier:4.0
Configuration:
  Input File: /scratch/bfrq/bzhang28/SDRBENCH-EXASKY-NYX-512x512x512/velocity_x.f32
  Dims: 512x512x512
  Elements: 134217728
  Target Ratio: 4.00
  Mode: outlier
  Sample Rate: 1000
Data Range: 82283640.000000
Warming up GPU...
Warmup complete.
Starting Profiling...
  Profiling Time: 0.712 ms
  Selected AbsEB: 1.234255e+03 (RelEB: 1.500000e-05)
  Estimated Ratio: 4.20 (Target: 4.00)
Starting Compression...
  Compression Time: 2.365 ms
  Compressed Size: 127509677
  Achieved Ratio: 4.21
Throughput Statistics:
  Profiling Throughput:    754.00 GB/s
  Compression Throughput:  227.00 GB/s
  Total (Prof+Comp) Thrpt: 174.47 GB/s
Starting Decompression...
  Decompression Time: 2.010 ms
  Decompression Throughput: 267.06 GB/s
Verification Results:
  Max Error: 1.236000e+03
  PSNR: 101.25 dB
  Compliance: PASS
BENCH_START:NYX:velocity_x.f32:outlier:6.0
Configuration:
  Input File: /scratch/bfrq/bzhang28/SDRBENCH-EXASKY-NYX-512x512x512/velocity_x.f32
  Dims: 512x512x512
  Elements: 134217728
  Target Ratio: 6.00
  Mode: outlier
  Sample Rate: 1000
Data Range: 82283640.000000
Warming up GPU...
Warmup complete.
Starting Profiling...
  Profiling Time: 0.734 ms
  Selected AbsEB: 6.253556e+03 (RelEB: 7.600000e-05)
  Estimated Ratio: 6.02 (Target: 6.00)
Starting Compression...
  Compression Time: 2.184 ms
  Compressed Size: 89268743
  Achieved Ratio: 6.01
Throughput Statistics:
  Profiling Throughput:    731.77 GB/s
  Compression Throughput:  245.81 GB/s
  Total (Prof+Comp) Thrpt: 184.00 GB/s
Starting Decompression...
  Decompression Time: 1.850 ms
  Decompression Throughput: 290.22 GB/s
Verification Results:
  Max Error: 6.256000e+03
  PSNR: 87.15 dB
  Compliance: PASS
BENCH_START:NYX:velocity_x.f32:outlier:8.0
Configuration:
  Input File: /scratch/bfrq/bzhang28/SDRBENCH-EXASKY-NYX-512x512x512/velocity_x.f32
  Dims: 512x512x512
  Elements: 134217728
  Target Ratio: 8.00
  Mode: outlier
  Sample Rate: 1000
Data Range: 82283640.000000
Warming up GPU...
Warmup complete.
Starting Profiling...
  Profiling Time: 0.729 ms
  Selected AbsEB: 1.810240e+04 (RelEB: 2.200000e-04)
  Estimated Ratio: 8.21 (Target: 8.00)
Starting Compression...
  Compression Time: 2.201 ms
  Compressed Size: 65387289
  Achieved Ratio: 8.21
Throughput Statistics:
  Profiling Throughput:    736.59 GB/s
  Compression Throughput:  243.95 GB/s
  Total (Prof+Comp) Thrpt: 183.26 GB/s
Starting Decompression...
  Decompression Time: 1.713 ms
  Decompression Throughput: 313.43 GB/s
Verification Results:
  Max Error: 1.810400e+04
  PSNR: 77.92 dB
  Compliance: PASS
BENCH_START:NYX:velocity_x.f32:plain:4.0
Configuration:
  Input File: /scratch/bfrq/bzhang28/SDRBENCH-EXASKY-NYX-512x512x512/velocity_x.f32
  Dims: 512x512x512
  Elements: 134217728
  Target Ratio: 4.00
  Mode: plain
  Sample Rate: 1000
Data Range: 82283640.000000
Warming up GPU...
Warmup complete.
Starting Profiling...
  Profiling Time: 0.710 ms
  Selected AbsEB: 2.303942e+04 (RelEB: 2.800000e-04)
  Estimated Ratio: 4.00 (Target: 4.00)
Starting Compression...
  Compression Time: 1.869 ms
  Compressed Size: 133398128
  Achieved Ratio: 4.02
Throughput Statistics:
  Profiling Throughput:    756.04 GB/s
  Compression Throughput:  287.21 GB/s
  Total (Prof+Comp) Thrpt: 208.14 GB/s
Starting Decompression...
  Decompression Time: 1.081 ms
  Decompression Throughput: 496.66 GB/s
Verification Results:
  Max Error: 2.304000e+04
  PSNR: 75.83 dB
  Compliance: PASS
BENCH_START:NYX:velocity_x.f32:plain:6.0
Configuration:
  Input File: /scratch/bfrq/bzhang28/SDRBENCH-EXASKY-NYX-512x512x512/velocity_x.f32
  Dims: 512x512x512
  Elements: 134217728
  Target Ratio: 6.00
  Mode: plain
  Sample Rate: 1000
Data Range: 82283640.000000
Warming up GPU...
Warmup complete.
Starting Profiling...
  Profiling Time: 0.708 ms
  Selected AbsEB: 1.563389e+05 (RelEB: 1.900000e-03)
  Estimated Ratio: 6.02 (Target: 6.00)
Starting Compression...
  Compression Time: 1.826 ms
  Compressed Size: 88777688
  Achieved Ratio: 6.05
Throughput Statistics:
  Profiling Throughput:    758.50 GB/s
  Compression Throughput:  294.07 GB/s
  Total (Prof+Comp) Thrpt: 211.91 GB/s
Starting Decompression...
  Decompression Time: 0.963 ms
  Decompression Throughput: 557.27 GB/s
Verification Results:
  Max Error: 1.563400e+05
  PSNR: 59.20 dB
  Compliance: PASS
BENCH_START:NYX:velocity_x.f32:plain:8.0
Configuration:
  Input File: /scratch/bfrq/bzhang28/SDRBENCH-EXASKY-NYX-512x512x512/velocity_x.f32
  Dims: 512x512x512
  Elements: 134217728
  Target Ratio: 8.00
  Mode: plain
  Sample Rate: 1000
Data Range: 82283640.000000
Warming up GPU...
Warmup complete.
Starting Profiling...
  Profiling Time: 0.716 ms
  Selected AbsEB: 4.525600e+05 (RelEB: 5.500000e-03)
  Estimated Ratio: 8.13 (Target: 8.00)
Starting Compression...
  Compression Time: 1.773 ms
  Compressed Size: 65466048
  Achieved Ratio: 8.20
Throughput Statistics:
  Profiling Throughput:    750.15 GB/s
  Compression Throughput:  302.73 GB/s
  Total (Prof+Comp) Thrpt: 215.69 GB/s
Starting Decompression...
  Decompression Time: 0.931 ms
  Decompression Throughput: 576.42 GB/s
Verification Results:
  Max Error: 4.525620e+05
  PSNR: 49.96 dB
  Compliance: PASS
BENCH_START:NYX:velocity_y.f32:outlier:4.0
Configuration:
  Input File: /scratch/bfrq/bzhang28/SDRBENCH-EXASKY-NYX-512x512x512/velocity_y.f32
  Dims: 512x512x512
  Elements: 134217728
  Target Ratio: 4.00
  Mode: outlier
  Sample Rate: 1000
Data Range: 100438536.000000
Warming up GPU...
Warmup complete.
Starting Profiling...
  Profiling Time: 0.718 ms
  Selected AbsEB: 1.004385e+03 (RelEB: 1.000000e-05)
  Estimated Ratio: 4.06 (Target: 4.00)
Starting Compression...
  Compression Time: 2.451 ms
  Compressed Size: 132104120
  Achieved Ratio: 4.06
Throughput Statistics:
  Profiling Throughput:    747.75 GB/s
  Compression Throughput:  219.08 GB/s
  Total (Prof+Comp) Thrpt: 169.44 GB/s
Starting Decompression...
  Decompression Time: 2.128 ms
  Decompression Throughput: 252.29 GB/s
Verification Results:
  Max Error: 1.006000e+03
  PSNR: 104.77 dB
  Compliance: PASS
BENCH_START:NYX:velocity_y.f32:outlier:6.0
Configuration:
  Input File: /scratch/bfrq/bzhang28/SDRBENCH-EXASKY-NYX-512x512x512/velocity_y.f32
  Dims: 512x512x512
  Elements: 134217728
  Target Ratio: 6.00
  Mode: outlier
  Sample Rate: 1000
Data Range: 100438536.000000
Warming up GPU...
Warmup complete.
Starting Profiling...
  Profiling Time: 0.727 ms
  Selected AbsEB: 6.126750e+03 (RelEB: 6.100000e-05)
  Estimated Ratio: 6.03 (Target: 6.00)
Starting Compression...
  Compression Time: 2.261 ms
  Compressed Size: 89039040
  Achieved Ratio: 6.03
Throughput Statistics:
  Profiling Throughput:    738.14 GB/s
  Compression Throughput:  237.46 GB/s
  Total (Prof+Comp) Thrpt: 179.66 GB/s
Starting Decompression...
  Decompression Time: 1.919 ms
  Decompression Throughput: 279.83 GB/s
Verification Results:
  Max Error: 6.128000e+03
  PSNR: 89.06 dB
  Compliance: PASS
BENCH_START:NYX:velocity_y.f32:outlier:8.0
Configuration:
  Input File: /scratch/bfrq/bzhang28/SDRBENCH-EXASKY-NYX-512x512x512/velocity_y.f32
  Dims: 512x512x512
  Elements: 134217728
  Target Ratio: 8.00
  Mode: outlier
  Sample Rate: 1000
Data Range: 100438536.000000
Warming up GPU...
Warmup complete.
Starting Profiling...
  Profiling Time: 0.718 ms
  Selected AbsEB: 1.908332e+04 (RelEB: 1.900000e-04)
  Estimated Ratio: 8.39 (Target: 8.00)
Starting Compression...
  Compression Time: 2.235 ms
  Compressed Size: 63759900
  Achieved Ratio: 8.42
Throughput Statistics:
  Profiling Throughput:    747.28 GB/s
  Compression Throughput:  240.21 GB/s
  Total (Prof+Comp) Thrpt: 181.78 GB/s
Starting Decompression...
  Decompression Time: 1.737 ms
  Decompression Throughput: 309.17 GB/s
Verification Results:
  Max Error: 1.908400e+04
  PSNR: 79.20 dB
  Compliance: PASS
BENCH_START:NYX:velocity_y.f32:plain:4.0
Configuration:
  Input File: /scratch/bfrq/bzhang28/SDRBENCH-EXASKY-NYX-512x512x512/velocity_y.f32
  Dims: 512x512x512
  Elements: 134217728
  Target Ratio: 4.00
  Mode: plain
  Sample Rate: 1000
Data Range: 100438536.000000
Warming up GPU...
Warmup complete.
Starting Profiling...
  Profiling Time: 0.713 ms
  Selected AbsEB: 1.607017e+04 (RelEB: 1.600000e-04)
  Estimated Ratio: 4.15 (Target: 4.00)
Starting Compression...
  Compression Time: 1.897 ms
  Compressed Size: 130152864
  Achieved Ratio: 4.12
Throughput Statistics:
  Profiling Throughput:    753.02 GB/s
  Compression Throughput:  282.99 GB/s
  Total (Prof+Comp) Thrpt: 205.69 GB/s
Starting Decompression...
  Decompression Time: 1.068 ms
  Decompression Throughput: 502.79 GB/s
Verification Results:
  Max Error: 1.607050e+04
  PSNR: 80.69 dB
  Compliance: PASS
BENCH_START:NYX:velocity_y.f32:plain:6.0
Configuration:
  Input File: /scratch/bfrq/bzhang28/SDRBENCH-EXASKY-NYX-512x512x512/velocity_y.f32
  Dims: 512x512x512
  Elements: 134217728
  Target Ratio: 6.00
  Mode: plain
  Sample Rate: 1000
Data Range: 100438536.000000
Warming up GPU...
Warmup complete.
Starting Profiling...
  Profiling Time: 0.716 ms
  Selected AbsEB: 9.139907e+04 (RelEB: 9.100000e-04)
  Estimated Ratio: 6.02 (Target: 6.00)
Starting Compression...
  Compression Time: 1.943 ms
  Compressed Size: 89606760
  Achieved Ratio: 5.99
Throughput Statistics:
  Profiling Throughput:    750.02 GB/s
  Compression Throughput:  276.29 GB/s
  Total (Prof+Comp) Thrpt: 201.91 GB/s
Starting Decompression...
  Decompression Time: 0.954 ms
  Decompression Throughput: 563.03 GB/s
Verification Results:
  Max Error: 9.140000e+04
  PSNR: 65.59 dB
  Compliance: PASS
BENCH_START:NYX:velocity_y.f32:plain:8.0
Configuration:
  Input File: /scratch/bfrq/bzhang28/SDRBENCH-EXASKY-NYX-512x512x512/velocity_y.f32
  Dims: 512x512x512
  Elements: 134217728
  Target Ratio: 8.00
  Mode: plain
  Sample Rate: 1000
Data Range: 100438536.000000
Warming up GPU...
Warmup complete.
Starting Profiling...
  Profiling Time: 0.720 ms
  Selected AbsEB: 2.812279e+05 (RelEB: 2.800000e-03)
  Estimated Ratio: 8.25 (Target: 8.00)
Starting Compression...
  Compression Time: 1.886 ms
  Compressed Size: 65504920
  Achieved Ratio: 8.20
Throughput Statistics:
  Profiling Throughput:    745.69 GB/s
  Compression Throughput:  284.72 GB/s
  Total (Prof+Comp) Thrpt: 206.05 GB/s
Starting Decompression...
  Decompression Time: 0.932 ms
  Decompression Throughput: 575.88 GB/s
Verification Results:
  Max Error: 2.812280e+05
  PSNR: 55.83 dB
  Compliance: PASS
BENCH_START:NYX:velocity_z.f32:outlier:4.0
Configuration:
  Input File: /scratch/bfrq/bzhang28/SDRBENCH-EXASKY-NYX-512x512x512/velocity_z.f32
  Dims: 512x512x512
  Elements: 134217728
  Target Ratio: 4.00
  Mode: outlier
  Sample Rate: 1000
Data Range: 72324240.000000
Warming up GPU...
Warmup complete.
Starting Profiling...
  Profiling Time: 0.715 ms
  Selected AbsEB: 1.084864e+03 (RelEB: 1.500000e-05)
  Estimated Ratio: 4.10 (Target: 4.00)
Starting Compression...
  Compression Time: 2.533 ms
  Compressed Size: 131078167
  Achieved Ratio: 4.10
Throughput Statistics:
  Profiling Throughput:    750.73 GB/s
  Compression Throughput:  211.91 GB/s
  Total (Prof+Comp) Thrpt: 165.26 GB/s
Starting Decompression...
  Decompression Time: 2.408 ms
  Decompression Throughput: 222.99 GB/s
Verification Results:
  Max Error: 1.086000e+03
  PSNR: 101.25 dB
  Compliance: PASS
BENCH_START:NYX:velocity_z.f32:outlier:6.0
Configuration:
  Input File: /scratch/bfrq/bzhang28/SDRBENCH-EXASKY-NYX-512x512x512/velocity_z.f32
  Dims: 512x512x512
  Elements: 134217728
  Target Ratio: 6.00
  Mode: outlier
  Sample Rate: 1000
Data Range: 72324240.000000
Warming up GPU...
Warmup complete.
Starting Profiling...
  Profiling Time: 0.724 ms
  Selected AbsEB: 6.364533e+03 (RelEB: 8.800000e-05)
  Estimated Ratio: 6.04 (Target: 6.00)
Starting Compression...
  Compression Time: 2.403 ms
  Compressed Size: 88948952
  Achieved Ratio: 6.04
Throughput Statistics:
  Profiling Throughput:    741.73 GB/s
  Compression Throughput:  223.42 GB/s
  Total (Prof+Comp) Thrpt: 171.70 GB/s
Starting Decompression...
  Decompression Time: 2.091 ms
  Decompression Throughput: 256.73 GB/s
Verification Results:
  Max Error: 6.365000e+03
  PSNR: 85.88 dB
  Compliance: PASS
BENCH_START:NYX:velocity_z.f32:outlier:8.0
Configuration:
  Input File: /scratch/bfrq/bzhang28/SDRBENCH-EXASKY-NYX-512x512x512/velocity_z.f32
  Dims: 512x512x512
  Elements: 134217728
  Target Ratio: 8.00
  Mode: outlier
  Sample Rate: 1000
Data Range: 72324240.000000
Warming up GPU...
Warmup complete.
Starting Profiling...
  Profiling Time: 0.720 ms
  Selected AbsEB: 1.808106e+04 (RelEB: 2.500000e-04)
  Estimated Ratio: 8.19 (Target: 8.00)
Starting Compression...
  Compression Time: 2.121 ms
  Compressed Size: 65620044
  Achieved Ratio: 8.18
Throughput Statistics:
  Profiling Throughput:    745.59 GB/s
  Compression Throughput:  253.07 GB/s
  Total (Prof+Comp) Thrpt: 188.94 GB/s
Starting Decompression...
  Decompression Time: 1.786 ms
  Decompression Throughput: 300.59 GB/s
Verification Results:
  Max Error: 1.808200e+04
  PSNR: 76.81 dB
  Compliance: PASS
BENCH_START:NYX:velocity_z.f32:plain:4.0
Configuration:
  Input File: /scratch/bfrq/bzhang28/SDRBENCH-EXASKY-NYX-512x512x512/velocity_z.f32
  Dims: 512x512x512
  Elements: 134217728
  Target Ratio: 4.00
  Mode: plain
  Sample Rate: 1000
Data Range: 72324240.000000
Warming up GPU...
Warmup complete.
Starting Profiling...
  Profiling Time: 0.728 ms
  Selected AbsEB: 1.157188e+04 (RelEB: 1.600000e-04)
  Estimated Ratio: 4.12 (Target: 4.00)
Starting Compression...
  Compression Time: 1.898 ms
  Compressed Size: 130637168
  Achieved Ratio: 4.11
Throughput Statistics:
  Profiling Throughput:    737.40 GB/s
  Compression Throughput:  282.91 GB/s
  Total (Prof+Comp) Thrpt: 204.47 GB/s
Starting Decompression...
  Decompression Time: 1.088 ms
  Decompression Throughput: 493.62 GB/s
Verification Results:
  Max Error: 1.157200e+04
  PSNR: 80.69 dB
  Compliance: PASS
BENCH_START:NYX:velocity_z.f32:plain:6.0
Configuration:
  Input File: /scratch/bfrq/bzhang28/SDRBENCH-EXASKY-NYX-512x512x512/velocity_z.f32
  Dims: 512x512x512
  Elements: 134217728
  Target Ratio: 6.00
  Mode: plain
  Sample Rate: 1000
Data Range: 72324240.000000
Warming up GPU...
Warmup complete.
Starting Profiling...
  Profiling Time: 0.710 ms
  Selected AbsEB: 6.798479e+04 (RelEB: 9.400000e-04)
  Estimated Ratio: 6.03 (Target: 6.00)
Starting Compression...
  Compression Time: 1.790 ms
  Compressed Size: 89273752
  Achieved Ratio: 6.01
Throughput Statistics:
  Profiling Throughput:    755.63 GB/s
  Compression Throughput:  299.86 GB/s
  Total (Prof+Comp) Thrpt: 214.67 GB/s
Starting Decompression...
  Decompression Time: 0.944 ms
  Decompression Throughput: 568.51 GB/s
Verification Results:
  Max Error: 6.798600e+04
  PSNR: 65.31 dB
  Compliance: PASS
BENCH_START:NYX:velocity_z.f32:plain:8.0
Configuration:
  Input File: /scratch/bfrq/bzhang28/SDRBENCH-EXASKY-NYX-512x512x512/velocity_z.f32
  Dims: 512x512x512
  Elements: 134217728
  Target Ratio: 8.00
  Mode: plain
  Sample Rate: 1000
Data Range: 72324240.000000
Warming up GPU...
Warmup complete.
Starting Profiling...
  Profiling Time: 0.702 ms
  Selected AbsEB: 2.025079e+05 (RelEB: 2.800000e-03)
  Estimated Ratio: 8.15 (Target: 8.00)
Starting Compression...
  Compression Time: 1.777 ms
  Compressed Size: 65855640
  Achieved Ratio: 8.15
Throughput Statistics:
  Profiling Throughput:    764.65 GB/s
  Compression Throughput:  302.05 GB/s
  Total (Prof+Comp) Thrpt: 216.52 GB/s
Starting Decompression...
  Decompression Time: 0.946 ms
  Decompression Throughput: 567.45 GB/s
Verification Results:
  Max Error: 2.025090e+05
  PSNR: 55.83 dB
  Compliance: PASS
BENCH_START:HACC:vx.f32:outlier:4.0
Configuration:
  Input File: /scratch/bfrq/bzhang28/1billionparticles_onesnapshot/vx.f32
  Output File: (none)
  Elements: 1073726487
  Target Ratio: 4.00
  Mode: outlier
Data Range: 7614.873535 (Min: -3700.378418, Max: 3914.495117)
Warming up GPU...
Warmup complete.
Starting Profiling...
  Profiling Time: 3.209 ms
  Selected AbsEB: 1.446826e+00 (RelEB: 1.900000e-04)
Starting Compression...
  Compression Time: 14.091 ms
  Compressed Size: 1043517543 bytes
  Achieved Ratio: 4.12
Throughput Statistics:
  Profiling Throughput:    1338.22 GB/s
  Compression Throughput:  304.80 GB/s
  Total (Prof+Comp) Thrpt: 248.26 GB/s
Starting Decompression...
  Decompression Time: 12.618 ms
  Decompression Throughput: 340.38 GB/s
Verification Results:
  Max Error: 1.447021e+00
  PSNR: 79.20 dB
  Error Bound Compliance: PASS
BENCH_START:HACC:vx.f32:outlier:6.0
Configuration:
  Input File: /scratch/bfrq/bzhang28/1billionparticles_onesnapshot/vx.f32
  Output File: (none)
  Elements: 1073726487
  Target Ratio: 6.00
  Mode: outlier
Data Range: 7614.873535 (Min: -3700.378418, Max: 3914.495117)
Warming up GPU...
Warmup complete.
Starting Profiling...
  Profiling Time: 3.181 ms
  Selected AbsEB: 9.899336e+00 (RelEB: 1.300000e-03)
Starting Compression...
  Compression Time: 12.315 ms
  Compressed Size: 687458818 bytes
  Achieved Ratio: 6.25
Throughput Statistics:
  Profiling Throughput:    1350.15 GB/s
  Compression Throughput:  348.77 GB/s
  Total (Prof+Comp) Thrpt: 277.17 GB/s
Starting Decompression...
  Decompression Time: 9.901 ms
  Decompression Throughput: 433.78 GB/s
Verification Results:
  Max Error: 9.899414e+00
  PSNR: 62.49 dB
  Error Bound Compliance: PASS
BENCH_START:HACC:vx.f32:outlier:8.0
Configuration:
  Input File: /scratch/bfrq/bzhang28/1billionparticles_onesnapshot/vx.f32
  Output File: (none)
  Elements: 1073726487
  Target Ratio: 8.00
  Mode: outlier
Data Range: 7614.873535 (Min: -3700.378418, Max: 3914.495117)
Warming up GPU...
Warmup complete.
Starting Profiling...
  Profiling Time: 3.227 ms
  Selected AbsEB: 2.589057e+01 (RelEB: 3.400000e-03)
Starting Compression...
  Compression Time: 11.904 ms
  Compressed Size: 528455125 bytes
  Achieved Ratio: 8.13
Throughput Statistics:
  Profiling Throughput:    1330.90 GB/s
  Compression Throughput:  360.78 GB/s
  Total (Prof+Comp) Thrpt: 283.84 GB/s
Starting Decompression...
  Decompression Time: 9.278 ms
  Decompression Throughput: 462.92 GB/s
Verification Results:
  Max Error: 2.589062e+01
  PSNR: 54.14 dB
  Error Bound Compliance: PASS
BENCH_START:HACC:vx.f32:plain:4.0
Configuration:
  Input File: /scratch/bfrq/bzhang28/1billionparticles_onesnapshot/vx.f32
  Output File: (none)
  Elements: 1073726487
  Target Ratio: 4.00
  Mode: plain
Data Range: 7614.873535 (Min: -3700.378418, Max: 3914.495117)
Warming up GPU...
Warmup complete.
Starting Profiling...
  Profiling Time: 2.873 ms
  Selected AbsEB: 1.903718e+00 (RelEB: 2.500000e-04)
Starting Compression...
  Compression Time: 11.957 ms
  Compressed Size: 1063103428 bytes
  Achieved Ratio: 4.04
Throughput Statistics:
  Profiling Throughput:    1494.69 GB/s
  Compression Throughput:  359.21 GB/s
  Total (Prof+Comp) Thrpt: 289.61 GB/s
Starting Decompression...
  Decompression Time: 9.441 ms
  Decompression Throughput: 454.94 GB/s
Verification Results:
  Max Error: 1.903809e+00
  PSNR: 76.81 dB
  Error Bound Compliance: PASS
BENCH_START:HACC:vx.f32:plain:6.0
Configuration:
  Input File: /scratch/bfrq/bzhang28/1billionparticles_onesnapshot/vx.f32
  Output File: (none)
  Elements: 1073726487
  Target Ratio: 6.00
  Mode: plain
Data Range: 7614.873535 (Min: -3700.378418, Max: 3914.495117)
Warming up GPU...
Warmup complete.
Starting Profiling...
  Profiling Time: 2.930 ms
  Selected AbsEB: 1.218380e+01 (RelEB: 1.600000e-03)
Starting Compression...
  Compression Time: 11.385 ms
  Compressed Size: 713976264 bytes
  Achieved Ratio: 6.02
Throughput Statistics:
  Profiling Throughput:    1465.62 GB/s
  Compression Throughput:  377.24 GB/s
  Total (Prof+Comp) Thrpt: 300.02 GB/s
Starting Decompression...
  Decompression Time: 9.285 ms
  Decompression Throughput: 462.55 GB/s
Verification Results:
  Max Error: 1.218396e+01
  PSNR: 60.69 dB
  Error Bound Compliance: PASS
BENCH_START:HACC:vx.f32:plain:8.0
Configuration:
  Input File: /scratch/bfrq/bzhang28/1billionparticles_onesnapshot/vx.f32
  Output File: (none)
  Elements: 1073726487
  Target Ratio: 8.00
  Mode: plain
Data Range: 7614.873535 (Min: -3700.378418, Max: 3914.495117)
Warming up GPU...
Warmup complete.
Starting Profiling...
  Profiling Time: 2.864 ms
  Selected AbsEB: 3.502842e+01 (RelEB: 4.600000e-03)
Starting Compression...
  Compression Time: 11.187 ms
  Compressed Size: 529394384 bytes
  Achieved Ratio: 8.11
Throughput Statistics:
  Profiling Throughput:    1499.65 GB/s
  Compression Throughput:  383.91 GB/s
  Total (Prof+Comp) Thrpt: 305.66 GB/s
Starting Decompression...
  Decompression Time: 9.195 ms
  Decompression Throughput: 467.09 GB/s
Verification Results:
  Max Error: 3.502856e+01
  PSNR: 51.52 dB
  Error Bound Compliance: PASS
BENCH_START:HACC:vy.f32:outlier:4.0
Configuration:
  Input File: /scratch/bfrq/bzhang28/1billionparticles_onesnapshot/vy.f32
  Output File: (none)
  Elements: 1073726487
  Target Ratio: 4.00
  Mode: outlier
Data Range: 7877.466797 (Min: -3846.212402, Max: 4031.254150)
Warming up GPU...
Warmup complete.
Starting Profiling...
  Profiling Time: 3.190 ms
  Selected AbsEB: 1.496719e+00 (RelEB: 1.900000e-04)
Starting Compression...
  Compression Time: 14.098 ms
  Compressed Size: 1040957421 bytes
  Achieved Ratio: 4.13
Throughput Statistics:
  Profiling Throughput:    1346.22 GB/s
  Compression Throughput:  304.65 GB/s
  Total (Prof+Comp) Thrpt: 248.43 GB/s
Starting Decompression...
  Decompression Time: 12.647 ms
  Decompression Throughput: 339.59 GB/s
Verification Results:
  Max Error: 1.496826e+00
  PSNR: 79.20 dB
  Error Bound Compliance: PASS
BENCH_START:HACC:vy.f32:outlier:6.0
Configuration:
  Input File: /scratch/bfrq/bzhang28/1billionparticles_onesnapshot/vy.f32
  Output File: (none)
  Elements: 1073726487
  Target Ratio: 6.00
  Mode: outlier
Data Range: 7877.466797 (Min: -3846.212402, Max: 4031.254150)
Warming up GPU...
Warmup complete.
Starting Profiling...
  Profiling Time: 3.230 ms
  Selected AbsEB: 8.665214e+00 (RelEB: 1.100000e-03)
Starting Compression...
  Compression Time: 12.430 ms
  Compressed Size: 714777611 bytes
  Achieved Ratio: 6.01
Throughput Statistics:
  Profiling Throughput:    1329.78 GB/s
  Compression Throughput:  345.53 GB/s
  Total (Prof+Comp) Thrpt: 274.27 GB/s
Starting Decompression...
  Decompression Time: 10.035 ms
  Decompression Throughput: 427.99 GB/s
Verification Results:
  Max Error: 8.665283e+00
  PSNR: 63.94 dB
  Error Bound Compliance: PASS
BENCH_START:HACC:vy.f32:outlier:8.0
Configuration:
  Input File: /scratch/bfrq/bzhang28/1billionparticles_onesnapshot/vy.f32
  Output File: (none)
  Elements: 1073726487
  Target Ratio: 8.00
  Mode: outlier
Data Range: 7877.466797 (Min: -3846.212402, Max: 4031.254150)
Warming up GPU...
Warmup complete.
Starting Profiling...
  Profiling Time: 3.230 ms
  Selected AbsEB: 2.678339e+01 (RelEB: 3.400000e-03)
Starting Compression...
  Compression Time: 11.959 ms
  Compressed Size: 526687524 bytes
  Achieved Ratio: 8.15
Throughput Statistics:
  Profiling Throughput:    1329.57 GB/s
  Compression Throughput:  359.14 GB/s
  Total (Prof+Comp) Thrpt: 282.76 GB/s
Starting Decompression...
  Decompression Time: 9.293 ms
  Decompression Throughput: 462.15 GB/s
Verification Results:
  Max Error: 2.678345e+01
  PSNR: 54.14 dB
  Error Bound Compliance: PASS
BENCH_START:HACC:vy.f32:plain:4.0
Configuration:
  Input File: /scratch/bfrq/bzhang28/1billionparticles_onesnapshot/vy.f32
  Output File: (none)
  Elements: 1073726487
  Target Ratio: 4.00
  Mode: plain
Data Range: 7877.466797 (Min: -3846.212402, Max: 4031.254150)
Warming up GPU...
Warmup complete.
Starting Profiling...
  Profiling Time: 2.848 ms
  Selected AbsEB: 1.969367e+00 (RelEB: 2.500000e-04)
Starting Compression...
  Compression Time: 11.995 ms
  Compressed Size: 1065176720 bytes
  Achieved Ratio: 4.03
Throughput Statistics:
  Profiling Throughput:    1507.89 GB/s
  Compression Throughput:  358.05 GB/s
  Total (Prof+Comp) Thrpt: 289.35 GB/s
Starting Decompression...
  Decompression Time: 9.408 ms
  Decompression Throughput: 456.51 GB/s
Verification Results:
  Max Error: 1.969727e+00
  PSNR: 76.81 dB
  Error Bound Compliance: PASS
BENCH_START:HACC:vy.f32:plain:6.0
Configuration:
  Input File: /scratch/bfrq/bzhang28/1billionparticles_onesnapshot/vy.f32
  Output File: (none)
  Elements: 1073726487
  Target Ratio: 6.00
  Mode: plain
Data Range: 7877.466797 (Min: -3846.212402, Max: 4031.254150)
Warming up GPU...
Warmup complete.
Starting Profiling...
  Profiling Time: 2.847 ms
  Selected AbsEB: 1.260395e+01 (RelEB: 1.600000e-03)
Starting Compression...
  Compression Time: 11.416 ms
  Compressed Size: 715923392 bytes
  Achieved Ratio: 6.00
Throughput Statistics:
  Profiling Throughput:    1508.70 GB/s
  Compression Throughput:  376.23 GB/s
  Total (Prof+Comp) Thrpt: 301.14 GB/s
Starting Decompression...
  Decompression Time: 9.284 ms
  Decompression Throughput: 462.62 GB/s
Verification Results:
  Max Error: 1.260400e+01
  PSNR: 60.69 dB
  Error Bound Compliance: PASS
BENCH_START:HACC:vy.f32:plain:8.0
Configuration:
  Input File: /scratch/bfrq/bzhang28/1billionparticles_onesnapshot/vy.f32
  Output File: (none)
  Elements: 1073726487
  Target Ratio: 8.00
  Mode: plain
Data Range: 7877.466797 (Min: -3846.212402, Max: 4031.254150)
Warming up GPU...
Warmup complete.
Starting Profiling...
  Profiling Time: 2.879 ms
  Selected AbsEB: 3.623635e+01 (RelEB: 4.600000e-03)
Starting Compression...
  Compression Time: 11.170 ms
  Compressed Size: 530973080 bytes
  Achieved Ratio: 8.09
Throughput Statistics:
  Profiling Throughput:    1492.00 GB/s
  Compression Throughput:  384.51 GB/s
  Total (Prof+Comp) Thrpt: 305.72 GB/s
Starting Decompression...
  Decompression Time: 9.178 ms
  Decompression Throughput: 467.97 GB/s
Verification Results:
  Max Error: 3.623645e+01
  PSNR: 51.52 dB
  Error Bound Compliance: PASS
BENCH_START:HACC:vz.f32:outlier:4.0
Configuration:
  Input File: /scratch/bfrq/bzhang28/1billionparticles_onesnapshot/vz.f32
  Output File: (none)
  Elements: 1073726487
  Target Ratio: 4.00
  Mode: outlier
Data Range: 8030.170898 (Min: -4083.671631, Max: 3946.499268)
Warming up GPU...
Warmup complete.
Starting Profiling...
  Profiling Time: 3.221 ms
  Selected AbsEB: 1.525733e+00 (RelEB: 1.900000e-04)
Starting Compression...
  Compression Time: 14.216 ms
  Compressed Size: 1042924574 bytes
  Achieved Ratio: 4.12
Throughput Statistics:
  Profiling Throughput:    1333.23 GB/s
  Compression Throughput:  302.12 GB/s
  Total (Prof+Comp) Thrpt: 246.31 GB/s
Starting Decompression...
  Decompression Time: 12.800 ms
  Decompression Throughput: 335.53 GB/s
Verification Results:
  Max Error: 1.525879e+00
  PSNR: 79.20 dB
  Error Bound Compliance: PASS
BENCH_START:HACC:vz.f32:outlier:6.0
Configuration:
  Input File: /scratch/bfrq/bzhang28/1billionparticles_onesnapshot/vz.f32
  Output File: (none)
  Elements: 1073726487
  Target Ratio: 6.00
  Mode: outlier
Data Range: 8030.170898 (Min: -4083.671631, Max: 3946.499268)
Warming up GPU...
Warmup complete.
Starting Profiling...
  Profiling Time: 3.201 ms
  Selected AbsEB: 1.043922e+01 (RelEB: 1.300000e-03)
Starting Compression...
  Compression Time: 12.363 ms
  Compressed Size: 686822568 bytes
  Achieved Ratio: 6.25
Throughput Statistics:
  Profiling Throughput:    1341.89 GB/s
  Compression Throughput:  347.41 GB/s
  Total (Prof+Comp) Thrpt: 275.96 GB/s
Starting Decompression...
  Decompression Time: 9.954 ms
  Decompression Throughput: 431.49 GB/s
Verification Results:
  Max Error: 1.043933e+01
  PSNR: 62.49 dB
  Error Bound Compliance: PASS
BENCH_START:HACC:vz.f32:outlier:8.0
Configuration:
  Input File: /scratch/bfrq/bzhang28/1billionparticles_onesnapshot/vz.f32
  Output File: (none)
  Elements: 1073726487
  Target Ratio: 8.00
  Mode: outlier
Data Range: 8030.170898 (Min: -4083.671631, Max: 3946.499268)
Warming up GPU...
Warmup complete.
Starting Profiling...
  Profiling Time: 3.232 ms
  Selected AbsEB: 2.730258e+01 (RelEB: 3.400000e-03)
Starting Compression...
  Compression Time: 11.927 ms
  Compressed Size: 528893095 bytes
  Achieved Ratio: 8.12
Throughput Statistics:
  Profiling Throughput:    1329.05 GB/s
  Compression Throughput:  360.09 GB/s
  Total (Prof+Comp) Thrpt: 283.32 GB/s
Starting Decompression...
  Decompression Time: 9.358 ms
  Decompression Throughput: 458.97 GB/s
Verification Results:
  Max Error: 2.730273e+01
  PSNR: 54.14 dB
  Error Bound Compliance: PASS
BENCH_START:HACC:vz.f32:plain:4.0
Configuration:
  Input File: /scratch/bfrq/bzhang28/1billionparticles_onesnapshot/vz.f32
  Output File: (none)
  Elements: 1073726487
  Target Ratio: 4.00
  Mode: plain
Data Range: 8030.170898 (Min: -4083.671631, Max: 3946.499268)
Warming up GPU...
Warmup complete.
Starting Profiling...
  Profiling Time: 2.878 ms
  Selected AbsEB: 2.007543e+00 (RelEB: 2.500000e-04)
Starting Compression...
  Compression Time: 11.986 ms
  Compressed Size: 1069445460 bytes
  Achieved Ratio: 4.02
Throughput Statistics:
  Profiling Throughput:    1492.50 GB/s
  Compression Throughput:  358.32 GB/s
  Total (Prof+Comp) Thrpt: 288.95 GB/s
Starting Decompression...
  Decompression Time: 9.423 ms
  Decompression Throughput: 455.77 GB/s
Verification Results:
  Max Error: 2.007690e+00
  PSNR: 76.81 dB
  Error Bound Compliance: PASS
BENCH_START:HACC:vz.f32:plain:6.0
Configuration:
  Input File: /scratch/bfrq/bzhang28/1billionparticles_onesnapshot/vz.f32
  Output File: (none)
  Elements: 1073726487
  Target Ratio: 6.00
  Mode: plain
Data Range: 8030.170898 (Min: -4083.671631, Max: 3946.499268)
Warming up GPU...
Warmup complete.
Starting Profiling...
  Profiling Time: 2.907 ms
  Selected AbsEB: 1.525733e+01 (RelEB: 1.900000e-03)
Starting Compression...
  Compression Time: 11.380 ms
  Compressed Size: 688699560 bytes
  Achieved Ratio: 6.24
Throughput Statistics:
  Profiling Throughput:    1477.24 GB/s
  Compression Throughput:  377.39 GB/s
  Total (Prof+Comp) Thrpt: 300.60 GB/s
Starting Decompression...
  Decompression Time: 9.292 ms
  Decompression Throughput: 462.21 GB/s
Verification Results:
  Max Error: 1.525735e+01
  PSNR: 59.20 dB
  Error Bound Compliance: PASS
BENCH_START:HACC:vz.f32:plain:8.0
Configuration:
  Input File: /scratch/bfrq/bzhang28/1billionparticles_onesnapshot/vz.f32
  Output File: (none)
  Elements: 1073726487
  Target Ratio: 8.00
  Mode: plain
Data Range: 8030.170898 (Min: -4083.671631, Max: 3946.499268)
Warming up GPU...
Warmup complete.
Starting Profiling...
  Profiling Time: 2.841 ms
  Selected AbsEB: 3.693879e+01 (RelEB: 4.600000e-03)
Starting Compression...
  Compression Time: 11.194 ms
  Compressed Size: 534993280 bytes
  Achieved Ratio: 8.03
Throughput Statistics:
  Profiling Throughput:    1511.56 GB/s
  Compression Throughput:  383.67 GB/s
  Total (Prof+Comp) Thrpt: 306.00 GB/s
Starting Decompression...
  Decompression Time: 9.237 ms
  Decompression Throughput: 464.96 GB/s
Verification Results:
  Max Error: 3.693878e+01
  PSNR: 51.52 dB
  Error Bound Compliance: PASS
BENCH_START:HACC:xx.f32:outlier:4.0
Configuration:
  Input File: /scratch/bfrq/bzhang28/1billionparticles_onesnapshot/xx.f32
  Output File: (none)
  Elements: 1073726487
  Target Ratio: 4.00
  Mode: outlier
Data Range: 255.999985 (Min: 0.000000, Max: 255.999985)
Warming up GPU...
Warmup complete.
Starting Profiling...
  Profiling Time: 3.188 ms
  Selected AbsEB: 3.840000e-03 (RelEB: 1.500000e-05)
Starting Compression...
  Compression Time: 14.644 ms
  Compressed Size: 1023825107 bytes
  Achieved Ratio: 4.19
Throughput Statistics:
  Profiling Throughput:    1347.25 GB/s
  Compression Throughput:  293.28 GB/s
  Total (Prof+Comp) Thrpt: 240.85 GB/s
Starting Decompression...
  Decompression Time: 10.234 ms
  Decompression Throughput: 419.68 GB/s
Verification Results:
  Max Error: 3.860474e-03
  PSNR: 101.25 dB
  Error Bound Compliance: PASS
BENCH_START:HACC:xx.f32:outlier:6.0
Configuration:
  Input File: /scratch/bfrq/bzhang28/1billionparticles_onesnapshot/xx.f32
  Output File: (none)
  Elements: 1073726487
  Target Ratio: 6.00
  Mode: outlier
Data Range: 255.999985 (Min: 0.000000, Max: 255.999985)
Warming up GPU...
Warmup complete.
Starting Profiling...
  Profiling Time: 3.202 ms
  Selected AbsEB: 2.176000e-02 (RelEB: 8.500000e-05)
Starting Compression...
  Compression Time: 12.421 ms
  Compressed Size: 713697203 bytes
  Achieved Ratio: 6.02
Throughput Statistics:
  Profiling Throughput:    1341.38 GB/s
  Compression Throughput:  345.77 GB/s
  Total (Prof+Comp) Thrpt: 274.91 GB/s
Starting Decompression...
  Decompression Time: 9.591 ms
  Decompression Throughput: 447.83 GB/s
Verification Results:
  Max Error: 2.177429e-02
  PSNR: 86.18 dB
  Error Bound Compliance: PASS
BENCH_START:HACC:xx.f32:outlier:8.0
Configuration:
  Input File: /scratch/bfrq/bzhang28/1billionparticles_onesnapshot/xx.f32
  Output File: (none)
  Elements: 1073726487
  Target Ratio: 8.00
  Mode: outlier
Data Range: 255.999985 (Min: 0.000000, Max: 255.999985)
Warming up GPU...
Warmup complete.
Starting Profiling...
  Profiling Time: 3.216 ms
  Selected AbsEB: 6.400000e-02 (RelEB: 2.500000e-04)
Starting Compression...
  Compression Time: 11.799 ms
  Compressed Size: 522784532 bytes
  Achieved Ratio: 8.22
Throughput Statistics:
  Profiling Throughput:    1335.31 GB/s
  Compression Throughput:  363.99 GB/s
  Total (Prof+Comp) Thrpt: 286.03 GB/s
Starting Decompression...
  Decompression Time: 9.355 ms
  Decompression Throughput: 459.12 GB/s
Verification Results:
  Max Error: 6.401062e-02
  PSNR: 76.81 dB
  Error Bound Compliance: PASS
BENCH_START:HACC:xx.f32:plain:4.0
Configuration:
  Input File: /scratch/bfrq/bzhang28/1billionparticles_onesnapshot/xx.f32
  Output File: (none)
  Elements: 1073726487
  Target Ratio: 4.00
  Mode: plain
Data Range: 255.999985 (Min: 0.000000, Max: 255.999985)
Warming up GPU...
Warmup complete.
Starting Profiling...
  Profiling Time: 2.841 ms
  Selected AbsEB: 6.399999e-01 (RelEB: 2.500000e-03)
Starting Compression...
  Compression Time: 11.980 ms
  Compressed Size: 1068379440 bytes
  Achieved Ratio: 4.02
Throughput Statistics:
  Profiling Throughput:    1511.76 GB/s
  Compression Throughput:  358.51 GB/s
  Total (Prof+Comp) Thrpt: 289.79 GB/s
Starting Decompression...
  Decompression Time: 9.452 ms
  Decompression Throughput: 454.39 GB/s
Verification Results:
  Max Error: 6.400146e-01
  PSNR: 56.81 dB
  Error Bound Compliance: PASS
BENCH_START:HACC:xx.f32:plain:6.0
Configuration:
  Input File: /scratch/bfrq/bzhang28/1billionparticles_onesnapshot/xx.f32
  Output File: (none)
  Elements: 1073726487
  Target Ratio: 6.00
  Mode: plain
Data Range: 255.999985 (Min: 0.000000, Max: 255.999985)
Warming up GPU...
Warmup complete.
Starting Profiling...
  Profiling Time: 2.847 ms
  Selected AbsEB: 4.096000e+00 (RelEB: 1.600000e-02)
Starting Compression...
  Compression Time: 11.303 ms
  Compressed Size: 709012424 bytes
  Achieved Ratio: 6.06
Throughput Statistics:
  Profiling Throughput:    1508.31 GB/s
  Compression Throughput:  379.99 GB/s
  Total (Prof+Comp) Thrpt: 303.53 GB/s
Starting Decompression...
  Decompression Time: 9.179 ms
  Decompression Throughput: 467.89 GB/s
Verification Results:
  Max Error: 4.096008e+00
  PSNR: 40.74 dB
  Error Bound Compliance: PASS
BENCH_START:HACC:xx.f32:plain:8.0
Configuration:
  Input File: /scratch/bfrq/bzhang28/1billionparticles_onesnapshot/xx.f32
  Output File: (none)
  Elements: 1073726487
  Target Ratio: 8.00
  Mode: plain
Data Range: 255.999985 (Min: 0.000000, Max: 255.999985)
Warming up GPU...
Warmup complete.
Starting Profiling...
  Profiling Time: 2.848 ms
  Selected AbsEB: 1.177600e+01 (RelEB: 4.600000e-02)
Starting Compression...
  Compression Time: 11.037 ms
  Compressed Size: 534778684 bytes
  Achieved Ratio: 8.03
Throughput Statistics:
  Profiling Throughput:    1508.09 GB/s
  Compression Throughput:  389.13 GB/s
  Total (Prof+Comp) Thrpt: 309.32 GB/s
Starting Decompression...
  Decompression Time: 8.903 ms
  Decompression Throughput: 482.40 GB/s
Verification Results:
  Max Error: 1.177602e+01
  PSNR: 31.48 dB
  Error Bound Compliance: PASS
BENCH_START:HACC:yy.f32:outlier:4.0
Configuration:
  Input File: /scratch/bfrq/bzhang28/1billionparticles_onesnapshot/yy.f32
  Output File: (none)
  Elements: 1073726487
  Target Ratio: 4.00
  Mode: outlier
Data Range: 255.999985 (Min: 0.000000, Max: 255.999985)
Warming up GPU...
Warmup complete.
Starting Profiling...
  Profiling Time: 3.208 ms
  Selected AbsEB: 3.840000e-03 (RelEB: 1.500000e-05)
Starting Compression...
  Compression Time: 14.735 ms
  Compressed Size: 1055775217 bytes
  Achieved Ratio: 4.07
Throughput Statistics:
  Profiling Throughput:    1338.96 GB/s
  Compression Throughput:  291.49 GB/s
  Total (Prof+Comp) Thrpt: 239.37 GB/s
Starting Decompression...
  Decompression Time: 10.316 ms
  Decompression Throughput: 416.35 GB/s
Verification Results:
  Max Error: 3.860474e-03
  PSNR: 101.25 dB
  Error Bound Compliance: PASS
BENCH_START:HACC:yy.f32:outlier:6.0
Configuration:
  Input File: /scratch/bfrq/bzhang28/1billionparticles_onesnapshot/yy.f32
  Output File: (none)
  Elements: 1073726487
  Target Ratio: 6.00
  Mode: outlier
Data Range: 255.999985 (Min: 0.000000, Max: 255.999985)
Warming up GPU...
Warmup complete.
Starting Profiling...
  Profiling Time: 3.225 ms
  Selected AbsEB: 2.560000e-02 (RelEB: 1.000000e-04)
Starting Compression...
  Compression Time: 12.360 ms
  Compressed Size: 712613368 bytes
  Achieved Ratio: 6.03
Throughput Statistics:
  Profiling Throughput:    1331.74 GB/s
  Compression Throughput:  347.50 GB/s
  Total (Prof+Comp) Thrpt: 275.59 GB/s
Starting Decompression...
  Decompression Time: 9.627 ms
  Decompression Throughput: 446.14 GB/s
Verification Results:
  Max Error: 2.561951e-02
  PSNR: 84.77 dB
  Error Bound Compliance: PASS
BENCH_START:HACC:yy.f32:outlier:8.0
Configuration:
  Input File: /scratch/bfrq/bzhang28/1billionparticles_onesnapshot/yy.f32
  Output File: (none)
  Elements: 1073726487
  Target Ratio: 8.00
  Mode: outlier
Data Range: 255.999985 (Min: 0.000000, Max: 255.999985)
Warming up GPU...
Warmup complete.
Starting Profiling...
  Profiling Time: 3.204 ms
  Selected AbsEB: 7.167999e-02 (RelEB: 2.800000e-04)
Starting Compression...
  Compression Time: 11.803 ms
  Compressed Size: 533578778 bytes
  Achieved Ratio: 8.05
Throughput Statistics:
  Profiling Throughput:    1340.46 GB/s
  Compression Throughput:  363.88 GB/s
  Total (Prof+Comp) Thrpt: 286.19 GB/s
Starting Decompression...
  Decompression Time: 9.414 ms
  Decompression Throughput: 456.23 GB/s
Verification Results:
  Max Error: 7.170105e-02
  PSNR: 75.83 dB
  Error Bound Compliance: PASS
BENCH_START:HACC:yy.f32:plain:4.0
Configuration:
  Input File: /scratch/bfrq/bzhang28/1billionparticles_onesnapshot/yy.f32
  Output File: (none)
  Elements: 1073726487
  Target Ratio: 4.00
  Mode: plain
Data Range: 255.999985 (Min: 0.000000, Max: 255.999985)
Warming up GPU...
Warmup complete.
Starting Profiling...
  Profiling Time: 2.885 ms
  Selected AbsEB: 7.167999e-01 (RelEB: 2.800000e-03)
Starting Compression...
  Compression Time: 12.022 ms
  Compressed Size: 1056387344 bytes
  Achieved Ratio: 4.07
Throughput Statistics:
  Profiling Throughput:    1488.69 GB/s
  Compression Throughput:  357.25 GB/s
  Total (Prof+Comp) Thrpt: 288.11 GB/s
Starting Decompression...
  Decompression Time: 9.409 ms
  Decompression Throughput: 456.49 GB/s
Verification Results:
  Max Error: 7.168274e-01
  PSNR: 55.83 dB
  Error Bound Compliance: PASS
BENCH_START:HACC:yy.f32:plain:6.0
Configuration:
  Input File: /scratch/bfrq/bzhang28/1billionparticles_onesnapshot/yy.f32
  Output File: (none)
  Elements: 1073726487
  Target Ratio: 6.00
  Mode: plain
Data Range: 255.999985 (Min: 0.000000, Max: 255.999985)
Warming up GPU...
Warmup complete.
Starting Profiling...
  Profiling Time: 2.845 ms
  Selected AbsEB: 4.096000e+00 (RelEB: 1.600000e-02)
Starting Compression...
  Compression Time: 11.352 ms
  Compressed Size: 715854996 bytes
  Achieved Ratio: 6.00
Throughput Statistics:
  Profiling Throughput:    1509.81 GB/s
  Compression Throughput:  378.35 GB/s
  Total (Prof+Comp) Thrpt: 302.53 GB/s
Starting Decompression...
  Decompression Time: 9.211 ms
  Decompression Throughput: 466.28 GB/s
Verification Results:
  Max Error: 4.096008e+00
  PSNR: 40.74 dB
  Error Bound Compliance: PASS
BENCH_START:HACC:yy.f32:plain:8.0
Configuration:
  Input File: /scratch/bfrq/bzhang28/1billionparticles_onesnapshot/yy.f32
  Output File: (none)
  Elements: 1073726487
  Target Ratio: 8.00
  Mode: plain
Data Range: 255.999985 (Min: 0.000000, Max: 255.999985)
Warming up GPU...
Warmup complete.
Starting Profiling...
  Profiling Time: 2.859 ms
  Selected AbsEB: 1.254400e+01 (RelEB: 4.900000e-02)
Starting Compression...
  Compression Time: 11.041 ms
  Compressed Size: 530967528 bytes
  Achieved Ratio: 8.09
Throughput Statistics:
  Profiling Throughput:    1502.24 GB/s
  Compression Throughput:  389.00 GB/s
  Total (Prof+Comp) Thrpt: 308.99 GB/s
Starting Decompression...
  Decompression Time: 8.937 ms
  Decompression Throughput: 480.56 GB/s
Verification Results:
  Max Error: 1.254401e+01
  PSNR: 31.06 dB
  Error Bound Compliance: PASS
BENCH_START:HACC:zz.f32:outlier:4.0
Configuration:
  Input File: /scratch/bfrq/bzhang28/1billionparticles_onesnapshot/zz.f32
  Output File: (none)
  Elements: 1073726487
  Target Ratio: 4.00
  Mode: outlier
Data Range: 255.999985 (Min: 0.000000, Max: 255.999985)
Warming up GPU...
Warmup complete.
Starting Profiling...
  Profiling Time: 3.249 ms
  Selected AbsEB: 5.119999e-03 (RelEB: 2.000000e-05)
Starting Compression...
  Compression Time: 14.735 ms
  Compressed Size: 1055241410 bytes
  Achieved Ratio: 4.07
Throughput Statistics:
  Profiling Throughput:    1321.80 GB/s
  Compression Throughput:  291.47 GB/s
  Total (Prof+Comp) Thrpt: 238.81 GB/s
Starting Decompression...
  Decompression Time: 10.735 ms
  Decompression Throughput: 400.09 GB/s
Verification Results:
  Max Error: 5.126953e-03
  PSNR: 98.75 dB
  Error Bound Compliance: PASS
BENCH_START:HACC:zz.f32:outlier:6.0
Configuration:
  Input File: /scratch/bfrq/bzhang28/1billionparticles_onesnapshot/zz.f32
  Output File: (none)
  Elements: 1073726487
  Target Ratio: 6.00
  Mode: outlier
Data Range: 255.999985 (Min: 0.000000, Max: 255.999985)
Warming up GPU...
Warmup complete.
Starting Profiling...
  Profiling Time: 3.163 ms
  Selected AbsEB: 3.328000e-02 (RelEB: 1.300000e-04)
Starting Compression...
  Compression Time: 12.408 ms
  Compressed Size: 699661655 bytes
  Achieved Ratio: 6.14
Throughput Statistics:
  Profiling Throughput:    1357.90 GB/s
  Compression Throughput:  346.14 GB/s
  Total (Prof+Comp) Thrpt: 275.83 GB/s
Starting Decompression...
  Decompression Time: 9.706 ms
  Decompression Throughput: 442.48 GB/s
Verification Results:
  Max Error: 3.329468e-02
  PSNR: 82.49 dB
  Error Bound Compliance: PASS
BENCH_START:HACC:zz.f32:outlier:8.0
Configuration:
  Input File: /scratch/bfrq/bzhang28/1billionparticles_onesnapshot/zz.f32
  Output File: (none)
  Elements: 1073726487
  Target Ratio: 8.00
  Mode: outlier
Data Range: 255.999985 (Min: 0.000000, Max: 255.999985)
Warming up GPU...
Warmup complete.
Starting Profiling...
  Profiling Time: 3.223 ms
  Selected AbsEB: 9.471999e-02 (RelEB: 3.700000e-04)
Starting Compression...
  Compression Time: 11.943 ms
  Compressed Size: 534005107 bytes
  Achieved Ratio: 8.04
Throughput Statistics:
  Profiling Throughput:    1332.59 GB/s
  Compression Throughput:  359.61 GB/s
  Total (Prof+Comp) Thrpt: 283.19 GB/s
Starting Decompression...
  Decompression Time: 9.308 ms
  Decompression Throughput: 461.40 GB/s
Verification Results:
  Max Error: 9.472656e-02
  PSNR: 73.41 dB
  Error Bound Compliance: PASS
BENCH_START:HACC:zz.f32:plain:4.0
Configuration:
  Input File: /scratch/bfrq/bzhang28/1billionparticles_onesnapshot/zz.f32
  Output File: (none)
  Elements: 1073726487
  Target Ratio: 4.00
  Mode: plain
Data Range: 255.999985 (Min: 0.000000, Max: 255.999985)
Warming up GPU...
Warmup complete.
Starting Profiling...
  Profiling Time: 2.886 ms
  Selected AbsEB: 7.167999e-01 (RelEB: 2.800000e-03)
Starting Compression...
  Compression Time: 11.924 ms
  Compressed Size: 1054150980 bytes
  Achieved Ratio: 4.07
Throughput Statistics:
  Profiling Throughput:    1488.43 GB/s
  Compression Throughput:  360.19 GB/s
  Total (Prof+Comp) Thrpt: 290.01 GB/s
Starting Decompression...
  Decompression Time: 9.429 ms
  Decompression Throughput: 455.51 GB/s
Verification Results:
  Max Error: 7.168274e-01
  PSNR: 55.83 dB
  Error Bound Compliance: PASS
BENCH_START:HACC:zz.f32:plain:6.0
Configuration:
  Input File: /scratch/bfrq/bzhang28/1billionparticles_onesnapshot/zz.f32
  Output File: (none)
  Elements: 1073726487
  Target Ratio: 6.00
  Mode: plain
Data Range: 255.999985 (Min: 0.000000, Max: 255.999985)
Warming up GPU...
Warmup complete.
Starting Profiling...
  Profiling Time: 2.900 ms
  Selected AbsEB: 4.863999e+00 (RelEB: 1.900000e-02)
Starting Compression...
  Compression Time: 11.359 ms
  Compressed Size: 694988060 bytes
  Achieved Ratio: 6.18
Throughput Statistics:
  Profiling Throughput:    1480.82 GB/s
  Compression Throughput:  378.10 GB/s
  Total (Prof+Comp) Thrpt: 301.20 GB/s
Starting Decompression...
  Decompression Time: 9.209 ms
  Decompression Throughput: 466.37 GB/s
Verification Results:
  Max Error: 4.863999e+00
  PSNR: 39.23 dB
  Error Bound Compliance: PASS
BENCH_START:HACC:zz.f32:plain:8.0
Configuration:
  Input File: /scratch/bfrq/bzhang28/1billionparticles_onesnapshot/zz.f32
  Output File: (none)
  Elements: 1073726487
  Target Ratio: 8.00
  Mode: plain
Data Range: 255.999985 (Min: 0.000000, Max: 255.999985)
Warming up GPU...
Warmup complete.
Starting Profiling...
  Profiling Time: 2.850 ms
  Selected AbsEB: 1.254400e+01 (RelEB: 4.900000e-02)
Starting Compression...
  Compression Time: 11.132 ms
  Compressed Size: 528384316 bytes
  Achieved Ratio: 8.13
Throughput Statistics:
  Profiling Throughput:    1506.86 GB/s
  Compression Throughput:  385.81 GB/s
  Total (Prof+Comp) Thrpt: 307.17 GB/s
Starting Decompression...
  Decompression Time: 8.890 ms
  Decompression Throughput: 483.14 GB/s
Verification Results:
  Max Error: 1.254401e+01
  PSNR: 31.03 dB
  Error Bound Compliance: PASS
BENCH_START:EXAFEL:SDRBENCH-EXAFEL-data-130x1480x1552.f32:outlier:4.0
Configuration:
  Input File: /scratch/bfrq/bzhang28/SDRBENCH-EXAFEL-130x1480x1552/SDRBENCH-EXAFEL-data-130x1480x1552.f32
  Dims: 1552x1480x130
  Elements: 298604800
  Target Ratio: 4.00
  Mode: outlier
  Sample Rate: 1000
Data Range: 16481.031250
Warming up GPU...
Warmup complete.
Starting Profiling...
  Profiling Time: 1.080 ms
  Selected AbsEB: 2.636965e+00 (RelEB: 1.600000e-04)
  Estimated Ratio: 4.14 (Target: 4.00)
Starting Compression...
  Compression Time: 4.323 ms
  Compressed Size: 288438574
  Achieved Ratio: 4.14
Throughput Statistics:
  Profiling Throughput:    1105.52 GB/s
  Compression Throughput:  276.29 GB/s
  Total (Prof+Comp) Thrpt: 221.05 GB/s
Starting Decompression...
  Decompression Time: 3.316 ms
  Decompression Throughput: 360.18 GB/s
Verification Results:
  Max Error: 2.636967e+00
  PSNR: 80.69 dB
  Compliance: PASS
BENCH_START:EXAFEL:SDRBENCH-EXAFEL-data-130x1480x1552.f32:outlier:6.0
Configuration:
  Input File: /scratch/bfrq/bzhang28/SDRBENCH-EXAFEL-130x1480x1552/SDRBENCH-EXAFEL-data-130x1480x1552.f32
  Dims: 1552x1480x130
  Elements: 298604800
  Target Ratio: 6.00
  Mode: outlier
  Sample Rate: 1000
Data Range: 16481.031250
Warming up GPU...
Warmup complete.
Starting Profiling...
  Profiling Time: 1.121 ms
  Selected AbsEB: 1.400888e+01 (RelEB: 8.500000e-04)
  Estimated Ratio: 6.01 (Target: 6.00)
Starting Compression...
  Compression Time: 3.976 ms
  Compressed Size: 198954571
  Achieved Ratio: 6.00
Throughput Statistics:
  Profiling Throughput:    1065.41 GB/s
  Compression Throughput:  300.40 GB/s
  Total (Prof+Comp) Thrpt: 234.33 GB/s
Starting Decompression...
  Decompression Time: 2.713 ms
  Decompression Throughput: 440.19 GB/s
Verification Results:
  Max Error: 1.400897e+01
  PSNR: 66.26 dB
  Compliance: PASS
BENCH_START:EXAFEL:SDRBENCH-EXAFEL-data-130x1480x1552.f32:outlier:8.0
Configuration:
  Input File: /scratch/bfrq/bzhang28/SDRBENCH-EXAFEL-130x1480x1552/SDRBENCH-EXAFEL-data-130x1480x1552.f32
  Dims: 1552x1480x130
  Elements: 298604800
  Target Ratio: 8.00
  Mode: outlier
  Sample Rate: 1000
Data Range: 16481.031250
Warming up GPU...
Warmup complete.
Starting Profiling...
  Profiling Time: 1.082 ms
  Selected AbsEB: 4.120258e+01 (RelEB: 2.500000e-03)
  Estimated Ratio: 8.25 (Target: 8.00)
Starting Compression...
  Compression Time: 3.760 ms
  Compressed Size: 144494995
  Achieved Ratio: 8.27
Throughput Statistics:
  Profiling Throughput:    1104.14 GB/s
  Compression Throughput:  317.68 GB/s
  Total (Prof+Comp) Thrpt: 246.70 GB/s
Starting Decompression...
  Decompression Time: 2.249 ms
  Decompression Throughput: 531.13 GB/s
Verification Results:
  Max Error: 4.120258e+01
  PSNR: 56.82 dB
  Compliance: PASS
BENCH_START:EXAFEL:SDRBENCH-EXAFEL-data-130x1480x1552.f32:plain:4.0
Configuration:
  Input File: /scratch/bfrq/bzhang28/SDRBENCH-EXAFEL-130x1480x1552/SDRBENCH-EXAFEL-data-130x1480x1552.f32
  Dims: 1552x1480x130
  Elements: 298604800
  Target Ratio: 4.00
  Mode: plain
  Sample Rate: 1000
Data Range: 16481.031250
Warming up GPU...
Warmup complete.
Starting Profiling...
  Profiling Time: 1.080 ms
  Selected AbsEB: 2.636965e+00 (RelEB: 1.600000e-04)
  Estimated Ratio: 4.12 (Target: 4.00)
Starting Compression...
  Compression Time: 3.692 ms
  Compressed Size: 289929768
  Achieved Ratio: 4.12
Throughput Statistics:
  Profiling Throughput:    1106.11 GB/s
  Compression Throughput:  323.54 GB/s
  Total (Prof+Comp) Thrpt: 250.32 GB/s
Starting Decompression...
  Decompression Time: 1.914 ms
  Decompression Throughput: 623.91 GB/s
Verification Results:
  Max Error: 2.636967e+00
  PSNR: 80.69 dB
  Compliance: PASS
BENCH_START:EXAFEL:SDRBENCH-EXAFEL-data-130x1480x1552.f32:plain:6.0
Configuration:
  Input File: /scratch/bfrq/bzhang28/SDRBENCH-EXAFEL-130x1480x1552/SDRBENCH-EXAFEL-data-130x1480x1552.f32
  Dims: 1552x1480x130
  Elements: 298604800
  Target Ratio: 6.00
  Mode: plain
  Sample Rate: 1000
Data Range: 16481.031250
Warming up GPU...
Warmup complete.
Starting Profiling...
  Profiling Time: 1.090 ms
  Selected AbsEB: 1.450331e+01 (RelEB: 8.800000e-04)
  Estimated Ratio: 6.02 (Target: 6.00)
Starting Compression...
  Compression Time: 3.557 ms
  Compressed Size: 198556072
  Achieved Ratio: 6.02
Throughput Statistics:
  Profiling Throughput:    1095.59 GB/s
  Compression Throughput:  335.84 GB/s
  Total (Prof+Comp) Thrpt: 257.05 GB/s
Starting Decompression...
  Decompression Time: 1.727 ms
  Decompression Throughput: 691.69 GB/s
Verification Results:
  Max Error: 1.450333e+01
  PSNR: 65.96 dB
  Compliance: PASS
BENCH_START:EXAFEL:SDRBENCH-EXAFEL-data-130x1480x1552.f32:plain:8.0
Configuration:
  Input File: /scratch/bfrq/bzhang28/SDRBENCH-EXAFEL-130x1480x1552/SDRBENCH-EXAFEL-data-130x1480x1552.f32
  Dims: 1552x1480x130
  Elements: 298604800
  Target Ratio: 8.00
  Mode: plain
  Sample Rate: 1000
Data Range: 16481.031250
Warming up GPU...
Warmup complete.
Starting Profiling...
  Profiling Time: 1.095 ms
  Selected AbsEB: 4.120258e+01 (RelEB: 2.500000e-03)
  Estimated Ratio: 8.19 (Target: 8.00)
Starting Compression...
  Compression Time: 3.511 ms
  Compressed Size: 145803888
  Achieved Ratio: 8.19
Throughput Statistics:
  Profiling Throughput:    1090.91 GB/s
  Compression Throughput:  340.16 GB/s
  Total (Prof+Comp) Thrpt: 259.30 GB/s
Starting Decompression...
  Decompression Time: 1.623 ms
  Decompression Throughput: 735.99 GB/s
Verification Results:
  Max Error: 4.120258e+01
  PSNR: 56.82 dB
  Compliance: PASS
BENCH_START:QMCPACK:einspline_115_69_69_288.f32:outlier:4.0
Configuration:
  Input File: /scratch/bfrq/bzhang28/dataset/115x69x69x288/einspline_115_69_69_288.f32
  Output File: (none)
  Elements: 157684320
  Target Ratio: 4.00
  Mode: outlier
Data Range: 33.010017 (Min: -16.505009, Max: 16.505009)
Warming up GPU...
Warmup complete.
Starting Profiling...
  Profiling Time: 1.074 ms
  Selected AbsEB: 5.281602e-03 (RelEB: 1.600000e-04)
Starting Compression...
  Compression Time: 2.265 ms
  Compressed Size: 153589862 bytes
  Achieved Ratio: 4.11
Throughput Statistics:
  Profiling Throughput:    587.08 GB/s
  Compression Throughput:  278.46 GB/s
  Total (Prof+Comp) Thrpt: 188.87 GB/s
Starting Decompression...
  Decompression Time: 1.806 ms
  Decompression Throughput: 349.25 GB/s
Verification Results:
  Max Error: 5.281925e-03
  PSNR: 81.10 dB
  Error Bound Compliance: PASS
BENCH_START:QMCPACK:einspline_115_69_69_288.f32:outlier:6.0
Configuration:
  Input File: /scratch/bfrq/bzhang28/dataset/115x69x69x288/einspline_115_69_69_288.f32
  Output File: (none)
  Elements: 157684320
  Target Ratio: 6.00
  Mode: outlier
Data Range: 33.010017 (Min: -16.505009, Max: 16.505009)
Warming up GPU...
Warmup complete.
Starting Profiling...
  Profiling Time: 1.068 ms
  Selected AbsEB: 3.201972e-02 (RelEB: 9.700000e-04)
Starting Compression...
  Compression Time: 2.095 ms
  Compressed Size: 104589282 bytes
  Achieved Ratio: 6.03
Throughput Statistics:
  Profiling Throughput:    590.83 GB/s
  Compression Throughput:  301.00 GB/s
  Total (Prof+Comp) Thrpt: 199.41 GB/s
Starting Decompression...
  Decompression Time: 1.665 ms
  Decompression Throughput: 378.89 GB/s
Verification Results:
  Max Error: 3.202009e-02
  PSNR: 65.88 dB
  Error Bound Compliance: PASS
BENCH_START:QMCPACK:einspline_115_69_69_288.f32:outlier:8.0
Configuration:
  Input File: /scratch/bfrq/bzhang28/dataset/115x69x69x288/einspline_115_69_69_288.f32
  Output File: (none)
  Elements: 157684320
  Target Ratio: 8.00
  Mode: outlier
Data Range: 33.010017 (Min: -16.505009, Max: 16.505009)
Warming up GPU...
Warmup complete.
Starting Profiling...
  Profiling Time: 1.058 ms
  Selected AbsEB: 9.242804e-02 (RelEB: 2.800000e-03)
Starting Compression...
  Compression Time: 2.144 ms
  Compressed Size: 77298155 bytes
  Achieved Ratio: 8.16
Throughput Statistics:
  Profiling Throughput:    595.90 GB/s
  Compression Throughput:  294.15 GB/s
  Total (Prof+Comp) Thrpt: 196.94 GB/s
Starting Decompression...
  Decompression Time: 1.457 ms
  Decompression Throughput: 433.03 GB/s
Verification Results:
  Max Error: 9.242821e-02
  PSNR: 57.09 dB
  Error Bound Compliance: PASS
BENCH_START:QMCPACK:einspline_115_69_69_288.f32:plain:4.0
Configuration:
  Input File: /scratch/bfrq/bzhang28/dataset/115x69x69x288/einspline_115_69_69_288.f32
  Output File: (none)
  Elements: 157684320
  Target Ratio: 4.00
  Mode: plain
Data Range: 33.010017 (Min: -16.505009, Max: 16.505009)
Warming up GPU...
Warmup complete.
Starting Profiling...
  Profiling Time: 0.800 ms
  Selected AbsEB: 5.281602e-03 (RelEB: 1.600000e-04)
Starting Compression...
  Compression Time: 1.889 ms
  Compressed Size: 153604564 bytes
  Achieved Ratio: 4.11
Throughput Statistics:
  Profiling Throughput:    788.07 GB/s
  Compression Throughput:  333.82 GB/s
  Total (Prof+Comp) Thrpt: 234.49 GB/s
Starting Decompression...
  Decompression Time: 1.512 ms
  Decompression Throughput: 417.09 GB/s
Verification Results:
  Max Error: 5.281925e-03
  PSNR: 81.10 dB
  Error Bound Compliance: PASS
BENCH_START:QMCPACK:einspline_115_69_69_288.f32:plain:6.0
Configuration:
  Input File: /scratch/bfrq/bzhang28/dataset/115x69x69x288/einspline_115_69_69_288.f32
  Output File: (none)
  Elements: 157684320
  Target Ratio: 6.00
  Mode: plain
Data Range: 33.010017 (Min: -16.505009, Max: 16.505009)
Warming up GPU...
Warmup complete.
Starting Profiling...
  Profiling Time: 0.804 ms
  Selected AbsEB: 3.201972e-02 (RelEB: 9.700000e-04)
Starting Compression...
  Compression Time: 1.765 ms
  Compressed Size: 104606796 bytes
  Achieved Ratio: 6.03
Throughput Statistics:
  Profiling Throughput:    784.22 GB/s
  Compression Throughput:  357.40 GB/s
  Total (Prof+Comp) Thrpt: 245.51 GB/s
Starting Decompression...
  Decompression Time: 1.353 ms
  Decompression Throughput: 466.27 GB/s
Verification Results:
  Max Error: 3.202009e-02
  PSNR: 65.88 dB
  Error Bound Compliance: PASS
BENCH_START:QMCPACK:einspline_115_69_69_288.f32:plain:8.0
Configuration:
  Input File: /scratch/bfrq/bzhang28/dataset/115x69x69x288/einspline_115_69_69_288.f32
  Output File: (none)
  Elements: 157684320
  Target Ratio: 8.00
  Mode: plain
Data Range: 33.010017 (Min: -16.505009, Max: 16.505009)
Warming up GPU...
Warmup complete.
Starting Profiling...
  Profiling Time: 0.795 ms
  Selected AbsEB: 9.242804e-02 (RelEB: 2.800000e-03)
Starting Compression...
  Compression Time: 1.735 ms
  Compressed Size: 77311688 bytes
  Achieved Ratio: 8.16
Throughput Statistics:
  Profiling Throughput:    793.05 GB/s
  Compression Throughput:  363.59 GB/s
  Total (Prof+Comp) Thrpt: 249.30 GB/s
Starting Decompression...
  Decompression Time: 1.171 ms
  Decompression Throughput: 538.51 GB/s
Verification Results:
  Max Error: 9.242821e-02
  PSNR: 57.09 dB
  Error Bound Compliance: PASS
BENCH_START:QMCPACK:einspline_288_115_69_69.pre.f32:outlier:4.0
Configuration:
  Input File: /scratch/bfrq/bzhang28/dataset/288x115x69x69/einspline_288_115_69_69.pre.f32
  Output File: (none)
  Elements: 157684320
  Target Ratio: 4.00
  Mode: outlier
Data Range: 33.010017 (Min: -16.505009, Max: 16.505009)
Warming up GPU...
Warmup complete.
Starting Profiling...
  Profiling Time: 1.058 ms
  Selected AbsEB: 2.640801e-04 (RelEB: 8.000000e-06)
Starting Compression...
  Compression Time: 2.887 ms
  Compressed Size: 149158381 bytes
  Achieved Ratio: 4.23
Throughput Statistics:
  Profiling Throughput:    596.37 GB/s
  Compression Throughput:  218.45 GB/s
  Total (Prof+Comp) Thrpt: 159.88 GB/s
Starting Decompression...
  Decompression Time: 2.729 ms
  Decompression Throughput: 231.15 GB/s
Verification Results:
  Max Error: 2.641678e-04
  PSNR: 106.75 dB
  Error Bound Compliance: PASS
BENCH_START:QMCPACK:einspline_288_115_69_69.pre.f32:outlier:6.0
Configuration:
  Input File: /scratch/bfrq/bzhang28/dataset/288x115x69x69/einspline_288_115_69_69.pre.f32
  Output File: (none)
  Elements: 157684320
  Target Ratio: 6.00
  Mode: outlier
Data Range: 33.010017 (Min: -16.505009, Max: 16.505009)
Warming up GPU...
Warmup complete.
Starting Profiling...
  Profiling Time: 1.050 ms
  Selected AbsEB: 1.485451e-03 (RelEB: 4.500000e-05)
Starting Compression...
  Compression Time: 2.654 ms
  Compressed Size: 105290793 bytes
  Achieved Ratio: 5.99
Throughput Statistics:
  Profiling Throughput:    600.66 GB/s
  Compression Throughput:  237.62 GB/s
  Total (Prof+Comp) Thrpt: 170.26 GB/s
Starting Decompression...
  Decompression Time: 2.410 ms
  Decompression Throughput: 261.72 GB/s
Verification Results:
  Max Error: 1.486301e-03
  PSNR: 91.90 dB
  Error Bound Compliance: PASS
BENCH_START:QMCPACK:einspline_288_115_69_69.pre.f32:outlier:8.0
Configuration:
  Input File: /scratch/bfrq/bzhang28/dataset/288x115x69x69/einspline_288_115_69_69.pre.f32
  Output File: (none)
  Elements: 157684320
  Target Ratio: 8.00
  Mode: outlier
Data Range: 33.010017 (Min: -16.505009, Max: 16.505009)
Warming up GPU...
Warmup complete.
Starting Profiling...
  Profiling Time: 1.064 ms
  Selected AbsEB: 5.281602e-03 (RelEB: 1.600000e-04)
Starting Compression...
  Compression Time: 2.406 ms
  Compressed Size: 77225754 bytes
  Achieved Ratio: 8.17
Throughput Statistics:
  Profiling Throughput:    592.73 GB/s
  Compression Throughput:  262.20 GB/s
  Total (Prof+Comp) Thrpt: 181.78 GB/s
Starting Decompression...
  Decompression Time: 2.005 ms
  Decompression Throughput: 314.61 GB/s
Verification Results:
  Max Error: 5.281925e-03
  PSNR: 81.10 dB
  Error Bound Compliance: PASS
BENCH_START:QMCPACK:einspline_288_115_69_69.pre.f32:plain:4.0
Configuration:
  Input File: /scratch/bfrq/bzhang28/dataset/288x115x69x69/einspline_288_115_69_69.pre.f32
  Output File: (none)
  Elements: 157684320
  Target Ratio: 4.00
  Mode: plain
Data Range: 33.010017 (Min: -16.505009, Max: 16.505009)
Warming up GPU...
Warmup complete.
Starting Profiling...
  Profiling Time: 0.793 ms
  Selected AbsEB: 6.602003e-04 (RelEB: 2.000000e-05)
Starting Compression...
  Compression Time: 1.944 ms
  Compressed Size: 154736256 bytes
  Achieved Ratio: 4.08
Throughput Statistics:
  Profiling Throughput:    795.45 GB/s
  Compression Throughput:  324.41 GB/s
  Total (Prof+Comp) Thrpt: 230.43 GB/s
Starting Decompression...
  Decompression Time: 1.506 ms
  Decompression Throughput: 418.94 GB/s
Verification Results:
  Max Error: 6.604195e-04
  PSNR: 98.86 dB
  Error Bound Compliance: PASS
BENCH_START:QMCPACK:einspline_288_115_69_69.pre.f32:plain:6.0
Configuration:
  Input File: /scratch/bfrq/bzhang28/dataset/288x115x69x69/einspline_288_115_69_69.pre.f32
  Output File: (none)
  Elements: 157684320
  Target Ratio: 6.00
  Mode: plain
Data Range: 33.010017 (Min: -16.505009, Max: 16.505009)
Warming up GPU...
Warmup complete.
Starting Profiling...
  Profiling Time: 0.818 ms
  Selected AbsEB: 5.281602e-03 (RelEB: 1.600000e-04)
Starting Compression...
  Compression Time: 1.733 ms
  Compressed Size: 102108168 bytes
  Achieved Ratio: 6.18
Throughput Statistics:
  Profiling Throughput:    771.24 GB/s
  Compression Throughput:  363.88 GB/s
  Total (Prof+Comp) Thrpt: 247.23 GB/s
Starting Decompression...
  Decompression Time: 1.370 ms
  Decompression Throughput: 460.52 GB/s
Verification Results:
  Max Error: 5.281925e-03
  PSNR: 81.10 dB
  Error Bound Compliance: PASS
BENCH_START:QMCPACK:einspline_288_115_69_69.pre.f32:plain:8.0
Configuration:
  Input File: /scratch/bfrq/bzhang28/dataset/288x115x69x69/einspline_288_115_69_69.pre.f32
  Output File: (none)
  Elements: 157684320
  Target Ratio: 8.00
  Mode: plain
Data Range: 33.010017 (Min: -16.505009, Max: 16.505009)
Warming up GPU...
Warmup complete.
Starting Profiling...
  Profiling Time: 0.813 ms
  Selected AbsEB: 1.518461e-02 (RelEB: 4.600000e-04)
Starting Compression...
  Compression Time: 1.665 ms
  Compressed Size: 78227696 bytes
  Achieved Ratio: 8.06
Throughput Statistics:
  Profiling Throughput:    776.19 GB/s
  Compression Throughput:  378.89 GB/s
  Total (Prof+Comp) Thrpt: 254.61 GB/s
Starting Decompression...
  Decompression Time: 1.309 ms
  Decompression Throughput: 481.84 GB/s
Verification Results:
  Max Error: 1.518536e-02
  PSNR: 72.15 dB
  Error Bound Compliance: PASS
BENCH_START:RTM:pressure_1000:outlier:4.0
Configuration:
  Input File: /scratch/bfrq/bzhang28/pressure_1000
  Output File: (none)
  Elements: 357654528
  Target Ratio: 4.00
  Mode: outlier
Data Range: 238.300751 (Min: -143.539719, Max: 94.761032)
Warming up GPU...
Warmup complete.
Starting Profiling...
  Profiling Time: 1.549 ms
  Selected AbsEB: 2.383008e-04 (RelEB: 1.000000e-06)
Starting Compression...
  Compression Time: 3.119 ms
  Compressed Size: 31339432 bytes
  Achieved Ratio: 45.65
Throughput Statistics:
  Profiling Throughput:    923.45 GB/s
  Compression Throughput:  458.63 GB/s
  Total (Prof+Comp) Thrpt: 306.44 GB/s
Starting Decompression...
  Decompression Time: 2.062 ms
  Decompression Throughput: 693.69 GB/s
Verification Results:
  Max Error: 2.441406e-04
  PSNR: 139.78 dB
  Error Bound Compliance: PASS
BENCH_START:RTM:pressure_1000:outlier:6.0
Configuration:
  Input File: /scratch/bfrq/bzhang28/pressure_1000
  Output File: (none)
  Elements: 357654528
  Target Ratio: 6.00
  Mode: outlier
Data Range: 238.300751 (Min: -143.539719, Max: 94.761032)
Warming up GPU...
Warmup complete.
Starting Profiling...
  Profiling Time: 1.515 ms
  Selected AbsEB: 2.383008e-04 (RelEB: 1.000000e-06)
Starting Compression...
  Compression Time: 3.143 ms
  Compressed Size: 31339432 bytes
  Achieved Ratio: 45.65
Throughput Statistics:
  Profiling Throughput:    944.24 GB/s
  Compression Throughput:  455.19 GB/s
  Total (Prof+Comp) Thrpt: 307.13 GB/s
Starting Decompression...
  Decompression Time: 2.177 ms
  Decompression Throughput: 657.30 GB/s
Verification Results:
  Max Error: 2.441406e-04
  PSNR: 139.78 dB
  Error Bound Compliance: PASS
BENCH_START:RTM:pressure_1000:outlier:8.0
Configuration:
  Input File: /scratch/bfrq/bzhang28/pressure_1000
  Output File: (none)
  Elements: 357654528
  Target Ratio: 8.00
  Mode: outlier
Data Range: 238.300751 (Min: -143.539719, Max: 94.761032)
Warming up GPU...
Warmup complete.
Starting Profiling...
  Profiling Time: 1.555 ms
  Selected AbsEB: 2.383008e-04 (RelEB: 1.000000e-06)
Starting Compression...
  Compression Time: 3.120 ms
  Compressed Size: 31339432 bytes
  Achieved Ratio: 45.65
Throughput Statistics:
  Profiling Throughput:    920.18 GB/s
  Compression Throughput:  458.52 GB/s
  Total (Prof+Comp) Thrpt: 306.03 GB/s
Starting Decompression...
  Decompression Time: 2.062 ms
  Decompression Throughput: 693.82 GB/s
Verification Results:
  Max Error: 2.441406e-04
  PSNR: 139.78 dB
  Error Bound Compliance: PASS
BENCH_START:RTM:pressure_1000:plain:4.0
Configuration:
  Input File: /scratch/bfrq/bzhang28/pressure_1000
  Output File: (none)
  Elements: 357654528
  Target Ratio: 4.00
  Mode: plain
Data Range: 238.300751 (Min: -143.539719, Max: 94.761032)
Warming up GPU...
Warmup complete.
Starting Profiling...
  Profiling Time: 1.266 ms
  Selected AbsEB: 2.383008e-04 (RelEB: 1.000000e-06)
Starting Compression...
  Compression Time: 2.631 ms
  Compressed Size: 32338956 bytes
  Achieved Ratio: 44.24
Throughput Statistics:
  Profiling Throughput:    1129.64 GB/s
  Compression Throughput:  543.75 GB/s
  Total (Prof+Comp) Thrpt: 367.07 GB/s
Starting Decompression...
  Decompression Time: 0.959 ms
  Decompression Throughput: 1491.77 GB/s
Verification Results:
  Max Error: 2.441406e-04
  PSNR: 139.78 dB
  Error Bound Compliance: PASS
BENCH_START:RTM:pressure_1000:plain:6.0
Configuration:
  Input File: /scratch/bfrq/bzhang28/pressure_1000
  Output File: (none)
  Elements: 357654528
  Target Ratio: 6.00
  Mode: plain
Data Range: 238.300751 (Min: -143.539719, Max: 94.761032)
Warming up GPU...
Warmup complete.
Starting Profiling...
  Profiling Time: 1.266 ms
  Selected AbsEB: 2.383008e-04 (RelEB: 1.000000e-06)
Starting Compression...
  Compression Time: 2.654 ms
  Compressed Size: 32338956 bytes
  Achieved Ratio: 44.24
Throughput Statistics:
  Profiling Throughput:    1129.99 GB/s
  Compression Throughput:  539.08 GB/s
  Total (Prof+Comp) Thrpt: 364.97 GB/s
Starting Decompression...
  Decompression Time: 0.933 ms
  Decompression Throughput: 1533.94 GB/s
Verification Results:
  Max Error: 2.441406e-04
  PSNR: 139.78 dB
  Error Bound Compliance: PASS
BENCH_START:RTM:pressure_1000:plain:8.0
Configuration:
  Input File: /scratch/bfrq/bzhang28/pressure_1000
  Output File: (none)
  Elements: 357654528
  Target Ratio: 8.00
  Mode: plain
Data Range: 238.300751 (Min: -143.539719, Max: 94.761032)
Warming up GPU...
Warmup complete.
Starting Profiling...
  Profiling Time: 1.251 ms
  Selected AbsEB: 2.383008e-04 (RelEB: 1.000000e-06)
Starting Compression...
  Compression Time: 2.682 ms
  Compressed Size: 32338956 bytes
  Achieved Ratio: 44.24
Throughput Statistics:
  Profiling Throughput:    1143.34 GB/s
  Compression Throughput:  533.44 GB/s
  Total (Prof+Comp) Thrpt: 363.73 GB/s
Starting Decompression...
  Decompression Time: 0.917 ms
  Decompression Throughput: 1559.85 GB/s
Verification Results:
  Max Error: 2.441406e-04
  PSNR: 139.78 dB
  Error Bound Compliance: PASS
BENCH_START:RTM:pressure_2000:outlier:4.0
Configuration:
  Input File: /scratch/bfrq/bzhang28/pressure_2000
  Output File: (none)
  Elements: 357654528
  Target Ratio: 4.00
  Mode: outlier
Data Range: 86.449005 (Min: -46.052582, Max: 40.396423)
Warming up GPU...
Warmup complete.
Starting Profiling...
  Profiling Time: 1.540 ms
  Selected AbsEB: 8.644901e-05 (RelEB: 1.000000e-06)
Starting Compression...
  Compression Time: 4.519 ms
  Compressed Size: 210177826 bytes
  Achieved Ratio: 6.81
Throughput Statistics:
  Profiling Throughput:    928.82 GB/s
  Compression Throughput:  316.56 GB/s
  Total (Prof+Comp) Thrpt: 236.10 GB/s
Starting Decompression...
  Decompression Time: 4.065 ms
  Decompression Throughput: 351.91 GB/s
Verification Results:
  Max Error: 8.773804e-05
  PSNR: 129.40 dB
  Error Bound Compliance: PASS
BENCH_START:RTM:pressure_2000:outlier:6.0
Configuration:
  Input File: /scratch/bfrq/bzhang28/pressure_2000
  Output File: (none)
  Elements: 357654528
  Target Ratio: 6.00
  Mode: outlier
Data Range: 86.449005 (Min: -46.052582, Max: 40.396423)
Warming up GPU...
Warmup complete.
Starting Profiling...
  Profiling Time: 1.535 ms
  Selected AbsEB: 8.644901e-05 (RelEB: 1.000000e-06)
Starting Compression...
  Compression Time: 4.548 ms
  Compressed Size: 210177826 bytes
  Achieved Ratio: 6.81
Throughput Statistics:
  Profiling Throughput:    931.76 GB/s
  Compression Throughput:  314.57 GB/s
  Total (Prof+Comp) Thrpt: 235.18 GB/s
Starting Decompression...
  Decompression Time: 3.971 ms
  Decompression Throughput: 360.26 GB/s
Verification Results:
  Max Error: 8.773804e-05
  PSNR: 129.40 dB
  Error Bound Compliance: PASS
BENCH_START:RTM:pressure_2000:outlier:8.0
Configuration:
  Input File: /scratch/bfrq/bzhang28/pressure_2000
  Output File: (none)
  Elements: 357654528
  Target Ratio: 8.00
  Mode: outlier
Data Range: 86.449005 (Min: -46.052582, Max: 40.396423)
Warming up GPU...
Warmup complete.
Starting Profiling...
  Profiling Time: 1.545 ms
  Selected AbsEB: 3.457960e-04 (RelEB: 4.000000e-06)
Starting Compression...
  Compression Time: 4.216 ms
  Compressed Size: 177205341 bytes
  Achieved Ratio: 8.07
Throughput Statistics:
  Profiling Throughput:    926.14 GB/s
  Compression Throughput:  339.35 GB/s
  Total (Prof+Comp) Thrpt: 248.35 GB/s
Starting Decompression...
  Decompression Time: 3.636 ms
  Decompression Throughput: 393.51 GB/s
Verification Results:
  Max Error: 3.471375e-04
  PSNR: 117.40 dB
  Error Bound Compliance: PASS
BENCH_START:RTM:pressure_2000:plain:4.0
Configuration:
  Input File: /scratch/bfrq/bzhang28/pressure_2000
  Output File: (none)
  Elements: 357654528
  Target Ratio: 4.00
  Mode: plain
Data Range: 86.449005 (Min: -46.052582, Max: 40.396423)
Warming up GPU...
Warmup complete.
Starting Profiling...
  Profiling Time: 1.253 ms
  Selected AbsEB: 8.644901e-05 (RelEB: 1.000000e-06)
Starting Compression...
  Compression Time: 3.403 ms
  Compressed Size: 216981932 bytes
  Achieved Ratio: 6.59
Throughput Statistics:
  Profiling Throughput:    1141.64 GB/s
  Compression Throughput:  420.35 GB/s
  Total (Prof+Comp) Thrpt: 307.23 GB/s
Starting Decompression...
  Decompression Time: 1.833 ms
  Decompression Throughput: 780.47 GB/s
Verification Results:
  Max Error: 8.773804e-05
  PSNR: 129.40 dB
  Error Bound Compliance: PASS
BENCH_START:RTM:pressure_2000:plain:6.0
Configuration:
  Input File: /scratch/bfrq/bzhang28/pressure_2000
  Output File: (none)
  Elements: 357654528
  Target Ratio: 6.00
  Mode: plain
Data Range: 86.449005 (Min: -46.052582, Max: 40.396423)
Warming up GPU...
Warmup complete.
Starting Profiling...
  Profiling Time: 1.263 ms
  Selected AbsEB: 8.644901e-05 (RelEB: 1.000000e-06)
Starting Compression...
  Compression Time: 3.405 ms
  Compressed Size: 216981932 bytes
  Achieved Ratio: 6.59
Throughput Statistics:
  Profiling Throughput:    1132.74 GB/s
  Compression Throughput:  420.21 GB/s
  Total (Prof+Comp) Thrpt: 306.50 GB/s
Starting Decompression...
  Decompression Time: 1.816 ms
  Decompression Throughput: 787.97 GB/s
Verification Results:
  Max Error: 8.773804e-05
  PSNR: 129.40 dB
  Error Bound Compliance: PASS
BENCH_START:RTM:pressure_2000:plain:8.0
Configuration:
  Input File: /scratch/bfrq/bzhang28/pressure_2000
  Output File: (none)
  Elements: 357654528
  Target Ratio: 8.00
  Mode: plain
Data Range: 86.449005 (Min: -46.052582, Max: 40.396423)
Warming up GPU...
Warmup complete.
Starting Profiling...
  Profiling Time: 1.246 ms
  Selected AbsEB: 4.322450e-04 (RelEB: 5.000000e-06)
Starting Compression...
  Compression Time: 3.235 ms
  Compressed Size: 178612296 bytes
  Achieved Ratio: 8.01
Throughput Statistics:
  Profiling Throughput:    1148.07 GB/s
  Compression Throughput:  442.18 GB/s
  Total (Prof+Comp) Thrpt: 319.23 GB/s
Starting Decompression...
  Decompression Time: 1.658 ms
  Decompression Throughput: 863.05 GB/s
Verification Results:
  Max Error: 4.348755e-04
  PSNR: 115.47 dB
  Error Bound Compliance: PASS
BENCH_START:RTM:pressure_3000:outlier:4.0
Configuration:
  Input File: /scratch/bfrq/bzhang28/pressure_3000
  Output File: (none)
  Elements: 357654528
  Target Ratio: 4.00
  Mode: outlier
Data Range: 50.356152 (Min: -27.973200, Max: 22.382952)
Warming up GPU...
Warmup complete.
Starting Profiling...
  Profiling Time: 1.551 ms
  Selected AbsEB: 4.028492e-04 (RelEB: 8.000000e-06)
Starting Compression...
  Compression Time: 5.623 ms
  Compressed Size: 352398826 bytes
  Achieved Ratio: 4.06
Throughput Statistics:
  Profiling Throughput:    922.63 GB/s
  Compression Throughput:  254.40 GB/s
  Total (Prof+Comp) Thrpt: 199.42 GB/s
Starting Decompression...
  Decompression Time: 5.604 ms
  Decompression Throughput: 255.30 GB/s
Verification Results:
  Max Error: 4.043579e-04
  PSNR: 107.64 dB
  Error Bound Compliance: PASS
BENCH_START:RTM:pressure_3000:outlier:6.0
Configuration:
  Input File: /scratch/bfrq/bzhang28/pressure_3000
  Output File: (none)
  Elements: 357654528
  Target Ratio: 6.00
  Mode: outlier
Data Range: 50.356152 (Min: -27.973200, Max: 22.382952)
Warming up GPU...
Warmup complete.
Starting Profiling...
  Profiling Time: 1.535 ms
  Selected AbsEB: 3.675999e-03 (RelEB: 7.300000e-05)
Starting Compression...
  Compression Time: 4.873 ms
  Compressed Size: 235380277 bytes
  Achieved Ratio: 6.08
Throughput Statistics:
  Profiling Throughput:    932.19 GB/s
  Compression Throughput:  293.57 GB/s
  Total (Prof+Comp) Thrpt: 223.26 GB/s
Starting Decompression...
  Decompression Time: 4.733 ms
  Decompression Throughput: 302.24 GB/s
Verification Results:
  Max Error: 3.676414e-03
  PSNR: 88.53 dB
  Error Bound Compliance: PASS
BENCH_START:RTM:pressure_3000:outlier:8.0
Configuration:
  Input File: /scratch/bfrq/bzhang28/pressure_3000
  Output File: (none)
  Elements: 357654528
  Target Ratio: 8.00
  Mode: outlier
Data Range: 50.356152 (Min: -27.973200, Max: 22.382952)
Warming up GPU...
Warmup complete.
Starting Profiling...
  Profiling Time: 1.541 ms
  Selected AbsEB: 1.258904e-02 (RelEB: 2.500000e-04)
Starting Compression...
  Compression Time: 4.487 ms
  Compressed Size: 175916512 bytes
  Achieved Ratio: 8.13
Throughput Statistics:
  Profiling Throughput:    928.61 GB/s
  Compression Throughput:  318.81 GB/s
  Total (Prof+Comp) Thrpt: 237.33 GB/s
Starting Decompression...
  Decompression Time: 3.745 ms
  Decompression Throughput: 382.03 GB/s
Verification Results:
  Max Error: 1.258945e-02
  PSNR: 77.95 dB
  Error Bound Compliance: PASS
BENCH_START:RTM:pressure_3000:plain:4.0
Configuration:
  Input File: /scratch/bfrq/bzhang28/pressure_3000
  Output File: (none)
  Elements: 357654528
  Target Ratio: 4.00
  Mode: plain
Data Range: 50.356152 (Min: -27.973200, Max: 22.382952)
Warming up GPU...
Warmup complete.
Starting Profiling...
  Profiling Time: 1.259 ms
  Selected AbsEB: 5.035615e-04 (RelEB: 1.000000e-05)
Starting Compression...
  Compression Time: 4.002 ms
  Compressed Size: 356578236 bytes
  Achieved Ratio: 4.01
Throughput Statistics:
  Profiling Throughput:    1136.36 GB/s
  Compression Throughput:  357.50 GB/s
  Total (Prof+Comp) Thrpt: 271.95 GB/s
Starting Decompression...
  Decompression Time: 2.915 ms
  Decompression Throughput: 490.71 GB/s
Verification Results:
  Max Error: 5.054474e-04
  PSNR: 105.71 dB
  Error Bound Compliance: PASS
BENCH_START:RTM:pressure_3000:plain:6.0
Configuration:
  Input File: /scratch/bfrq/bzhang28/pressure_3000
  Output File: (none)
  Elements: 357654528
  Target Ratio: 6.00
  Mode: plain
Data Range: 50.356152 (Min: -27.973200, Max: 22.382952)
Warming up GPU...
Warmup complete.
Starting Profiling...
  Profiling Time: 1.252 ms
  Selected AbsEB: 4.884547e-03 (RelEB: 9.700000e-05)
Starting Compression...
  Compression Time: 3.689 ms
  Compressed Size: 237074640 bytes
  Achieved Ratio: 6.03
Throughput Statistics:
  Profiling Throughput:    1142.64 GB/s
  Compression Throughput:  387.81 GB/s
  Total (Prof+Comp) Thrpt: 289.54 GB/s
Starting Decompression...
  Decompression Time: 2.738 ms
  Decompression Throughput: 522.51 GB/s
Verification Results:
  Max Error: 4.886627e-03
  PSNR: 86.09 dB
  Error Bound Compliance: PASS
BENCH_START:RTM:pressure_3000:plain:8.0
Configuration:
  Input File: /scratch/bfrq/bzhang28/pressure_3000
  Output File: (none)
  Elements: 357654528
  Target Ratio: 8.00
  Mode: plain
Data Range: 50.356152 (Min: -27.973200, Max: 22.382952)
Warming up GPU...
Warmup complete.
Starting Profiling...
  Profiling Time: 1.272 ms
  Selected AbsEB: 1.561041e-02 (RelEB: 3.100000e-04)
Starting Compression...
  Compression Time: 3.577 ms
  Compressed Size: 180153828 bytes
  Achieved Ratio: 7.94
Throughput Statistics:
  Profiling Throughput:    1124.95 GB/s
  Compression Throughput:  399.92 GB/s
  Total (Prof+Comp) Thrpt: 295.04 GB/s
Starting Decompression...
  Decompression Time: 2.605 ms
  Decompression Throughput: 549.21 GB/s
Verification Results:
  Max Error: 1.561069e-02
  PSNR: 76.11 dB
  Error Bound Compliance: PASS
BENCH_START:SYNTHESIS:synthetic_truss_with_five_defects_1200x1200x1200_float32.raw:outlier:4.0
Configuration:
  Input File: /scratch/bfrq/bzhang28/synthetic_truss_with_five_defects_1200x1200x1200_float32.raw
  Dims: 1200x1200x1200
  Elements: 1728000000
  Target Ratio: 4.00
  Mode: outlier
  Sample Rate: 1000
Data Range: 0.020613
Warming up GPU...
Warmup complete.
Starting Profiling...
  Profiling Time: 2.470 ms
  Selected AbsEB: 3.092011e-07 (RelEB: 1.500000e-05)
  Estimated Ratio: 4.18 (Target: 4.00)
Starting Compression...
  Compression Time: 20.332 ms
  Compressed Size: 1990388212
  Achieved Ratio: 3.47
Throughput Statistics:
  Profiling Throughput:    2798.65 GB/s
  Compression Throughput:  339.95 GB/s
  Total (Prof+Comp) Thrpt: 303.13 GB/s
Starting Decompression...
  Decompression Time: 14.528 ms
  Decompression Throughput: 475.78 GB/s
Verification Results:
  Max Error: 1.834386e-03
  PSNR: 96.44 dB
  Compliance: FAIL
BENCH_START:SYNTHESIS:synthetic_truss_with_five_defects_1200x1200x1200_float32.raw:outlier:6.0
Configuration:
  Input File: /scratch/bfrq/bzhang28/synthetic_truss_with_five_defects_1200x1200x1200_float32.raw
  Dims: 1200x1200x1200
  Elements: 1728000000
  Target Ratio: 6.00
  Mode: outlier
  Sample Rate: 1000
Data Range: 0.020613
Warming up GPU...
Warmup complete.
Starting Profiling...
  Profiling Time: 2.478 ms
  Selected AbsEB: 4.534949e-06 (RelEB: 2.200000e-04)
  Estimated Ratio: 6.09 (Target: 6.00)
Starting Compression...
  Compression Time: 19.515 ms
  Compressed Size: 1343547383
  Achieved Ratio: 5.14
Throughput Statistics:
  Profiling Throughput:    2788.86 GB/s
  Compression Throughput:  354.19 GB/s
  Total (Prof+Comp) Thrpt: 314.28 GB/s
Starting Decompression...
  Decompression Time: 13.587 ms
  Decompression Throughput: 508.71 GB/s
Verification Results:
  Max Error: 1.348233e-03
  PSNR: 79.02 dB
  Compliance: FAIL
BENCH_START:SYNTHESIS:synthetic_truss_with_five_defects_1200x1200x1200_float32.raw:outlier:8.0
Configuration:
  Input File: /scratch/bfrq/bzhang28/synthetic_truss_with_five_defects_1200x1200x1200_float32.raw
  Dims: 1200x1200x1200
  Elements: 1728000000
  Target Ratio: 8.00
  Mode: outlier
  Sample Rate: 1000
Data Range: 0.020613
Warming up GPU...
Warmup complete.
Starting Profiling...
  Profiling Time: 2.460 ms
  Selected AbsEB: 1.937660e-05 (RelEB: 9.400000e-04)
  Estimated Ratio: 8.03 (Target: 8.00)
Starting Compression...
  Compression Time: 18.479 ms
  Compressed Size: 1002058553
  Achieved Ratio: 6.90
Throughput Statistics:
  Profiling Throughput:    2809.28 GB/s
  Compression Throughput:  374.04 GB/s
  Total (Prof+Comp) Thrpt: 330.09 GB/s
Starting Decompression...
  Decompression Time: 11.879 ms
  Decompression Throughput: 581.86 GB/s
Verification Results:
  Max Error: 1.369403e-03
  PSNR: 66.45 dB
  Compliance: FAIL
BENCH_START:SYNTHESIS:synthetic_truss_with_five_defects_1200x1200x1200_float32.raw:plain:4.0
Configuration:
  Input File: /scratch/bfrq/bzhang28/synthetic_truss_with_five_defects_1200x1200x1200_float32.raw
  Dims: 1200x1200x1200
  Elements: 1728000000
  Target Ratio: 4.00
  Mode: plain
  Sample Rate: 1000
Data Range: 0.020613
Warming up GPU...
Warmup complete.
Starting Profiling...
  Profiling Time: 2.426 ms
  Selected AbsEB: 3.092011e-07 (RelEB: 1.500000e-05)
  Estimated Ratio: 4.10 (Target: 4.00)
Starting Compression...
  Compression Time: 19.385 ms
  Compressed Size: 2018722384
  Achieved Ratio: 3.42
Throughput Statistics:
  Profiling Throughput:    2849.34 GB/s
  Compression Throughput:  356.56 GB/s
  Total (Prof+Comp) Thrpt: 316.90 GB/s
Starting Decompression...
  Decompression Time: 10.754 ms
  Decompression Throughput: 642.77 GB/s
Verification Results:
  Max Error: 1.294316e-03
  PSNR: 97.22 dB
  Compliance: FAIL
BENCH_START:SYNTHESIS:synthetic_truss_with_five_defects_1200x1200x1200_float32.raw:plain:6.0
Configuration:
  Input File: /scratch/bfrq/bzhang28/synthetic_truss_with_five_defects_1200x1200x1200_float32.raw
  Dims: 1200x1200x1200
  Elements: 1728000000
  Target Ratio: 6.00
  Mode: plain
  Sample Rate: 1000
Data Range: 0.020613
Warming up GPU...
Warmup complete.
Starting Profiling...
  Profiling Time: 2.442 ms
  Selected AbsEB: 5.153351e-06 (RelEB: 2.500000e-04)
  Estimated Ratio: 6.05 (Target: 6.00)
Starting Compression...
  Compression Time: 17.429 ms
  Compressed Size: 1343538880
  Achieved Ratio: 5.14
Throughput Statistics:
  Profiling Throughput:    2829.93 GB/s
  Compression Throughput:  396.57 GB/s
  Total (Prof+Comp) Thrpt: 347.83 GB/s
Starting Decompression...
  Decompression Time: 8.424 ms
  Decompression Throughput: 820.52 GB/s
Verification Results:
  Max Error: 1.659379e-03
  PSNR: 77.92 dB
  Compliance: FAIL
BENCH_START:SYNTHESIS:synthetic_truss_with_five_defects_1200x1200x1200_float32.raw:plain:8.0
Configuration:
  Input File: /scratch/bfrq/bzhang28/synthetic_truss_with_five_defects_1200x1200x1200_float32.raw
  Dims: 1200x1200x1200
  Elements: 1728000000
  Target Ratio: 8.00
  Mode: plain
  Sample Rate: 1000
Data Range: 0.020613
Warming up GPU...
Warmup complete.
Starting Profiling...
  Profiling Time: 2.491 ms
  Selected AbsEB: 2.267474e-05 (RelEB: 1.100000e-03)
  Estimated Ratio: 8.01 (Target: 8.00)
Starting Compression...
  Compression Time: 17.067 ms
  Compressed Size: 996536960
  Achieved Ratio: 6.94
Throughput Statistics:
  Profiling Throughput:    2774.89 GB/s
  Compression Throughput:  404.99 GB/s
  Total (Prof+Comp) Thrpt: 353.41 GB/s
Starting Decompression...
  Decompression Time: 7.394 ms
  Decompression Throughput: 934.76 GB/s
Verification Results:
  Max Error: 1.056401e-03
  PSNR: 65.09 dB
  Compliance: FAIL
BENCH_START:EXAALT:dataset1-5423x3137.x.f32.dat:outlier:4.0
Configuration:
  Input File: /scratch/bfrq/bzhang28/SDRBENCH-exaalt-copper/dataset1-5423x3137.x.f32.dat
  Output File: (none)
  Elements: 17011951
  Target Ratio: 4.00
  Mode: outlier
Data Range: 46.992931 (Min: 0.000069, Max: 46.993000)
Warming up GPU...
Warmup complete.
Starting Profiling...
  Profiling Time: 0.361 ms
  Selected AbsEB: 8.928657e-02 (RelEB: 1.900000e-03)
Starting Compression...
  Compression Time: 0.900 ms
  Compressed Size: 15836432 bytes
  Achieved Ratio: 4.30
Throughput Statistics:
  Profiling Throughput:    188.59 GB/s
  Compression Throughput:  75.59 GB/s
  Total (Prof+Comp) Thrpt: 53.96 GB/s
Starting Decompression...
  Decompression Time: 0.878 ms
  Decompression Throughput: 77.47 GB/s
Verification Results:
  Max Error: 8.928680e-02
  PSNR: 59.13 dB
  Error Bound Compliance: PASS
BENCH_START:EXAALT:dataset1-5423x3137.x.f32.dat:outlier:6.0
Configuration:
  Input File: /scratch/bfrq/bzhang28/SDRBENCH-exaalt-copper/dataset1-5423x3137.x.f32.dat
  Output File: (none)
  Elements: 17011951
  Target Ratio: 6.00
  Mode: outlier
Data Range: 46.992931 (Min: 0.000069, Max: 46.993000)
Warming up GPU...
Warmup complete.
Starting Profiling...
  Profiling Time: 0.361 ms
  Selected AbsEB: 4.135378e-01 (RelEB: 8.800000e-03)
Starting Compression...
  Compression Time: 0.826 ms
  Compressed Size: 11336049 bytes
  Achieved Ratio: 6.00
Throughput Statistics:
  Profiling Throughput:    188.54 GB/s
  Compression Throughput:  82.37 GB/s
  Total (Prof+Comp) Thrpt: 57.33 GB/s
Starting Decompression...
  Decompression Time: 0.764 ms
  Decompression Throughput: 89.06 GB/s
Verification Results:
  Max Error: 4.135361e-01
  PSNR: 45.75 dB
  Error Bound Compliance: PASS
BENCH_START:EXAALT:dataset1-5423x3137.x.f32.dat:outlier:8.0
Configuration:
  Input File: /scratch/bfrq/bzhang28/SDRBENCH-exaalt-copper/dataset1-5423x3137.x.f32.dat
  Output File: (none)
  Elements: 17011951
  Target Ratio: 8.00
  Mode: outlier
Data Range: 46.992931 (Min: 0.000069, Max: 46.993000)
Warming up GPU...
Warmup complete.
Starting Profiling...
  Profiling Time: 0.362 ms
  Selected AbsEB: 1.597760e+00 (RelEB: 3.400000e-02)
Starting Compression...
  Compression Time: 0.776 ms
  Compressed Size: 7830909 bytes
  Achieved Ratio: 8.69
Throughput Statistics:
  Profiling Throughput:    188.15 GB/s
  Compression Throughput:  87.64 GB/s
  Total (Prof+Comp) Thrpt: 59.79 GB/s
Starting Decompression...
  Decompression Time: 0.662 ms
  Decompression Throughput: 102.72 GB/s
Verification Results:
  Max Error: 1.597759e+00
  PSNR: 34.01 dB
  Error Bound Compliance: PASS
BENCH_START:EXAALT:dataset1-5423x3137.x.f32.dat:plain:4.0
Configuration:
  Input File: /scratch/bfrq/bzhang28/SDRBENCH-exaalt-copper/dataset1-5423x3137.x.f32.dat
  Output File: (none)
  Elements: 17011951
  Target Ratio: 4.00
  Mode: plain
Data Range: 46.992931 (Min: 0.000069, Max: 46.993000)
Warming up GPU...
Warmup complete.
Starting Profiling...
  Profiling Time: 0.283 ms
  Selected AbsEB: 1.456781e-01 (RelEB: 3.100000e-03)
Starting Compression...
  Compression Time: 0.354 ms
  Compressed Size: 16892780 bytes
  Achieved Ratio: 4.03
Throughput Statistics:
  Profiling Throughput:    240.04 GB/s
  Compression Throughput:  192.11 GB/s
  Total (Prof+Comp) Thrpt: 106.71 GB/s
Starting Decompression...
  Decompression Time: 0.325 ms
  Decompression Throughput: 209.57 GB/s
Verification Results:
  Max Error: 1.456795e-01
  PSNR: 54.72 dB
  Error Bound Compliance: PASS
BENCH_START:EXAALT:dataset1-5423x3137.x.f32.dat:plain:6.0
Configuration:
  Input File: /scratch/bfrq/bzhang28/SDRBENCH-exaalt-copper/dataset1-5423x3137.x.f32.dat
  Output File: (none)
  Elements: 17011951
  Target Ratio: 6.00
  Mode: plain
Data Range: 46.992931 (Min: 0.000069, Max: 46.993000)
Warming up GPU...
Warmup complete.
Starting Profiling...
  Profiling Time: 0.271 ms
  Selected AbsEB: 8.928657e-01 (RelEB: 1.900000e-02)
Starting Compression...
  Compression Time: 0.334 ms
  Compressed Size: 11309984 bytes
  Achieved Ratio: 6.02
Throughput Statistics:
  Profiling Throughput:    251.00 GB/s
  Compression Throughput:  203.69 GB/s
  Total (Prof+Comp) Thrpt: 112.44 GB/s
Starting Decompression...
  Decompression Time: 0.284 ms
  Decompression Throughput: 239.88 GB/s
Verification Results:
  Max Error: 8.928661e-01
  PSNR: 38.74 dB
  Error Bound Compliance: PASS
BENCH_START:EXAALT:dataset1-5423x3137.x.f32.dat:plain:8.0
Configuration:
  Input File: /scratch/bfrq/bzhang28/SDRBENCH-exaalt-copper/dataset1-5423x3137.x.f32.dat
  Output File: (none)
  Elements: 17011951
  Target Ratio: 8.00
  Mode: plain
Data Range: 46.992931 (Min: 0.000069, Max: 46.993000)
Warming up GPU...
Warmup complete.
Starting Profiling...
  Profiling Time: 0.274 ms
  Selected AbsEB: 2.584611e+00 (RelEB: 5.500000e-02)
Starting Compression...
  Compression Time: 0.328 ms
  Compressed Size: 8465676 bytes
  Achieved Ratio: 8.04
Throughput Statistics:
  Profiling Throughput:    248.45 GB/s
  Compression Throughput:  207.36 GB/s
  Total (Prof+Comp) Thrpt: 113.03 GB/s
Starting Decompression...
  Decompression Time: 0.279 ms
  Decompression Throughput: 243.92 GB/s
Verification Results:
  Max Error: 2.584612e+00
  PSNR: 29.98 dB
  Error Bound Compliance: PASS
BENCH_START:EXAALT:dataset1-5423x3137.y.f32.dat:outlier:4.0
Configuration:
  Input File: /scratch/bfrq/bzhang28/SDRBENCH-exaalt-copper/dataset1-5423x3137.y.f32.dat
  Output File: (none)
  Elements: 17011951
  Target Ratio: 4.00
  Mode: outlier
Data Range: 46.993748 (Min: 0.001151, Max: 46.994900)
Warming up GPU...
Warmup complete.
Starting Profiling...
  Profiling Time: 0.365 ms
  Selected AbsEB: 6.109187e-02 (RelEB: 1.300000e-03)
Starting Compression...
  Compression Time: 0.883 ms
  Compressed Size: 16357114 bytes
  Achieved Ratio: 4.16
Throughput Statistics:
  Profiling Throughput:    186.35 GB/s
  Compression Throughput:  77.06 GB/s
  Total (Prof+Comp) Thrpt: 54.51 GB/s
Starting Decompression...
  Decompression Time: 0.830 ms
  Decompression Throughput: 81.94 GB/s
Verification Results:
  Max Error: 6.109619e-02
  PSNR: 62.60 dB
  Error Bound Compliance: PASS
BENCH_START:EXAALT:dataset1-5423x3137.y.f32.dat:outlier:6.0
Configuration:
  Input File: /scratch/bfrq/bzhang28/SDRBENCH-exaalt-copper/dataset1-5423x3137.y.f32.dat
  Output File: (none)
  Elements: 17011951
  Target Ratio: 6.00
  Mode: outlier
Data Range: 46.993748 (Min: 0.001151, Max: 46.994900)
Warming up GPU...
Warmup complete.
Starting Profiling...
  Profiling Time: 0.362 ms
  Selected AbsEB: 3.712506e-01 (RelEB: 7.900000e-03)
Starting Compression...
  Compression Time: 0.790 ms
  Compressed Size: 11098263 bytes
  Achieved Ratio: 6.13
Throughput Statistics:
  Profiling Throughput:    187.90 GB/s
  Compression Throughput:  86.09 GB/s
  Total (Prof+Comp) Thrpt: 59.04 GB/s
Starting Decompression...
  Decompression Time: 0.688 ms
  Decompression Throughput: 98.92 GB/s
Verification Results:
  Max Error: 3.712506e-01
  PSNR: 46.87 dB
  Error Bound Compliance: PASS
BENCH_START:EXAALT:dataset1-5423x3137.y.f32.dat:outlier:8.0
Configuration:
  Input File: /scratch/bfrq/bzhang28/SDRBENCH-exaalt-copper/dataset1-5423x3137.y.f32.dat
  Output File: (none)
  Elements: 17011951
  Target Ratio: 8.00
  Mode: outlier
Data Range: 46.993748 (Min: 0.001151, Max: 46.994900)
Warming up GPU...
Warmup complete.
Starting Profiling...
  Profiling Time: 0.363 ms
  Selected AbsEB: 8.928812e-01 (RelEB: 1.900000e-02)
Starting Compression...
  Compression Time: 0.760 ms
  Compressed Size: 8442935 bytes
  Achieved Ratio: 8.06
Throughput Statistics:
  Profiling Throughput:    187.70 GB/s
  Compression Throughput:  89.53 GB/s
  Total (Prof+Comp) Thrpt: 60.62 GB/s
Starting Decompression...
  Decompression Time: 0.634 ms
  Decompression Throughput: 107.26 GB/s
Verification Results:
  Max Error: 8.928804e-01
  PSNR: 38.72 dB
  Error Bound Compliance: PASS
BENCH_START:EXAALT:dataset1-5423x3137.y.f32.dat:plain:4.0
Configuration:
  Input File: /scratch/bfrq/bzhang28/SDRBENCH-exaalt-copper/dataset1-5423x3137.y.f32.dat
  Output File: (none)
  Elements: 17011951
  Target Ratio: 4.00
  Mode: plain
Data Range: 46.993748 (Min: 0.001151, Max: 46.994900)
Warming up GPU...
Warmup complete.
Starting Profiling...
  Profiling Time: 0.275 ms
  Selected AbsEB: 1.456806e-01 (RelEB: 3.100000e-03)
Starting Compression...
  Compression Time: 0.360 ms
  Compressed Size: 16772712 bytes
  Achieved Ratio: 4.06
Throughput Statistics:
  Profiling Throughput:    247.67 GB/s
  Compression Throughput:  188.87 GB/s
  Total (Prof+Comp) Thrpt: 107.16 GB/s
Starting Decompression...
  Decompression Time: 0.314 ms
  Decompression Throughput: 216.37 GB/s
Verification Results:
  Max Error: 1.456805e-01
  PSNR: 54.72 dB
  Error Bound Compliance: PASS
BENCH_START:EXAALT:dataset1-5423x3137.y.f32.dat:plain:6.0
Configuration:
  Input File: /scratch/bfrq/bzhang28/SDRBENCH-exaalt-copper/dataset1-5423x3137.y.f32.dat
  Output File: (none)
  Elements: 17011951
  Target Ratio: 6.00
  Mode: plain
Data Range: 46.993748 (Min: 0.001151, Max: 46.994900)
Warming up GPU...
Warmup complete.
Starting Profiling...
  Profiling Time: 0.273 ms
  Selected AbsEB: 8.928812e-01 (RelEB: 1.900000e-02)
Starting Compression...
  Compression Time: 0.345 ms
  Compressed Size: 11302820 bytes
  Achieved Ratio: 6.02
Throughput Statistics:
  Profiling Throughput:    249.59 GB/s
  Compression Throughput:  197.39 GB/s
  Total (Prof+Comp) Thrpt: 110.22 GB/s
Starting Decompression...
  Decompression Time: 0.284 ms
  Decompression Throughput: 239.28 GB/s
Verification Results:
  Max Error: 8.928804e-01
  PSNR: 38.72 dB
  Error Bound Compliance: PASS
BENCH_START:EXAALT:dataset1-5423x3137.y.f32.dat:plain:8.0
Configuration:
  Input File: /scratch/bfrq/bzhang28/SDRBENCH-exaalt-copper/dataset1-5423x3137.y.f32.dat
  Output File: (none)
  Elements: 17011951
  Target Ratio: 8.00
  Mode: plain
Data Range: 46.993748 (Min: 0.001151, Max: 46.994900)
Warming up GPU...
Warmup complete.
Starting Profiling...
  Profiling Time: 0.276 ms
  Selected AbsEB: 2.443675e+00 (RelEB: 5.200000e-02)
Starting Compression...
  Compression Time: 0.324 ms
  Compressed Size: 8489348 bytes
  Achieved Ratio: 8.02
Throughput Statistics:
  Profiling Throughput:    246.15 GB/s
  Compression Throughput:  209.86 GB/s
  Total (Prof+Comp) Thrpt: 113.28 GB/s
Starting Decompression...
  Decompression Time: 0.274 ms
  Decompression Throughput: 248.36 GB/s
Verification Results:
  Max Error: 2.443670e+00
  PSNR: 30.36 dB
  Error Bound Compliance: PASS
BENCH_START:EXAALT:dataset1-5423x3137.z.f32.dat:outlier:4.0
Configuration:
  Input File: /scratch/bfrq/bzhang28/SDRBENCH-exaalt-copper/dataset1-5423x3137.z.f32.dat
  Output File: (none)
  Elements: 17011951
  Target Ratio: 4.00
  Mode: outlier
Data Range: 46.267490 (Min: 3.540010, Max: 49.807499)
Warming up GPU...
Warmup complete.
Starting Profiling...
  Profiling Time: 0.364 ms
  Selected AbsEB: 2.961119e-02 (RelEB: 6.400000e-04)
Starting Compression...
  Compression Time: 0.932 ms
  Compressed Size: 16217712 bytes
  Achieved Ratio: 4.20
Throughput Statistics:
  Profiling Throughput:    187.03 GB/s
  Compression Throughput:  73.04 GB/s
  Total (Prof+Comp) Thrpt: 52.53 GB/s
Starting Decompression...
  Decompression Time: 0.883 ms
  Decompression Throughput: 77.08 GB/s
Verification Results:
  Max Error: 2.961159e-02
  PSNR: 68.64 dB
  Error Bound Compliance: PASS
BENCH_START:EXAALT:dataset1-5423x3137.z.f32.dat:outlier:6.0
Configuration:
  Input File: /scratch/bfrq/bzhang28/SDRBENCH-exaalt-copper/dataset1-5423x3137.z.f32.dat
  Output File: (none)
  Elements: 17011951
  Target Ratio: 6.00
  Mode: outlier
Data Range: 46.267490 (Min: 3.540010, Max: 49.807499)
Warming up GPU...
Warmup complete.
Starting Profiling...
  Profiling Time: 0.361 ms
  Selected AbsEB: 1.434292e-01 (RelEB: 3.100000e-03)
Starting Compression...
  Compression Time: 0.819 ms
  Compressed Size: 11112750 bytes
  Achieved Ratio: 6.12
Throughput Statistics:
  Profiling Throughput:    188.62 GB/s
  Compression Throughput:  83.12 GB/s
  Total (Prof+Comp) Thrpt: 57.70 GB/s
Starting Decompression...
  Decompression Time: 0.733 ms
  Decompression Throughput: 92.83 GB/s
Verification Results:
  Max Error: 1.434298e-01
  PSNR: 54.52 dB
  Error Bound Compliance: PASS
BENCH_START:EXAALT:dataset1-5423x3137.z.f32.dat:outlier:8.0
Configuration:
  Input File: /scratch/bfrq/bzhang28/SDRBENCH-exaalt-copper/dataset1-5423x3137.z.f32.dat
  Output File: (none)
  Elements: 17011951
  Target Ratio: 8.00
  Mode: outlier
Data Range: 46.267490 (Min: 3.540010, Max: 49.807499)
Warming up GPU...
Warmup complete.
Starting Profiling...
  Profiling Time: 0.375 ms
  Selected AbsEB: 5.089424e-01 (RelEB: 1.100000e-02)
Starting Compression...
  Compression Time: 0.781 ms
  Compressed Size: 8520550 bytes
  Achieved Ratio: 7.99
Throughput Statistics:
  Profiling Throughput:    181.66 GB/s
  Compression Throughput:  87.18 GB/s
  Total (Prof+Comp) Thrpt: 58.91 GB/s
Starting Decompression...
  Decompression Time: 0.659 ms
  Decompression Throughput: 103.28 GB/s
Verification Results:
  Max Error: 5.089417e-01
  PSNR: 44.11 dB
  Error Bound Compliance: PASS
BENCH_START:EXAALT:dataset1-5423x3137.z.f32.dat:plain:4.0
Configuration:
  Input File: /scratch/bfrq/bzhang28/SDRBENCH-exaalt-copper/dataset1-5423x3137.z.f32.dat
  Output File: (none)
  Elements: 17011951
  Target Ratio: 4.00
  Mode: plain
Data Range: 46.267490 (Min: 3.540010, Max: 49.807499)
Warming up GPU...
Warmup complete.
Starting Profiling...
  Profiling Time: 0.276 ms
  Selected AbsEB: 8.790823e-02 (RelEB: 1.900000e-03)
Starting Compression...
  Compression Time: 0.363 ms
  Compressed Size: 16945364 bytes
  Achieved Ratio: 4.02
Throughput Statistics:
  Profiling Throughput:    246.29 GB/s
  Compression Throughput:  187.64 GB/s
  Total (Prof+Comp) Thrpt: 106.50 GB/s
Starting Decompression...
  Decompression Time: 0.328 ms
  Decompression Throughput: 207.28 GB/s
Verification Results:
  Max Error: 8.790684e-02
  PSNR: 59.47 dB
  Error Bound Compliance: PASS
BENCH_START:EXAALT:dataset1-5423x3137.z.f32.dat:plain:6.0
Configuration:
  Input File: /scratch/bfrq/bzhang28/SDRBENCH-exaalt-copper/dataset1-5423x3137.z.f32.dat
  Output File: (none)
  Elements: 17011951
  Target Ratio: 6.00
  Mode: plain
Data Range: 46.267490 (Min: 3.540010, Max: 49.807499)
Warming up GPU...
Warmup complete.
Starting Profiling...
  Profiling Time: 0.270 ms
  Selected AbsEB: 5.089424e-01 (RelEB: 1.100000e-02)
Starting Compression...
  Compression Time: 0.337 ms
  Compressed Size: 11345856 bytes
  Achieved Ratio: 6.00
Throughput Statistics:
  Profiling Throughput:    252.01 GB/s
  Compression Throughput:  201.68 GB/s
  Total (Prof+Comp) Thrpt: 112.03 GB/s
Starting Decompression...
  Decompression Time: 0.292 ms
  Decompression Throughput: 233.07 GB/s
Verification Results:
  Max Error: 5.089417e-01
  PSNR: 44.11 dB
  Error Bound Compliance: PASS
BENCH_START:EXAALT:dataset1-5423x3137.z.f32.dat:plain:8.0
Configuration:
  Input File: /scratch/bfrq/bzhang28/SDRBENCH-exaalt-copper/dataset1-5423x3137.z.f32.dat
  Output File: (none)
  Elements: 17011951
  Target Ratio: 8.00
  Mode: plain
Data Range: 46.267490 (Min: 3.540010, Max: 49.807499)
Warming up GPU...
Warmup complete.
Starting Profiling...
  Profiling Time: 0.274 ms
  Selected AbsEB: 1.711897e+00 (RelEB: 3.700000e-02)
Starting Compression...
  Compression Time: 0.324 ms
  Compressed Size: 8175208 bytes
  Achieved Ratio: 8.32
Throughput Statistics:
  Profiling Throughput:    247.90 GB/s
  Compression Throughput:  209.96 GB/s
  Total (Prof+Comp) Thrpt: 113.68 GB/s
Starting Decompression...
  Decompression Time: 0.279 ms
  Decompression Throughput: 243.78 GB/s
Verification Results:
  Max Error: 1.711871e+00
  PSNR: 33.60 dB
  Error Bound Compliance: PASS
BENCH_START:EXAALT:dataset2-83x1077290.x.f32.dat:outlier:4.0
Configuration:
  Input File: /scratch/bfrq/bzhang28/SDRBENCH-exaalt-copper/dataset2-83x1077290.x.f32.dat
  Output File: (none)
  Elements: 89415070
  Target Ratio: 4.00
  Mode: outlier
Data Range: 1.002351 (Min: -0.001291, Max: 1.001060)
Warming up GPU...
Warmup complete.
Starting Profiling...
  Profiling Time: 0.712 ms
  Selected AbsEB: 9.422103e-04 (RelEB: 9.400000e-04)
Starting Compression...
  Compression Time: 1.759 ms
  Compressed Size: 87394875 bytes
  Achieved Ratio: 4.09
Throughput Statistics:
  Profiling Throughput:    502.33 GB/s
  Compression Throughput:  203.33 GB/s
  Total (Prof+Comp) Thrpt: 144.74 GB/s
Starting Decompression...
  Decompression Time: 1.559 ms
  Decompression Throughput: 229.42 GB/s
Verification Results:
  Max Error: 9.422302e-04
  PSNR: 65.31 dB
  Error Bound Compliance: PASS
BENCH_START:EXAALT:dataset2-83x1077290.x.f32.dat:outlier:6.0
Configuration:
  Input File: /scratch/bfrq/bzhang28/SDRBENCH-exaalt-copper/dataset2-83x1077290.x.f32.dat
  Output File: (none)
  Elements: 89415070
  Target Ratio: 6.00
  Mode: outlier
Data Range: 1.002351 (Min: -0.001291, Max: 1.001060)
Warming up GPU...
Warmup complete.
Starting Profiling...
  Profiling Time: 0.732 ms
  Selected AbsEB: 7.617871e-03 (RelEB: 7.600000e-03)
Starting Compression...
  Compression Time: 1.519 ms
  Compressed Size: 57328715 bytes
  Achieved Ratio: 6.24
Throughput Statistics:
  Profiling Throughput:    488.76 GB/s
  Compression Throughput:  235.45 GB/s
  Total (Prof+Comp) Thrpt: 158.90 GB/s
Starting Decompression...
  Decompression Time: 1.284 ms
  Decompression Throughput: 278.49 GB/s
Verification Results:
  Max Error: 7.617950e-03
  PSNR: 47.14 dB
  Error Bound Compliance: PASS
BENCH_START:EXAALT:dataset2-83x1077290.x.f32.dat:outlier:8.0
Configuration:
  Input File: /scratch/bfrq/bzhang28/SDRBENCH-exaalt-copper/dataset2-83x1077290.x.f32.dat
  Output File: (none)
  Elements: 89415070
  Target Ratio: 8.00
  Mode: outlier
Data Range: 1.002351 (Min: -0.001291, Max: 1.001060)
Warming up GPU...
Warmup complete.
Starting Profiling...
  Profiling Time: 0.731 ms
  Selected AbsEB: 1.904468e-02 (RelEB: 1.900000e-02)
Starting Compression...
  Compression Time: 1.345 ms
  Compressed Size: 39807156 bytes
  Achieved Ratio: 8.98
Throughput Statistics:
  Profiling Throughput:    489.40 GB/s
  Compression Throughput:  265.88 GB/s
  Total (Prof+Comp) Thrpt: 172.28 GB/s
Starting Decompression...
  Decompression Time: 1.173 ms
  Decompression Throughput: 304.98 GB/s
Verification Results:
  Max Error: 1.904470e-02
  PSNR: 39.23 dB
  Error Bound Compliance: PASS
BENCH_START:EXAALT:dataset2-83x1077290.x.f32.dat:plain:4.0
Configuration:
  Input File: /scratch/bfrq/bzhang28/SDRBENCH-exaalt-copper/dataset2-83x1077290.x.f32.dat
  Output File: (none)
  Elements: 89415070
  Target Ratio: 4.00
  Mode: plain
Data Range: 1.002351 (Min: -0.001291, Max: 1.001060)
Warming up GPU...
Warmup complete.
Starting Profiling...
  Profiling Time: 0.550 ms
  Selected AbsEB: 3.107290e-03 (RelEB: 3.100000e-03)
Starting Compression...
  Compression Time: 1.137 ms
  Compressed Size: 88059764 bytes
  Achieved Ratio: 4.06
Throughput Statistics:
  Profiling Throughput:    649.89 GB/s
  Compression Throughput:  314.66 GB/s
  Total (Prof+Comp) Thrpt: 212.01 GB/s
Starting Decompression...
  Decompression Time: 0.913 ms
  Decompression Throughput: 391.69 GB/s
Verification Results:
  Max Error: 3.107309e-03
  PSNR: 54.94 dB
  Error Bound Compliance: PASS
BENCH_START:EXAALT:dataset2-83x1077290.x.f32.dat:plain:6.0
Configuration:
  Input File: /scratch/bfrq/bzhang28/SDRBENCH-exaalt-copper/dataset2-83x1077290.x.f32.dat
  Output File: (none)
  Elements: 89415070
  Target Ratio: 6.00
  Mode: plain
Data Range: 1.002351 (Min: -0.001291, Max: 1.001060)
Warming up GPU...
Warmup complete.
Starting Profiling...
  Profiling Time: 0.535 ms
  Selected AbsEB: 1.904468e-02 (RelEB: 1.900000e-02)
Starting Compression...
  Compression Time: 1.047 ms
  Compressed Size: 58743196 bytes
  Achieved Ratio: 6.09
Throughput Statistics:
  Profiling Throughput:    669.03 GB/s
  Compression Throughput:  341.72 GB/s
  Total (Prof+Comp) Thrpt: 226.19 GB/s
Starting Decompression...
  Decompression Time: 0.900 ms
  Decompression Throughput: 397.19 GB/s
Verification Results:
  Max Error: 1.904470e-02
  PSNR: 39.23 dB
  Error Bound Compliance: PASS
BENCH_START:EXAALT:dataset2-83x1077290.x.f32.dat:plain:8.0
Configuration:
  Input File: /scratch/bfrq/bzhang28/SDRBENCH-exaalt-copper/dataset2-83x1077290.x.f32.dat
  Output File: (none)
  Elements: 89415070
  Target Ratio: 8.00
  Mode: plain
Data Range: 1.002351 (Min: -0.001291, Max: 1.001060)
Warming up GPU...
Warmup complete.
Starting Profiling...
  Profiling Time: 0.545 ms
  Selected AbsEB: 5.212227e-02 (RelEB: 5.200000e-02)
Starting Compression...
  Compression Time: 1.021 ms
  Compressed Size: 44262360 bytes
  Achieved Ratio: 8.08
Throughput Statistics:
  Profiling Throughput:    656.58 GB/s
  Compression Throughput:  350.35 GB/s
  Total (Prof+Comp) Thrpt: 228.45 GB/s
Starting Decompression...
  Decompression Time: 0.890 ms
  Decompression Throughput: 402.08 GB/s
Verification Results:
  Max Error: 5.212229e-02
  PSNR: 30.39 dB
  Error Bound Compliance: PASS
BENCH_START:EXAALT:dataset2-83x1077290.y.f32.dat:outlier:4.0
Configuration:
  Input File: /scratch/bfrq/bzhang28/SDRBENCH-exaalt-copper/dataset2-83x1077290.y.f32.dat
  Output File: (none)
  Elements: 89415070
  Target Ratio: 4.00
  Mode: outlier
Data Range: 1.002087 (Min: -0.001047, Max: 1.001040)
Warming up GPU...
Warmup complete.
Starting Profiling...
  Profiling Time: 0.738 ms
  Selected AbsEB: 2.204592e-04 (RelEB: 2.200000e-04)
Starting Compression...
  Compression Time: 1.750 ms
  Compressed Size: 89028551 bytes
  Achieved Ratio: 4.02
Throughput Statistics:
  Profiling Throughput:    484.35 GB/s
  Compression Throughput:  204.42 GB/s
  Total (Prof+Comp) Thrpt: 143.75 GB/s
Starting Decompression...
  Decompression Time: 1.535 ms
  Decompression Throughput: 232.95 GB/s
Verification Results:
  Max Error: 2.205372e-04
  PSNR: 77.92 dB
  Error Bound Compliance: PASS
BENCH_START:EXAALT:dataset2-83x1077290.y.f32.dat:outlier:6.0
Configuration:
  Input File: /scratch/bfrq/bzhang28/SDRBENCH-exaalt-copper/dataset2-83x1077290.y.f32.dat
  Output File: (none)
  Elements: 89415070
  Target Ratio: 6.00
  Mode: outlier
Data Range: 1.002087 (Min: -0.001047, Max: 1.001040)
Warming up GPU...
Warmup complete.
Starting Profiling...
  Profiling Time: 0.708 ms
  Selected AbsEB: 1.603340e-03 (RelEB: 1.600000e-03)
Starting Compression...
  Compression Time: 1.702 ms
  Compressed Size: 56605390 bytes
  Achieved Ratio: 6.32
Throughput Statistics:
  Profiling Throughput:    505.42 GB/s
  Compression Throughput:  210.15 GB/s
  Total (Prof+Comp) Thrpt: 148.43 GB/s
Starting Decompression...
  Decompression Time: 1.597 ms
  Decompression Throughput: 223.93 GB/s
Verification Results:
  Max Error: 1.603365e-03
  PSNR: 60.69 dB
  Error Bound Compliance: PASS
BENCH_START:EXAALT:dataset2-83x1077290.y.f32.dat:outlier:8.0
Configuration:
  Input File: /scratch/bfrq/bzhang28/SDRBENCH-exaalt-copper/dataset2-83x1077290.y.f32.dat
  Output File: (none)
  Elements: 89415070
  Target Ratio: 8.00
  Mode: outlier
Data Range: 1.002087 (Min: -0.001047, Max: 1.001040)
Warming up GPU...
Warmup complete.
Starting Profiling...
  Profiling Time: 0.726 ms
  Selected AbsEB: 4.008350e-03 (RelEB: 4.000000e-03)
Starting Compression...
  Compression Time: 1.522 ms
  Compressed Size: 42916601 bytes
  Achieved Ratio: 8.33
Throughput Statistics:
  Profiling Throughput:    492.76 GB/s
  Compression Throughput:  235.03 GB/s
  Total (Prof+Comp) Thrpt: 159.13 GB/s
Starting Decompression...
  Decompression Time: 1.327 ms
  Decompression Throughput: 269.50 GB/s
Verification Results:
  Max Error: 4.008412e-03
  PSNR: 52.72 dB
  Error Bound Compliance: PASS
BENCH_START:EXAALT:dataset2-83x1077290.y.f32.dat:plain:4.0
Configuration:
  Input File: /scratch/bfrq/bzhang28/SDRBENCH-exaalt-copper/dataset2-83x1077290.y.f32.dat
  Output File: (none)
  Elements: 89415070
  Target Ratio: 4.00
  Mode: plain
Data Range: 1.002087 (Min: -0.001047, Max: 1.001040)
Warming up GPU...
Warmup complete.
Starting Profiling...
  Profiling Time: 0.552 ms
  Selected AbsEB: 2.805845e-03 (RelEB: 2.800000e-03)
Starting Compression...
  Compression Time: 1.161 ms
  Compressed Size: 88106876 bytes
  Achieved Ratio: 4.06
Throughput Statistics:
  Profiling Throughput:    648.27 GB/s
  Compression Throughput:  308.07 GB/s
  Total (Prof+Comp) Thrpt: 208.83 GB/s
Starting Decompression...
  Decompression Time: 0.924 ms
  Decompression Throughput: 387.28 GB/s
Verification Results:
  Max Error: 2.805889e-03
  PSNR: 55.83 dB
  Error Bound Compliance: PASS
BENCH_START:EXAALT:dataset2-83x1077290.y.f32.dat:plain:6.0
Configuration:
  Input File: /scratch/bfrq/bzhang28/SDRBENCH-exaalt-copper/dataset2-83x1077290.y.f32.dat
  Output File: (none)
  Elements: 89415070
  Target Ratio: 6.00
  Mode: plain
Data Range: 1.002087 (Min: -0.001047, Max: 1.001040)
Warming up GPU...
Warmup complete.
Starting Profiling...
  Profiling Time: 0.546 ms
  Selected AbsEB: 1.903966e-02 (RelEB: 1.900000e-02)
Starting Compression...
  Compression Time: 1.033 ms
  Compressed Size: 58166100 bytes
  Achieved Ratio: 6.15
Throughput Statistics:
  Profiling Throughput:    654.81 GB/s
  Compression Throughput:  346.25 GB/s
  Total (Prof+Comp) Thrpt: 226.49 GB/s
Starting Decompression...
  Decompression Time: 0.904 ms
  Decompression Throughput: 395.70 GB/s
Verification Results:
  Max Error: 1.903969e-02
  PSNR: 39.23 dB
  Error Bound Compliance: PASS
BENCH_START:EXAALT:dataset2-83x1077290.y.f32.dat:plain:8.0
Configuration:
  Input File: /scratch/bfrq/bzhang28/SDRBENCH-exaalt-copper/dataset2-83x1077290.y.f32.dat
  Output File: (none)
  Elements: 89415070
  Target Ratio: 8.00
  Mode: plain
Data Range: 1.002087 (Min: -0.001047, Max: 1.001040)
Warming up GPU...
Warmup complete.
Starting Profiling...
  Profiling Time: 0.551 ms
  Selected AbsEB: 4.910228e-02 (RelEB: 4.900000e-02)
Starting Compression...
  Compression Time: 1.017 ms
  Compressed Size: 44682968 bytes
  Achieved Ratio: 8.00
Throughput Statistics:
  Profiling Throughput:    649.18 GB/s
  Compression Throughput:  351.58 GB/s
  Total (Prof+Comp) Thrpt: 228.07 GB/s
Starting Decompression...
  Decompression Time: 0.874 ms
  Decompression Throughput: 409.15 GB/s
Verification Results:
  Max Error: 4.910228e-02
  PSNR: 31.03 dB
  Error Bound Compliance: PASS
BENCH_START:EXAALT:dataset2-83x1077290.z.f32.dat:outlier:4.0
Configuration:
  Input File: /scratch/bfrq/bzhang28/SDRBENCH-exaalt-copper/dataset2-83x1077290.z.f32.dat
  Output File: (none)
  Elements: 89415070
  Target Ratio: 4.00
  Mode: outlier
Data Range: 0.716790 (Min: 0.022619, Max: 0.739409)
Warming up GPU...
Warmup complete.
Starting Profiling...
  Profiling Time: 0.713 ms
  Selected AbsEB: 5.447606e-04 (RelEB: 7.600000e-04)
Starting Compression...
  Compression Time: 1.978 ms
  Compressed Size: 89319754 bytes
  Achieved Ratio: 4.00
Throughput Statistics:
  Profiling Throughput:    501.77 GB/s
  Compression Throughput:  180.84 GB/s
  Total (Prof+Comp) Thrpt: 132.93 GB/s
Starting Decompression...
  Decompression Time: 1.989 ms
  Decompression Throughput: 179.81 GB/s
Verification Results:
  Max Error: 5.447865e-04
  PSNR: 67.16 dB
  Error Bound Compliance: PASS
BENCH_START:EXAALT:dataset2-83x1077290.z.f32.dat:outlier:6.0
Configuration:
  Input File: /scratch/bfrq/bzhang28/SDRBENCH-exaalt-copper/dataset2-83x1077290.z.f32.dat
  Output File: (none)
  Elements: 89415070
  Target Ratio: 6.00
  Mode: outlier
Data Range: 0.716790 (Min: 0.022619, Max: 0.739409)
Warming up GPU...
Warmup complete.
Starting Profiling...
  Profiling Time: 0.710 ms
  Selected AbsEB: 3.942346e-03 (RelEB: 5.500000e-03)
Starting Compression...
  Compression Time: 1.663 ms
  Compressed Size: 58639271 bytes
  Achieved Ratio: 6.10
Throughput Statistics:
  Profiling Throughput:    503.89 GB/s
  Compression Throughput:  215.02 GB/s
  Total (Prof+Comp) Thrpt: 150.71 GB/s
Starting Decompression...
  Decompression Time: 1.531 ms
  Decompression Throughput: 233.64 GB/s
Verification Results:
  Max Error: 3.942333e-03
  PSNR: 49.96 dB
  Error Bound Compliance: PASS
BENCH_START:EXAALT:dataset2-83x1077290.z.f32.dat:outlier:8.0
Configuration:
  Input File: /scratch/bfrq/bzhang28/SDRBENCH-exaalt-copper/dataset2-83x1077290.z.f32.dat
  Output File: (none)
  Elements: 89415070
  Target Ratio: 8.00
  Mode: outlier
Data Range: 0.716790 (Min: 0.022619, Max: 0.739409)
Warming up GPU...
Warmup complete.
Starting Profiling...
  Profiling Time: 0.721 ms
  Selected AbsEB: 1.146864e-02 (RelEB: 1.600000e-02)
Starting Compression...
  Compression Time: 1.473 ms
  Compressed Size: 42423595 bytes
  Achieved Ratio: 8.43
Throughput Statistics:
  Profiling Throughput:    496.27 GB/s
  Compression Throughput:  242.75 GB/s
  Total (Prof+Comp) Thrpt: 163.01 GB/s
Starting Decompression...
  Decompression Time: 1.269 ms
  Decompression Throughput: 281.95 GB/s
Verification Results:
  Max Error: 1.146865e-02
  PSNR: 40.77 dB
  Error Bound Compliance: PASS
BENCH_START:EXAALT:dataset2-83x1077290.z.f32.dat:plain:4.0
Configuration:
  Input File: /scratch/bfrq/bzhang28/SDRBENCH-exaalt-copper/dataset2-83x1077290.z.f32.dat
  Output File: (none)
  Elements: 89415070
  Target Ratio: 4.00
  Mode: plain
Data Range: 0.716790 (Min: 0.022619, Max: 0.739409)
Warming up GPU...
Warmup complete.
Starting Profiling...
  Profiling Time: 0.536 ms
  Selected AbsEB: 1.791975e-03 (RelEB: 2.500000e-03)
Starting Compression...
  Compression Time: 1.136 ms
  Compressed Size: 87280388 bytes
  Achieved Ratio: 4.10
Throughput Statistics:
  Profiling Throughput:    667.04 GB/s
  Compression Throughput:  314.95 GB/s
  Total (Prof+Comp) Thrpt: 213.94 GB/s
Starting Decompression...
  Decompression Time: 0.918 ms
  Decompression Throughput: 389.49 GB/s
Verification Results:
  Max Error: 1.791984e-03
  PSNR: 56.82 dB
  Error Bound Compliance: PASS
BENCH_START:EXAALT:dataset2-83x1077290.z.f32.dat:plain:6.0
Configuration:
  Input File: /scratch/bfrq/bzhang28/SDRBENCH-exaalt-copper/dataset2-83x1077290.z.f32.dat
  Output File: (none)
  Elements: 89415070
  Target Ratio: 6.00
  Mode: plain
Data Range: 0.716790 (Min: 0.022619, Max: 0.739409)
Warming up GPU...
Warmup complete.
Starting Profiling...
  Profiling Time: 0.548 ms
  Selected AbsEB: 1.146864e-02 (RelEB: 1.600000e-02)
Starting Compression...
  Compression Time: 1.051 ms
  Compressed Size: 58950468 bytes
  Achieved Ratio: 6.07
Throughput Statistics:
  Profiling Throughput:    652.86 GB/s
  Compression Throughput:  340.35 GB/s
  Total (Prof+Comp) Thrpt: 223.72 GB/s
Starting Decompression...
  Decompression Time: 0.886 ms
  Decompression Throughput: 403.45 GB/s
Verification Results:
  Max Error: 1.146865e-02
  PSNR: 40.77 dB
  Error Bound Compliance: PASS
BENCH_START:EXAALT:dataset2-83x1077290.z.f32.dat:plain:8.0
Configuration:
  Input File: /scratch/bfrq/bzhang28/SDRBENCH-exaalt-copper/dataset2-83x1077290.z.f32.dat
  Output File: (none)
  Elements: 89415070
  Target Ratio: 8.00
  Mode: plain
Data Range: 0.716790 (Min: 0.022619, Max: 0.739409)
Warming up GPU...
Warmup complete.
Starting Profiling...
  Profiling Time: 0.533 ms
  Selected AbsEB: 3.082198e-02 (RelEB: 4.300000e-02)
Starting Compression...
  Compression Time: 1.020 ms
  Compressed Size: 43745528 bytes
  Achieved Ratio: 8.18
Throughput Statistics:
  Profiling Throughput:    671.36 GB/s
  Compression Throughput:  350.48 GB/s
  Total (Prof+Comp) Thrpt: 230.27 GB/s
Starting Decompression...
  Decompression Time: 0.892 ms
  Decompression Throughput: 400.92 GB/s
Verification Results:
  Max Error: 3.082194e-02
  PSNR: 31.88 dB
  Error Bound Compliance: PASS
BENCH_START:SCALE:PRES-98x1200x1200.f32:outlier:4.0
Configuration:
  Input File: /scratch/bfrq/bzhang28/SDRBENCH-SCALE_98x1200x1200/PRES-98x1200x1200.f32
  Dims: 1200x1200x98
  Elements: 141120000
  Target Ratio: 4.00
  Mode: outlier
  Sample Rate: 1000
Data Range: 99534.757812
Warming up GPU...
Warmup complete.
Starting Profiling...
  Profiling Time: 0.732 ms
  Selected AbsEB: 6.370224e+00 (RelEB: 6.400000e-05)
  Estimated Ratio: 4.02 (Target: 4.00)
Starting Compression...
  Compression Time: 2.462 ms
  Compressed Size: 140341533
  Achieved Ratio: 4.02
Throughput Statistics:
  Profiling Throughput:    770.98 GB/s
  Compression Throughput:  229.30 GB/s
  Total (Prof+Comp) Thrpt: 176.74 GB/s
Starting Decompression...
  Decompression Time: 1.613 ms
  Decompression Throughput: 350.01 GB/s
Verification Results:
  Max Error: 6.375000e+00
  PSNR: 88.65 dB
  Compliance: PASS
BENCH_START:SCALE:PRES-98x1200x1200.f32:outlier:6.0
Configuration:
  Input File: /scratch/bfrq/bzhang28/SDRBENCH-SCALE_98x1200x1200/PRES-98x1200x1200.f32
  Dims: 1200x1200x98
  Elements: 141120000
  Target Ratio: 6.00
  Mode: outlier
  Sample Rate: 1000
Data Range: 99534.757812
Warming up GPU...
Warmup complete.
Starting Profiling...
  Profiling Time: 0.742 ms
  Selected AbsEB: 4.578599e+01 (RelEB: 4.600000e-04)
  Estimated Ratio: 6.12 (Target: 6.00)
Starting Compression...
  Compression Time: 2.103 ms
  Compressed Size: 92191488
  Achieved Ratio: 6.12
Throughput Statistics:
  Profiling Throughput:    760.77 GB/s
  Compression Throughput:  268.36 GB/s
  Total (Prof+Comp) Thrpt: 198.38 GB/s
Starting Decompression...
  Decompression Time: 1.378 ms
  Decompression Throughput: 409.52 GB/s
Verification Results:
  Max Error: 4.579688e+01
  PSNR: 71.55 dB
  Compliance: PASS
BENCH_START:SCALE:PRES-98x1200x1200.f32:outlier:8.0
Configuration:
  Input File: /scratch/bfrq/bzhang28/SDRBENCH-SCALE_98x1200x1200/PRES-98x1200x1200.f32
  Dims: 1200x1200x98
  Elements: 141120000
  Target Ratio: 8.00
  Mode: outlier
  Sample Rate: 1000
Data Range: 99534.757812
Warming up GPU...
Warmup complete.
Starting Profiling...
  Profiling Time: 0.743 ms
  Selected AbsEB: 1.293952e+02 (RelEB: 1.300000e-03)
  Estimated Ratio: 8.25 (Target: 8.00)
Starting Compression...
  Compression Time: 2.026 ms
  Compressed Size: 68524143
  Achieved Ratio: 8.24
Throughput Statistics:
  Profiling Throughput:    759.98 GB/s
  Compression Throughput:  278.65 GB/s
  Total (Prof+Comp) Thrpt: 203.89 GB/s
Starting Decompression...
  Decompression Time: 1.266 ms
  Decompression Throughput: 445.90 GB/s
Verification Results:
  Max Error: 1.293984e+02
  PSNR: 62.64 dB
  Compliance: PASS
BENCH_START:SCALE:PRES-98x1200x1200.f32:plain:4.0
Configuration:
  Input File: /scratch/bfrq/bzhang28/SDRBENCH-SCALE_98x1200x1200/PRES-98x1200x1200.f32
  Dims: 1200x1200x98
  Elements: 141120000
  Target Ratio: 4.00
  Mode: plain
  Sample Rate: 1000
Data Range: 99534.757812
Warming up GPU...
Warmup complete.
Starting Profiling...
  Profiling Time: 0.705 ms
  Selected AbsEB: 1.891160e+02 (RelEB: 1.900000e-03)
  Estimated Ratio: 4.06 (Target: 4.00)
Starting Compression...
  Compression Time: 1.995 ms
  Compressed Size: 139110328
  Achieved Ratio: 4.06
Throughput Statistics:
  Profiling Throughput:    800.51 GB/s
  Compression Throughput:  282.94 GB/s
  Total (Prof+Comp) Thrpt: 209.05 GB/s
Starting Decompression...
  Decompression Time: 1.097 ms
  Decompression Throughput: 514.71 GB/s
Verification Results:
  Max Error: 1.891172e+02
  PSNR: 59.10 dB
  Compliance: PASS
BENCH_START:SCALE:PRES-98x1200x1200.f32:plain:6.0
Configuration:
  Input File: /scratch/bfrq/bzhang28/SDRBENCH-SCALE_98x1200x1200/PRES-98x1200x1200.f32
  Dims: 1200x1200x98
  Elements: 141120000
  Target Ratio: 6.00
  Mode: plain
  Sample Rate: 1000
Data Range: 99534.757812
Warming up GPU...
Warmup complete.
Starting Profiling...
  Profiling Time: 0.721 ms
  Selected AbsEB: 1.293952e+03 (RelEB: 1.300000e-02)
  Estimated Ratio: 6.12 (Target: 6.00)
Starting Compression...
  Compression Time: 1.894 ms
  Compressed Size: 92202824
  Achieved Ratio: 6.12
Throughput Statistics:
  Profiling Throughput:    782.85 GB/s
  Compression Throughput:  298.00 GB/s
  Total (Prof+Comp) Thrpt: 215.84 GB/s
Starting Decompression...
  Decompression Time: 0.988 ms
  Decompression Throughput: 571.41 GB/s
Verification Results:
  Max Error: 1.293953e+03
  PSNR: 42.58 dB
  Compliance: PASS
BENCH_START:SCALE:PRES-98x1200x1200.f32:plain:8.0
Configuration:
  Input File: /scratch/bfrq/bzhang28/SDRBENCH-SCALE_98x1200x1200/PRES-98x1200x1200.f32
  Dims: 1200x1200x98
  Elements: 141120000
  Target Ratio: 8.00
  Mode: plain
  Sample Rate: 1000
Data Range: 99534.757812
Warming up GPU...
Warmup complete.
Starting Profiling...
  Profiling Time: 0.725 ms
  Selected AbsEB: 3.384182e+03 (RelEB: 3.400000e-02)
  Estimated Ratio: 8.34 (Target: 8.00)
Starting Compression...
  Compression Time: 1.832 ms
  Compressed Size: 67637032
  Achieved Ratio: 8.35
Throughput Statistics:
  Profiling Throughput:    778.33 GB/s
  Compression Throughput:  308.18 GB/s
  Total (Prof+Comp) Thrpt: 220.77 GB/s
Starting Decompression...
  Decompression Time: 0.917 ms
  Decompression Throughput: 615.34 GB/s
Verification Results:
  Max Error: 3.384184e+03
  PSNR: 33.77 dB
  Compliance: PASS
BENCH_START:SCALE:QC-98x1200x1200.f32:outlier:4.0
Configuration:
  Input File: /scratch/bfrq/bzhang28/SDRBENCH-SCALE_98x1200x1200/QC-98x1200x1200.f32
  Dims: 1200x1200x98
  Elements: 141120000
  Target Ratio: 4.00
  Mode: outlier
  Sample Rate: 1000
Data Range: 0.003012
Warming up GPU...
Warmup complete.
Starting Profiling...
  Profiling Time: 0.733 ms
  Selected AbsEB: 3.011531e-09 (RelEB: 1.000000e-06)
  Estimated Ratio: 9.56 (Target: 4.00)
Starting Compression...
  Compression Time: 1.996 ms
  Compressed Size: 53679909
  Achieved Ratio: 10.52
Throughput Statistics:
  Profiling Throughput:    770.10 GB/s
  Compression Throughput:  282.77 GB/s
  Total (Prof+Comp) Thrpt: 206.83 GB/s
Starting Decompression...
  Decompression Time: 1.510 ms
  Decompression Throughput: 373.89 GB/s
Verification Results:
  Max Error: 3.143214e-09
  PSNR: 130.62 dB
  Compliance: PASS
BENCH_START:SCALE:QC-98x1200x1200.f32:outlier:6.0
Configuration:
  Input File: /scratch/bfrq/bzhang28/SDRBENCH-SCALE_98x1200x1200/QC-98x1200x1200.f32
  Dims: 1200x1200x98
  Elements: 141120000
  Target Ratio: 6.00
  Mode: outlier
  Sample Rate: 1000
Data Range: 0.003012
Warming up GPU...
Warmup complete.
Starting Profiling...
  Profiling Time: 0.733 ms
  Selected AbsEB: 3.011531e-09 (RelEB: 1.000000e-06)
  Estimated Ratio: 9.56 (Target: 6.00)
Starting Compression...
  Compression Time: 1.899 ms
  Compressed Size: 53679909
  Achieved Ratio: 10.52
Throughput Statistics:
  Profiling Throughput:    769.70 GB/s
  Compression Throughput:  297.21 GB/s
  Total (Prof+Comp) Thrpt: 214.42 GB/s
Starting Decompression...
  Decompression Time: 1.493 ms
  Decompression Throughput: 378.01 GB/s
Verification Results:
  Max Error: 3.143214e-09
  PSNR: 130.62 dB
  Compliance: PASS
BENCH_START:SCALE:QC-98x1200x1200.f32:outlier:8.0
Configuration:
  Input File: /scratch/bfrq/bzhang28/SDRBENCH-SCALE_98x1200x1200/QC-98x1200x1200.f32
  Dims: 1200x1200x98
  Elements: 141120000
  Target Ratio: 8.00
  Mode: outlier
  Sample Rate: 1000
Data Range: 0.003012
Warming up GPU...
Warmup complete.
Starting Profiling...
  Profiling Time: 0.745 ms
  Selected AbsEB: 3.011531e-09 (RelEB: 1.000000e-06)
  Estimated Ratio: 9.56 (Target: 8.00)
Starting Compression...
  Compression Time: 1.900 ms
  Compressed Size: 53679909
  Achieved Ratio: 10.52
Throughput Statistics:
  Profiling Throughput:    757.63 GB/s
  Compression Throughput:  297.08 GB/s
  Total (Prof+Comp) Thrpt: 213.40 GB/s
Starting Decompression...
  Decompression Time: 1.492 ms
  Decompression Throughput: 378.25 GB/s
Verification Results:
  Max Error: 3.143214e-09
  PSNR: 130.62 dB
  Compliance: PASS
BENCH_START:SCALE:QC-98x1200x1200.f32:plain:4.0
Configuration:
  Input File: /scratch/bfrq/bzhang28/SDRBENCH-SCALE_98x1200x1200/QC-98x1200x1200.f32
  Dims: 1200x1200x98
  Elements: 141120000
  Target Ratio: 4.00
  Mode: plain
  Sample Rate: 1000
Data Range: 0.003012
Warming up GPU...
Warmup complete.
Starting Profiling...
  Profiling Time: 0.718 ms
  Selected AbsEB: 3.011531e-09 (RelEB: 1.000000e-06)
  Estimated Ratio: 9.14 (Target: 4.00)
Starting Compression...
  Compression Time: 1.737 ms
  Compressed Size: 55332400
  Achieved Ratio: 10.20
Throughput Statistics:
  Profiling Throughput:    786.38 GB/s
  Compression Throughput:  324.92 GB/s
  Total (Prof+Comp) Thrpt: 229.92 GB/s
Starting Decompression...
  Decompression Time: 0.902 ms
  Decompression Throughput: 625.55 GB/s
Verification Results:
  Max Error: 3.143214e-09
  PSNR: 130.62 dB
  Compliance: PASS
BENCH_START:SCALE:QC-98x1200x1200.f32:plain:6.0
Configuration:
  Input File: /scratch/bfrq/bzhang28/SDRBENCH-SCALE_98x1200x1200/QC-98x1200x1200.f32
  Dims: 1200x1200x98
  Elements: 141120000
  Target Ratio: 6.00
  Mode: plain
  Sample Rate: 1000
Data Range: 0.003012
Warming up GPU...
Warmup complete.
Starting Profiling...
  Profiling Time: 0.734 ms
  Selected AbsEB: 3.011531e-09 (RelEB: 1.000000e-06)
  Estimated Ratio: 9.14 (Target: 6.00)
Starting Compression...
  Compression Time: 1.727 ms
  Compressed Size: 55332400
  Achieved Ratio: 10.20
Throughput Statistics:
  Profiling Throughput:    768.73 GB/s
  Compression Throughput:  326.76 GB/s
  Total (Prof+Comp) Thrpt: 229.30 GB/s
Starting Decompression...
  Decompression Time: 0.896 ms
  Decompression Throughput: 629.93 GB/s
Verification Results:
  Max Error: 3.143214e-09
  PSNR: 130.62 dB
  Compliance: PASS
BENCH_START:SCALE:QC-98x1200x1200.f32:plain:8.0
Configuration:
  Input File: /scratch/bfrq/bzhang28/SDRBENCH-SCALE_98x1200x1200/QC-98x1200x1200.f32
  Dims: 1200x1200x98
  Elements: 141120000
  Target Ratio: 8.00
  Mode: plain
  Sample Rate: 1000
Data Range: 0.003012
Warming up GPU...
Warmup complete.
Starting Profiling...
  Profiling Time: 0.719 ms
  Selected AbsEB: 3.011531e-09 (RelEB: 1.000000e-06)
  Estimated Ratio: 9.14 (Target: 8.00)
Starting Compression...
  Compression Time: 1.740 ms
  Compressed Size: 55332400
  Achieved Ratio: 10.20
Throughput Statistics:
  Profiling Throughput:    784.94 GB/s
  Compression Throughput:  324.40 GB/s
  Total (Prof+Comp) Thrpt: 229.54 GB/s
Starting Decompression...
  Decompression Time: 0.916 ms
  Decompression Throughput: 616.57 GB/s
Verification Results:
  Max Error: 3.143214e-09
  PSNR: 130.62 dB
  Compliance: PASS
BENCH_START:SCALE:QG-98x1200x1200.f32:outlier:4.0
Configuration:
  Input File: /scratch/bfrq/bzhang28/SDRBENCH-SCALE_98x1200x1200/QG-98x1200x1200.f32
  Dims: 1200x1200x98
  Elements: 141120000
  Target Ratio: 4.00
  Mode: outlier
  Sample Rate: 1000
Data Range: 0.014881
Warming up GPU...
Warmup complete.
Starting Profiling...
  Profiling Time: 0.723 ms
  Selected AbsEB: 1.488131e-08 (RelEB: 1.000000e-06)
  Estimated Ratio: 14.44 (Target: 4.00)
Starting Compression...
  Compression Time: 1.801 ms
  Compressed Size: 34575550
  Achieved Ratio: 16.33
Throughput Statistics:
  Profiling Throughput:    780.39 GB/s
  Compression Throughput:  313.40 GB/s
  Total (Prof+Comp) Thrpt: 223.60 GB/s
Starting Decompression...
  Decompression Time: 1.235 ms
  Decompression Throughput: 457.10 GB/s
Verification Results:
  Max Error: 1.490116e-08
  PSNR: 130.02 dB
  Compliance: PASS
BENCH_START:SCALE:QG-98x1200x1200.f32:outlier:6.0
Configuration:
  Input File: /scratch/bfrq/bzhang28/SDRBENCH-SCALE_98x1200x1200/QG-98x1200x1200.f32
  Dims: 1200x1200x98
  Elements: 141120000
  Target Ratio: 6.00
  Mode: outlier
  Sample Rate: 1000
Data Range: 0.014881
Warming up GPU...
Warmup complete.
Starting Profiling...
  Profiling Time: 0.729 ms
  Selected AbsEB: 1.488131e-08 (RelEB: 1.000000e-06)
  Estimated Ratio: 14.44 (Target: 6.00)
Starting Compression...
  Compression Time: 1.799 ms
  Compressed Size: 34575550
  Achieved Ratio: 16.33
Throughput Statistics:
  Profiling Throughput:    774.13 GB/s
  Compression Throughput:  313.80 GB/s
  Total (Prof+Comp) Thrpt: 223.29 GB/s
Starting Decompression...
  Decompression Time: 1.282 ms
  Decompression Throughput: 440.20 GB/s
Verification Results:
  Max Error: 1.490116e-08
  PSNR: 130.02 dB
  Compliance: PASS
BENCH_START:SCALE:QG-98x1200x1200.f32:outlier:8.0
Configuration:
  Input File: /scratch/bfrq/bzhang28/SDRBENCH-SCALE_98x1200x1200/QG-98x1200x1200.f32
  Dims: 1200x1200x98
  Elements: 141120000
  Target Ratio: 8.00
  Mode: outlier
  Sample Rate: 1000
Data Range: 0.014881
Warming up GPU...
Warmup complete.
Starting Profiling...
  Profiling Time: 0.736 ms
  Selected AbsEB: 1.488131e-08 (RelEB: 1.000000e-06)
  Estimated Ratio: 14.44 (Target: 8.00)
Starting Compression...
  Compression Time: 1.810 ms
  Compressed Size: 34575550
  Achieved Ratio: 16.33
Throughput Statistics:
  Profiling Throughput:    766.66 GB/s
  Compression Throughput:  311.94 GB/s
  Total (Prof+Comp) Thrpt: 221.72 GB/s
Starting Decompression...
  Decompression Time: 1.226 ms
  Decompression Throughput: 460.44 GB/s
Verification Results:
  Max Error: 1.490116e-08
  PSNR: 130.02 dB
  Compliance: PASS
BENCH_START:SCALE:QG-98x1200x1200.f32:plain:4.0
Configuration:
  Input File: /scratch/bfrq/bzhang28/SDRBENCH-SCALE_98x1200x1200/QG-98x1200x1200.f32
  Dims: 1200x1200x98
  Elements: 141120000
  Target Ratio: 4.00
  Mode: plain
  Sample Rate: 1000
Data Range: 0.014881
Warming up GPU...
Warmup complete.
Starting Profiling...
  Profiling Time: 0.718 ms
  Selected AbsEB: 1.488131e-08 (RelEB: 1.000000e-06)
  Estimated Ratio: 12.80 (Target: 4.00)
Starting Compression...
  Compression Time: 1.661 ms
  Compressed Size: 39130848
  Achieved Ratio: 14.43
Throughput Statistics:
  Profiling Throughput:    786.17 GB/s
  Compression Throughput:  339.79 GB/s
  Total (Prof+Comp) Thrpt: 237.25 GB/s
Starting Decompression...
  Decompression Time: 0.738 ms
  Decompression Throughput: 764.76 GB/s
Verification Results:
  Max Error: 1.490116e-08
  PSNR: 130.02 dB
  Compliance: PASS
BENCH_START:SCALE:QG-98x1200x1200.f32:plain:6.0
Configuration:
  Input File: /scratch/bfrq/bzhang28/SDRBENCH-SCALE_98x1200x1200/QG-98x1200x1200.f32
  Dims: 1200x1200x98
  Elements: 141120000
  Target Ratio: 6.00
  Mode: plain
  Sample Rate: 1000
Data Range: 0.014881
Warming up GPU...
Warmup complete.
Starting Profiling...
  Profiling Time: 0.720 ms
  Selected AbsEB: 1.488131e-08 (RelEB: 1.000000e-06)
  Estimated Ratio: 12.80 (Target: 6.00)
Starting Compression...
  Compression Time: 1.662 ms
  Compressed Size: 39130848
  Achieved Ratio: 14.43
Throughput Statistics:
  Profiling Throughput:    784.17 GB/s
  Compression Throughput:  339.54 GB/s
  Total (Prof+Comp) Thrpt: 236.95 GB/s
Starting Decompression...
  Decompression Time: 0.740 ms
  Decompression Throughput: 763.07 GB/s
Verification Results:
  Max Error: 1.490116e-08
  PSNR: 130.02 dB
  Compliance: PASS
BENCH_START:SCALE:QG-98x1200x1200.f32:plain:8.0
Configuration:
  Input File: /scratch/bfrq/bzhang28/SDRBENCH-SCALE_98x1200x1200/QG-98x1200x1200.f32
  Dims: 1200x1200x98
  Elements: 141120000
  Target Ratio: 8.00
  Mode: plain
  Sample Rate: 1000
Data Range: 0.014881
Warming up GPU...
Warmup complete.
Starting Profiling...
  Profiling Time: 0.716 ms
  Selected AbsEB: 1.488131e-08 (RelEB: 1.000000e-06)
  Estimated Ratio: 12.80 (Target: 8.00)
Starting Compression...
  Compression Time: 1.671 ms
  Compressed Size: 39130848
  Achieved Ratio: 14.43
Throughput Statistics:
  Profiling Throughput:    788.52 GB/s
  Compression Throughput:  337.86 GB/s
  Total (Prof+Comp) Thrpt: 236.52 GB/s
Starting Decompression...
  Decompression Time: 0.748 ms
  Decompression Throughput: 754.78 GB/s
Verification Results:
  Max Error: 1.490116e-08
  PSNR: 130.02 dB
  Compliance: PASS
BENCH_START:SCALE:QI-98x1200x1200.f32:outlier:4.0
Configuration:
  Input File: /scratch/bfrq/bzhang28/SDRBENCH-SCALE_98x1200x1200/QI-98x1200x1200.f32
  Dims: 1200x1200x98
  Elements: 141120000
  Target Ratio: 4.00
  Mode: outlier
  Sample Rate: 1000
Data Range: 0.001601
Warming up GPU...
Warmup complete.
Starting Profiling...
  Profiling Time: 0.732 ms
  Selected AbsEB: 1.600500e-09 (RelEB: 1.000000e-06)
  Estimated Ratio: 8.94 (Target: 4.00)
Starting Compression...
  Compression Time: 1.941 ms
  Compressed Size: 57363971
  Achieved Ratio: 9.84
Throughput Statistics:
  Profiling Throughput:    770.84 GB/s
  Compression Throughput:  290.77 GB/s
  Total (Prof+Comp) Thrpt: 211.13 GB/s
Starting Decompression...
  Decompression Time: 1.318 ms
  Decompression Throughput: 428.12 GB/s
Verification Results:
  Max Error: 1.629815e-09
  PSNR: 130.44 dB
  Compliance: PASS
BENCH_START:SCALE:QI-98x1200x1200.f32:outlier:6.0
Configuration:
  Input File: /scratch/bfrq/bzhang28/SDRBENCH-SCALE_98x1200x1200/QI-98x1200x1200.f32
  Dims: 1200x1200x98
  Elements: 141120000
  Target Ratio: 6.00
  Mode: outlier
  Sample Rate: 1000
Data Range: 0.001601
Warming up GPU...
Warmup complete.
Starting Profiling...
  Profiling Time: 0.722 ms
  Selected AbsEB: 1.600500e-09 (RelEB: 1.000000e-06)
  Estimated Ratio: 8.94 (Target: 6.00)
Starting Compression...
  Compression Time: 1.884 ms
  Compressed Size: 57363971
  Achieved Ratio: 9.84
Throughput Statistics:
  Profiling Throughput:    781.33 GB/s
  Compression Throughput:  299.69 GB/s
  Total (Prof+Comp) Thrpt: 216.61 GB/s
Starting Decompression...
  Decompression Time: 1.282 ms
  Decompression Throughput: 440.16 GB/s
Verification Results:
  Max Error: 1.629815e-09
  PSNR: 130.44 dB
  Compliance: PASS
BENCH_START:SCALE:QI-98x1200x1200.f32:outlier:8.0
Configuration:
  Input File: /scratch/bfrq/bzhang28/SDRBENCH-SCALE_98x1200x1200/QI-98x1200x1200.f32
  Dims: 1200x1200x98
  Elements: 141120000
  Target Ratio: 8.00
  Mode: outlier
  Sample Rate: 1000
Data Range: 0.001601
Warming up GPU...
Warmup complete.
Starting Profiling...
  Profiling Time: 0.727 ms
  Selected AbsEB: 1.600500e-09 (RelEB: 1.000000e-06)
  Estimated Ratio: 8.94 (Target: 8.00)
Starting Compression...
  Compression Time: 1.890 ms
  Compressed Size: 57363971
  Achieved Ratio: 9.84
Throughput Statistics:
  Profiling Throughput:    776.20 GB/s
  Compression Throughput:  298.65 GB/s
  Total (Prof+Comp) Thrpt: 215.67 GB/s
Starting Decompression...
  Decompression Time: 1.295 ms
  Decompression Throughput: 435.80 GB/s
Verification Results:
  Max Error: 1.629815e-09
  PSNR: 130.44 dB
  Compliance: PASS
BENCH_START:SCALE:QI-98x1200x1200.f32:plain:4.0
Configuration:
  Input File: /scratch/bfrq/bzhang28/SDRBENCH-SCALE_98x1200x1200/QI-98x1200x1200.f32
  Dims: 1200x1200x98
  Elements: 141120000
  Target Ratio: 4.00
  Mode: plain
  Sample Rate: 1000
Data Range: 0.001601
Warming up GPU...
Warmup complete.
Starting Profiling...
  Profiling Time: 0.726 ms
  Selected AbsEB: 1.600500e-09 (RelEB: 1.000000e-06)
  Estimated Ratio: 8.34 (Target: 4.00)
Starting Compression...
  Compression Time: 1.749 ms
  Compressed Size: 60908352
  Achieved Ratio: 9.27
Throughput Statistics:
  Profiling Throughput:    777.98 GB/s
  Compression Throughput:  322.66 GB/s
  Total (Prof+Comp) Thrpt: 228.07 GB/s
Starting Decompression...
  Decompression Time: 0.835 ms
  Decompression Throughput: 675.76 GB/s
Verification Results:
  Max Error: 1.629815e-09
  PSNR: 130.44 dB
  Compliance: PASS
BENCH_START:SCALE:QI-98x1200x1200.f32:plain:6.0
Configuration:
  Input File: /scratch/bfrq/bzhang28/SDRBENCH-SCALE_98x1200x1200/QI-98x1200x1200.f32
  Dims: 1200x1200x98
  Elements: 141120000
  Target Ratio: 6.00
  Mode: plain
  Sample Rate: 1000
Data Range: 0.001601
Warming up GPU...
Warmup complete.
Starting Profiling...
  Profiling Time: 0.751 ms
  Selected AbsEB: 1.600500e-09 (RelEB: 1.000000e-06)
  Estimated Ratio: 8.34 (Target: 6.00)
Starting Compression...
  Compression Time: 1.749 ms
  Compressed Size: 60908352
  Achieved Ratio: 9.27
Throughput Statistics:
  Profiling Throughput:    751.85 GB/s
  Compression Throughput:  322.70 GB/s
  Total (Prof+Comp) Thrpt: 225.79 GB/s
Starting Decompression...
  Decompression Time: 0.832 ms
  Decompression Throughput: 678.36 GB/s
Verification Results:
  Max Error: 1.629815e-09
  PSNR: 130.44 dB
  Compliance: PASS
BENCH_START:SCALE:QI-98x1200x1200.f32:plain:8.0
Configuration:
  Input File: /scratch/bfrq/bzhang28/SDRBENCH-SCALE_98x1200x1200/QI-98x1200x1200.f32
  Dims: 1200x1200x98
  Elements: 141120000
  Target Ratio: 8.00
  Mode: plain
  Sample Rate: 1000
Data Range: 0.001601
Warming up GPU...
Warmup complete.
Starting Profiling...
  Profiling Time: 0.711 ms
  Selected AbsEB: 1.600500e-09 (RelEB: 1.000000e-06)
  Estimated Ratio: 8.34 (Target: 8.00)
Starting Compression...
  Compression Time: 1.734 ms
  Compressed Size: 60908352
  Achieved Ratio: 9.27
Throughput Statistics:
  Profiling Throughput:    794.02 GB/s
  Compression Throughput:  325.50 GB/s
  Total (Prof+Comp) Thrpt: 230.86 GB/s
Starting Decompression...
  Decompression Time: 0.856 ms
  Decompression Throughput: 659.54 GB/s
Verification Results:
  Max Error: 1.629815e-09
  PSNR: 130.44 dB
  Compliance: PASS
BENCH_START:SCALE:QR-98x1200x1200.f32:outlier:4.0
Configuration:
  Input File: /scratch/bfrq/bzhang28/SDRBENCH-SCALE_98x1200x1200/QR-98x1200x1200.f32
  Dims: 1200x1200x98
  Elements: 141120000
  Target Ratio: 4.00
  Mode: outlier
  Sample Rate: 1000
Data Range: 0.006372
Warming up GPU...
Warmup complete.
Starting Profiling...
  Profiling Time: 0.729 ms
  Selected AbsEB: 6.372067e-09 (RelEB: 1.000000e-06)
  Estimated Ratio: 11.97 (Target: 4.00)
Starting Compression...
  Compression Time: 1.901 ms
  Compressed Size: 47129144
  Achieved Ratio: 11.98
Throughput Statistics:
  Profiling Throughput:    774.77 GB/s
  Compression Throughput:  296.87 GB/s
  Total (Prof+Comp) Thrpt: 214.63 GB/s
Starting Decompression...
  Decompression Time: 1.424 ms
  Decompression Throughput: 396.49 GB/s
Verification Results:
  Max Error: 6.519258e-09
  PSNR: 129.82 dB
  Compliance: PASS
BENCH_START:SCALE:QR-98x1200x1200.f32:outlier:6.0
Configuration:
  Input File: /scratch/bfrq/bzhang28/SDRBENCH-SCALE_98x1200x1200/QR-98x1200x1200.f32
  Dims: 1200x1200x98
  Elements: 141120000
  Target Ratio: 6.00
  Mode: outlier
  Sample Rate: 1000
Data Range: 0.006372
Warming up GPU...
Warmup complete.
Starting Profiling...
  Profiling Time: 0.729 ms
  Selected AbsEB: 6.372067e-09 (RelEB: 1.000000e-06)
  Estimated Ratio: 11.97 (Target: 6.00)
Starting Compression...
  Compression Time: 1.880 ms
  Compressed Size: 47129144
  Achieved Ratio: 11.98
Throughput Statistics:
  Profiling Throughput:    773.85 GB/s
  Compression Throughput:  300.30 GB/s
  Total (Prof+Comp) Thrpt: 216.35 GB/s
Starting Decompression...
  Decompression Time: 1.430 ms
  Decompression Throughput: 394.67 GB/s
Verification Results:
  Max Error: 6.519258e-09
  PSNR: 129.82 dB
  Compliance: PASS
BENCH_START:SCALE:QR-98x1200x1200.f32:outlier:8.0
Configuration:
  Input File: /scratch/bfrq/bzhang28/SDRBENCH-SCALE_98x1200x1200/QR-98x1200x1200.f32
  Dims: 1200x1200x98
  Elements: 141120000
  Target Ratio: 8.00
  Mode: outlier
  Sample Rate: 1000
Data Range: 0.006372
Warming up GPU...
Warmup complete.
Starting Profiling...
  Profiling Time: 0.735 ms
  Selected AbsEB: 6.372067e-09 (RelEB: 1.000000e-06)
  Estimated Ratio: 11.97 (Target: 8.00)
Starting Compression...
  Compression Time: 1.866 ms
  Compressed Size: 47129144
  Achieved Ratio: 11.98
Throughput Statistics:
  Profiling Throughput:    767.62 GB/s
  Compression Throughput:  302.56 GB/s
  Total (Prof+Comp) Thrpt: 217.02 GB/s
Starting Decompression...
  Decompression Time: 1.409 ms
  Decompression Throughput: 400.75 GB/s
Verification Results:
  Max Error: 6.519258e-09
  PSNR: 129.82 dB
  Compliance: PASS
BENCH_START:SCALE:QR-98x1200x1200.f32:plain:4.0
Configuration:
  Input File: /scratch/bfrq/bzhang28/SDRBENCH-SCALE_98x1200x1200/QR-98x1200x1200.f32
  Dims: 1200x1200x98
  Elements: 141120000
  Target Ratio: 4.00
  Mode: plain
  Sample Rate: 1000
Data Range: 0.006372
Warming up GPU...
Warmup complete.
Starting Profiling...
  Profiling Time: 0.723 ms
  Selected AbsEB: 6.372067e-09 (RelEB: 1.000000e-06)
  Estimated Ratio: 10.65 (Target: 4.00)
Starting Compression...
  Compression Time: 1.701 ms
  Compressed Size: 52984256
  Achieved Ratio: 10.65
Throughput Statistics:
  Profiling Throughput:    780.70 GB/s
  Compression Throughput:  331.83 GB/s
  Total (Prof+Comp) Thrpt: 232.86 GB/s
Starting Decompression...
  Decompression Time: 0.780 ms
  Decompression Throughput: 723.28 GB/s
Verification Results:
  Max Error: 6.519258e-09
  PSNR: 129.82 dB
  Compliance: PASS
BENCH_START:SCALE:QR-98x1200x1200.f32:plain:6.0
Configuration:
  Input File: /scratch/bfrq/bzhang28/SDRBENCH-SCALE_98x1200x1200/QR-98x1200x1200.f32
  Dims: 1200x1200x98
  Elements: 141120000
  Target Ratio: 6.00
  Mode: plain
  Sample Rate: 1000
Data Range: 0.006372
Warming up GPU...
Warmup complete.
Starting Profiling...
  Profiling Time: 0.702 ms
  Selected AbsEB: 6.372067e-09 (RelEB: 1.000000e-06)
  Estimated Ratio: 10.65 (Target: 6.00)
Starting Compression...
  Compression Time: 1.712 ms
  Compressed Size: 52984256
  Achieved Ratio: 10.65
Throughput Statistics:
  Profiling Throughput:    803.79 GB/s
  Compression Throughput:  329.78 GB/s
  Total (Prof+Comp) Thrpt: 233.84 GB/s
Starting Decompression...
  Decompression Time: 0.814 ms
  Decompression Throughput: 693.64 GB/s
Verification Results:
  Max Error: 6.519258e-09
  PSNR: 129.82 dB
  Compliance: PASS
BENCH_START:SCALE:QR-98x1200x1200.f32:plain:8.0
Configuration:
  Input File: /scratch/bfrq/bzhang28/SDRBENCH-SCALE_98x1200x1200/QR-98x1200x1200.f32
  Dims: 1200x1200x98
  Elements: 141120000
  Target Ratio: 8.00
  Mode: plain
  Sample Rate: 1000
Data Range: 0.006372
Warming up GPU...
Warmup complete.
Starting Profiling...
  Profiling Time: 0.703 ms
  Selected AbsEB: 6.372067e-09 (RelEB: 1.000000e-06)
  Estimated Ratio: 10.65 (Target: 8.00)
Starting Compression...
  Compression Time: 1.699 ms
  Compressed Size: 52984256
  Achieved Ratio: 10.65
Throughput Statistics:
  Profiling Throughput:    802.69 GB/s
  Compression Throughput:  332.30 GB/s
  Total (Prof+Comp) Thrpt: 235.01 GB/s
Starting Decompression...
  Decompression Time: 0.789 ms
  Decompression Throughput: 715.01 GB/s
Verification Results:
  Max Error: 6.519258e-09
  PSNR: 129.82 dB
  Compliance: PASS
BENCH_START:SCALE:QS-98x1200x1200.f32:outlier:4.0
Configuration:
  Input File: /scratch/bfrq/bzhang28/SDRBENCH-SCALE_98x1200x1200/QS-98x1200x1200.f32
  Dims: 1200x1200x98
  Elements: 141120000
  Target Ratio: 4.00
  Mode: outlier
  Sample Rate: 1000
Data Range: 0.000757
Warming up GPU...
Warmup complete.
Starting Profiling...
  Profiling Time: 0.715 ms
  Selected AbsEB: 7.569692e-10 (RelEB: 1.000000e-06)
  Estimated Ratio: 6.66 (Target: 4.00)
Starting Compression...
  Compression Time: 2.029 ms
  Compressed Size: 83451290
  Achieved Ratio: 6.76
Throughput Statistics:
  Profiling Throughput:    789.16 GB/s
  Compression Throughput:  278.27 GB/s
  Total (Prof+Comp) Thrpt: 205.73 GB/s
Starting Decompression...
  Decompression Time: 1.475 ms
  Decompression Throughput: 382.68 GB/s
Verification Results:
  Max Error: 7.858034e-10
  PSNR: 128.91 dB
  Compliance: PASS
BENCH_START:SCALE:QS-98x1200x1200.f32:outlier:6.0
Configuration:
  Input File: /scratch/bfrq/bzhang28/SDRBENCH-SCALE_98x1200x1200/QS-98x1200x1200.f32
  Dims: 1200x1200x98
  Elements: 141120000
  Target Ratio: 6.00
  Mode: outlier
  Sample Rate: 1000
Data Range: 0.000757
Warming up GPU...
Warmup complete.
Starting Profiling...
  Profiling Time: 0.842 ms
  Selected AbsEB: 7.569692e-10 (RelEB: 1.000000e-06)
  Estimated Ratio: 6.66 (Target: 6.00)
Starting Compression...
  Compression Time: 2.023 ms
  Compressed Size: 83451290
  Achieved Ratio: 6.76
Throughput Statistics:
  Profiling Throughput:    670.49 GB/s
  Compression Throughput:  279.07 GB/s
  Total (Prof+Comp) Thrpt: 197.05 GB/s
Starting Decompression...
  Decompression Time: 1.469 ms
  Decompression Throughput: 384.31 GB/s
Verification Results:
  Max Error: 7.858034e-10
  PSNR: 128.91 dB
  Compliance: PASS
BENCH_START:SCALE:QS-98x1200x1200.f32:outlier:8.0
Configuration:
  Input File: /scratch/bfrq/bzhang28/SDRBENCH-SCALE_98x1200x1200/QS-98x1200x1200.f32
  Dims: 1200x1200x98
  Elements: 141120000
  Target Ratio: 8.00
  Mode: outlier
  Sample Rate: 1000
Data Range: 0.000757
Warming up GPU...
Warmup complete.
Starting Profiling...
  Profiling Time: 0.745 ms
  Selected AbsEB: 3.027877e-09 (RelEB: 4.000000e-06)
  Estimated Ratio: 8.05 (Target: 8.00)
Starting Compression...
  Compression Time: 1.923 ms
  Compressed Size: 69067091
  Achieved Ratio: 8.17
Throughput Statistics:
  Profiling Throughput:    758.16 GB/s
  Compression Throughput:  293.51 GB/s
  Total (Prof+Comp) Thrpt: 211.59 GB/s
Starting Decompression...
  Decompression Time: 1.308 ms
  Decompression Throughput: 431.69 GB/s
Verification Results:
  Max Error: 3.055902e-09
  PSNR: 117.03 dB
  Compliance: PASS
BENCH_START:SCALE:QS-98x1200x1200.f32:plain:4.0
Configuration:
  Input File: /scratch/bfrq/bzhang28/SDRBENCH-SCALE_98x1200x1200/QS-98x1200x1200.f32
  Dims: 1200x1200x98
  Elements: 141120000
  Target Ratio: 4.00
  Mode: plain
  Sample Rate: 1000
Data Range: 0.000757
Warming up GPU...
Warmup complete.
Starting Profiling...
  Profiling Time: 0.702 ms
  Selected AbsEB: 7.569692e-10 (RelEB: 1.000000e-06)
  Estimated Ratio: 6.21 (Target: 4.00)
Starting Compression...
  Compression Time: 1.953 ms
  Compressed Size: 88880024
  Achieved Ratio: 6.35
Throughput Statistics:
  Profiling Throughput:    803.68 GB/s
  Compression Throughput:  289.04 GB/s
  Total (Prof+Comp) Thrpt: 212.59 GB/s
Starting Decompression...
  Decompression Time: 0.935 ms
  Decompression Throughput: 603.72 GB/s
Verification Results:
  Max Error: 7.858034e-10
  PSNR: 128.91 dB
  Compliance: PASS
BENCH_START:SCALE:QS-98x1200x1200.f32:plain:6.0
Configuration:
  Input File: /scratch/bfrq/bzhang28/SDRBENCH-SCALE_98x1200x1200/QS-98x1200x1200.f32
  Dims: 1200x1200x98
  Elements: 141120000
  Target Ratio: 6.00
  Mode: plain
  Sample Rate: 1000
Data Range: 0.000757
Warming up GPU...
Warmup complete.
Starting Profiling...
  Profiling Time: 0.712 ms
  Selected AbsEB: 7.569692e-10 (RelEB: 1.000000e-06)
  Estimated Ratio: 6.21 (Target: 6.00)
Starting Compression...
  Compression Time: 2.019 ms
  Compressed Size: 88880024
  Achieved Ratio: 6.35
Throughput Statistics:
  Profiling Throughput:    792.70 GB/s
  Compression Throughput:  279.62 GB/s
  Total (Prof+Comp) Thrpt: 206.71 GB/s
Starting Decompression...
  Decompression Time: 0.937 ms
  Decompression Throughput: 602.34 GB/s
Verification Results:
  Max Error: 7.858034e-10
  PSNR: 128.91 dB
  Compliance: PASS
BENCH_START:SCALE:QS-98x1200x1200.f32:plain:8.0
Configuration:
  Input File: /scratch/bfrq/bzhang28/SDRBENCH-SCALE_98x1200x1200/QS-98x1200x1200.f32
  Dims: 1200x1200x98
  Elements: 141120000
  Target Ratio: 8.00
  Mode: plain
  Sample Rate: 1000
Data Range: 0.000757
Warming up GPU...
Warmup complete.
Starting Profiling...
  Profiling Time: 0.721 ms
  Selected AbsEB: 6.055753e-09 (RelEB: 8.000000e-06)
  Estimated Ratio: 8.16 (Target: 8.00)
Starting Compression...
  Compression Time: 1.736 ms
  Compressed Size: 67613896
  Achieved Ratio: 8.35
Throughput Statistics:
  Profiling Throughput:    783.34 GB/s
  Compression Throughput:  325.13 GB/s
  Total (Prof+Comp) Thrpt: 229.76 GB/s
Starting Decompression...
  Decompression Time: 0.952 ms
  Decompression Throughput: 592.84 GB/s
Verification Results:
  Max Error: 6.082701e-09
  PSNR: 111.10 dB
  Compliance: PASS
BENCH_START:SCALE:QV-98x1200x1200.f32:outlier:4.0
Configuration:
  Input File: /scratch/bfrq/bzhang28/SDRBENCH-SCALE_98x1200x1200/QV-98x1200x1200.f32
  Dims: 1200x1200x98
  Elements: 141120000
  Target Ratio: 4.00
  Mode: outlier
  Sample Rate: 1000
Data Range: 0.019523
Warming up GPU...
Warmup complete.
Starting Profiling...
  Profiling Time: 0.729 ms
  Selected AbsEB: 2.928504e-07 (RelEB: 1.500000e-05)
  Estimated Ratio: 4.16 (Target: 4.00)
Starting Compression...
  Compression Time: 2.337 ms
  Compressed Size: 136515910
  Achieved Ratio: 4.13
Throughput Statistics:
  Profiling Throughput:    774.50 GB/s
  Compression Throughput:  241.53 GB/s
  Total (Prof+Comp) Thrpt: 184.11 GB/s
Starting Decompression...
  Decompression Time: 1.724 ms
  Decompression Throughput: 327.49 GB/s
Verification Results:
  Max Error: 2.942979e-07
  PSNR: 101.15 dB
  Compliance: PASS
BENCH_START:SCALE:QV-98x1200x1200.f32:outlier:6.0
Configuration:
  Input File: /scratch/bfrq/bzhang28/SDRBENCH-SCALE_98x1200x1200/QV-98x1200x1200.f32
  Dims: 1200x1200x98
  Elements: 141120000
  Target Ratio: 6.00
  Mode: outlier
  Sample Rate: 1000
Data Range: 0.019523
Warming up GPU...
Warmup complete.
Starting Profiling...
  Profiling Time: 0.715 ms
  Selected AbsEB: 2.147570e-06 (RelEB: 1.100000e-04)
  Estimated Ratio: 6.05 (Target: 6.00)
Starting Compression...
  Compression Time: 2.109 ms
  Compressed Size: 94039292
  Achieved Ratio: 6.00
Throughput Statistics:
  Profiling Throughput:    789.01 GB/s
  Compression Throughput:  267.61 GB/s
  Total (Prof+Comp) Thrpt: 199.83 GB/s
Starting Decompression...
  Decompression Time: 1.541 ms
  Decompression Throughput: 366.41 GB/s
Verification Results:
  Max Error: 2.149493e-06
  PSNR: 83.65 dB
  Compliance: PASS
BENCH_START:SCALE:QV-98x1200x1200.f32:outlier:8.0
Configuration:
  Input File: /scratch/bfrq/bzhang28/SDRBENCH-SCALE_98x1200x1200/QV-98x1200x1200.f32
  Dims: 1200x1200x98
  Elements: 141120000
  Target Ratio: 8.00
  Mode: outlier
  Sample Rate: 1000
Data Range: 0.019523
Warming up GPU...
Warmup complete.
Starting Profiling...
  Profiling Time: 0.746 ms
  Selected AbsEB: 7.223644e-06 (RelEB: 3.700000e-04)
  Estimated Ratio: 8.05 (Target: 8.00)
Starting Compression...
  Compression Time: 1.987 ms
  Compressed Size: 70755599
  Achieved Ratio: 7.98
Throughput Statistics:
  Profiling Throughput:    756.27 GB/s
  Compression Throughput:  284.02 GB/s
  Total (Prof+Comp) Thrpt: 206.48 GB/s
Starting Decompression...
  Decompression Time: 1.362 ms
  Decompression Throughput: 414.58 GB/s
Verification Results:
  Max Error: 7.225201e-06
  PSNR: 73.85 dB
  Compliance: PASS
BENCH_START:SCALE:QV-98x1200x1200.f32:plain:4.0
Configuration:
  Input File: /scratch/bfrq/bzhang28/SDRBENCH-SCALE_98x1200x1200/QV-98x1200x1200.f32
  Dims: 1200x1200x98
  Elements: 141120000
  Target Ratio: 4.00
  Mode: plain
  Sample Rate: 1000
Data Range: 0.019523
Warming up GPU...
Warmup complete.
Starting Profiling...
  Profiling Time: 0.722 ms
  Selected AbsEB: 3.123738e-06 (RelEB: 1.600000e-04)
  Estimated Ratio: 4.10 (Target: 4.00)
Starting Compression...
  Compression Time: 2.103 ms
  Compressed Size: 137058000
  Achieved Ratio: 4.12
Throughput Statistics:
  Profiling Throughput:    781.71 GB/s
  Compression Throughput:  268.47 GB/s
  Total (Prof+Comp) Thrpt: 199.84 GB/s
Starting Decompression...
  Decompression Time: 1.045 ms
  Decompression Throughput: 539.99 GB/s
Verification Results:
  Max Error: 3.124587e-06
  PSNR: 80.81 dB
  Compliance: PASS
BENCH_START:SCALE:QV-98x1200x1200.f32:plain:6.0
Configuration:
  Input File: /scratch/bfrq/bzhang28/SDRBENCH-SCALE_98x1200x1200/QV-98x1200x1200.f32
  Dims: 1200x1200x98
  Elements: 141120000
  Target Ratio: 6.00
  Mode: plain
  Sample Rate: 1000
Data Range: 0.019523
Warming up GPU...
Warmup complete.
Starting Profiling...
  Profiling Time: 0.723 ms
  Selected AbsEB: 2.538037e-05 (RelEB: 1.300000e-03)
  Estimated Ratio: 6.04 (Target: 6.00)
Starting Compression...
  Compression Time: 1.858 ms
  Compressed Size: 93056744
  Achieved Ratio: 6.07
Throughput Statistics:
  Profiling Throughput:    781.01 GB/s
  Compression Throughput:  303.73 GB/s
  Total (Prof+Comp) Thrpt: 218.68 GB/s
Starting Decompression...
  Decompression Time: 0.894 ms
  Decompression Throughput: 631.31 GB/s
Verification Results:
  Max Error: 2.538227e-05
  PSNR: 63.54 dB
  Compliance: PASS
BENCH_START:SCALE:QV-98x1200x1200.f32:plain:8.0
Configuration:
  Input File: /scratch/bfrq/bzhang28/SDRBENCH-SCALE_98x1200x1200/QV-98x1200x1200.f32
  Dims: 1200x1200x98
  Elements: 141120000
  Target Ratio: 8.00
  Mode: plain
  Sample Rate: 1000
Data Range: 0.019523
Warming up GPU...
Warmup complete.
Starting Profiling...
  Profiling Time: 0.733 ms
  Selected AbsEB: 1.015215e-04 (RelEB: 5.200000e-03)
  Estimated Ratio: 8.12 (Target: 8.00)
Starting Compression...
  Compression Time: 1.792 ms
  Compressed Size: 69114464
  Achieved Ratio: 8.17
Throughput Statistics:
  Profiling Throughput:    769.63 GB/s
  Compression Throughput:  315.00 GB/s
  Total (Prof+Comp) Thrpt: 223.52 GB/s
Starting Decompression...
  Decompression Time: 0.826 ms
  Decompression Throughput: 683.40 GB/s
Verification Results:
  Max Error: 1.015235e-04
  PSNR: 52.00 dB
  Compliance: PASS
BENCH_START:SCALE:RH-98x1200x1200.f32:outlier:4.0
Configuration:
  Input File: /scratch/bfrq/bzhang28/SDRBENCH-SCALE_98x1200x1200/RH-98x1200x1200.f32
  Dims: 1200x1200x98
  Elements: 141120000
  Target Ratio: 4.00
  Mode: outlier
  Sample Rate: 1000
Data Range: 204.472931
Warming up GPU...
Warmup complete.
Starting Profiling...
  Profiling Time: 0.746 ms
  Selected AbsEB: 1.308627e-02 (RelEB: 6.400000e-05)
  Estimated Ratio: 4.01 (Target: 4.00)
Starting Compression...
  Compression Time: 2.414 ms
  Compressed Size: 142386633
  Achieved Ratio: 3.96
Throughput Statistics:
  Profiling Throughput:    756.56 GB/s
  Compression Throughput:  233.88 GB/s
  Total (Prof+Comp) Thrpt: 178.65 GB/s
Starting Decompression...
  Decompression Time: 1.823 ms
  Decompression Throughput: 309.70 GB/s
Verification Results:
  Max Error: 1.309967e-02
  PSNR: 88.65 dB
  Compliance: PASS
BENCH_START:SCALE:RH-98x1200x1200.f32:outlier:6.0
Configuration:
  Input File: /scratch/bfrq/bzhang28/SDRBENCH-SCALE_98x1200x1200/RH-98x1200x1200.f32
  Dims: 1200x1200x98
  Elements: 141120000
  Target Ratio: 6.00
  Mode: outlier
  Sample Rate: 1000
Data Range: 204.472931
Warming up GPU...
Warmup complete.
Starting Profiling...
  Profiling Time: 0.745 ms
  Selected AbsEB: 1.001917e-01 (RelEB: 4.900000e-04)
  Estimated Ratio: 6.08 (Target: 6.00)
Starting Compression...
  Compression Time: 2.205 ms
  Compressed Size: 94244420
  Achieved Ratio: 5.99
Throughput Statistics:
  Profiling Throughput:    757.76 GB/s
  Compression Throughput:  256.02 GB/s
  Total (Prof+Comp) Thrpt: 191.36 GB/s
Starting Decompression...
  Decompression Time: 1.763 ms
  Decompression Throughput: 320.23 GB/s
Verification Results:
  Max Error: 1.001968e-01
  PSNR: 70.96 dB
  Compliance: PASS
BENCH_START:SCALE:RH-98x1200x1200.f32:outlier:8.0
Configuration:
  Input File: /scratch/bfrq/bzhang28/SDRBENCH-SCALE_98x1200x1200/RH-98x1200x1200.f32
  Dims: 1200x1200x98
  Elements: 141120000
  Target Ratio: 8.00
  Mode: outlier
  Sample Rate: 1000
Data Range: 204.472931
Warming up GPU...
Warmup complete.
Starting Profiling...
  Profiling Time: 0.761 ms
  Selected AbsEB: 2.658148e-01 (RelEB: 1.300000e-03)
  Estimated Ratio: 8.06 (Target: 8.00)
Starting Compression...
  Compression Time: 2.102 ms
  Compressed Size: 71511165
  Achieved Ratio: 7.89
Throughput Statistics:
  Profiling Throughput:    741.71 GB/s
  Compression Throughput:  268.50 GB/s
  Total (Prof+Comp) Thrpt: 197.13 GB/s
Starting Decompression...
  Decompression Time: 1.646 ms
  Decompression Throughput: 342.90 GB/s
Verification Results:
  Max Error: 2.658234e-01
  PSNR: 62.39 dB
  Compliance: PASS
BENCH_START:SCALE:RH-98x1200x1200.f32:plain:4.0
Configuration:
  Input File: /scratch/bfrq/bzhang28/SDRBENCH-SCALE_98x1200x1200/RH-98x1200x1200.f32
  Dims: 1200x1200x98
  Elements: 141120000
  Target Ratio: 4.00
  Mode: plain
  Sample Rate: 1000
Data Range: 204.472931
Warming up GPU...
Warmup complete.
Starting Profiling...
  Profiling Time: 0.710 ms
  Selected AbsEB: 1.492652e-01 (RelEB: 7.300000e-04)
  Estimated Ratio: 4.00 (Target: 4.00)
Starting Compression...
  Compression Time: 2.004 ms
  Compressed Size: 140885664
  Achieved Ratio: 4.01
Throughput Statistics:
  Profiling Throughput:    795.13 GB/s
  Compression Throughput:  281.67 GB/s
  Total (Prof+Comp) Thrpt: 207.99 GB/s
Starting Decompression...
  Decompression Time: 1.102 ms
  Decompression Throughput: 512.21 GB/s
Verification Results:
  Max Error: 1.492691e-01
  PSNR: 67.49 dB
  Compliance: PASS
BENCH_START:SCALE:RH-98x1200x1200.f32:plain:6.0
Configuration:
  Input File: /scratch/bfrq/bzhang28/SDRBENCH-SCALE_98x1200x1200/RH-98x1200x1200.f32
  Dims: 1200x1200x98
  Elements: 141120000
  Target Ratio: 6.00
  Mode: plain
  Sample Rate: 1000
Data Range: 204.472931
Warming up GPU...
Warmup complete.
Starting Profiling...
  Profiling Time: 0.737 ms
  Selected AbsEB: 1.001917e+00 (RelEB: 4.900000e-03)
  Estimated Ratio: 6.01 (Target: 6.00)
Starting Compression...
  Compression Time: 1.858 ms
  Compressed Size: 93796568
  Achieved Ratio: 6.02
Throughput Statistics:
  Profiling Throughput:    766.19 GB/s
  Compression Throughput:  303.75 GB/s
  Total (Prof+Comp) Thrpt: 217.52 GB/s
Starting Decompression...
  Decompression Time: 0.931 ms
  Decompression Throughput: 606.48 GB/s
Verification Results:
  Max Error: 1.001923e+00
  PSNR: 51.17 dB
  Compliance: PASS
BENCH_START:SCALE:RH-98x1200x1200.f32:plain:8.0
Configuration:
  Input File: /scratch/bfrq/bzhang28/SDRBENCH-SCALE_98x1200x1200/RH-98x1200x1200.f32
  Dims: 1200x1200x98
  Elements: 141120000
  Target Ratio: 8.00
  Mode: plain
  Sample Rate: 1000
Data Range: 204.472931
Warming up GPU...
Warmup complete.
Starting Profiling...
  Profiling Time: 0.741 ms
  Selected AbsEB: 3.271567e+00 (RelEB: 1.600000e-02)
  Estimated Ratio: 8.21 (Target: 8.00)
Starting Compression...
  Compression Time: 1.848 ms
  Compressed Size: 68616592
  Achieved Ratio: 8.23
Throughput Statistics:
  Profiling Throughput:    761.79 GB/s
  Compression Throughput:  305.52 GB/s
  Total (Prof+Comp) Thrpt: 218.07 GB/s
Starting Decompression...
  Decompression Time: 0.901 ms
  Decompression Throughput: 626.31 GB/s
Verification Results:
  Max Error: 3.271568e+00
  PSNR: 41.28 dB
  Compliance: PASS
BENCH_START:SCALE:T-98x1200x1200.f32:outlier:4.0
Configuration:
  Input File: /scratch/bfrq/bzhang28/SDRBENCH-SCALE_98x1200x1200/T-98x1200x1200.f32
  Dims: 1200x1200x98
  Elements: 141120000
  Target Ratio: 4.00
  Mode: outlier
  Sample Rate: 1000
Data Range: 132.714828
Warming up GPU...
Warmup complete.
Starting Profiling...
  Profiling Time: 0.730 ms
  Selected AbsEB: 1.008633e-02 (RelEB: 7.600000e-05)
  Estimated Ratio: 4.01 (Target: 4.00)
Starting Compression...
  Compression Time: 2.356 ms
  Compressed Size: 140293272
  Achieved Ratio: 4.02
Throughput Statistics:
  Profiling Throughput:    773.31 GB/s
  Compression Throughput:  239.58 GB/s
  Total (Prof+Comp) Thrpt: 182.91 GB/s
Starting Decompression...
  Decompression Time: 1.603 ms
  Decompression Throughput: 352.12 GB/s
Verification Results:
  Max Error: 1.010132e-02
  PSNR: 87.16 dB
  Compliance: PASS
BENCH_START:SCALE:T-98x1200x1200.f32:outlier:6.0
Configuration:
  Input File: /scratch/bfrq/bzhang28/SDRBENCH-SCALE_98x1200x1200/T-98x1200x1200.f32
  Dims: 1200x1200x98
  Elements: 141120000
  Target Ratio: 6.00
  Mode: outlier
  Sample Rate: 1000
Data Range: 132.714828
Warming up GPU...
Warmup complete.
Starting Profiling...
  Profiling Time: 0.754 ms
  Selected AbsEB: 6.503027e-02 (RelEB: 4.900000e-04)
  Estimated Ratio: 6.06 (Target: 6.00)
Starting Compression...
  Compression Time: 2.073 ms
  Compressed Size: 92796192
  Achieved Ratio: 6.08
Throughput Statistics:
  Profiling Throughput:    748.22 GB/s
  Compression Throughput:  272.25 GB/s
  Total (Prof+Comp) Thrpt: 199.62 GB/s
Starting Decompression...
  Decompression Time: 1.244 ms
  Decompression Throughput: 453.86 GB/s
Verification Results:
  Max Error: 6.506348e-02
  PSNR: 70.97 dB
  Compliance: PASS
BENCH_START:SCALE:T-98x1200x1200.f32:outlier:8.0
Configuration:
  Input File: /scratch/bfrq/bzhang28/SDRBENCH-SCALE_98x1200x1200/T-98x1200x1200.f32
  Dims: 1200x1200x98
  Elements: 141120000
  Target Ratio: 8.00
  Mode: outlier
  Sample Rate: 1000
Data Range: 132.714828
Warming up GPU...
Warmup complete.
Starting Profiling...
  Profiling Time: 0.750 ms
  Selected AbsEB: 2.123437e-01 (RelEB: 1.600000e-03)
  Estimated Ratio: 8.52 (Target: 8.00)
Starting Compression...
  Compression Time: 1.985 ms
  Compressed Size: 66026672
  Achieved Ratio: 8.55
Throughput Statistics:
  Profiling Throughput:    753.01 GB/s
  Compression Throughput:  284.31 GB/s
  Total (Prof+Comp) Thrpt: 206.38 GB/s
Starting Decompression...
  Decompression Time: 1.124 ms
  Decompression Throughput: 502.36 GB/s
Verification Results:
  Max Error: 2.123718e-01
  PSNR: 60.70 dB
  Compliance: PASS
BENCH_START:SCALE:T-98x1200x1200.f32:plain:4.0
Configuration:
  Input File: /scratch/bfrq/bzhang28/SDRBENCH-SCALE_98x1200x1200/T-98x1200x1200.f32
  Dims: 1200x1200x98
  Elements: 141120000
  Target Ratio: 4.00
  Mode: plain
  Sample Rate: 1000
Data Range: 132.714828
Warming up GPU...
Warmup complete.
Starting Profiling...
  Profiling Time: 0.741 ms
  Selected AbsEB: 1.725293e+00 (RelEB: 1.300000e-02)
  Estimated Ratio: 4.03 (Target: 4.00)
Starting Compression...
  Compression Time: 1.986 ms
  Compressed Size: 139925960
  Achieved Ratio: 4.03
Throughput Statistics:
  Profiling Throughput:    761.53 GB/s
  Compression Throughput:  284.21 GB/s
  Total (Prof+Comp) Thrpt: 206.97 GB/s
Starting Decompression...
  Decompression Time: 1.099 ms
  Decompression Throughput: 513.61 GB/s
Verification Results:
  Max Error: 1.725311e+00
  PSNR: 42.54 dB
  Compliance: PASS
BENCH_START:SCALE:T-98x1200x1200.f32:plain:6.0
Configuration:
  Input File: /scratch/bfrq/bzhang28/SDRBENCH-SCALE_98x1200x1200/T-98x1200x1200.f32
  Dims: 1200x1200x98
  Elements: 141120000
  Target Ratio: 6.00
  Mode: plain
  Sample Rate: 1000
Data Range: 132.714828
Warming up GPU...
Warmup complete.
Starting Profiling...
  Profiling Time: 0.707 ms
  Selected AbsEB: 9.688182e+00 (RelEB: 7.300000e-02)
  Estimated Ratio: 6.04 (Target: 6.00)
Starting Compression...
  Compression Time: 1.914 ms
  Compressed Size: 93320864
  Achieved Ratio: 6.05
Throughput Statistics:
  Profiling Throughput:    798.66 GB/s
  Compression Throughput:  294.95 GB/s
  Total (Prof+Comp) Thrpt: 215.40 GB/s
Starting Decompression...
  Decompression Time: 0.994 ms
  Decompression Throughput: 567.88 GB/s
Verification Results:
  Max Error: 9.688187e+00
  PSNR: 27.26 dB
  Compliance: PASS
BENCH_START:SCALE:T-98x1200x1200.f32:plain:8.0
Configuration:
  Input File: /scratch/bfrq/bzhang28/SDRBENCH-SCALE_98x1200x1200/T-98x1200x1200.f32
  Dims: 1200x1200x98
  Elements: 141120000
  Target Ratio: 8.00
  Mode: plain
  Sample Rate: 1000
Data Range: 132.714828
Warming up GPU...
Warmup complete.
Starting Profiling...
  Profiling Time: 0.730 ms
  Selected AbsEB: 1.327148e-04 (RelEB: 1.000000e-06)
  Estimated Ratio: 1.46 (Target: 8.00)
Starting Compression...
  Compression Time: 4.602 ms
  Compressed Size: 386256240
  Achieved Ratio: 1.46
Throughput Statistics:
  Profiling Throughput:    773.72 GB/s
  Compression Throughput:  122.66 GB/s
  Total (Prof+Comp) Thrpt: 105.88 GB/s
Starting Decompression...
  Decompression Time: 1.991 ms
  Decompression Throughput: 283.52 GB/s
Verification Results:
  Max Error: 1.525879e-04
  PSNR: 124.64 dB
  Compliance: FAIL
BENCH_START:SCALE:U-98x1200x1200.f32:outlier:4.0
Configuration:
  Input File: /scratch/bfrq/bzhang28/SDRBENCH-SCALE_98x1200x1200/U-98x1200x1200.f32
  Dims: 1200x1200x98
  Elements: 141120000
  Target Ratio: 4.00
  Mode: outlier
  Sample Rate: 1000
Data Range: 118.430954
Warming up GPU...
Warmup complete.
Starting Profiling...
  Profiling Time: 0.728 ms
  Selected AbsEB: 5.921548e-03 (RelEB: 5.000000e-05)
  Estimated Ratio: 4.04 (Target: 4.00)
Starting Compression...
  Compression Time: 2.498 ms
  Compressed Size: 142903730
  Achieved Ratio: 3.95
Throughput Statistics:
  Profiling Throughput:    775.15 GB/s
  Compression Throughput:  226.01 GB/s
  Total (Prof+Comp) Thrpt: 174.99 GB/s
Starting Decompression...
  Decompression Time: 2.030 ms
  Decompression Throughput: 278.09 GB/s
Verification Results:
  Max Error: 5.928040e-03
  PSNR: 90.79 dB
  Compliance: PASS
BENCH_START:SCALE:U-98x1200x1200.f32:outlier:6.0
Configuration:
  Input File: /scratch/bfrq/bzhang28/SDRBENCH-SCALE_98x1200x1200/U-98x1200x1200.f32
  Dims: 1200x1200x98
  Elements: 141120000
  Target Ratio: 6.00
  Mode: outlier
  Sample Rate: 1000
Data Range: 118.430954
Warming up GPU...
Warmup complete.
Starting Profiling...
  Profiling Time: 0.744 ms
  Selected AbsEB: 3.671360e-02 (RelEB: 3.100000e-04)
  Estimated Ratio: 6.09 (Target: 6.00)
Starting Compression...
  Compression Time: 2.378 ms
  Compressed Size: 95422509
  Achieved Ratio: 5.92
Throughput Statistics:
  Profiling Throughput:    759.10 GB/s
  Compression Throughput:  237.43 GB/s
  Total (Prof+Comp) Thrpt: 180.86 GB/s
Starting Decompression...
  Decompression Time: 2.071 ms
  Decompression Throughput: 272.61 GB/s
Verification Results:
  Max Error: 3.671646e-02
  PSNR: 74.94 dB
  Compliance: PASS
BENCH_START:SCALE:U-98x1200x1200.f32:outlier:8.0
Configuration:
  Input File: /scratch/bfrq/bzhang28/SDRBENCH-SCALE_98x1200x1200/U-98x1200x1200.f32
  Dims: 1200x1200x98
  Elements: 141120000
  Target Ratio: 8.00
  Mode: outlier
  Sample Rate: 1000
Data Range: 118.430954
Warming up GPU...
Warmup complete.
Starting Profiling...
  Profiling Time: 0.743 ms
  Selected AbsEB: 1.006663e-01 (RelEB: 8.500000e-04)
  Estimated Ratio: 8.05 (Target: 8.00)
Starting Compression...
  Compression Time: 2.212 ms
  Compressed Size: 72424420
  Achieved Ratio: 7.79
Throughput Statistics:
  Profiling Throughput:    759.56 GB/s
  Compression Throughput:  255.22 GB/s
  Total (Prof+Comp) Thrpt: 191.03 GB/s
Starting Decompression...
  Decompression Time: 1.726 ms
  Decompression Throughput: 326.97 GB/s
Verification Results:
  Max Error: 1.006670e-01
  PSNR: 66.18 dB
  Compliance: PASS
BENCH_START:SCALE:U-98x1200x1200.f32:plain:4.0
Configuration:
  Input File: /scratch/bfrq/bzhang28/SDRBENCH-SCALE_98x1200x1200/U-98x1200x1200.f32
  Dims: 1200x1200x98
  Elements: 141120000
  Target Ratio: 4.00
  Mode: plain
  Sample Rate: 1000
Data Range: 118.430954
Warming up GPU...
Warmup complete.
Starting Profiling...
  Profiling Time: 0.715 ms
  Selected AbsEB: 4.737238e-02 (RelEB: 4.000000e-04)
  Estimated Ratio: 4.04 (Target: 4.00)
Starting Compression...
  Compression Time: 2.000 ms
  Compressed Size: 140169416
  Achieved Ratio: 4.03
Throughput Statistics:
  Profiling Throughput:    789.30 GB/s
  Compression Throughput:  282.22 GB/s
  Total (Prof+Comp) Thrpt: 207.89 GB/s
Starting Decompression...
  Decompression Time: 1.108 ms
  Decompression Throughput: 509.27 GB/s
Verification Results:
  Max Error: 4.737473e-02
  PSNR: 72.73 dB
  Compliance: PASS
BENCH_START:SCALE:U-98x1200x1200.f32:plain:6.0
Configuration:
  Input File: /scratch/bfrq/bzhang28/SDRBENCH-SCALE_98x1200x1200/U-98x1200x1200.f32
  Dims: 1200x1200x98
  Elements: 141120000
  Target Ratio: 6.00
  Mode: plain
  Sample Rate: 1000
Data Range: 118.430954
Warming up GPU...
Warmup complete.
Starting Profiling...
  Profiling Time: 0.714 ms
  Selected AbsEB: 3.316067e-01 (RelEB: 2.800000e-03)
  Estimated Ratio: 6.15 (Target: 6.00)
Starting Compression...
  Compression Time: 2.035 ms
  Compressed Size: 91812736
  Achieved Ratio: 6.15
Throughput Statistics:
  Profiling Throughput:    790.46 GB/s
  Compression Throughput:  277.33 GB/s
  Total (Prof+Comp) Thrpt: 205.30 GB/s
Starting Decompression...
  Decompression Time: 1.008 ms
  Decompression Throughput: 559.96 GB/s
Verification Results:
  Max Error: 3.316078e-01
  PSNR: 55.83 dB
  Compliance: PASS
BENCH_START:SCALE:U-98x1200x1200.f32:plain:8.0
Configuration:
  Input File: /scratch/bfrq/bzhang28/SDRBENCH-SCALE_98x1200x1200/U-98x1200x1200.f32
  Dims: 1200x1200x98
  Elements: 141120000
  Target Ratio: 8.00
  Mode: plain
  Sample Rate: 1000
Data Range: 118.430954
Warming up GPU...
Warmup complete.
Starting Profiling...
  Profiling Time: 0.738 ms
  Selected AbsEB: 8.290167e-01 (RelEB: 7.000000e-03)
  Estimated Ratio: 8.10 (Target: 8.00)
Starting Compression...
  Compression Time: 1.879 ms
  Compressed Size: 69924176
  Achieved Ratio: 8.07
Throughput Statistics:
  Profiling Throughput:    764.50 GB/s
  Compression Throughput:  300.48 GB/s
  Total (Prof+Comp) Thrpt: 215.70 GB/s
Starting Decompression...
  Decompression Time: 0.958 ms
  Decompression Throughput: 589.34 GB/s
Verification Results:
  Max Error: 8.290176e-01
  PSNR: 47.88 dB
  Compliance: PASS
BENCH_START:SCALE:V-98x1200x1200.f32:outlier:4.0
Configuration:
  Input File: /scratch/bfrq/bzhang28/SDRBENCH-SCALE_98x1200x1200/V-98x1200x1200.f32
  Dims: 1200x1200x98
  Elements: 141120000
  Target Ratio: 4.00
  Mode: outlier
  Sample Rate: 1000
Data Range: 99.576080
Warming up GPU...
Warmup complete.
Starting Profiling...
  Profiling Time: 0.720 ms
  Selected AbsEB: 5.177956e-03 (RelEB: 5.200000e-05)
  Estimated Ratio: 4.03 (Target: 4.00)
Starting Compression...
  Compression Time: 2.565 ms
  Compressed Size: 141962727
  Achieved Ratio: 3.98
Throughput Statistics:
  Profiling Throughput:    784.49 GB/s
  Compression Throughput:  220.04 GB/s
  Total (Prof+Comp) Thrpt: 171.84 GB/s
Starting Decompression...
  Decompression Time: 2.317 ms
  Decompression Throughput: 243.66 GB/s
Verification Results:
  Max Error: 5.180359e-03
  PSNR: 90.45 dB
  Compliance: PASS
BENCH_START:SCALE:V-98x1200x1200.f32:outlier:6.0
Configuration:
  Input File: /scratch/bfrq/bzhang28/SDRBENCH-SCALE_98x1200x1200/V-98x1200x1200.f32
  Dims: 1200x1200x98
  Elements: 141120000
  Target Ratio: 6.00
  Mode: outlier
  Sample Rate: 1000
Data Range: 99.576080
Warming up GPU...
Warmup complete.
Starting Profiling...
  Profiling Time: 0.732 ms
  Selected AbsEB: 3.086858e-02 (RelEB: 3.100000e-04)
  Estimated Ratio: 6.00 (Target: 6.00)
Starting Compression...
  Compression Time: 2.457 ms
  Compressed Size: 96223094
  Achieved Ratio: 5.87
Throughput Statistics:
  Profiling Throughput:    770.71 GB/s
  Compression Throughput:  229.71 GB/s
  Total (Prof+Comp) Thrpt: 176.97 GB/s
Starting Decompression...
  Decompression Time: 2.093 ms
  Decompression Throughput: 269.64 GB/s
Verification Results:
  Max Error: 3.087234e-02
  PSNR: 74.94 dB
  Compliance: PASS
BENCH_START:SCALE:V-98x1200x1200.f32:outlier:8.0
Configuration:
  Input File: /scratch/bfrq/bzhang28/SDRBENCH-SCALE_98x1200x1200/V-98x1200x1200.f32
  Dims: 1200x1200x98
  Elements: 141120000
  Target Ratio: 8.00
  Mode: outlier
  Sample Rate: 1000
Data Range: 99.576080
Warming up GPU...
Warmup complete.
Starting Profiling...
  Profiling Time: 0.746 ms
  Selected AbsEB: 9.061424e-02 (RelEB: 9.100000e-04)
  Estimated Ratio: 8.04 (Target: 8.00)
Starting Compression...
  Compression Time: 2.204 ms
  Compressed Size: 71566392
  Achieved Ratio: 7.89
Throughput Statistics:
  Profiling Throughput:    756.40 GB/s
  Compression Throughput:  256.09 GB/s
  Total (Prof+Comp) Thrpt: 191.32 GB/s
Starting Decompression...
  Decompression Time: 1.769 ms
  Decompression Throughput: 319.14 GB/s
Verification Results:
  Max Error: 9.061432e-02
  PSNR: 65.59 dB
  Compliance: PASS
BENCH_START:SCALE:V-98x1200x1200.f32:plain:4.0
Configuration:
  Input File: /scratch/bfrq/bzhang28/SDRBENCH-SCALE_98x1200x1200/V-98x1200x1200.f32
  Dims: 1200x1200x98
  Elements: 141120000
  Target Ratio: 4.00
  Mode: plain
  Sample Rate: 1000
Data Range: 99.576080
Warming up GPU...
Warmup complete.
Starting Profiling...
  Profiling Time: 0.841 ms
  Selected AbsEB: 1.891946e-02 (RelEB: 1.900000e-04)
  Estimated Ratio: 4.03 (Target: 4.00)
Starting Compression...
  Compression Time: 2.045 ms
  Compressed Size: 140168816
  Achieved Ratio: 4.03
Throughput Statistics:
  Profiling Throughput:    670.85 GB/s
  Compression Throughput:  276.00 GB/s
  Total (Prof+Comp) Thrpt: 195.55 GB/s
Starting Decompression...
  Decompression Time: 1.149 ms
  Decompression Throughput: 491.23 GB/s
Verification Results:
  Max Error: 1.892090e-02
  PSNR: 79.20 dB
  Compliance: PASS
BENCH_START:SCALE:V-98x1200x1200.f32:plain:6.0
Configuration:
  Input File: /scratch/bfrq/bzhang28/SDRBENCH-SCALE_98x1200x1200/V-98x1200x1200.f32
  Dims: 1200x1200x98
  Elements: 141120000
  Target Ratio: 6.00
  Mode: plain
  Sample Rate: 1000
Data Range: 99.576080
Warming up GPU...
Warmup complete.
Starting Profiling...
  Profiling Time: 0.737 ms
  Selected AbsEB: 1.294489e-01 (RelEB: 1.300000e-03)
  Estimated Ratio: 6.15 (Target: 6.00)
Starting Compression...
  Compression Time: 1.918 ms
  Compressed Size: 91923152
  Achieved Ratio: 6.14
Throughput Statistics:
  Profiling Throughput:    765.66 GB/s
  Compression Throughput:  294.23 GB/s
  Total (Prof+Comp) Thrpt: 212.55 GB/s
Starting Decompression...
  Decompression Time: 1.043 ms
  Decompression Throughput: 541.04 GB/s
Verification Results:
  Max Error: 1.294518e-01
  PSNR: 62.49 dB
  Compliance: PASS
BENCH_START:SCALE:V-98x1200x1200.f32:plain:8.0
Configuration:
  Input File: /scratch/bfrq/bzhang28/SDRBENCH-SCALE_98x1200x1200/V-98x1200x1200.f32
  Dims: 1200x1200x98
  Elements: 141120000
  Target Ratio: 8.00
  Mode: plain
  Sample Rate: 1000
Data Range: 99.576080
Warming up GPU...
Warmup complete.
Starting Profiling...
  Profiling Time: 0.716 ms
  Selected AbsEB: 3.385587e-01 (RelEB: 3.400000e-03)
  Estimated Ratio: 8.10 (Target: 8.00)
Starting Compression...
  Compression Time: 1.880 ms
  Compressed Size: 69866272
  Achieved Ratio: 8.08
Throughput Statistics:
  Profiling Throughput:    788.91 GB/s
  Compression Throughput:  300.24 GB/s
  Total (Prof+Comp) Thrpt: 217.47 GB/s
Starting Decompression...
  Decompression Time: 1.105 ms
  Decompression Throughput: 510.86 GB/s
Verification Results:
  Max Error: 3.385587e-01
  PSNR: 54.14 dB
  Compliance: PASS
BENCH_START:SCALE:W-98x1200x1200.f32:outlier:4.0
Configuration:
  Input File: /scratch/bfrq/bzhang28/SDRBENCH-SCALE_98x1200x1200/W-98x1200x1200.f32
  Dims: 1200x1200x98
  Elements: 141120000
  Target Ratio: 4.00
  Mode: outlier
  Sample Rate: 1000
Data Range: 63.892578
Warming up GPU...
Warmup complete.
Starting Profiling...
  Profiling Time: 0.722 ms
  Selected AbsEB: 1.277852e-03 (RelEB: 2.000000e-05)
  Estimated Ratio: 4.20 (Target: 4.00)
Starting Compression...
  Compression Time: 2.659 ms
  Compressed Size: 136427371
  Achieved Ratio: 4.14
Throughput Statistics:
  Profiling Throughput:    781.29 GB/s
  Compression Throughput:  212.27 GB/s
  Total (Prof+Comp) Thrpt: 166.92 GB/s
Starting Decompression...
  Decompression Time: 2.523 ms
  Decompression Throughput: 223.72 GB/s
Verification Results:
  Max Error: 1.279831e-03
  PSNR: 98.76 dB
  Compliance: PASS
BENCH_START:SCALE:W-98x1200x1200.f32:outlier:6.0
Configuration:
  Input File: /scratch/bfrq/bzhang28/SDRBENCH-SCALE_98x1200x1200/W-98x1200x1200.f32
  Dims: 1200x1200x98
  Elements: 141120000
  Target Ratio: 6.00
  Mode: outlier
  Sample Rate: 1000
Data Range: 63.892578
Warming up GPU...
Warmup complete.
Starting Profiling...
  Profiling Time: 0.729 ms
  Selected AbsEB: 6.389257e-03 (RelEB: 1.000000e-04)
  Estimated Ratio: 6.01 (Target: 6.00)
Starting Compression...
  Compression Time: 2.438 ms
  Compressed Size: 95800936
  Achieved Ratio: 5.89
Throughput Statistics:
  Profiling Throughput:    774.50 GB/s
  Compression Throughput:  231.54 GB/s
  Total (Prof+Comp) Thrpt: 178.25 GB/s
Starting Decompression...
  Decompression Time: 2.223 ms
  Decompression Throughput: 253.94 GB/s
Verification Results:
  Max Error: 6.389618e-03
  PSNR: 84.78 dB
  Compliance: PASS
BENCH_START:SCALE:W-98x1200x1200.f32:outlier:8.0
Configuration:
  Input File: /scratch/bfrq/bzhang28/SDRBENCH-SCALE_98x1200x1200/W-98x1200x1200.f32
  Dims: 1200x1200x98
  Elements: 141120000
  Target Ratio: 8.00
  Mode: outlier
  Sample Rate: 1000
Data Range: 63.892578
Warming up GPU...
Warmup complete.
Starting Profiling...
  Profiling Time: 0.733 ms
  Selected AbsEB: 1.980670e-02 (RelEB: 3.100000e-04)
  Estimated Ratio: 8.19 (Target: 8.00)
Starting Compression...
  Compression Time: 2.251 ms
  Compressed Size: 70613160
  Achieved Ratio: 7.99
Throughput Statistics:
  Profiling Throughput:    770.07 GB/s
  Compression Throughput:  250.72 GB/s
  Total (Prof+Comp) Thrpt: 189.14 GB/s
Starting Decompression...
  Decompression Time: 1.907 ms
  Decompression Throughput: 296.04 GB/s
Verification Results:
  Max Error: 1.980782e-02
  PSNR: 74.96 dB
  Compliance: PASS
BENCH_START:SCALE:W-98x1200x1200.f32:plain:4.0
Configuration:
  Input File: /scratch/bfrq/bzhang28/SDRBENCH-SCALE_98x1200x1200/W-98x1200x1200.f32
  Dims: 1200x1200x98
  Elements: 141120000
  Target Ratio: 4.00
  Mode: plain
  Sample Rate: 1000
Data Range: 63.892578
Warming up GPU...
Warmup complete.
Starting Profiling...
  Profiling Time: 0.719 ms
  Selected AbsEB: 2.875166e-03 (RelEB: 4.500000e-05)
  Estimated Ratio: 4.06 (Target: 4.00)
Starting Compression...
  Compression Time: 2.028 ms
  Compressed Size: 140460616
  Achieved Ratio: 4.02
Throughput Statistics:
  Profiling Throughput:    784.80 GB/s
  Compression Throughput:  278.40 GB/s
  Total (Prof+Comp) Thrpt: 205.50 GB/s
Starting Decompression...
  Decompression Time: 1.181 ms
  Decompression Throughput: 477.96 GB/s
Verification Results:
  Max Error: 2.876282e-03
  PSNR: 91.71 dB
  Compliance: PASS
BENCH_START:SCALE:W-98x1200x1200.f32:plain:6.0
Configuration:
  Input File: /scratch/bfrq/bzhang28/SDRBENCH-SCALE_98x1200x1200/W-98x1200x1200.f32
  Dims: 1200x1200x98
  Elements: 141120000
  Target Ratio: 6.00
  Mode: plain
  Sample Rate: 1000
Data Range: 63.892578
Warming up GPU...
Warmup complete.
Starting Profiling...
  Profiling Time: 0.733 ms
  Selected AbsEB: 1.788992e-02 (RelEB: 2.800000e-04)
  Estimated Ratio: 6.01 (Target: 6.00)
Starting Compression...
  Compression Time: 1.955 ms
  Compressed Size: 94816032
  Achieved Ratio: 5.95
Throughput Statistics:
  Profiling Throughput:    770.04 GB/s
  Compression Throughput:  288.71 GB/s
  Total (Prof+Comp) Thrpt: 209.98 GB/s
Starting Decompression...
  Decompression Time: 1.038 ms
  Decompression Throughput: 544.08 GB/s
Verification Results:
  Max Error: 1.789093e-02
  PSNR: 75.84 dB
  Compliance: PASS
BENCH_START:SCALE:W-98x1200x1200.f32:plain:8.0
Configuration:
  Input File: /scratch/bfrq/bzhang28/SDRBENCH-SCALE_98x1200x1200/W-98x1200x1200.f32
  Dims: 1200x1200x98
  Elements: 141120000
  Target Ratio: 8.00
  Mode: plain
  Sample Rate: 1000
Data Range: 63.892578
Warming up GPU...
Warmup complete.
Starting Profiling...
  Profiling Time: 0.715 ms
  Selected AbsEB: 5.047514e-02 (RelEB: 7.900000e-04)
  Estimated Ratio: 8.03 (Target: 8.00)
Starting Compression...
  Compression Time: 2.016 ms
  Compressed Size: 71189720
  Achieved Ratio: 7.93
Throughput Statistics:
  Profiling Throughput:    789.16 GB/s
  Compression Throughput:  279.99 GB/s
  Total (Prof+Comp) Thrpt: 206.67 GB/s
Starting Decompression...
  Decompression Time: 1.022 ms
  Decompression Throughput: 552.15 GB/s
Verification Results:
  Max Error: 5.047524e-02
  PSNR: 66.84 dB
  Compliance: PASS
