srun: job 15710654 queued and waiting for resources
srun: job 15710654 has been allocated resources
BENCH_START:CESM:CLDICE_1_26_1800_3600.f32:outlier
DATA:0:1.000000e-01:75.88762:75.80397
DATA:1:9.700000e-02:73.93527:73.58340
DATA:2:9.400000e-02:72.50350:71.48480
DATA:3:9.100000e-02:70.09048:69.38757
DATA:4:8.800000e-02:67.54397:67.52061
DATA:5:8.500000e-02:66.14192:65.76134
DATA:6:8.200000e-02:64.85300:64.12439
DATA:7:7.900000e-02:63.41583:62.66182
DATA:8:7.600000e-02:62.29905:61.15407
DATA:9:7.300000e-02:60.68071:59.73389
DATA:10:7.000000e-02:59.46528:58.35382
DATA:11:6.700000e-02:58.19940:57.05196
DATA:12:6.400000e-02:56.82293:55.72318
DATA:13:6.100000e-02:55.32551:54.39029
DATA:14:5.800000e-02:54.09536:53.03851
DATA:15:5.500000e-02:52.72208:51.63066
DATA:16:5.200000e-02:51.42465:50.18759
DATA:17:4.900000e-02:49.96256:48.71280
DATA:18:4.600000e-02:48.48869:47.20502
DATA:19:4.300000e-02:46.73995:45.63870
DATA:20:4.000000e-02:44.72079:43.99443
DATA:21:3.700000e-02:42.98096:42.36937
DATA:22:3.400000e-02:41.27009:40.77551
DATA:23:3.100000e-02:39.69255:39.16708
DATA:24:2.800000e-02:37.73665:37.53041
DATA:25:2.500000e-02:35.87066:35.85255
DATA:26:2.200000e-02:34.15452:33.82561
DATA:27:1.900000e-02:31.89022:31.82746
DATA:28:1.600000e-02:30.06089:29.78185
DATA:29:1.300000e-02:27.68321:27.54658
DATA:30:1.100000e-02:26.04421:25.82905
DATA:31:1.000000e-02:25.18668:24.90074
DATA:32:9.700000e-03:24.91939:24.62404
DATA:33:9.400000e-03:24.63158:24.33787
DATA:34:9.100000e-03:24.33232:24.04113
DATA:35:8.800000e-03:24.04410:23.74764
DATA:36:8.500000e-03:23.71204:23.43986
DATA:37:8.200000e-03:23.35095:23.12523
DATA:38:7.900000e-03:23.07866:22.79501
DATA:39:7.600000e-03:22.74068:22.46306
DATA:40:7.300000e-03:22.31486:22.13143
DATA:41:7.000000e-03:21.92037:21.78393
DATA:42:6.700000e-03:21.57027:21.42658
DATA:43:6.400000e-03:21.21080:21.06007
DATA:44:6.100000e-03:20.85600:20.69508
DATA:45:5.800000e-03:20.43451:20.32191
DATA:46:5.500000e-03:20.10651:19.94025
DATA:47:5.200000e-03:19.72891:19.55679
DATA:48:4.900000e-03:19.28516:19.15472
DATA:49:4.600000e-03:18.81433:18.73338
DATA:50:4.300000e-03:18.44360:18.30521
DATA:51:4.000000e-03:17.98847:17.85361
DATA:52:3.700000e-03:17.47718:17.38419
DATA:53:3.400000e-03:17.00079:16.89084
DATA:54:3.100000e-03:16.48976:16.37248
DATA:55:2.800000e-03:15.90634:15.82905
DATA:56:2.500000e-03:15.33920:15.24819
DATA:57:2.200000e-03:14.73710:14.64053
DATA:58:1.900000e-03:14.10361:13.99400
DATA:59:1.600000e-03:13.34640:13.29086
DATA:60:1.300000e-03:12.57161:12.50343
DATA:61:1.100000e-03:11.97558:11.91541
DATA:62:1.050000e-03:11.82150:11.75815
DATA:63:1.000000e-03:11.65629:11.59846
DATA:64:9.700000e-04:11.57163:11.50051
DATA:65:9.400000e-04:11.45859:11.40247
DATA:66:9.100000e-04:11.36919:11.30281
DATA:67:8.800000e-04:11.25620:11.20026
DATA:68:8.500000e-04:11.14461:11.09753
DATA:69:8.200000e-04:11.03846:10.99241
DATA:70:7.900000e-04:10.92023:10.88530
DATA:71:7.600000e-04:10.81334:10.77559
DATA:72:7.300000e-04:10.70913:10.66327
DATA:73:7.000000e-04:10.59015:10.54962
DATA:74:6.700000e-04:10.47606:10.43107
DATA:75:6.400000e-04:10.34357:10.31047
DATA:76:6.100000e-04:10.23176:10.18612
DATA:77:5.800000e-04:10.11118:10.05829
DATA:78:5.500000e-04:9.97454:9.92557
DATA:79:5.200000e-04:9.82935:9.78975
DATA:80:4.900000e-04:9.68840:9.64977
DATA:81:4.600000e-04:9.55055:9.50357
DATA:82:4.300000e-04:9.38758:9.35203
DATA:83:4.000000e-04:9.21751:9.19387
DATA:84:3.700000e-04:9.06141:9.02727
DATA:85:3.400000e-04:8.88572:8.85254
DATA:86:3.100000e-04:8.69378:8.66659
DATA:87:2.800000e-04:8.51269:8.47036
DATA:88:2.500000e-04:8.29695:8.26093
DATA:89:2.200000e-04:8.07496:8.03640
DATA:90:1.900000e-04:7.81424:7.79112
DATA:91:1.600000e-04:7.53526:7.51649
DATA:92:1.300000e-04:7.23999:7.20716
DATA:93:1.100000e-04:7.00825:6.97966
DATA:94:1.050000e-04:6.94706:6.91888
DATA:95:1.000000e-04:6.87621:6.85556
DATA:96:9.700000e-05:6.83555:6.81670
DATA:97:9.400000e-05:6.79721:6.77677
DATA:98:9.100000e-05:6.75992:6.73614
DATA:99:8.800000e-05:6.72236:6.69447
DATA:100:8.500000e-05:6.67694:6.65157
DATA:101:8.200000e-05:6.62541:6.60720
DATA:102:7.900000e-05:6.58147:6.56166
DATA:103:7.600000e-05:6.53565:6.51530
DATA:104:7.300000e-05:6.48727:6.46777
DATA:105:7.000000e-05:6.43904:6.41890
DATA:106:6.700000e-05:6.38905:6.36850
DATA:107:6.400000e-05:6.34021:6.31688
DATA:108:6.100000e-05:6.28704:6.26403
DATA:109:5.800000e-05:6.23143:6.20984
DATA:110:5.500000e-05:6.17612:6.15391
DATA:111:5.200000e-05:6.10963:6.09638
DATA:112:5.000000e-05:6.06865:6.05628
DATA:113:4.500000e-05:5.96540:5.95070
DATA:114:4.000000e-05:5.84447:5.83505
DATA:115:3.500000e-05:5.72625:5.70853
DATA:116:3.000000e-05:5.58422:5.56955
DATA:117:2.500000e-05:5.42451:5.41629
DATA:118:2.000000e-05:5.24435:5.23658
DATA:119:1.500000e-05:5.03250:5.01942
DATA:120:1.000000e-05:4.74941:4.74499
DATA:121:9.000000e-06:4.68917:4.67700
DATA:122:8.000000e-06:4.61330:4.60353
DATA:123:5.000000e-06:4.33675:4.33522
DATA:124:4.000000e-06:4.22205:4.21619
DATA:125:3.000000e-06:4.07675:4.07483
DATA:126:2.000000e-06:3.89203:3.88743
DATA:127:1.000000e-06:3.60765:3.60405
BENCH_START:CESM:CLDICE_1_26_1800_3600.f32:plain
DATA:0:1.000000e-01:73.87044:73.52062
DATA:1:9.700000e-02:71.85414:71.32165
DATA:2:9.400000e-02:70.32453:69.22371
DATA:3:9.100000e-02:67.86024:67.10998
DATA:4:8.800000e-02:65.51181:65.18580
DATA:5:8.500000e-02:63.77591:63.32963
DATA:6:8.200000e-02:62.29042:61.56770
DATA:7:7.900000e-02:60.47922:59.91584
DATA:8:7.600000e-02:59.07951:58.26294
DATA:9:7.300000e-02:57.27203:56.69440
DATA:10:7.000000e-02:55.90377:55.16056
DATA:11:6.700000e-02:54.47579:53.70291
DATA:12:6.400000e-02:53.03533:52.23920
DATA:13:6.100000e-02:51.43250:50.78713
DATA:14:5.800000e-02:50.28128:49.36616
DATA:15:5.500000e-02:48.65497:47.93306
DATA:16:5.200000e-02:47.35577:46.48347
DATA:17:4.900000e-02:45.99823:45.02104
DATA:18:4.600000e-02:44.52725:43.52901
DATA:19:4.300000e-02:43.08125:42.01769
DATA:20:4.000000e-02:41.30677:40.52260
DATA:21:3.700000e-02:39.62604:39.02658
DATA:22:3.400000e-02:37.99087:37.46953
DATA:23:3.100000e-02:36.35932:35.86491
DATA:24:2.800000e-02:34.32238:34.16687
DATA:25:2.500000e-02:32.51411:32.41809
DATA:26:2.200000e-02:30.71790:30.55148
DATA:27:1.900000e-02:28.83574:28.74985
DATA:28:1.600000e-02:27.13590:26.86856
DATA:29:1.300000e-02:24.93138:24.71819
DATA:30:1.100000e-02:23.22341:23.10724
DATA:31:1.000000e-02:22.45577:22.29455
DATA:32:9.700000e-03:22.26878:22.04884
DATA:33:9.400000e-03:21.99550:21.80164
DATA:34:9.100000e-03:21.77659:21.54784
DATA:35:8.800000e-03:21.50145:21.29223
DATA:36:8.500000e-03:21.25729:21.02822
DATA:37:8.200000e-03:20.94285:20.76327
DATA:38:7.900000e-03:20.69080:20.48599
DATA:39:7.600000e-03:20.42491:20.20618
DATA:40:7.300000e-03:20.09602:19.91481
DATA:41:7.000000e-03:19.77755:19.61249
DATA:42:6.700000e-03:19.45553:19.29871
DATA:43:6.400000e-03:19.16560:18.97214
DATA:44:6.100000e-03:18.82090:18.64327
DATA:45:5.800000e-03:18.47824:18.30783
DATA:46:5.500000e-03:18.13807:17.96923
DATA:47:5.200000e-03:17.76325:17.62991
DATA:48:4.900000e-03:17.38565:17.28280
DATA:49:4.600000e-03:16.99972:16.91530
DATA:50:4.300000e-03:16.64534:16.54662
DATA:51:4.000000e-03:16.26137:16.16435
DATA:52:3.700000e-03:15.86179:15.76442
DATA:53:3.400000e-03:15.44590:15.33245
DATA:54:3.100000e-03:14.99766:14.87406
DATA:55:2.800000e-03:14.49820:14.39286
DATA:56:2.500000e-03:13.96465:13.88786
DATA:57:2.200000e-03:13.45929:13.37095
DATA:58:1.900000e-03:12.89972:12.81798
DATA:59:1.600000e-03:12.26402:12.20280
DATA:60:1.300000e-03:11.56607:11.50062
DATA:61:1.100000e-03:11.04733:10.99419
DATA:62:1.050000e-03:10.90856:10.85974
DATA:63:1.000000e-03:10.76567:10.72294
DATA:64:9.700000e-04:10.68036:10.64027
DATA:65:9.400000e-04:10.60173:10.55506
DATA:66:9.100000e-04:10.51702:10.46901
DATA:67:8.800000e-04:10.41881:10.37962
DATA:68:8.500000e-04:10.32559:10.28897
DATA:69:8.200000e-04:10.23837:10.19550
DATA:70:7.900000e-04:10.13795:10.10037
DATA:71:7.600000e-04:10.03828:10.00297
DATA:72:7.300000e-04:9.94877:9.90255
DATA:73:7.000000e-04:9.84990:9.79881
DATA:74:6.700000e-04:9.73774:9.69286
DATA:75:6.400000e-04:9.62207:9.58624
DATA:76:6.100000e-04:9.51287:9.47646
DATA:77:5.800000e-04:9.40769:9.36562
DATA:78:5.500000e-04:9.29250:9.25024
DATA:79:5.200000e-04:9.16212:9.13149
DATA:80:4.900000e-04:9.03390:9.00894
DATA:81:4.600000e-04:8.91535:8.88138
DATA:82:4.300000e-04:8.78014:8.74731
DATA:83:4.000000e-04:8.63126:8.60586
DATA:84:3.700000e-04:8.49033:8.45688
DATA:85:3.400000e-04:8.33533:8.29919
DATA:86:3.100000e-04:8.15973:8.13440
DATA:87:2.800000e-04:7.99820:7.96327
DATA:88:2.500000e-04:7.81094:7.78054
DATA:89:2.200000e-04:7.61053:7.58259
DATA:90:1.900000e-04:7.37952:7.36251
DATA:91:1.600000e-04:7.13241:7.11544
DATA:92:1.300000e-04:6.87372:6.84421
DATA:93:1.100000e-04:6.66120:6.64077
DATA:94:1.050000e-04:6.60402:6.58536
DATA:95:1.000000e-04:6.54374:6.52743
DATA:96:9.700000e-05:6.50684:6.49193
DATA:97:9.400000e-05:6.46837:6.45508
DATA:98:9.100000e-05:6.43895:6.41738
DATA:99:8.800000e-05:6.40785:6.37865
DATA:100:8.500000e-05:6.36452:6.33916
DATA:101:8.200000e-05:6.31467:6.29870
DATA:102:7.900000e-05:6.27142:6.25751
DATA:103:7.600000e-05:6.23129:6.21578
DATA:104:7.300000e-05:6.18758:6.17354
DATA:105:7.000000e-05:6.14672:6.13006
DATA:106:6.700000e-05:6.10551:6.08541
DATA:107:6.400000e-05:6.06049:6.03916
DATA:108:6.100000e-05:6.01161:5.99134
DATA:109:5.800000e-05:5.95783:5.94233
DATA:110:5.500000e-05:5.90873:5.89098
DATA:111:5.200000e-05:5.84741:5.83765
DATA:112:5.000000e-05:5.81111:5.80044
DATA:113:4.500000e-05:5.71608:5.70170
DATA:114:4.000000e-05:5.60055:5.59404
DATA:115:3.500000e-05:5.49372:5.47972
DATA:116:3.000000e-05:5.36428:5.35390
DATA:117:2.500000e-05:5.21856:5.21151
DATA:118:2.000000e-05:5.04783:5.04245
DATA:119:1.500000e-05:4.85397:4.84437
DATA:120:1.000000e-05:4.58802:4.58558
DATA:121:9.000000e-06:4.53150:4.52308
DATA:122:8.000000e-06:4.46521:4.45595
DATA:123:5.000000e-06:4.20257:4.20218
DATA:124:4.000000e-06:4.09790:4.09242
DATA:125:3.000000e-06:3.95960:3.95879
DATA:126:2.000000e-06:3.78660:3.78232
DATA:127:1.000000e-06:3.51815:3.51490
BENCH_START:NYX:baryon_density.f32:outlier
DATA:0:1.000000e-01:256.00000:255.96875
DATA:1:9.700000e-02:256.00000:255.96875
DATA:2:9.400000e-02:256.00000:255.96680
DATA:3:9.100000e-02:256.00000:255.96290
DATA:4:8.800000e-02:256.00000:255.96094
DATA:5:8.500000e-02:256.00000:255.95997
DATA:6:8.200000e-02:256.00000:255.95313
DATA:7:7.900000e-02:256.00000:255.94728
DATA:8:7.600000e-02:256.00000:255.94630
DATA:9:7.300000e-02:256.00000:255.94044
DATA:10:7.000000e-02:256.00000:255.93849
DATA:11:6.700000e-02:256.00000:255.93556
DATA:12:6.400000e-02:256.00000:255.93166
DATA:13:6.100000e-02:256.00000:255.92678
DATA:14:5.800000e-02:256.00000:255.92092
DATA:15:5.500000e-02:256.00000:255.90921
DATA:16:5.200000e-02:256.00000:255.90043
DATA:17:4.900000e-02:256.00000:255.89750
DATA:18:4.600000e-02:256.00000:255.89067
DATA:19:4.300000e-02:256.00000:255.87994
DATA:20:4.000000e-02:256.00000:255.87116
DATA:21:3.700000e-02:256.00000:255.86140
DATA:22:3.400000e-02:256.00000:255.84385
DATA:23:3.100000e-02:256.00000:255.83117
DATA:24:2.800000e-02:256.00000:255.79704
DATA:25:2.500000e-02:256.00000:255.77169
DATA:26:2.200000e-02:256.00000:255.73368
DATA:27:1.900000e-02:256.00000:255.67911
DATA:28:1.600000e-02:256.00000:255.60802
DATA:29:1.300000e-02:256.00000:255.53296
DATA:30:1.100000e-02:256.00000:255.43484
DATA:31:1.000000e-02:256.00000:255.36097
DATA:32:9.700000e-03:256.00000:255.34640
DATA:33:9.400000e-03:256.00000:255.32211
DATA:34:9.100000e-03:256.00000:255.30171
DATA:35:8.800000e-03:256.00000:255.27064
DATA:36:8.500000e-03:256.00000:255.25013
DATA:37:8.200000e-03:256.00000:255.22101
DATA:38:7.900000e-03:256.00000:255.19771
DATA:39:7.600000e-03:256.00000:255.15987
DATA:40:7.300000e-03:256.00000:255.12398
DATA:41:7.000000e-03:256.00000:255.07743
DATA:42:6.700000e-03:256.00000:255.03963
DATA:43:6.400000e-03:256.00000:254.98451
DATA:44:6.100000e-03:256.00000:254.93802
DATA:45:5.800000e-03:256.00000:254.88077
DATA:46:5.500000e-03:256.00000:254.80915
DATA:47:5.200000e-03:256.00000:254.72682
DATA:48:4.900000e-03:256.00000:254.67366
DATA:49:4.600000e-03:255.02708:254.59733
DATA:50:4.300000e-03:255.02708:254.50367
DATA:51:4.000000e-03:255.02708:254.37633
DATA:52:3.700000e-03:255.02708:254.22949
DATA:53:3.400000e-03:255.02708:254.06118
DATA:54:3.100000e-03:255.02708:253.88361
DATA:55:2.800000e-03:255.02708:253.63125
DATA:56:2.500000e-03:255.02708:253.36314
DATA:57:2.200000e-03:255.02708:253.05240
DATA:58:1.900000e-03:255.02708:252.59699
DATA:59:1.600000e-03:255.02708:252.00628
DATA:60:1.300000e-03:253.58148:251.08510
DATA:61:1.100000e-03:251.67932:250.26438
DATA:62:1.050000e-03:251.67932:249.98261
DATA:63:1.000000e-03:251.67932:249.71379
DATA:64:9.700000e-04:252.15218:249.53853
DATA:65:9.400000e-04:252.15218:249.33398
DATA:66:9.100000e-04:251.67932:249.11012
DATA:67:8.800000e-04:251.67932:248.88285
DATA:68:8.500000e-04:251.67932:248.64010
DATA:69:8.200000e-04:251.67932:248.38013
DATA:70:7.900000e-04:251.67932:248.09903
DATA:71:7.600000e-04:251.67932:247.79694
DATA:72:7.300000e-04:251.67932:247.43879
DATA:73:7.000000e-04:249.80549:247.05700
DATA:74:6.700000e-04:248.87900:246.65099
DATA:75:6.400000e-04:248.87900:246.24181
DATA:76:6.100000e-04:248.87900:245.80257
DATA:77:5.800000e-04:248.87900:245.27354
DATA:78:5.500000e-04:248.87900:244.71432
DATA:79:5.200000e-04:247.95935:244.07073
DATA:80:4.900000e-04:247.50207:243.26826
DATA:81:4.600000e-04:244.79343:242.48682
DATA:82:4.300000e-04:244.79343:241.56008
DATA:83:4.000000e-04:243.90368:240.51492
DATA:84:3.700000e-04:241.27281:239.24345
DATA:85:3.400000e-04:240.40842:237.77581
DATA:86:3.100000e-04:239.12339:236.00599
DATA:87:2.800000e-04:237.43123:233.83847
DATA:88:2.500000e-04:234.93742:231.19094
DATA:89:2.200000e-04:232.89892:227.77771
DATA:90:1.900000e-04:230.10373:223.33237
DATA:91:1.600000e-04:223.58684:217.21567
DATA:92:1.300000e-04:217.07723:208.45454
DATA:93:1.100000e-04:203.88606:199.92750
DATA:94:1.050000e-04:200.53493:197.52418
DATA:95:1.000000e-04:199.34348:194.74431
DATA:96:9.700000e-05:196.71381:192.96792
DATA:97:9.400000e-05:193.59250:191.08161
DATA:98:9.100000e-05:189.45897:189.17134
DATA:99:8.800000e-05:188.39516:187.08715
DATA:100:8.500000e-05:186.78914:184.87539
DATA:101:8.200000e-05:186.75665:182.60859
DATA:102:7.900000e-05:182.68913:180.15343
DATA:103:7.600000e-05:179.75289:177.59693
DATA:104:7.300000e-05:175.98164:174.87811
DATA:105:7.000000e-05:171.48443:171.99452
DATA:106:6.700000e-05:166.17613:168.92018
DATA:107:6.400000e-05:162.92322:165.68561
DATA:108:6.100000e-05:160.94499:162.25660
DATA:109:5.800000e-05:156.44237:158.59848
DATA:110:5.500000e-05:151.17770:154.64177
DATA:111:5.200000e-05:146.23590:150.44469
DATA:112:5.000000e-05:143.38462:147.51430
DATA:113:4.500000e-05:135.95847:139.50297
DATA:114:4.000000e-05:127.92375:130.55650
DATA:115:3.500000e-05:118.87334:120.34337
DATA:116:3.000000e-05:106.99193:108.73824
DATA:117:2.500000e-05:96.05153:95.53951
DATA:118:2.000000e-05:81.02513:80.66446
DATA:119:1.500000e-05:64.22204:63.74923
DATA:120:1.000000e-05:44.51897:44.74246
DATA:121:9.000000e-06:40.83304:40.75356
DATA:122:8.000000e-06:36.77435:36.71893
DATA:123:5.000000e-06:25.61710:25.12816
DATA:124:4.000000e-06:22.07459:21.72931
DATA:125:3.000000e-06:18.90387:18.77623
DATA:126:2.000000e-06:16.27010:16.32311
DATA:127:1.000000e-06:13.66854:13.56357
BENCH_START:NYX:baryon_density.f32:plain
DATA:0:1.000000e-01:256.00000:255.96875
DATA:1:9.700000e-02:256.00000:255.96875
DATA:2:9.400000e-02:256.00000:255.96680
DATA:3:9.100000e-02:256.00000:255.96290
DATA:4:8.800000e-02:256.00000:255.96094
DATA:5:8.500000e-02:256.00000:255.95997
DATA:6:8.200000e-02:256.00000:255.95313
DATA:7:7.900000e-02:256.00000:255.94728
DATA:8:7.600000e-02:256.00000:255.94630
DATA:9:7.300000e-02:256.00000:255.94044
DATA:10:7.000000e-02:256.00000:255.93849
DATA:11:6.700000e-02:256.00000:255.93556
DATA:12:6.400000e-02:256.00000:255.93166
DATA:13:6.100000e-02:256.00000:255.92678
DATA:14:5.800000e-02:256.00000:255.92092
DATA:15:5.500000e-02:256.00000:255.90921
DATA:16:5.200000e-02:256.00000:255.90043
DATA:17:4.900000e-02:256.00000:255.89750
DATA:18:4.600000e-02:256.00000:255.89067
DATA:19:4.300000e-02:256.00000:255.87994
DATA:20:4.000000e-02:256.00000:255.87116
DATA:21:3.700000e-02:256.00000:255.86140
DATA:22:3.400000e-02:256.00000:255.84385
DATA:23:3.100000e-02:256.00000:255.83117
DATA:24:2.800000e-02:256.00000:255.79704
DATA:25:2.500000e-02:256.00000:255.77169
DATA:26:2.200000e-02:256.00000:255.73368
DATA:27:1.900000e-02:256.00000:255.67911
DATA:28:1.600000e-02:256.00000:255.60802
DATA:29:1.300000e-02:256.00000:255.53211
DATA:30:1.100000e-02:256.00000:255.43484
DATA:31:1.000000e-02:256.00000:255.36097
DATA:32:9.700000e-03:256.00000:255.34640
DATA:33:9.400000e-03:256.00000:255.32211
DATA:34:9.100000e-03:256.00000:255.30171
DATA:35:8.800000e-03:256.00000:255.27064
DATA:36:8.500000e-03:256.00000:255.24928
DATA:37:8.200000e-03:256.00000:255.22016
DATA:38:7.900000e-03:256.00000:255.19686
DATA:39:7.600000e-03:256.00000:255.15902
DATA:40:7.300000e-03:256.00000:255.12313
DATA:41:7.000000e-03:256.00000:255.07659
DATA:42:6.700000e-03:256.00000:255.03878
DATA:43:6.400000e-03:256.00000:254.98451
DATA:44:6.100000e-03:256.00000:254.93802
DATA:45:5.800000e-03:256.00000:254.87992
DATA:46:5.500000e-03:256.00000:254.80831
DATA:47:5.200000e-03:256.00000:254.72513
DATA:48:4.900000e-03:256.00000:254.67196
DATA:49:4.600000e-03:255.02708:254.59564
DATA:50:4.300000e-03:255.02708:254.50198
DATA:51:4.000000e-03:255.02708:254.37464
DATA:52:3.700000e-03:255.02708:254.22528
DATA:53:3.400000e-03:255.02708:254.05782
DATA:54:3.100000e-03:255.02708:253.88193
DATA:55:2.800000e-03:255.02708:253.62958
DATA:56:2.500000e-03:255.02708:253.36146
DATA:57:2.200000e-03:255.02708:253.04906
DATA:58:1.900000e-03:255.02708:252.59283
DATA:59:1.600000e-03:255.02708:251.99718
DATA:60:1.300000e-03:253.58148:251.07606
DATA:61:1.100000e-03:251.67932:250.25214
DATA:62:1.050000e-03:251.67932:249.96876
DATA:63:1.000000e-03:251.67932:249.69997
DATA:64:9.700000e-04:252.15218:249.52635
DATA:65:9.400000e-04:252.15218:249.31777
DATA:66:9.100000e-04:251.67932:249.09474
DATA:67:8.800000e-04:251.67932:248.86750
DATA:68:8.500000e-04:251.67932:248.62317
DATA:69:8.200000e-04:251.67932:248.36002
DATA:70:7.900000e-04:251.67932:248.07174
DATA:71:7.600000e-04:251.67932:247.77133
DATA:72:7.300000e-04:251.67932:247.41325
DATA:73:7.000000e-04:249.80549:247.03074
DATA:74:6.700000e-04:248.87900:246.62403
DATA:75:6.400000e-04:248.87900:246.21414
DATA:76:6.100000e-04:248.87900:245.77500
DATA:77:5.800000e-04:248.87900:245.24060
DATA:78:5.500000e-04:248.87900:244.67997
DATA:79:5.200000e-04:247.95935:244.03578
DATA:80:4.900000e-04:247.50207:243.22737
DATA:81:4.600000e-04:244.79343:242.44619
DATA:82:4.300000e-04:244.79343:241.52129
DATA:83:4.000000e-04:243.90368:240.46892
DATA:84:3.700000e-04:241.27281:239.18674
DATA:85:3.400000e-04:240.40842:237.71169
DATA:86:3.100000e-04:239.12339:235.92250
DATA:87:2.800000e-04:237.43123:233.74654
DATA:88:2.500000e-04:234.93742:231.08715
DATA:89:2.200000e-04:232.89892:227.65127
DATA:90:1.900000e-04:230.10373:223.19328
DATA:91:1.600000e-04:223.58684:217.02697
DATA:92:1.300000e-04:217.07723:208.19537
DATA:93:1.100000e-04:203.88606:199.60757
DATA:94:1.050000e-04:200.53493:197.19516
DATA:95:1.000000e-04:199.34348:194.39392
DATA:96:9.700000e-05:196.71381:192.60745
DATA:97:9.400000e-05:193.59250:190.71195
DATA:98:9.100000e-05:189.22524:188.78433
DATA:99:8.800000e-05:188.16404:186.68940
DATA:100:8.500000e-05:186.33530:184.46383
DATA:101:8.200000e-05:186.07695:182.18826
DATA:102:7.900000e-05:182.03866:179.71272
DATA:103:7.600000e-05:179.12312:177.12806
DATA:104:7.300000e-05:175.37798:174.38846
DATA:105:7.000000e-05:170.91117:171.47341
DATA:106:6.700000e-05:165.63777:168.36945
DATA:107:6.400000e-05:162.23391:165.11180
DATA:108:6.100000e-05:160.10498:161.65591
DATA:109:5.800000e-05:155.64859:157.97235
DATA:110:5.500000e-05:150.58401:153.98263
DATA:111:5.200000e-05:145.68033:149.74877
DATA:112:5.000000e-05:142.58486:146.79257
DATA:113:4.500000e-05:135.12006:138.71228
DATA:114:4.000000e-05:127.18124:129.66543
DATA:115:3.500000e-05:117.59737:119.35366
DATA:116:3.000000e-05:105.73803:107.57729
DATA:117:2.500000e-05:94.56262:94.19621
DATA:118:2.000000e-05:79.30743:79.07468
DATA:119:1.500000e-05:62.03999:61.81799
DATA:120:1.000000e-05:42.08137:42.36106
DATA:121:9.000000e-06:38.17879:38.28018
DATA:122:8.000000e-06:34.02624:34.14553
DATA:123:5.000000e-06:22.44562:22.14599
DATA:124:4.000000e-06:18.75658:18.53807
DATA:125:3.000000e-06:15.39745:15.30416
DATA:126:2.000000e-06:12.48069:12.52107
DATA:127:1.000000e-06:9.75331:9.72947
BENCH_START:HACC:vx.f32:outlier
DATA:0:1.000000e-01:70.55655:70.37837
DATA:1:9.700000e-02:67.84481:67.71705
DATA:2:9.400000e-02:65.26579:65.02066
DATA:3:9.100000e-02:62.60027:62.32202
DATA:4:8.800000e-02:59.30923:59.62030
DATA:5:8.500000e-02:56.46881:56.91988
DATA:6:8.200000e-02:53.79655:54.24015
DATA:7:7.900000e-02:51.27932:51.57755
DATA:8:7.600000e-02:48.91431:48.95105
DATA:9:7.300000e-02:46.39092:46.37775
DATA:10:7.000000e-02:43.94066:43.86797
DATA:11:6.700000e-02:41.43386:41.42005
DATA:12:6.400000e-02:39.18389:39.05505
DATA:13:6.100000e-02:36.98963:36.77164
DATA:14:5.800000e-02:34.77553:34.57973
DATA:15:5.500000e-02:32.64964:32.49138
DATA:16:5.200000e-02:30.67606:30.50708
DATA:17:4.900000e-02:28.79800:28.62898
DATA:18:4.600000e-02:27.02063:26.85702
DATA:19:4.300000e-02:25.31175:25.19320
DATA:20:4.000000e-02:23.66496:23.63613
DATA:21:3.700000e-02:22.21322:22.17723
DATA:22:3.400000e-02:20.83093:20.81113
DATA:23:3.100000e-02:19.55038:19.52945
DATA:24:2.800000e-02:18.34872:18.31989
DATA:25:2.500000e-02:17.17860:17.16894
DATA:26:2.200000e-02:16.05086:16.05443
DATA:27:1.900000e-02:14.96067:14.95834
DATA:28:1.600000e-02:13.89386:13.86358
DATA:29:1.300000e-02:12.76870:12.73998
DATA:30:1.100000e-02:11.98513:11.95428
DATA:31:1.000000e-02:11.57235:11.54326
DATA:32:9.700000e-03:11.44322:11.41708
DATA:33:9.400000e-03:11.31338:11.28878
DATA:34:9.100000e-03:11.18473:11.15910
DATA:35:8.800000e-03:11.04805:11.02767
DATA:36:8.500000e-03:10.89672:10.89430
DATA:37:8.200000e-03:10.76381:10.75905
DATA:38:7.900000e-03:10.62618:10.62146
DATA:39:7.600000e-03:10.48534:10.48160
DATA:40:7.300000e-03:10.35158:10.33927
DATA:41:7.000000e-03:10.20435:10.19413
DATA:42:6.700000e-03:10.05696:10.04585
DATA:43:6.400000e-03:9.90685:9.89431
DATA:44:6.100000e-03:9.75113:9.73918
DATA:45:5.800000e-03:9.59087:9.58067
DATA:46:5.500000e-03:9.42658:9.41823
DATA:47:5.200000e-03:9.26356:9.25169
DATA:48:4.900000e-03:9.08784:9.07994
DATA:49:4.600000e-03:8.91272:8.90263
DATA:50:4.300000e-03:8.72875:8.71972
DATA:51:4.000000e-03:8.53853:8.53009
DATA:52:3.700000e-03:8.33480:8.33328
DATA:53:3.400000e-03:8.12859:8.12729
DATA:54:3.100000e-03:7.91336:7.91118
DATA:55:2.800000e-03:7.68396:7.68315
DATA:56:2.500000e-03:7.44213:7.44104
DATA:57:2.200000e-03:7.17967:7.18129
DATA:58:1.900000e-03:6.89732:6.90042
DATA:59:1.600000e-03:6.59302:6.59223
DATA:60:1.300000e-03:6.24872:6.24751
DATA:61:1.100000e-03:5.99103:5.99066
DATA:62:1.050000e-03:5.92303:5.92209
DATA:63:1.000000e-03:5.85173:5.85164
DATA:64:9.700000e-04:5.81002:5.80839
DATA:65:9.400000e-04:5.76469:5.76440
DATA:66:9.100000e-04:5.72024:5.71955
DATA:67:8.800000e-04:5.67451:5.67383
DATA:68:8.500000e-04:5.62620:5.62720
DATA:69:8.200000e-04:5.57938:5.57966
DATA:70:7.900000e-04:5.53105:5.53106
DATA:71:7.600000e-04:5.47920:5.48140
DATA:72:7.300000e-04:5.42768:5.43055
DATA:73:7.000000e-04:5.37382:5.37848
DATA:74:6.700000e-04:5.32142:5.32513
DATA:75:6.400000e-04:5.26543:5.27030
DATA:76:6.100000e-04:5.20695:5.21395
DATA:77:5.800000e-04:5.14661:5.15586
DATA:78:5.500000e-04:5.08718:5.09588
DATA:79:5.200000e-04:5.02659:5.03379
DATA:80:4.900000e-04:4.96449:4.96943
DATA:81:4.600000e-04:4.89816:4.90265
DATA:82:4.300000e-04:4.82767:4.83311
DATA:83:4.000000e-04:4.75465:4.76047
DATA:84:3.700000e-04:4.68053:4.68438
DATA:85:3.400000e-04:4.59910:4.60437
DATA:86:3.100000e-04:4.51587:4.51987
DATA:87:2.800000e-04:4.42530:4.43008
DATA:88:2.500000e-04:4.33023:4.33378
DATA:89:2.200000e-04:4.22493:4.22974
DATA:90:1.900000e-04:4.11150:4.11580
DATA:91:1.600000e-04:3.98523:3.98910
DATA:92:1.300000e-04:3.84078:3.84487
DATA:93:1.100000e-04:3.73117:3.73503
DATA:94:1.050000e-04:3.70156:3.70539
DATA:95:1.000000e-04:3.67064:3.67471
DATA:96:9.700000e-05:3.65158:3.65578
DATA:97:9.400000e-05:3.63253:3.63645
DATA:98:9.100000e-05:3.61295:3.61667
DATA:99:8.800000e-05:3.59296:3.59643
DATA:100:8.500000e-05:3.57403:3.57573
DATA:101:8.200000e-05:3.55235:3.55450
DATA:102:7.900000e-05:3.53053:3.53275
DATA:103:7.600000e-05:3.50744:3.51041
DATA:104:7.300000e-05:3.48710:3.48748
DATA:105:7.000000e-05:3.46289:3.46386
DATA:106:6.700000e-05:3.43811:3.43958
DATA:107:6.400000e-05:3.41318:3.41452
DATA:108:6.100000e-05:3.38744:3.38863
DATA:109:5.800000e-05:3.36080:3.36192
DATA:110:5.500000e-05:3.33358:3.33426
DATA:111:5.200000e-05:3.30483:3.30557
DATA:112:5.000000e-05:3.28679:3.28580
DATA:113:4.500000e-05:3.23499:3.23394
DATA:114:4.000000e-05:3.17874:3.17811
DATA:115:3.500000e-05:3.11803:3.11731
DATA:116:3.000000e-05:3.05087:3.05012
DATA:117:2.500000e-05:2.97529:2.97461
DATA:118:2.000000e-05:2.88767:2.88745
DATA:119:1.500000e-05:2.78338:2.78274
DATA:120:1.000000e-05:2.64759:2.64780
DATA:121:9.000000e-06:2.61480:2.61492
DATA:122:8.000000e-06:2.57906:2.57910
DATA:123:5.000000e-06:2.44528:2.44546
DATA:124:4.000000e-06:2.38707:2.38679
DATA:125:3.000000e-06:2.31555:2.31511
DATA:126:2.000000e-06:2.22139:2.22115
DATA:127:1.000000e-06:2.07704:2.07683
BENCH_START:HACC:vx.f32:plain
DATA:0:1.000000e-01:70.34334:70.16707
DATA:1:9.700000e-02:67.61251:67.49478
DATA:2:9.400000e-02:65.02665:64.78726
DATA:3:9.100000e-02:62.34220:62.07561
DATA:4:8.800000e-02:59.02476:59.35912
DATA:5:8.500000e-02:56.17007:56.64073
DATA:6:8.200000e-02:53.48137:53.93977
DATA:7:7.900000e-02:50.94386:51.25318
DATA:8:7.600000e-02:48.55816:48.59973
DATA:9:7.300000e-02:45.99052:45.99682
DATA:10:7.000000e-02:43.50469:43.45601
DATA:11:6.700000e-02:40.94016:40.97412
DATA:12:6.400000e-02:38.66602:38.57318
DATA:13:6.100000e-02:36.43175:36.25195
DATA:14:5.800000e-02:34.18499:34.02013
DATA:15:5.500000e-02:32.01968:31.88911
DATA:16:5.200000e-02:29.99206:29.86066
DATA:17:4.900000e-02:28.07907:27.93695
DATA:18:4.600000e-02:26.25670:26.11814
DATA:19:4.300000e-02:24.51152:24.40700
DATA:20:4.000000e-02:22.82509:22.80290
DATA:21:3.700000e-02:21.33137:21.29930
DATA:22:3.400000e-02:19.90812:19.89265
DATA:23:3.100000e-02:18.59374:18.57613
DATA:24:2.800000e-02:17.35885:17.33957
DATA:25:2.500000e-02:16.18063:16.16959
DATA:26:2.200000e-02:15.04328:15.04736
DATA:27:1.900000e-02:13.95285:13.95304
DATA:28:1.600000e-02:12.88570:12.86628
DATA:29:1.300000e-02:11.77912:11.76085
DATA:30:1.100000e-02:11.01877:10.99692
DATA:31:1.000000e-02:10.62288:10.60112
DATA:32:9.700000e-03:10.49522:10.48011
DATA:33:9.400000e-03:10.37279:10.35767
DATA:34:9.100000e-03:10.25171:10.23403
DATA:35:8.800000e-03:10.12049:10.10881
DATA:36:8.500000e-03:9.98051:9.98175
DATA:37:8.200000e-03:9.85243:9.85314
DATA:38:7.900000e-03:9.72192:9.72252
DATA:39:7.600000e-03:9.59088:9.59029
DATA:40:7.300000e-03:9.45874:9.45579
DATA:41:7.000000e-03:9.31832:9.31876
DATA:42:6.700000e-03:9.17723:9.17924
DATA:43:6.400000e-03:9.03502:9.03698
DATA:44:6.100000e-03:8.89638:8.89174
DATA:45:5.800000e-03:8.74644:8.74343
DATA:46:5.500000e-03:8.59710:8.59171
DATA:47:5.200000e-03:8.44383:8.43646
DATA:48:4.900000e-03:8.27815:8.27715
DATA:49:4.600000e-03:8.11722:8.11287
DATA:50:4.300000e-03:7.95116:7.94378
DATA:51:4.000000e-03:7.77360:7.76896
DATA:52:3.700000e-03:7.58585:7.58756
DATA:53:3.400000e-03:7.39803:7.39872
DATA:54:3.100000e-03:7.20083:7.20118
DATA:55:2.800000e-03:6.99091:6.99347
DATA:56:2.500000e-03:6.77359:6.77403
DATA:57:2.200000e-03:6.53681:6.54046
DATA:58:1.900000e-03:6.28501:6.28918
DATA:59:1.600000e-03:6.01469:6.01547
DATA:60:1.300000e-03:5.71071:5.71163
DATA:61:1.100000e-03:5.48641:5.48672
DATA:62:1.050000e-03:5.42668:5.42686
DATA:63:1.000000e-03:5.36479:5.36537
DATA:64:9.700000e-04:5.32753:5.32763
DATA:65:9.400000e-04:5.28925:5.28921
DATA:66:9.100000e-04:5.24985:5.25007
DATA:67:8.800000e-04:5.21012:5.21015
DATA:68:8.500000e-04:5.17049:5.16945
DATA:69:8.200000e-04:5.12982:5.12795
DATA:70:7.900000e-04:5.08674:5.08552
DATA:71:7.600000e-04:5.04183:5.04218
DATA:72:7.300000e-04:4.99866:4.99780
DATA:73:7.000000e-04:4.95182:4.95229
DATA:74:6.700000e-04:4.90586:4.90562
DATA:75:6.400000e-04:4.85732:4.85768
DATA:76:6.100000e-04:4.80660:4.80844
DATA:77:5.800000e-04:4.75456:4.75771
DATA:78:5.500000e-04:4.70323:4.70536
DATA:79:5.200000e-04:4.65011:4.65121
DATA:80:4.900000e-04:4.59334:4.59509
DATA:81:4.600000e-04:4.53381:4.53684
DATA:82:4.300000e-04:4.47201:4.47615
DATA:83:4.000000e-04:4.40881:4.41280
DATA:84:3.700000e-04:4.34405:4.34645
DATA:85:3.400000e-04:4.27347:4.27657
DATA:86:3.100000e-04:4.20030:4.20269
DATA:87:2.800000e-04:4.12239:4.12416
DATA:88:2.500000e-04:4.03741:4.03997
DATA:89:2.200000e-04:3.94599:3.94889
DATA:90:1.900000e-04:3.84662:3.84921
DATA:91:1.600000e-04:3.73674:3.73850
DATA:92:1.300000e-04:3.61079:3.61286
DATA:93:1.100000e-04:3.51546:3.51760
DATA:94:1.050000e-04:3.48998:3.49193
DATA:95:1.000000e-04:3.46316:3.46541
DATA:96:9.700000e-05:3.44650:3.44906
DATA:97:9.400000e-05:3.43010:3.43236
DATA:98:9.100000e-05:3.41312:3.41528
DATA:99:8.800000e-05:3.39573:3.39780
DATA:100:8.500000e-05:3.37842:3.37991
DATA:101:8.200000e-05:3.35996:3.36155
DATA:102:7.900000e-05:3.34087:3.34273
DATA:103:7.600000e-05:3.32079:3.32341
DATA:104:7.300000e-05:3.30159:3.30356
DATA:105:7.000000e-05:3.28114:3.28311
DATA:106:6.700000e-05:3.25951:3.26202
DATA:107:6.400000e-05:3.23783:3.24026
DATA:108:6.100000e-05:3.21625:3.21775
DATA:109:5.800000e-05:3.19298:3.19443
DATA:110:5.500000e-05:3.16887:3.17023
DATA:111:5.200000e-05:3.14324:3.14506
DATA:112:5.000000e-05:3.12753:3.12769
DATA:113:4.500000e-05:3.08175:3.08199
DATA:114:4.000000e-05:3.03202:3.03244
DATA:115:3.500000e-05:2.97767:2.97818
DATA:116:3.000000e-05:2.91721:2.91787
DATA:117:2.500000e-05:2.84893:2.84959
DATA:118:2.000000e-05:2.76957:2.77023
DATA:119:1.500000e-05:2.67374:2.67424
DATA:120:1.000000e-05:2.54859:2.54964
DATA:121:9.000000e-06:2.51810:2.51916
DATA:122:8.000000e-06:2.48517:2.48593
DATA:123:5.000000e-06:2.36065:2.36153
DATA:124:4.000000e-06:2.30599:2.30677
DATA:125:3.000000e-06:2.23943:2.23974
DATA:126:2.000000e-06:2.15100:2.15168
DATA:127:1.000000e-06:2.01553:2.01612
BENCH_START:EXAFEL:SDRBENCH-EXAFEL-data-130x1480x1552.f32:outlier
DATA:0:1.000000e-01:224.28135:227.49594
DATA:1:9.700000e-02:220.79833:225.49963
DATA:2:9.400000e-02:218.21637:222.91460
DATA:3:9.100000e-02:216.00618:219.69352
DATA:4:8.800000e-02:211.11865:215.44109
DATA:5:8.500000e-02:207.01997:210.04987
DATA:6:8.200000e-02:199.81566:203.12008
DATA:7:7.900000e-02:190.26576:194.47558
DATA:8:7.600000e-02:179.51273:184.12142
DATA:9:7.300000e-02:167.99806:172.12179
DATA:10:7.000000e-02:156.05621:159.06705
DATA:11:6.700000e-02:140.68773:145.09508
DATA:12:6.400000e-02:126.66223:130.82390
DATA:13:6.100000e-02:114.78118:116.50286
DATA:14:5.800000e-02:100.08365:102.57792
DATA:15:5.500000e-02:87.70641:89.46529
DATA:16:5.200000e-02:75.07060:77.33759
DATA:17:4.900000e-02:64.60904:66.45071
DATA:18:4.600000e-02:56.82534:57.03369
DATA:19:4.300000e-02:49.17033:49.12031
DATA:20:4.000000e-02:42.64589:42.57188
DATA:21:3.700000e-02:37.36736:37.22955
DATA:22:3.400000e-02:32.81625:32.92860
DATA:23:3.100000e-02:29.27130:29.47392
DATA:24:2.800000e-02:26.51610:26.65242
DATA:25:2.500000e-02:24.09438:24.14555
DATA:26:2.200000e-02:21.73427:21.67836
DATA:27:1.900000e-02:19.14507:19.15682
DATA:28:1.600000e-02:16.66839:16.75524
DATA:29:1.300000e-02:14.77223:14.78207
DATA:30:1.100000e-02:13.69506:13.76080
DATA:31:1.000000e-02:13.22992:13.25736
DATA:32:9.700000e-03:13.05808:13.11006
DATA:33:9.400000e-03:12.91559:12.96045
DATA:34:9.100000e-03:12.77700:12.80890
DATA:35:8.800000e-03:12.63473:12.65493
DATA:36:8.500000e-03:12.47257:12.49884
DATA:37:8.200000e-03:12.32544:12.33907
DATA:38:7.900000e-03:12.16902:12.17523
DATA:39:7.600000e-03:12.03111:12.01080
DATA:40:7.300000e-03:11.83587:11.84173
DATA:41:7.000000e-03:11.66256:11.66627
DATA:42:6.700000e-03:11.47624:11.48712
DATA:43:6.400000e-03:11.29531:11.30397
DATA:44:6.100000e-03:11.10557:11.11020
DATA:45:5.800000e-03:10.90643:10.91604
DATA:46:5.500000e-03:10.69819:10.71763
DATA:47:5.200000e-03:10.47446:10.50344
DATA:48:4.900000e-03:10.26435:10.28674
DATA:49:4.600000e-03:10.06585:10.05738
DATA:50:4.300000e-03:9.79170:9.80247
DATA:51:4.000000e-03:9.53764:9.55417
DATA:52:3.700000e-03:9.29494:9.30593
DATA:53:3.400000e-03:9.04710:9.04519
DATA:54:3.100000e-03:8.79541:8.79619
DATA:55:2.800000e-03:8.52954:8.54271
DATA:56:2.500000e-03:8.25464:8.26616
DATA:57:2.200000e-03:7.93411:7.94563
DATA:58:1.900000e-03:7.56364:7.56536
DATA:59:1.600000e-03:7.15444:7.15311
DATA:60:1.300000e-03:6.73814:6.74140
DATA:61:1.100000e-03:6.44671:6.45228
DATA:62:1.050000e-03:6.36397:6.37140
DATA:63:1.000000e-03:6.27810:6.28717
DATA:64:9.700000e-04:6.22820:6.23434
DATA:65:9.400000e-04:6.17413:6.17928
DATA:66:9.100000e-04:6.12035:6.12243
DATA:67:8.800000e-04:6.06157:6.06324
DATA:68:8.500000e-04:6.00077:6.00348
DATA:69:8.200000e-04:5.94215:5.94359
DATA:70:7.900000e-04:5.88517:5.88398
DATA:71:7.600000e-04:5.82357:5.82416
DATA:72:7.300000e-04:5.76520:5.76393
DATA:73:7.000000e-04:5.69848:5.70177
DATA:74:6.700000e-04:5.63498:5.64087
DATA:75:6.400000e-04:5.57738:5.58148
DATA:76:6.100000e-04:5.51893:5.52173
DATA:77:5.800000e-04:5.45443:5.45995
DATA:78:5.500000e-04:5.38807:5.39506
DATA:79:5.200000e-04:5.32205:5.32577
DATA:80:4.900000e-04:5.24480:5.25201
DATA:81:4.600000e-04:5.17033:5.17355
DATA:82:4.300000e-04:5.08690:5.08831
DATA:83:4.000000e-04:4.99804:4.99922
DATA:84:3.700000e-04:4.90958:4.90990
DATA:85:3.400000e-04:4.81668:4.81883
DATA:86:3.100000e-04:4.72740:4.72893
DATA:87:2.800000e-04:4.63327:4.63631
DATA:88:2.500000e-04:4.52897:4.53251
DATA:89:2.200000e-04:4.41119:4.41391
DATA:90:1.900000e-04:4.28055:4.27968
DATA:91:1.600000e-04:4.13777:4.14098
DATA:92:1.300000e-04:3.99186:3.99520
DATA:93:1.100000e-04:3.87372:3.87579
DATA:94:1.050000e-04:3.84081:3.84172
DATA:95:1.000000e-04:3.80576:3.80653
DATA:96:9.700000e-05:3.78498:3.78522
DATA:97:9.400000e-05:3.76456:3.76389
DATA:98:9.100000e-05:3.74286:3.74248
DATA:99:8.800000e-05:3.72046:3.72075
DATA:100:8.500000e-05:3.69774:3.69849
DATA:101:8.200000e-05:3.67416:3.67626
DATA:102:7.900000e-05:3.65196:3.65424
DATA:103:7.600000e-05:3.63130:3.63232
DATA:104:7.300000e-05:3.60840:3.60994
DATA:105:7.000000e-05:3.58532:3.58691
DATA:106:6.700000e-05:3.56127:3.56283
DATA:107:6.400000e-05:3.53537:3.53721
DATA:108:6.100000e-05:3.50773:3.51002
DATA:109:5.800000e-05:3.47965:3.48146
DATA:110:5.500000e-05:3.44903:3.45126
DATA:111:5.200000e-05:3.41860:3.41869
DATA:112:5.000000e-05:3.39551:3.39625
DATA:113:4.500000e-05:3.33969:3.33947
DATA:114:4.000000e-05:3.27867:3.28054
DATA:115:3.500000e-05:3.21935:3.22060
DATA:116:3.000000e-05:3.14994:3.15107
DATA:117:2.500000e-05:3.06593:3.06631
DATA:118:2.000000e-05:2.96989:2.97162
DATA:119:1.500000e-05:2.86408:2.86494
DATA:120:1.000000e-05:2.71423:2.71574
DATA:121:9.000000e-06:2.68216:2.68305
DATA:122:8.000000e-06:2.64575:2.64684
DATA:123:5.000000e-06:2.49908:2.50037
DATA:124:4.000000e-06:2.44088:2.44182
DATA:125:3.000000e-06:2.36260:2.36274
DATA:126:2.000000e-06:2.26545:2.26625
DATA:127:1.000000e-06:2.11356:2.11423
BENCH_START:EXAFEL:SDRBENCH-EXAFEL-data-130x1480x1552.f32:plain
DATA:0:1.000000e-01:224.28135:227.49594
DATA:1:9.700000e-02:220.79833:225.49963
DATA:2:9.400000e-02:218.21637:222.91460
DATA:3:9.100000e-02:216.00618:219.69352
DATA:4:8.800000e-02:211.11865:215.44109
DATA:5:8.500000e-02:207.01997:210.04987
DATA:6:8.200000e-02:199.81566:203.12008
DATA:7:7.900000e-02:190.26576:194.47558
DATA:8:7.600000e-02:179.51273:184.12142
DATA:9:7.300000e-02:167.99806:172.12179
DATA:10:7.000000e-02:156.05621:159.06705
DATA:11:6.700000e-02:140.68773:145.09508
DATA:12:6.400000e-02:126.66223:130.82380
DATA:13:6.100000e-02:114.78118:116.50270
DATA:14:5.800000e-02:100.08365:102.57780
DATA:15:5.500000e-02:87.70641:89.46515
DATA:16:5.200000e-02:75.07060:77.33752
DATA:17:4.900000e-02:64.60904:66.45063
DATA:18:4.600000e-02:56.82534:57.03356
DATA:19:4.300000e-02:49.17033:49.12019
DATA:20:4.000000e-02:42.64589:42.57171
DATA:21:3.700000e-02:37.36736:37.22928
DATA:22:3.400000e-02:32.81309:32.92759
DATA:23:3.100000e-02:29.27130:29.46943
DATA:24:2.800000e-02:26.50168:26.63858
DATA:25:2.500000e-02:24.07228:24.12396
DATA:26:2.200000e-02:21.70938:21.65558
DATA:27:1.900000e-02:19.10969:19.12460
DATA:28:1.600000e-02:16.60108:16.69099
DATA:29:1.300000e-02:14.66746:14.67933
DATA:30:1.100000e-02:13.57574:13.63860
DATA:31:1.000000e-02:13.11652:13.13627
DATA:32:9.700000e-03:12.95152:12.99125
DATA:33:9.400000e-03:12.81037:12.84477
DATA:34:9.100000e-03:12.67120:12.69769
DATA:35:8.800000e-03:12.53080:12.54859
DATA:36:8.500000e-03:12.37397:12.39734
DATA:37:8.200000e-03:12.23002:12.24239
DATA:38:7.900000e-03:12.07814:12.08297
DATA:39:7.600000e-03:11.93809:11.92263
DATA:40:7.300000e-03:11.75109:11.75725
DATA:41:7.000000e-03:11.57748:11.58431
DATA:42:6.700000e-03:11.39804:11.40638
DATA:43:6.400000e-03:11.21691:11.22266
DATA:44:6.100000e-03:11.02840:11.02695
DATA:45:5.800000e-03:10.82410:10.82939
DATA:46:5.500000e-03:10.60608:10.62628
DATA:47:5.200000e-03:10.38583:10.40735
DATA:48:4.900000e-03:10.16104:10.18675
DATA:49:4.600000e-03:9.96270:9.95547
DATA:50:4.300000e-03:9.69296:9.70158
DATA:51:4.000000e-03:9.43714:9.45677
DATA:52:3.700000e-03:9.21064:9.21470
DATA:53:3.400000e-03:8.96156:8.96145
DATA:54:3.100000e-03:8.71744:8.71907
DATA:55:2.800000e-03:8.45934:8.46884
DATA:56:2.500000e-03:8.18455:8.19196
DATA:57:2.200000e-03:7.85883:7.87024
DATA:58:1.900000e-03:7.49091:7.49373
DATA:59:1.600000e-03:7.08845:7.09168
DATA:60:1.300000e-03:6.68756:6.68915
DATA:61:1.100000e-03:6.39548:6.40117
DATA:62:1.050000e-03:6.31299:6.32034
DATA:63:1.000000e-03:6.22676:6.23651
DATA:64:9.700000e-04:6.17754:6.18415
DATA:65:9.400000e-04:6.12370:6.12973
DATA:66:9.100000e-04:6.07016:6.07368
DATA:67:8.800000e-04:6.01307:6.01553
DATA:68:8.500000e-04:5.95408:5.95693
DATA:69:8.200000e-04:5.89727:5.89836
DATA:70:7.900000e-04:5.84006:5.84019
DATA:71:7.600000e-04:5.77869:5.78194
DATA:72:7.300000e-04:5.72352:5.72306
DATA:73:7.000000e-04:5.66048:5.66226
DATA:74:6.700000e-04:5.59902:5.60252
DATA:75:6.400000e-04:5.54124:5.54401
DATA:76:6.100000e-04:5.48485:5.48474
DATA:77:5.800000e-04:5.42072:5.42324
DATA:78:5.500000e-04:5.35173:5.35852
DATA:79:5.200000e-04:5.28570:5.28929
DATA:80:4.900000e-04:5.20843:5.21584
DATA:81:4.600000e-04:5.13383:5.13808
DATA:82:4.300000e-04:5.05286:5.05410
DATA:83:4.000000e-04:4.96422:4.96672
DATA:84:3.700000e-04:4.87729:4.87938
DATA:85:3.400000e-04:4.78890:4.79010
DATA:86:3.100000e-04:4.70083:4.70147
DATA:87:2.800000e-04:4.60761:4.60919
DATA:88:2.500000e-04:4.50201:4.50550
DATA:89:2.200000e-04:4.38466:4.38785
DATA:90:1.900000e-04:4.25603:4.25598
DATA:91:1.600000e-04:4.11740:4.11968
DATA:92:1.300000e-04:3.97129:3.97447
DATA:93:1.100000e-04:3.85321:3.85586
DATA:94:1.050000e-04:3.82150:3.82232
DATA:95:1.000000e-04:3.78670:3.78779
DATA:96:9.700000e-05:3.76621:3.76693
DATA:97:9.400000e-05:3.74645:3.74611
DATA:98:9.100000e-05:3.72463:3.72520
DATA:99:8.800000e-05:3.70333:3.70396
DATA:100:8.500000e-05:3.68164:3.68219
DATA:101:8.200000e-05:3.65895:3.66038
DATA:102:7.900000e-05:3.63702:3.63874
DATA:103:7.600000e-05:3.61675:3.61715
DATA:104:7.300000e-05:3.59476:3.59498
DATA:105:7.000000e-05:3.57141:3.57210
DATA:106:6.700000e-05:3.54689:3.54812
DATA:107:6.400000e-05:3.52079:3.52259
DATA:108:6.100000e-05:3.49299:3.49548
DATA:109:5.800000e-05:3.46514:3.46710
DATA:110:5.500000e-05:3.43464:3.43719
DATA:111:5.200000e-05:3.40472:3.40502
DATA:112:5.000000e-05:3.38174:3.38290
DATA:113:4.500000e-05:3.32669:3.32706
DATA:114:4.000000e-05:3.26724:3.26890
DATA:115:3.500000e-05:3.20878:3.20923
DATA:116:3.000000e-05:3.13829:3.13967
DATA:117:2.500000e-05:3.05493:3.05560
DATA:118:2.000000e-05:2.96063:2.96212
DATA:119:1.500000e-05:2.85443:2.85552
DATA:120:1.000000e-05:2.70646:2.70780
DATA:121:9.000000e-06:2.67511:2.67523
DATA:122:8.000000e-06:2.63786:2.63894
DATA:123:5.000000e-06:2.49252:2.49363
DATA:124:4.000000e-06:2.43418:2.43509
DATA:125:3.000000e-06:2.35621:2.35644
DATA:126:2.000000e-06:2.25966:2.26046
DATA:127:1.000000e-06:2.10853:2.10919
BENCH_START:QMCPACK:einspline_115_69_69_288.f32:outlier
DATA:0:1.000000e-01:83.81104:85.02826
DATA:1:9.700000e-02:82.45245:83.35641
DATA:2:9.400000e-02:80.65989:81.64630
DATA:3:9.100000e-02:78.92386:79.85241
DATA:4:8.800000e-02:77.87147:77.98221
DATA:5:8.500000e-02:75.94004:76.05919
DATA:6:8.200000e-02:73.53191:74.06448
DATA:7:7.900000e-02:71.30405:72.06308
DATA:8:7.600000e-02:69.92849:69.92876
DATA:9:7.300000e-02:67.76471:67.72675
DATA:10:7.000000e-02:65.59409:65.47667
DATA:11:6.700000e-02:63.53261:63.12916
DATA:12:6.400000e-02:60.62575:60.76106
DATA:13:6.100000e-02:58.23016:58.26980
DATA:14:5.800000e-02:55.27056:55.72270
DATA:15:5.500000e-02:52.73799:53.06674
DATA:16:5.200000e-02:49.91651:50.33997
DATA:17:4.900000e-02:47.56023:47.51576
DATA:18:4.600000e-02:44.56913:44.58420
DATA:19:4.300000e-02:41.70463:41.56064
DATA:20:4.000000e-02:38.33349:38.39941
DATA:21:3.700000e-02:34.82044:35.08482
DATA:22:3.400000e-02:31.35804:31.59302
DATA:23:3.100000e-02:28.08755:28.09181
DATA:24:2.800000e-02:24.54784:24.57254
DATA:25:2.500000e-02:21.31279:21.23617
DATA:26:2.200000e-02:18.56834:18.56253
DATA:27:1.900000e-02:16.69720:16.69042
DATA:28:1.600000e-02:15.21127:15.16817
DATA:29:1.300000e-02:13.77855:13.77220
DATA:30:1.100000e-02:12.89144:12.88166
DATA:31:1.000000e-02:12.44588:12.44561
DATA:32:9.700000e-03:12.32417:12.31415
DATA:33:9.400000e-03:12.19348:12.18332
DATA:34:9.100000e-03:12.06704:12.05312
DATA:35:8.800000e-03:11.93890:11.92222
DATA:36:8.500000e-03:11.78112:11.79052
DATA:37:8.200000e-03:11.64109:11.65485
DATA:38:7.900000e-03:11.49303:11.51215
DATA:39:7.600000e-03:11.33858:11.36253
DATA:40:7.300000e-03:11.20414:11.20614
DATA:41:7.000000e-03:11.04695:11.04394
DATA:42:6.700000e-03:10.87664:10.87283
DATA:43:6.400000e-03:10.71005:10.69633
DATA:44:6.100000e-03:10.51524:10.51683
DATA:45:5.800000e-03:10.33087:10.33156
DATA:46:5.500000e-03:10.14492:10.14053
DATA:47:5.200000e-03:9.96162:9.94730
DATA:48:4.900000e-03:9.74921:9.74927
DATA:49:4.600000e-03:9.54118:9.55090
DATA:50:4.300000e-03:9.35384:9.35033
DATA:51:4.000000e-03:9.14378:9.14526
DATA:52:3.700000e-03:8.94093:8.93079
DATA:53:3.400000e-03:8.70878:8.69683
DATA:54:3.100000e-03:8.44145:8.43698
DATA:55:2.800000e-03:8.16223:8.15980
DATA:56:2.500000e-03:7.85934:7.86804
DATA:57:2.200000e-03:7.56608:7.57095
DATA:58:1.900000e-03:7.24749:7.25948
DATA:59:1.600000e-03:6.91348:6.91345
DATA:60:1.300000e-03:6.51688:6.51148
DATA:61:1.100000e-03:6.22727:6.22561
DATA:62:1.050000e-03:6.15688:6.15158
DATA:63:1.000000e-03:6.07519:6.07677
DATA:64:9.700000e-04:6.03188:6.03061
DATA:65:9.400000e-04:5.98460:5.98416
DATA:66:9.100000e-04:5.93652:5.93652
DATA:67:8.800000e-04:5.88575:5.88773
DATA:68:8.500000e-04:5.83616:5.83689
DATA:69:8.200000e-04:5.78292:5.78484
DATA:70:7.900000e-04:5.73046:5.73047
DATA:71:7.600000e-04:5.67692:5.67380
DATA:72:7.300000e-04:5.61274:5.61609
DATA:73:7.000000e-04:5.55478:5.55797
DATA:74:6.700000e-04:5.49350:5.49875
DATA:75:6.400000e-04:5.43778:5.43863
DATA:76:6.100000e-04:5.37678:5.37787
DATA:77:5.800000e-04:5.31822:5.31624
DATA:78:5.500000e-04:5.25265:5.25319
DATA:79:5.200000e-04:5.18701:5.18923
DATA:80:4.900000e-04:5.12406:5.12377
DATA:81:4.600000e-04:5.05725:5.05667
DATA:82:4.300000e-04:4.98719:4.98637
DATA:83:4.000000e-04:4.90890:4.91081
DATA:84:3.700000e-04:4.82905:4.82944
DATA:85:3.400000e-04:4.74325:4.74430
DATA:86:3.100000e-04:4.65466:4.65499
DATA:87:2.800000e-04:4.56433:4.56174
DATA:88:2.500000e-04:4.46493:4.46370
DATA:89:2.200000e-04:4.36183:4.35910
DATA:90:1.900000e-04:4.24167:4.24051
DATA:91:1.600000e-04:4.10600:4.10663
DATA:92:1.300000e-04:3.95725:3.95946
DATA:93:1.100000e-04:3.85113:3.85084
DATA:94:1.050000e-04:3.82103:3.82108
DATA:95:1.000000e-04:3.78959:3.78964
DATA:96:9.700000e-05:3.76817:3.77005
DATA:97:9.400000e-05:3.74871:3.74969
DATA:98:9.100000e-05:3.72836:3.72891
DATA:99:8.800000e-05:3.70705:3.70790
DATA:100:8.500000e-05:3.68873:3.68641
DATA:101:8.200000e-05:3.66496:3.66441
DATA:102:7.900000e-05:3.64326:3.64187
DATA:103:7.600000e-05:3.62066:3.61909
DATA:104:7.300000e-05:3.59529:3.59593
DATA:105:7.000000e-05:3.57329:3.57218
DATA:106:6.700000e-05:3.54950:3.54804
DATA:107:6.400000e-05:3.52287:3.52301
DATA:108:6.100000e-05:3.49747:3.49745
DATA:109:5.800000e-05:3.47241:3.47120
DATA:110:5.500000e-05:3.44525:3.44388
DATA:111:5.200000e-05:3.41364:3.41493
DATA:112:5.000000e-05:3.39349:3.39455
DATA:113:4.500000e-05:3.33909:3.33958
DATA:114:4.000000e-05:3.28106:3.28060
DATA:115:3.500000e-05:3.21629:3.21735
DATA:116:3.000000e-05:3.14799:3.14831
DATA:117:2.500000e-05:3.07010:3.07044
DATA:118:2.000000e-05:2.97660:2.97615
DATA:119:1.500000e-05:2.86719:2.86722
DATA:120:1.000000e-05:2.72337:2.72442
DATA:121:9.000000e-06:2.68922:2.68964
DATA:122:8.000000e-06:2.65348:2.65252
DATA:123:5.000000e-06:2.51051:2.51136
DATA:124:4.000000e-06:2.44994:2.45006
DATA:125:3.000000e-06:2.37530:2.37573
DATA:126:2.000000e-06:2.27595:2.27605
DATA:127:1.000000e-06:2.12493:2.12502
BENCH_START:QMCPACK:einspline_115_69_69_288.f32:plain
DATA:0:1.000000e-01:83.81104:85.02826
DATA:1:9.700000e-02:82.45245:83.35641
DATA:2:9.400000e-02:80.65989:81.64630
DATA:3:9.100000e-02:78.92386:79.85241
DATA:4:8.800000e-02:77.87147:77.98221
DATA:5:8.500000e-02:75.94004:76.05919
DATA:6:8.200000e-02:73.53191:74.06448
DATA:7:7.900000e-02:71.30405:72.06308
DATA:8:7.600000e-02:69.92849:69.92876
DATA:9:7.300000e-02:67.76471:67.72675
DATA:10:7.000000e-02:65.59409:65.47667
DATA:11:6.700000e-02:63.53261:63.12916
DATA:12:6.400000e-02:60.62575:60.76106
DATA:13:6.100000e-02:58.23016:58.26980
DATA:14:5.800000e-02:55.27056:55.72270
DATA:15:5.500000e-02:52.73799:53.06674
DATA:16:5.200000e-02:49.91651:50.33997
DATA:17:4.900000e-02:47.56023:47.51576
DATA:18:4.600000e-02:44.56913:44.58420
DATA:19:4.300000e-02:41.70463:41.56064
DATA:20:4.000000e-02:38.33349:38.39941
DATA:21:3.700000e-02:34.82044:35.08482
DATA:22:3.400000e-02:31.35804:31.59302
DATA:23:3.100000e-02:28.08755:28.09181
DATA:24:2.800000e-02:24.54784:24.57253
DATA:25:2.500000e-02:21.31279:21.23617
DATA:26:2.200000e-02:18.56834:18.56248
DATA:27:1.900000e-02:16.69654:16.68974
DATA:28:1.600000e-02:15.20852:15.16665
DATA:29:1.300000e-02:13.77674:13.76980
DATA:30:1.100000e-02:12.88986:12.87914
DATA:31:1.000000e-02:12.44478:12.44315
DATA:32:9.700000e-03:12.32128:12.31177
DATA:33:9.400000e-03:12.19030:12.18099
DATA:34:9.100000e-03:12.06392:12.05080
DATA:35:8.800000e-03:11.93652:11.91992
DATA:36:8.500000e-03:11.77782:11.78833
DATA:37:8.200000e-03:11.63787:11.65273
DATA:38:7.900000e-03:11.48988:11.51011
DATA:39:7.600000e-03:11.33583:11.36058
DATA:40:7.300000e-03:11.20175:11.20426
DATA:41:7.000000e-03:11.04405:11.04206
DATA:42:6.700000e-03:10.87383:10.87089
DATA:43:6.400000e-03:10.70732:10.69433
DATA:44:6.100000e-03:10.51314:10.51476
DATA:45:5.800000e-03:10.32757:10.32937
DATA:46:5.500000e-03:10.14223:10.13826
DATA:47:5.200000e-03:9.95903:9.94497
DATA:48:4.900000e-03:9.74785:9.74696
DATA:49:4.600000e-03:9.53880:9.54869
DATA:50:4.300000e-03:9.35155:9.34809
DATA:51:4.000000e-03:9.14120:9.14311
DATA:52:3.700000e-03:8.93960:8.92891
DATA:53:3.400000e-03:8.70733:8.69525
DATA:54:3.100000e-03:8.43959:8.43559
DATA:55:2.800000e-03:8.16049:8.15837
DATA:56:2.500000e-03:7.85773:7.86647
DATA:57:2.200000e-03:7.56445:7.56944
DATA:58:1.900000e-03:7.24587:7.25803
DATA:59:1.600000e-03:6.91234:6.91238
DATA:60:1.300000e-03:6.51627:6.51049
DATA:61:1.100000e-03:6.22617:6.22457
DATA:62:1.050000e-03:6.15580:6.15055
DATA:63:1.000000e-03:6.07352:6.07577
DATA:64:9.700000e-04:6.03101:6.02960
DATA:65:9.400000e-04:5.98375:5.98316
DATA:66:9.100000e-04:5.93543:5.93553
DATA:67:8.800000e-04:5.88493:5.88679
DATA:68:8.500000e-04:5.83560:5.83602
DATA:69:8.200000e-04:5.78220:5.78403
DATA:70:7.900000e-04:5.72999:5.72970
DATA:71:7.600000e-04:5.67615:5.67306
DATA:72:7.300000e-04:5.61191:5.61539
DATA:73:7.000000e-04:5.55419:5.55730
DATA:74:6.700000e-04:5.49286:5.49806
DATA:75:6.400000e-04:5.43708:5.43791
DATA:76:6.100000e-04:5.37609:5.37713
DATA:77:5.800000e-04:5.31762:5.31549
DATA:78:5.500000e-04:5.25200:5.25244
DATA:79:5.200000e-04:5.18618:5.18849
DATA:80:4.900000e-04:5.12299:5.12304
DATA:81:4.600000e-04:5.05670:5.05594
DATA:82:4.300000e-04:4.98666:4.98569
DATA:83:4.000000e-04:4.90850:4.91023
DATA:84:3.700000e-04:4.82861:4.82889
DATA:85:3.400000e-04:4.74277:4.74379
DATA:86:3.100000e-04:4.65430:4.65445
DATA:87:2.800000e-04:4.56404:4.56118
DATA:88:2.500000e-04:4.46459:4.46315
DATA:89:2.200000e-04:4.36142:4.35855
DATA:90:1.900000e-04:4.24112:4.24008
DATA:91:1.600000e-04:4.10535:4.10624
DATA:92:1.300000e-04:3.95670:3.95905
DATA:93:1.100000e-04:3.85075:3.85046
DATA:94:1.050000e-04:3.82066:3.82074
DATA:95:1.000000e-04:3.78921:3.78935
DATA:96:9.700000e-05:3.76789:3.76977
DATA:97:9.400000e-05:3.74841:3.74943
DATA:98:9.100000e-05:3.72807:3.72867
DATA:99:8.800000e-05:3.70681:3.70768
DATA:100:8.500000e-05:3.68847:3.68619
DATA:101:8.200000e-05:3.66460:3.66419
DATA:102:7.900000e-05:3.64297:3.64165
DATA:103:7.600000e-05:3.62047:3.61886
DATA:104:7.300000e-05:3.59496:3.59569
DATA:105:7.000000e-05:3.57293:3.57195
DATA:106:6.700000e-05:3.54924:3.54781
DATA:107:6.400000e-05:3.52260:3.52278
DATA:108:6.100000e-05:3.49721:3.49722
DATA:109:5.800000e-05:3.47214:3.47096
DATA:110:5.500000e-05:3.44499:3.44364
DATA:111:5.200000e-05:3.41337:3.41471
DATA:112:5.000000e-05:3.39328:3.39435
DATA:113:4.500000e-05:3.33892:3.33940
DATA:114:4.000000e-05:3.28087:3.28042
DATA:115:3.500000e-05:3.21610:3.21716
DATA:116:3.000000e-05:3.14775:3.14812
DATA:117:2.500000e-05:3.06995:3.07027
DATA:118:2.000000e-05:2.97648:2.97601
DATA:119:1.500000e-05:2.86699:2.86706
DATA:120:1.000000e-05:2.72327:2.72431
DATA:121:9.000000e-06:2.68912:2.68951
DATA:122:8.000000e-06:2.65332:2.65239
DATA:123:5.000000e-06:2.51043:2.51126
DATA:124:4.000000e-06:2.44986:2.44994
DATA:125:3.000000e-06:2.37519:2.37563
DATA:126:2.000000e-06:2.27589:2.27596
DATA:127:1.000000e-06:2.12487:2.12493
BENCH_START:RTM:pressure_1000:outlier
DATA:0:1.000000e-01:121.23147:122.05707
DATA:1:9.700000e-02:120.98541:121.89208
DATA:2:9.400000e-02:120.82192:121.70949
DATA:3:9.100000e-02:120.69960:121.52339
DATA:4:8.800000e-02:120.65888:121.32123
DATA:5:8.500000e-02:120.45062:121.12871
DATA:6:8.200000e-02:120.28857:120.93572
DATA:7:7.900000e-02:120.16732:120.73939
DATA:8:7.600000e-02:121.41153:120.53317
DATA:9:7.300000e-02:121.28800:120.31322
DATA:10:7.000000e-02:121.10832:120.09802
DATA:11:6.700000e-02:120.90361:119.87684
DATA:12:6.400000e-02:119.92556:119.64890
DATA:13:6.100000e-02:119.82511:119.40165
DATA:14:5.800000e-02:119.60472:119.12828
DATA:15:5.500000e-02:119.29553:118.82166
DATA:16:5.200000e-02:118.37749:118.45918
DATA:17:4.900000e-02:117.82178:118.03333
DATA:18:4.600000e-02:116.97878:117.47414
DATA:19:4.300000e-02:115.98768:116.89475
DATA:20:4.000000e-02:115.99238:116.25434
DATA:21:3.700000e-02:115.12429:115.52255
DATA:22:3.400000e-02:114.51607:114.71842
DATA:23:3.100000e-02:113.69244:113.80884
DATA:24:2.800000e-02:112.00564:112.79544
DATA:25:2.500000e-02:110.90290:111.65850
DATA:26:2.200000e-02:109.65752:110.41089
DATA:27:1.900000e-02:108.39461:109.15800
DATA:28:1.600000e-02:107.20863:107.79935
DATA:29:1.300000e-02:105.96978:106.22476
DATA:30:1.100000e-02:104.58691:104.92226
DATA:31:1.000000e-02:103.84292:104.18138
DATA:32:9.700000e-03:104.67874:103.94032
DATA:33:9.400000e-03:104.42277:103.68272
DATA:34:9.100000e-03:104.19461:103.41919
DATA:35:8.800000e-03:103.99767:103.15475
DATA:36:8.500000e-03:103.21732:102.88093
DATA:37:8.200000e-03:102.89808:102.58807
DATA:38:7.900000e-03:102.56243:102.28009
DATA:39:7.600000e-03:102.29109:101.95781
DATA:40:7.300000e-03:101.31671:101.61959
DATA:41:7.000000e-03:100.95565:101.27027
DATA:42:6.700000e-03:100.63253:100.91671
DATA:43:6.400000e-03:100.27631:100.53915
DATA:44:6.100000e-03:99.42607:100.13654
DATA:45:5.800000e-03:99.14356:99.70021
DATA:46:5.500000e-03:98.64451:99.22285
DATA:47:5.200000e-03:98.07980:98.71815
DATA:48:4.900000e-03:97.76812:98.20048
DATA:49:4.600000e-03:97.31918:97.65045
DATA:50:4.300000e-03:96.85796:97.08514
DATA:51:4.000000e-03:96.24219:96.49604
DATA:52:3.700000e-03:96.06769:95.82999
DATA:53:3.400000e-03:95.32831:95.12937
DATA:54:3.100000e-03:94.48776:94.35028
DATA:55:2.800000e-03:93.81239:93.49915
DATA:56:2.500000e-03:93.06479:92.52666
DATA:57:2.200000e-03:91.98470:91.45624
DATA:58:1.900000e-03:90.81394:90.23535
DATA:59:1.600000e-03:89.43436:88.77249
DATA:60:1.300000e-03:87.48996:87.07198
DATA:61:1.100000e-03:86.01960:85.73917
DATA:62:1.050000e-03:85.65393:85.36125
DATA:63:1.000000e-03:85.15175:84.96888
DATA:64:9.700000e-04:84.59035:84.73090
DATA:65:9.400000e-04:84.32608:84.47569
DATA:66:9.100000e-04:84.19952:84.20825
DATA:67:8.800000e-04:83.83439:83.93542
DATA:68:8.500000e-04:83.22234:83.64673
DATA:69:8.200000e-04:82.88962:83.35318
DATA:70:7.900000e-04:82.60008:83.04900
DATA:71:7.600000e-04:82.24866:82.73527
DATA:72:7.300000e-04:81.96121:82.41335
DATA:73:7.000000e-04:81.69210:82.07785
DATA:74:6.700000e-04:81.32522:81.71954
DATA:75:6.400000e-04:80.97309:81.34066
DATA:76:6.100000e-04:81.87678:80.96423
DATA:77:5.800000e-04:81.43169:80.58665
DATA:78:5.500000e-04:80.96392:80.18522
DATA:79:5.200000e-04:80.50602:79.75206
DATA:80:4.900000e-04:79.74314:79.29647
DATA:81:4.600000e-04:79.21768:78.80583
DATA:82:4.300000e-04:78.60612:78.27546
DATA:83:4.000000e-04:78.07417:77.72100
DATA:84:3.700000e-04:77.12086:77.12896
DATA:85:3.400000e-04:76.60876:76.49929
DATA:86:3.100000e-04:75.93577:75.77799
DATA:87:2.800000e-04:75.10064:75.02875
DATA:88:2.500000e-04:73.70007:74.21265
DATA:89:2.200000e-04:72.87598:73.27172
DATA:90:1.900000e-04:71.71426:72.20174
DATA:91:1.600000e-04:70.51246:70.97814
DATA:92:1.300000e-04:68.80658:69.57573
DATA:93:1.100000e-04:67.81182:68.45583
DATA:94:1.050000e-04:67.46643:68.13355
DATA:95:1.000000e-04:67.14188:67.81037
DATA:96:9.700000e-05:67.60672:67.61330
DATA:97:9.400000e-05:67.43304:67.40790
DATA:98:9.100000e-05:67.16867:67.19650
DATA:99:8.800000e-05:66.98783:66.98391
DATA:100:8.500000e-05:67.49031:66.76001
DATA:101:8.200000e-05:67.28082:66.52681
DATA:102:7.900000e-05:67.05533:66.28116
DATA:103:7.600000e-05:66.86728:66.03164
DATA:104:7.300000e-05:66.11938:65.78073
DATA:105:7.000000e-05:65.81217:65.52375
DATA:106:6.700000e-05:65.62048:65.25599
DATA:107:6.400000e-05:65.38056:64.97756
DATA:108:6.100000e-05:64.62593:64.68583
DATA:109:5.800000e-05:64.39612:64.38011
DATA:110:5.500000e-05:64.05731:64.04538
DATA:111:5.200000e-05:63.71354:63.68843
DATA:112:5.000000e-05:62.88731:63.44823
DATA:113:4.500000e-05:62.24701:62.81925
DATA:114:4.000000e-05:61.58514:62.12839
DATA:115:3.500000e-05:60.79218:61.36753
DATA:116:3.000000e-05:59.82236:60.52529
DATA:117:2.500000e-05:58.87089:59.50404
DATA:118:2.000000e-05:57.75619:58.31121
DATA:119:1.500000e-05:56.15560:56.86701
DATA:120:1.000000e-05:55.30461:54.87506
DATA:121:9.000000e-06:54.88661:54.38352
DATA:122:8.000000e-06:54.36309:53.85730
DATA:123:5.000000e-06:52.10964:51.77986
DATA:124:4.000000e-06:51.31616:50.85902
DATA:125:3.000000e-06:50.05483:49.69151
DATA:126:2.000000e-06:48.56708:48.13619
DATA:127:1.000000e-06:46.06491:45.64914
BENCH_START:RTM:pressure_1000:plain
DATA:0:1.000000e-01:121.23147:122.05123
DATA:1:9.700000e-02:120.98541:121.88498
DATA:2:9.400000e-02:120.82192:121.70092
DATA:3:9.100000e-02:120.69960:121.51274
DATA:4:8.800000e-02:120.65888:121.30811
DATA:5:8.500000e-02:120.43541:121.11311
DATA:6:8.200000e-02:120.27340:120.91612
DATA:7:7.900000e-02:120.15219:120.71598
DATA:8:7.600000e-02:121.39607:120.50533
DATA:9:7.300000e-02:121.27258:120.27920
DATA:10:7.000000e-02:121.10832:120.06092
DATA:11:6.700000e-02:120.90361:119.83292
DATA:12:6.400000e-02:119.85021:119.59762
DATA:13:6.100000e-02:119.74988:119.33942
DATA:14:5.800000e-02:119.52977:119.04703
DATA:15:5.500000e-02:119.19117:118.71006
DATA:16:5.200000e-02:118.24540:118.31555
DATA:17:4.900000e-02:117.60385:117.85421
DATA:18:4.600000e-02:116.72109:117.25782
DATA:19:4.300000e-02:115.72028:116.64400
DATA:20:4.000000e-02:115.73901:115.96584
DATA:21:3.700000e-02:114.84703:115.19536
DATA:22:3.400000e-02:114.24172:114.34685
DATA:23:3.100000e-02:113.40854:113.38055
DATA:24:2.800000e-02:111.42984:112.29648
DATA:25:2.500000e-02:110.24483:111.08663
DATA:26:2.200000e-02:108.90207:109.72122
DATA:27:1.900000e-02:107.47846:108.34828
DATA:28:1.600000e-02:106.20185:106.87417
DATA:29:1.300000e-02:104.64811:105.09131
DATA:30:1.100000e-02:103.06488:103.57494
DATA:31:1.000000e-02:102.13772:102.72718
DATA:32:9.700000e-03:103.36274:102.45676
DATA:33:9.400000e-03:103.03518:102.16979
DATA:34:9.100000e-03:102.81304:101.87980
DATA:35:8.800000e-03:102.60656:101.58452
DATA:36:8.500000e-03:101.74546:101.28164
DATA:37:8.200000e-03:101.37056:100.96330
DATA:38:7.900000e-03:101.06977:100.62785
DATA:39:7.600000e-03:100.84179:100.27702
DATA:40:7.300000e-03:99.66157:99.89672
DATA:41:7.000000e-03:99.28806:99.50730
DATA:42:6.700000e-03:98.93102:99.11237
DATA:43:6.400000e-03:98.60372:98.69038
DATA:44:6.100000e-03:97.62134:98.24203
DATA:45:5.800000e-03:97.21007:97.76135
DATA:46:5.500000e-03:96.76296:97.22839
DATA:47:5.200000e-03:96.08705:96.65908
DATA:48:4.900000e-03:95.33149:96.08939
DATA:49:4.600000e-03:94.81340:95.48535
DATA:50:4.300000e-03:94.21397:94.85977
DATA:51:4.000000e-03:93.60982:94.21594
DATA:52:3.700000e-03:93.65884:93.50819
DATA:53:3.400000e-03:93.00127:92.75802
DATA:54:3.100000e-03:92.12686:91.90967
DATA:55:2.800000e-03:91.16406:90.98503
DATA:56:2.500000e-03:90.64419:89.90602
DATA:57:2.200000e-03:89.49870:88.72339
DATA:58:1.900000e-03:88.22918:87.41367
DATA:59:1.600000e-03:86.83675:85.92431
DATA:60:1.300000e-03:84.62788:84.12691
DATA:61:1.100000e-03:83.21992:82.69974
DATA:62:1.050000e-03:82.82484:82.30707
DATA:63:1.000000e-03:82.28177:81.90231
DATA:64:9.700000e-04:81.65246:81.65079
DATA:65:9.400000e-04:81.38305:81.38498
DATA:66:9.100000e-04:81.21672:81.11047
DATA:67:8.800000e-04:80.87695:80.83043
DATA:68:8.500000e-04:79.87449:80.54419
DATA:69:8.200000e-04:79.57238:80.25008
DATA:70:7.900000e-04:79.31650:79.94910
DATA:71:7.600000e-04:78.98369:79.63467
DATA:72:7.300000e-04:78.82701:79.30945
DATA:73:7.000000e-04:78.52414:78.96718
DATA:74:6.700000e-04:78.13813:78.60779
DATA:75:6.400000e-04:77.66304:78.22551
DATA:76:6.100000e-04:78.77492:77.83782
DATA:77:5.800000e-04:78.32637:77.44511
DATA:78:5.500000e-04:77.88290:77.03664
DATA:79:5.200000e-04:77.31885:76.59864
DATA:80:4.900000e-04:76.63954:76.14350
DATA:81:4.600000e-04:76.10139:75.65722
DATA:82:4.300000e-04:75.57075:75.13979
DATA:83:4.000000e-04:75.17364:74.59827
DATA:84:3.700000e-04:74.16044:74.01627
DATA:85:3.400000e-04:73.61095:73.38457
DATA:86:3.100000e-04:72.98008:72.67717
DATA:87:2.800000e-04:72.11917:71.93816
DATA:88:2.500000e-04:70.79860:71.14585
DATA:89:2.200000e-04:69.91970:70.24413
DATA:90:1.900000e-04:68.83638:69.23234
DATA:91:1.600000e-04:67.61311:68.05847
DATA:92:1.300000e-04:65.99128:66.70020
DATA:93:1.100000e-04:64.94278:65.64106
DATA:94:1.050000e-04:64.67268:65.34094
DATA:95:1.000000e-04:64.45124:65.04028
DATA:96:9.700000e-05:64.74878:64.85503
DATA:97:9.400000e-05:64.56177:64.66179
DATA:98:9.100000e-05:64.31217:64.46402
DATA:99:8.800000e-05:64.12766:64.26195
DATA:100:8.500000e-05:64.71949:64.04839
DATA:101:8.200000e-05:64.47448:63.82496
DATA:102:7.900000e-05:64.26017:63.59327
DATA:103:7.600000e-05:64.11042:63.35544
DATA:104:7.300000e-05:63.56350:63.11366
DATA:105:7.000000e-05:63.31594:62.86852
DATA:106:6.700000e-05:63.09255:62.61537
DATA:107:6.400000e-05:62.90390:62.35189
DATA:108:6.100000e-05:62.17667:62.07728
DATA:109:5.800000e-05:61.96660:61.79365
DATA:110:5.500000e-05:61.68871:61.48602
DATA:111:5.200000e-05:61.32905:61.16050
DATA:112:5.000000e-05:60.37145:60.94198
DATA:113:4.500000e-05:59.83112:60.36003
DATA:114:4.000000e-05:59.21202:59.70812
DATA:115:3.500000e-05:58.38555:58.98531
DATA:116:3.000000e-05:57.42928:58.18987
DATA:117:2.500000e-05:56.55743:57.25499
DATA:118:2.000000e-05:55.49985:56.14241
DATA:119:1.500000e-05:53.99581:54.77266
DATA:120:1.000000e-05:53.24817:52.92565
DATA:121:9.000000e-06:52.83519:52.45912
DATA:122:8.000000e-06:52.35182:51.95854
DATA:123:5.000000e-06:50.26941:50.01816
DATA:124:4.000000e-06:49.53831:49.14188
DATA:125:3.000000e-06:48.40194:48.05241
DATA:126:2.000000e-06:46.96240:46.57592
DATA:127:1.000000e-06:44.62164:44.23823
DATA:0:1.000000e-01:58.64859:78.36224
DATA:1:9.700000e-02:57.72194:77.23981
DATA:2:9.400000e-02:56.79843:75.84641
DATA:3:9.100000e-02:56.01251:73.91438
DATA:4:8.800000e-02:55.02090:71.55624
DATA:5:8.500000e-02:53.83555:69.63064
DATA:6:8.200000e-02:52.72553:67.87588
DATA:7:7.900000e-02:51.57131:66.44883
DATA:8:7.600000e-02:50.27293:64.41235
DATA:9:7.300000e-02:48.78255:61.95555
DATA:10:7.000000e-02:47.18862:58.84473
DATA:11:6.700000e-02:45.56602:55.72760
DATA:12:6.400000e-02:43.85175:52.89300
DATA:13:6.100000e-02:42.00777:50.14357
DATA:14:5.800000e-02:39.94798:46.44576
DATA:15:5.500000e-02:37.08095:42.32927
DATA:16:5.200000e-02:34.51246:38.81123
DATA:17:4.900000e-02:32.57849:35.75849
DATA:18:4.600000e-02:30.95727:32.64598
DATA:19:4.300000e-02:29.47253:30.19147
DATA:20:4.000000e-02:28.11739:27.85438
DATA:21:3.700000e-02:27.02571:26.11099
DATA:22:3.400000e-02:26.11184:24.64345
DATA:23:3.100000e-02:25.27346:23.43835
DATA:24:2.800000e-02:24.39519:22.38948
DATA:25:2.500000e-02:23.03674:21.32207
DATA:26:2.200000e-02:21.45198:20.16976
DATA:27:1.900000e-02:20.05629:18.78873
DATA:28:1.600000e-02:18.93022:17.33537
DATA:29:1.300000e-02:18.01602:16.09666
DATA:30:1.100000e-02:16.92881:15.30808
DATA:31:1.000000e-02:16.37275:14.86861
DATA:32:9.700000e-03:16.18610:14.71111
DATA:33:9.400000e-03:15.98653:14.53606
DATA:34:9.100000e-03:15.79050:14.34607
DATA:35:8.800000e-03:15.60757:14.14317
DATA:36:8.500000e-03:15.40236:13.92727
DATA:37:8.200000e-03:15.17852:13.69534
DATA:38:7.900000e-03:14.95955:13.44573
DATA:39:7.600000e-03:14.70848:13.17888
DATA:40:7.300000e-03:14.43415:12.89680
DATA:41:7.000000e-03:14.17316:12.60414
DATA:42:6.700000e-03:13.89408:12.30688
DATA:43:6.400000e-03:13.62808:12.01147
DATA:44:6.100000e-03:13.34501:11.72424
DATA:45:5.800000e-03:13.01485:11.45156
DATA:46:5.500000e-03:12.69653:11.20500
DATA:47:5.200000e-03:12.43835:10.98921
DATA:48:4.900000e-03:12.21115:10.79065
DATA:49:4.600000e-03:11.97705:10.58839
DATA:50:4.300000e-03:11.77022:10.37957
DATA:51:4.000000e-03:11.54947:10.16124
DATA:52:3.700000e-03:11.30092:9.92137
DATA:53:3.400000e-03:11.05301:9.65580
DATA:54:3.100000e-03:10.79767:9.36671
DATA:55:2.800000e-03:10.42142:9.06139
DATA:56:2.500000e-03:10.08105:8.77905
DATA:57:2.200000e-03:9.78170:8.50740
DATA:58:1.900000e-03:9.50862:8.23834
DATA:59:1.600000e-03:9.18864:7.91121
DATA:60:1.300000e-03:8.66389:7.46468
DATA:61:1.100000e-03:8.29370:7.13912
DATA:62:1.050000e-03:8.21750:7.06111
DATA:63:1.000000e-03:8.13874:6.98617
DATA:64:9.700000e-04:8.08959:6.94194
DATA:65:9.400000e-04:8.04021:6.89780
DATA:66:9.100000e-04:7.99129:6.85316
DATA:67:8.800000e-04:7.94357:6.80774
DATA:68:8.500000e-04:7.89457:6.76088
DATA:69:8.200000e-04:7.84616:6.71169
DATA:70:7.900000e-04:7.79900:6.65949
DATA:71:7.600000e-04:7.74396:6.60342
DATA:72:7.300000e-04:7.67516:6.54290
DATA:73:7.000000e-04:7.59005:6.47854
DATA:74:6.700000e-04:7.50767:6.41231
DATA:75:6.400000e-04:7.43101:6.34485
DATA:76:6.100000e-04:7.35198:6.27522
DATA:77:5.800000e-04:7.26338:6.20188
DATA:78:5.500000e-04:7.18129:6.12655
DATA:79:5.200000e-04:7.10762:6.05327
DATA:80:4.900000e-04:7.03220:5.98216
DATA:81:4.600000e-04:6.95316:5.91196
DATA:82:4.300000e-04:6.87558:5.84068
DATA:83:4.000000e-04:6.79885:5.76508
DATA:84:3.700000e-04:6.71177:5.68038
DATA:85:3.400000e-04:6.58684:5.58457
DATA:86:3.100000e-04:6.47040:5.48311
DATA:87:2.800000e-04:6.33688:5.37104
DATA:88:2.500000e-04:6.21950:5.25675
DATA:89:2.200000e-04:6.09268:5.14459
DATA:90:1.900000e-04:5.96847:5.02292
DATA:91:1.600000e-04:5.78242:4.87359
DATA:92:1.300000e-04:5.58343:4.69793
DATA:93:1.100000e-04:5.44913:4.57773
DATA:94:1.050000e-04:5.41547:4.54683
DATA:95:1.000000e-04:5.38207:4.51465
DATA:96:9.700000e-05:5.36272:4.49436
DATA:97:9.400000e-05:5.34043:4.47302
DATA:98:9.100000e-05:5.31245:4.45053
DATA:99:8.800000e-05:5.27952:4.42692
DATA:100:8.500000e-05:5.24746:4.40272
DATA:101:8.200000e-05:5.21731:4.37805
DATA:102:7.900000e-05:5.18897:4.35279
DATA:103:7.600000e-05:5.15712:4.32646
DATA:104:7.300000e-05:5.12239:4.29859
DATA:105:7.000000e-05:5.08745:4.26937
DATA:106:6.700000e-05:5.05759:4.23983
DATA:107:6.400000e-05:5.02678:4.21053
DATA:108:6.100000e-05:4.99512:4.18133
DATA:109:5.800000e-05:4.96270:4.15210
DATA:110:5.500000e-05:4.92805:4.12254
DATA:111:5.200000e-05:4.89488:4.09224
DATA:112:5.000000e-05:4.87301:4.07116
DATA:113:4.500000e-05:4.80644:4.01262
DATA:114:4.000000e-05:4.72204:3.94621
DATA:115:3.500000e-05:4.63015:3.87096
DATA:116:3.000000e-05:4.54486:3.79033
DATA:117:2.500000e-05:4.45166:3.70700
DATA:118:2.000000e-05:4.32531:3.60311
DATA:119:1.500000e-05:4.17632:3.47269
DATA:120:1.000000e-05:3.98983:3.31476
DATA:121:9.000000e-06:3.93743:3.27293
DATA:122:8.000000e-06:3.88818:3.22706
DATA:123:5.000000e-06:3.70262:3.06908
DATA:124:4.000000e-06:3.61106:2.99256
DATA:125:3.000000e-06:3.51810:2.90900
DATA:126:2.000000e-06:3.37376:2.79048
DATA:127:1.000000e-06:3.16595:2.61422
DATA:0:1.000000e-01:54.60751:69.78925
DATA:1:9.700000e-02:54.17947:68.92317
DATA:2:9.400000e-02:53.63128:67.97753
DATA:3:9.100000e-02:52.80528:66.86347
DATA:4:8.800000e-02:51.06081:65.28794
DATA:5:8.500000e-02:48.53115:63.01120
DATA:6:8.200000e-02:46.43788:60.65487
DATA:7:7.900000e-02:45.07160:58.63957
DATA:8:7.600000e-02:43.82561:56.59472
DATA:9:7.300000e-02:42.56262:54.37668
DATA:10:7.000000e-02:41.22334:51.95031
DATA:11:6.700000e-02:39.86987:49.41721
DATA:12:6.400000e-02:38.36930:46.85025
DATA:13:6.100000e-02:36.86243:44.21744
DATA:14:5.800000e-02:35.26747:41.45822
DATA:15:5.500000e-02:33.70261:38.53516
DATA:16:5.200000e-02:32.21957:35.63843
DATA:17:4.900000e-02:30.71618:32.97714
DATA:18:4.600000e-02:29.37327:30.55354
DATA:19:4.300000e-02:28.14928:28.37646
DATA:20:4.000000e-02:26.36437:26.27419
DATA:21:3.700000e-02:24.85616:24.45188
DATA:22:3.400000e-02:23.91662:23.06848
DATA:23:3.100000e-02:23.08586:21.88104
DATA:24:2.800000e-02:22.25657:20.91266
DATA:25:2.500000e-02:21.32807:19.99883
DATA:26:2.200000e-02:20.34234:19.03682
DATA:27:1.900000e-02:18.78424:17.74194
DATA:28:1.600000e-02:17.58242:16.34701
DATA:29:1.300000e-02:16.70954:15.21481
DATA:30:1.100000e-02:16.09613:14.55686
DATA:31:1.000000e-02:15.64424:14.17850
DATA:32:9.700000e-03:15.39064:14.01933
DATA:33:9.400000e-03:15.08959:13.82410
DATA:34:9.100000e-03:14.83427:13.62160
DATA:35:8.800000e-03:14.63576:13.42640
DATA:36:8.500000e-03:14.43742:13.22422
DATA:37:8.200000e-03:14.23288:13.00670
DATA:38:7.900000e-03:14.02814:12.77005
DATA:39:7.600000e-03:13.80247:12.51747
DATA:40:7.300000e-03:13.55560:12.25559
DATA:41:7.000000e-03:13.31997:11.98995
DATA:42:6.700000e-03:13.06883:11.72392
DATA:43:6.400000e-03:12.82232:11.46121
DATA:44:6.100000e-03:12.57935:11.20770
DATA:45:5.800000e-03:12.36626:10.97087
DATA:46:5.500000e-03:12.16687:10.75797
DATA:47:5.200000e-03:11.97215:10.57048
DATA:48:4.900000e-03:11.74935:10.38967
DATA:49:4.600000e-03:11.40338:10.16826
DATA:50:4.300000e-03:11.17066:9.95956
DATA:51:4.000000e-03:10.95619:9.74920
DATA:52:3.700000e-03:10.73112:9.51591
DATA:53:3.400000e-03:10.50635:9.27061
DATA:54:3.100000e-03:10.26726:9.01270
DATA:55:2.800000e-03:10.02413:8.74791
DATA:56:2.500000e-03:9.76569:8.50173
DATA:57:2.200000e-03:9.36134:8.21742
DATA:58:1.900000e-03:9.09029:7.95275
DATA:59:1.600000e-03:8.79591:7.64776
DATA:60:1.300000e-03:8.42191:7.25496
DATA:61:1.100000e-03:8.00430:6.93602
DATA:62:1.050000e-03:7.92610:6.86139
DATA:63:1.000000e-03:7.85033:6.78894
DATA:64:9.700000e-04:7.80315:6.74526
DATA:65:9.400000e-04:7.75639:6.70163
DATA:66:9.100000e-04:7.71095:6.65829
DATA:67:8.800000e-04:7.66780:6.61511
DATA:68:8.500000e-04:7.62332:6.57153
DATA:69:8.200000e-04:7.57772:6.52649
DATA:70:7.900000e-04:7.53227:6.47905
DATA:71:7.600000e-04:7.48356:6.42859
DATA:72:7.300000e-04:7.43325:6.37479
DATA:73:7.000000e-04:7.38099:6.31811
DATA:74:6.700000e-04:7.32411:6.25949
DATA:75:6.400000e-04:7.26127:6.19919
DATA:76:6.100000e-04:7.18091:6.13432
DATA:77:5.800000e-04:7.06390:6.05652
DATA:78:5.500000e-04:6.96538:5.97805
DATA:79:5.200000e-04:6.88883:5.90667
DATA:80:4.900000e-04:6.81482:5.83634
DATA:81:4.600000e-04:6.73921:5.76634
DATA:82:4.300000e-04:6.66777:5.69806
DATA:83:4.000000e-04:6.59537:5.62820
DATA:84:3.700000e-04:6.52026:5.55153
DATA:85:3.400000e-04:6.43947:5.46657
DATA:86:3.100000e-04:6.34140:5.37484
DATA:87:2.800000e-04:6.17083:5.25719
DATA:88:2.500000e-04:6.04989:5.14462
DATA:89:2.200000e-04:5.92885:5.03356
DATA:90:1.900000e-04:5.81255:4.92089
DATA:91:1.600000e-04:5.68068:4.78746
DATA:92:1.300000e-04:5.44985:4.61019
DATA:93:1.100000e-04:5.31980:4.49095
DATA:94:1.050000e-04:5.28817:4.46171
DATA:95:1.000000e-04:5.25599:4.43176
DATA:96:9.700000e-05:5.23736:4.41306
DATA:97:9.400000e-05:5.21799:4.39360
DATA:98:9.100000e-05:5.19774:4.37334
DATA:99:8.800000e-05:5.17740:4.35225
DATA:100:8.500000e-05:5.15590:4.33063
DATA:101:8.200000e-05:5.13335:4.30844
DATA:102:7.900000e-05:5.10887:4.28548
DATA:103:7.600000e-05:5.07461:4.26036
DATA:104:7.300000e-05:5.02748:4.23054
DATA:105:7.000000e-05:4.98281:4.19888
DATA:106:6.700000e-05:4.95018:4.16943
DATA:107:6.400000e-05:4.91854:4.14056
DATA:108:6.100000e-05:4.88704:4.11124
DATA:109:5.800000e-05:4.85545:4.08171
DATA:110:5.500000e-05:4.82257:4.05269
DATA:111:5.200000e-05:4.79122:4.02388
DATA:112:5.000000e-05:4.76982:4.00416
DATA:113:4.500000e-05:4.71573:3.95060
DATA:114:4.000000e-05:4.65532:3.89067
DATA:115:3.500000e-05:4.54347:3.81307
DATA:116:3.000000e-05:4.45497:3.73234
DATA:117:2.500000e-05:4.36543:3.65140
DATA:118:2.000000e-05:4.26925:3.55676
DATA:119:1.500000e-05:4.10026:3.42395
DATA:120:1.000000e-05:3.94207:3.27549
DATA:121:9.000000e-06:3.87842:3.23264
DATA:122:8.000000e-06:3.82322:3.18586
DATA:123:5.000000e-06:3.66148:3.03538
DATA:124:4.000000e-06:3.55871:2.95826
DATA:125:3.000000e-06:3.46843:2.87682
DATA:126:2.000000e-06:3.32842:2.76098
DATA:127:1.000000e-06:3.12610:2.58836
BENCH_START:EXAALT:dataset1-5423x3137.x.f32.dat:outlier
DATA:0:1.000000e-01:11.19314:11.16411
DATA:1:9.700000e-02:11.19130:11.16024
DATA:2:9.400000e-02:11.20790:11.16185
DATA:3:9.100000e-02:11.18027:11.12627
DATA:4:8.800000e-02:11.18027:11.12629
DATA:5:8.500000e-02:11.19499:11.14024
DATA:6:8.200000e-02:11.16742:11.11540
DATA:7:7.900000e-02:11.04863:10.99039
DATA:8:7.600000e-02:11.05132:10.98648
DATA:9:7.300000e-02:10.90168:10.86321
DATA:10:7.000000e-02:10.86425:10.79561
DATA:11:6.700000e-02:10.92093:10.85125
DATA:12:6.400000e-02:10.35494:10.35299
DATA:13:6.100000e-02:10.27828:10.26403
DATA:14:5.800000e-02:10.15629:10.15078
DATA:15:5.500000e-02:9.86685:9.84970
DATA:16:5.200000e-02:9.82836:9.88174
DATA:17:4.900000e-02:9.62262:9.66289
DATA:18:4.600000e-02:9.25038:9.33960
DATA:19:4.300000e-02:8.68308:8.72761
DATA:20:4.000000e-02:8.90470:8.90952
DATA:21:3.700000e-02:8.47169:8.50063
DATA:22:3.400000e-02:8.65546:8.68964
DATA:23:3.100000e-02:7.98263:7.98716
DATA:24:2.800000e-02:7.72476:7.72818
DATA:25:2.500000e-02:7.60431:7.60706
DATA:26:2.200000e-02:7.51900:7.51439
DATA:27:1.900000e-02:7.39799:7.39580
DATA:28:1.600000e-02:6.79504:6.81777
DATA:29:1.300000e-02:6.20616:6.21441
DATA:30:1.100000e-02:6.11936:6.12764
DATA:31:1.000000e-02:6.05401:6.05576
DATA:32:9.700000e-03:6.03843:6.03842
DATA:33:9.400000e-03:6.03816:6.03611
DATA:34:9.100000e-03:6.02586:6.02553
DATA:35:8.800000e-03:6.00193:6.00278
DATA:36:8.500000e-03:5.96405:5.98593
DATA:37:8.200000e-03:5.78429:5.80531
DATA:38:7.900000e-03:5.67595:5.68963
DATA:39:7.600000e-03:5.35748:5.37547
DATA:40:7.300000e-03:5.36255:5.34325
DATA:41:7.000000e-03:5.31894:5.30065
DATA:42:6.700000e-03:5.27686:5.26447
DATA:43:6.400000e-03:5.23564:5.21556
DATA:44:6.100000e-03:5.17156:5.18657
DATA:45:5.800000e-03:5.15667:5.17110
DATA:46:5.500000e-03:5.14011:5.15548
DATA:47:5.200000e-03:5.12810:5.14286
DATA:48:4.900000e-03:5.11307:5.10198
DATA:49:4.600000e-03:5.08460:5.07684
DATA:50:4.300000e-03:5.07644:5.06874
DATA:51:4.000000e-03:5.03828:5.02922
DATA:52:3.700000e-03:4.68588:4.67476
DATA:53:3.400000e-03:4.54015:4.53166
DATA:54:3.100000e-03:4.48493:4.47467
DATA:55:2.800000e-03:4.45716:4.45112
DATA:56:2.500000e-03:4.43176:4.42488
DATA:57:2.200000e-03:4.38251:4.38010
DATA:58:1.900000e-03:4.28939:4.29692
DATA:59:1.600000e-03:3.93726:3.93396
DATA:60:1.300000e-03:3.89110:3.88565
DATA:61:1.100000e-03:3.83257:3.83099
DATA:62:1.050000e-03:3.81281:3.81140
DATA:63:1.000000e-03:3.80471:3.80419
DATA:64:9.700000e-04:3.78829:3.79686
DATA:65:9.400000e-04:3.71414:3.72382
DATA:66:9.100000e-04:3.61094:3.62134
DATA:67:8.800000e-04:3.50834:3.51372
DATA:68:8.500000e-04:3.49644:3.49598
DATA:69:8.200000e-04:3.47536:3.47348
DATA:70:7.900000e-04:3.46695:3.46618
DATA:71:7.600000e-04:3.45849:3.45911
DATA:72:7.300000e-04:3.44021:3.44999
DATA:73:7.000000e-04:3.43318:3.44424
DATA:74:6.700000e-04:3.42972:3.43997
DATA:75:6.400000e-04:3.42187:3.43212
DATA:76:6.100000e-04:3.42411:3.42130
DATA:77:5.800000e-04:3.40083:3.40059
DATA:78:5.500000e-04:3.39371:3.39410
DATA:79:5.200000e-04:3.38274:3.38331
DATA:80:4.900000e-04:3.38400:3.37623
DATA:81:4.600000e-04:3.29476:3.28818
DATA:82:4.300000e-04:3.14475:3.14081
DATA:83:4.000000e-04:3.12216:3.11678
DATA:84:3.700000e-04:3.11373:3.10322
DATA:85:3.400000e-04:3.10584:3.09501
DATA:86:3.100000e-04:3.09433:3.08517
DATA:87:2.800000e-04:3.07468:3.06242
DATA:88:2.500000e-04:3.05206:3.04979
DATA:89:2.200000e-04:2.87012:2.86837
DATA:90:1.900000e-04:2.83792:2.83369
DATA:91:1.600000e-04:2.82191:2.81767
DATA:92:1.300000e-04:2.78050:2.78572
DATA:93:1.100000e-04:2.63154:2.63264
DATA:94:1.050000e-04:2.62049:2.62171
DATA:95:1.000000e-04:2.60564:2.60845
DATA:96:9.700000e-05:2.59986:2.60476
DATA:97:9.400000e-05:2.59768:2.60199
DATA:98:9.100000e-05:2.59401:2.59793
DATA:99:8.800000e-05:2.59303:2.59645
DATA:100:8.500000e-05:2.58800:2.59317
DATA:101:8.200000e-05:2.58691:2.59160
DATA:102:7.900000e-05:2.58455:2.58866
DATA:103:7.600000e-05:2.57946:2.58366
DATA:104:7.300000e-05:2.57263:2.57328
DATA:105:7.000000e-05:2.57069:2.57047
DATA:106:6.700000e-05:2.56913:2.56952
DATA:107:6.400000e-05:2.56120:2.56236
DATA:108:6.100000e-05:2.56014:2.55976
DATA:109:5.800000e-05:2.51881:2.52149
DATA:110:5.500000e-05:2.43097:2.43264
DATA:111:5.200000e-05:2.41835:2.42064
DATA:112:5.000000e-05:2.41312:2.41186
DATA:113:4.500000e-05:2.40332:2.40249
DATA:114:4.000000e-05:2.39570:2.39585
DATA:115:3.500000e-05:2.38228:2.37934
DATA:116:3.000000e-05:2.36818:2.36729
DATA:117:2.500000e-05:2.24309:2.24281
DATA:118:2.000000e-05:2.22855:2.22898
DATA:119:1.500000e-05:2.20500:2.20425
DATA:120:1.000000e-05:2.08882:2.08384
DATA:121:9.000000e-06:2.07645:2.07250
DATA:122:8.000000e-06:2.07108:2.06605
DATA:123:5.000000e-06:1.95770:1.95311
DATA:124:4.000000e-06:1.93264:1.93402
DATA:125:3.000000e-06:1.83833:1.84072
DATA:126:2.000000e-06:1.81595:1.81750
DATA:127:1.000000e-06:1.71573:1.71711
BENCH_START:EXAALT:dataset1-5423x3137.x.f32.dat:plain
DATA:0:1.000000e-01:9.84899:9.79082
DATA:1:9.700000e-02:9.82340:9.76629
DATA:2:9.400000e-02:9.67531:9.61478
DATA:3:9.100000e-02:9.64240:9.59122
DATA:4:8.800000e-02:9.55840:9.50814
DATA:5:8.500000e-02:9.47058:9.40024
DATA:6:8.200000e-02:9.32008:9.24506
DATA:7:7.900000e-02:9.20159:9.11833
DATA:8:7.600000e-02:9.08850:9.11668
DATA:9:7.300000e-02:8.95923:9.00918
DATA:10:7.000000e-02:8.87971:8.91828
DATA:11:6.700000e-02:8.80160:8.81599
DATA:12:6.400000e-02:8.49178:8.51341
DATA:13:6.100000e-02:8.34799:8.36045
DATA:14:5.800000e-02:8.20700:8.22933
DATA:15:5.500000e-02:8.02500:8.03808
DATA:16:5.200000e-02:7.91299:7.92975
DATA:17:4.900000e-02:7.82741:7.86137
DATA:18:4.600000e-02:7.68245:7.70729
DATA:19:4.300000e-02:7.43884:7.45678
DATA:20:4.000000e-02:7.39036:7.36450
DATA:21:3.700000e-02:7.24708:7.22324
DATA:22:3.400000e-02:7.07524:7.06153
DATA:23:3.100000e-02:6.85426:6.81782
DATA:24:2.800000e-02:6.57345:6.56431
DATA:25:2.500000e-02:6.42568:6.41090
DATA:26:2.200000e-02:6.26705:6.27374
DATA:27:1.900000e-02:6.02506:6.01661
DATA:28:1.600000e-02:5.83990:5.82922
DATA:29:1.300000e-02:5.39187:5.39229
DATA:30:1.100000e-02:5.25932:5.25707
DATA:31:1.000000e-02:5.15569:5.15726
DATA:32:9.700000e-03:5.15179:5.15477
DATA:33:9.400000e-03:5.11000:5.11797
DATA:34:9.100000e-03:5.06737:5.07424
DATA:35:8.800000e-03:5.02396:5.03846
DATA:36:8.500000e-03:5.02470:5.02861
DATA:37:8.200000e-03:4.99299:4.99003
DATA:38:7.900000e-03:4.91862:4.91370
DATA:39:7.600000e-03:4.79588:4.79637
DATA:40:7.300000e-03:4.78643:4.76571
DATA:41:7.000000e-03:4.74041:4.71344
DATA:42:6.700000e-03:4.69526:4.66980
DATA:43:6.400000e-03:4.64461:4.61954
DATA:44:6.100000e-03:4.58081:4.59905
DATA:45:5.800000e-03:4.54713:4.56454
DATA:46:5.500000e-03:4.50617:4.51822
DATA:47:5.200000e-03:4.45366:4.47279
DATA:48:4.900000e-03:4.43277:4.44148
DATA:49:4.600000e-03:4.39667:4.39748
DATA:50:4.300000e-03:4.35446:4.35320
DATA:51:4.000000e-03:4.30486:4.30572
DATA:52:3.700000e-03:4.17489:4.17894
DATA:53:3.400000e-03:4.09597:4.09284
DATA:54:3.100000e-03:4.03284:4.02822
DATA:55:2.800000e-03:3.98792:3.98685
DATA:56:2.500000e-03:3.91675:3.91730
DATA:57:2.200000e-03:3.85811:3.85838
DATA:58:1.900000e-03:3.76919:3.76860
DATA:59:1.600000e-03:3.60386:3.59861
DATA:60:1.300000e-03:3.50834:3.50751
DATA:61:1.100000e-03:3.44649:3.44457
DATA:62:1.050000e-03:3.42015:3.41859
DATA:63:1.000000e-03:3.40236:3.40229
DATA:64:9.700000e-04:3.38476:3.39005
DATA:65:9.400000e-04:3.33074:3.33699
DATA:66:9.100000e-04:3.31354:3.32005
DATA:67:8.800000e-04:3.27967:3.28289
DATA:68:8.500000e-04:3.26363:3.26418
DATA:69:8.200000e-04:3.24278:3.24192
DATA:70:7.900000e-04:3.22129:3.22441
DATA:71:7.600000e-04:3.21246:3.21634
DATA:72:7.300000e-04:3.20188:3.20792
DATA:73:7.000000e-04:3.18599:3.19398
DATA:74:6.700000e-04:3.16907:3.17431
DATA:75:6.400000e-04:3.14562:3.15171
DATA:76:6.100000e-04:3.14330:3.13712
DATA:77:5.800000e-04:3.13259:3.12366
DATA:78:5.500000e-04:3.11909:3.11028
DATA:79:5.200000e-04:3.09496:3.08840
DATA:80:4.900000e-04:3.06706:3.06692
DATA:81:4.600000e-04:3.01033:3.01038
DATA:82:4.300000e-04:2.96700:2.96399
DATA:83:4.000000e-04:2.94008:2.93839
DATA:84:3.700000e-04:2.92541:2.91991
DATA:85:3.400000e-04:2.89307:2.88898
DATA:86:3.100000e-04:2.86023:2.85889
DATA:87:2.800000e-04:2.83614:2.83629
DATA:88:2.500000e-04:2.80111:2.80598
DATA:89:2.200000e-04:2.72068:2.72425
DATA:90:1.900000e-04:2.67637:2.67811
DATA:91:1.600000e-04:2.63103:2.63330
DATA:92:1.300000e-04:2.58210:2.58878
DATA:93:1.100000e-04:2.50601:2.51056
DATA:94:1.050000e-04:2.49224:2.49617
DATA:95:1.000000e-04:2.47700:2.48257
DATA:96:9.700000e-05:2.47321:2.47441
DATA:97:9.400000e-05:2.47034:2.47100
DATA:98:9.100000e-05:2.46640:2.46617
DATA:99:8.800000e-05:2.45909:2.45890
DATA:100:8.500000e-05:2.44706:2.44722
DATA:101:8.200000e-05:2.43899:2.43969
DATA:102:7.900000e-05:2.43097:2.43208
DATA:103:7.600000e-05:2.42232:2.42415
DATA:104:7.300000e-05:2.41629:2.41766
DATA:105:7.000000e-05:2.40757:2.40926
DATA:106:6.700000e-05:2.39739:2.40071
DATA:107:6.400000e-05:2.39082:2.39421
DATA:108:6.100000e-05:2.37928:2.38183
DATA:109:5.800000e-05:2.34970:2.35240
DATA:110:5.500000e-05:2.32433:2.32794
DATA:111:5.200000e-05:2.30902:2.31158
DATA:112:5.000000e-05:2.30636:2.30385
DATA:113:4.500000e-05:2.29098:2.28876
DATA:114:4.000000e-05:2.26339:2.26120
DATA:115:3.500000e-05:2.24250:2.24058
DATA:116:3.000000e-05:2.21635:2.21462
DATA:117:2.500000e-05:2.15009:2.14912
DATA:118:2.000000e-05:2.11335:2.11197
DATA:119:1.500000e-05:2.07279:2.07128
DATA:120:1.000000e-05:1.98659:1.98122
DATA:121:9.000000e-06:1.97311:1.96967
DATA:122:8.000000e-06:1.95857:1.95534
DATA:123:5.000000e-06:1.87047:1.86571
DATA:124:4.000000e-06:1.84181:1.84274
DATA:125:3.000000e-06:1.78022:1.78316
DATA:126:2.000000e-06:1.74157:1.74240
DATA:127:1.000000e-06:1.65168:1.65243
BENCH_START:SCALE:PRES-98x1200x1200.f32:outlier
DATA:0:1.000000e-01:27.19337:27.19601
DATA:1:9.700000e-02:27.37802:27.29500
DATA:2:9.400000e-02:28.96254:28.72419
DATA:3:9.100000e-02:27.25903:27.40366
DATA:4:8.800000e-02:27.06559:27.05380
DATA:5:8.500000e-02:26.59129:26.59256
DATA:6:8.200000e-02:25.80834:25.82107
DATA:7:7.900000e-02:25.71429:25.70330
DATA:8:7.600000e-02:25.74243:25.70770
DATA:9:7.300000e-02:25.00908:25.00870
DATA:10:7.000000e-02:25.52360:25.44863
DATA:11:6.700000e-02:24.98362:25.19382
DATA:12:6.400000e-02:23.24302:23.27098
DATA:13:6.100000e-02:23.53373:23.46450
DATA:14:5.800000e-02:23.70520:23.75639
DATA:15:5.500000e-02:23.70818:23.58507
DATA:16:5.200000e-02:21.58458:21.75516
DATA:17:4.900000e-02:22.43205:22.27595
DATA:18:4.600000e-02:21.79796:21.70676
DATA:19:4.300000e-02:21.15901:21.20274
DATA:20:4.000000e-02:20.11546:20.05383
DATA:21:3.700000e-02:20.43884:20.38758
DATA:22:3.400000e-02:19.12713:19.11865
DATA:23:3.100000e-02:19.20523:19.18995
DATA:24:2.800000e-02:17.87517:17.84435
DATA:25:2.500000e-02:16.48694:16.60510
DATA:26:2.200000e-02:16.27424:16.35927
DATA:27:1.900000e-02:15.57616:15.55329
DATA:28:1.600000e-02:15.66434:15.68867
DATA:29:1.300000e-02:15.24303:15.17146
DATA:30:1.100000e-02:15.20075:15.21204
DATA:31:1.000000e-02:15.08015:15.06193
DATA:32:9.700000e-03:15.02235:15.02333
DATA:33:9.400000e-03:14.52001:14.55823
DATA:34:9.100000e-03:14.65725:14.62818
DATA:35:8.800000e-03:14.88196:14.84918
DATA:36:8.500000e-03:14.75707:14.76142
DATA:37:8.200000e-03:14.58605:14.54877
DATA:38:7.900000e-03:15.03676:14.98139
DATA:39:7.600000e-03:14.90337:14.92421
DATA:40:7.300000e-03:14.23585:14.27609
DATA:41:7.000000e-03:14.12613:14.10860
DATA:42:6.700000e-03:14.07119:14.06729
DATA:43:6.400000e-03:13.59407:13.59088
DATA:44:6.100000e-03:13.55359:13.59100
DATA:45:5.800000e-03:12.62706:12.71639
DATA:46:5.500000e-03:12.59775:12.58238
DATA:47:5.200000e-03:12.20339:12.27188
DATA:48:4.900000e-03:12.20128:12.18216
DATA:49:4.600000e-03:11.61481:11.64595
DATA:50:4.300000e-03:11.16456:11.19735
DATA:51:4.000000e-03:11.02156:11.02687
DATA:52:3.700000e-03:10.92007:10.93801
DATA:53:3.400000e-03:10.73973:10.76261
DATA:54:3.100000e-03:10.73319:10.73875
DATA:55:2.800000e-03:10.47661:10.49929
DATA:56:2.500000e-03:10.36961:10.39421
DATA:57:2.200000e-03:9.71098:9.71848
DATA:58:1.900000e-03:9.21720:9.21838
DATA:59:1.600000e-03:8.57931:8.59198
DATA:60:1.300000e-03:8.24552:8.23768
DATA:61:1.100000e-03:7.94019:7.95868
DATA:62:1.050000e-03:7.74491:7.75426
DATA:63:1.000000e-03:7.52811:7.54384
DATA:64:9.700000e-04:7.51468:7.53591
DATA:65:9.400000e-04:7.40885:7.40556
DATA:66:9.100000e-04:7.32815:7.32806
DATA:67:8.800000e-04:7.25445:7.26840
DATA:68:8.500000e-04:7.24403:7.23642
DATA:69:8.200000e-04:7.15982:7.16303
DATA:70:7.900000e-04:7.06572:7.06537
DATA:71:7.600000e-04:6.94104:6.95330
DATA:72:7.300000e-04:6.82349:6.84163
DATA:73:7.000000e-04:6.71121:6.72677
DATA:74:6.700000e-04:6.62053:6.63102
DATA:75:6.400000e-04:6.56918:6.58044
DATA:76:6.100000e-04:6.56097:6.56853
DATA:77:5.800000e-04:6.52246:6.53687
DATA:78:5.500000e-04:6.48112:6.48587
DATA:79:5.200000e-04:6.38953:6.39660
DATA:80:4.900000e-04:6.20922:6.22254
DATA:81:4.600000e-04:6.12513:6.12291
DATA:82:4.300000e-04:5.96541:5.97185
DATA:83:4.000000e-04:5.89228:5.89440
DATA:84:3.700000e-04:5.79548:5.79682
DATA:85:3.400000e-04:5.60578:5.61225
DATA:86:3.100000e-04:5.47072:5.47366
DATA:87:2.800000e-04:5.44455:5.44449
DATA:88:2.500000e-04:5.27256:5.28761
DATA:89:2.200000e-04:5.09348:5.10000
DATA:90:1.900000e-04:4.92265:4.92757
DATA:91:1.600000e-04:4.70196:4.70939
DATA:92:1.300000e-04:4.61143:4.61993
DATA:93:1.100000e-04:4.39113:4.39497
DATA:94:1.050000e-04:4.35294:4.35614
DATA:95:1.000000e-04:4.30585:4.31024
DATA:96:9.700000e-05:4.28610:4.28687
DATA:97:9.400000e-05:4.24676:4.25115
DATA:98:9.100000e-05:4.22338:4.22489
DATA:99:8.800000e-05:4.20940:4.20954
DATA:100:8.500000e-05:4.17552:4.17733
DATA:101:8.200000e-05:4.13881:4.14282
DATA:102:7.900000e-05:4.08505:4.09102
DATA:103:7.600000e-05:4.05069:4.05402
DATA:104:7.300000e-05:4.03968:4.03970
DATA:105:7.000000e-05:4.03863:4.03866
DATA:106:6.700000e-05:4.03863:4.03860
DATA:107:6.400000e-05:4.01957:4.02219
DATA:108:6.100000e-05:3.93871:3.94714
DATA:109:5.800000e-05:3.88172:3.88407
DATA:110:5.500000e-05:3.84838:3.85139
DATA:111:5.200000e-05:3.81488:3.81779
DATA:112:5.000000e-05:3.78762:3.79118
DATA:113:4.500000e-05:3.71276:3.71428
DATA:114:4.000000e-05:3.63295:3.63716
DATA:115:3.500000e-05:3.57379:3.57382
DATA:116:3.000000e-05:3.48260:3.48803
DATA:117:2.500000e-05:3.38097:3.38384
DATA:118:2.000000e-05:3.25803:3.26164
DATA:119:1.500000e-05:3.13638:3.14148
DATA:120:1.000000e-05:2.95196:2.95514
DATA:121:9.000000e-06:2.91062:2.91087
DATA:122:8.000000e-06:2.90296:2.90433
DATA:123:5.000000e-06:2.68931:2.69175
DATA:124:4.000000e-06:2.64526:2.64655
DATA:125:3.000000e-06:2.53684:2.53747
DATA:126:2.000000e-06:2.43526:2.43630
DATA:127:1.000000e-06:2.25732:2.25823
BENCH_START:SCALE:PRES-98x1200x1200.f32:plain
DATA:0:1.000000e-01:12.52897:12.55483
DATA:1:9.700000e-02:12.45488:12.46274
DATA:2:9.400000e-02:12.42308:12.42624
DATA:3:9.100000e-02:12.15766:12.19596
DATA:4:8.800000e-02:12.06515:12.06397
DATA:5:8.500000e-02:11.76932:11.82629
DATA:6:8.200000e-02:11.54592:11.55916
DATA:7:7.900000e-02:11.51107:11.51367
DATA:8:7.600000e-02:11.48017:11.48231
DATA:9:7.300000e-02:11.23970:11.26046
DATA:10:7.000000e-02:11.18004:11.18415
DATA:11:6.700000e-02:10.95270:11.00190
DATA:12:6.400000e-02:10.52859:10.54556
DATA:13:6.100000e-02:10.36314:10.37784
DATA:14:5.800000e-02:10.10490:10.12508
DATA:15:5.500000e-02:9.82627:9.84180
DATA:16:5.200000e-02:9.47337:9.49849
DATA:17:4.900000e-02:9.34662:9.35568
DATA:18:4.600000e-02:9.05748:9.07718
DATA:19:4.300000e-02:8.95176:8.96353
DATA:20:4.000000e-02:8.69903:8.70050
DATA:21:3.700000e-02:8.51274:8.51498
DATA:22:3.400000e-02:8.34166:8.34572
DATA:23:3.100000e-02:7.93009:7.95266
DATA:24:2.800000e-02:7.63327:7.64625
DATA:25:2.500000e-02:7.21048:7.22304
DATA:26:2.200000e-02:6.96390:6.97546
DATA:27:1.900000e-02:6.78576:6.79433
DATA:28:1.600000e-02:6.55686:6.56177
DATA:29:1.300000e-02:6.11690:6.12216
DATA:30:1.100000e-02:5.85111:5.85868
DATA:31:1.000000e-02:5.72669:5.72930
DATA:32:9.700000e-03:5.71903:5.71957
DATA:33:9.400000e-03:5.66008:5.66605
DATA:34:9.100000e-03:5.60679:5.61135
DATA:35:8.800000e-03:5.56675:5.57241
DATA:36:8.500000e-03:5.52275:5.52396
DATA:37:8.200000e-03:5.48753:5.49050
DATA:38:7.900000e-03:5.45760:5.46180
DATA:39:7.600000e-03:5.42613:5.43019
DATA:40:7.300000e-03:5.31756:5.32920
DATA:41:7.000000e-03:5.22483:5.22988
DATA:42:6.700000e-03:5.18738:5.18884
DATA:43:6.400000e-03:5.15027:5.15344
DATA:44:6.100000e-03:5.09560:5.09745
DATA:45:5.800000e-03:5.02895:5.03295
DATA:46:5.500000e-03:4.94473:4.94848
DATA:47:5.200000e-03:4.90145:4.90290
DATA:48:4.900000e-03:4.86965:4.87060
DATA:49:4.600000e-03:4.81992:4.82359
DATA:50:4.300000e-03:4.72534:4.72838
DATA:51:4.000000e-03:4.69063:4.69081
DATA:52:3.700000e-03:4.62499:4.63111
DATA:53:3.400000e-03:4.46081:4.46435
DATA:54:3.100000e-03:4.39332:4.39798
DATA:55:2.800000e-03:4.33808:4.34137
DATA:56:2.500000e-03:4.22041:4.22272
DATA:57:2.200000e-03:4.16954:4.17392
DATA:58:1.900000e-03:4.05581:4.05779
DATA:59:1.600000e-03:3.88274:3.88363
DATA:60:1.300000e-03:3.73655:3.73809
DATA:61:1.100000e-03:3.68801:3.69017
DATA:62:1.050000e-03:3.63491:3.63925
DATA:63:1.000000e-03:3.61360:3.61424
DATA:64:9.700000e-04:3.59913:3.60088
DATA:65:9.400000e-04:3.58723:3.58885
DATA:66:9.100000e-04:3.56927:3.57297
DATA:67:8.800000e-04:3.54782:3.55031
DATA:68:8.500000e-04:3.50752:3.51158
DATA:69:8.200000e-04:3.46252:3.46453
DATA:70:7.900000e-04:3.44931:3.45004
DATA:71:7.600000e-04:3.42711:3.42844
DATA:72:7.300000e-04:3.41377:3.41563
DATA:73:7.000000e-04:3.40257:3.40445
DATA:74:6.700000e-04:3.37216:3.37541
DATA:75:6.400000e-04:3.33629:3.33701
DATA:76:6.100000e-04:3.32231:3.32289
DATA:77:5.800000e-04:3.31786:3.31812
DATA:78:5.500000e-04:3.30163:3.30314
DATA:79:5.200000e-04:3.25555:3.25969
DATA:80:4.900000e-04:3.23132:3.23272
DATA:81:4.600000e-04:3.21447:3.21549
DATA:82:4.300000e-04:3.16551:3.16946
DATA:83:4.000000e-04:3.11266:3.11345
DATA:84:3.700000e-04:3.08361:3.08402
DATA:85:3.400000e-04:3.05643:3.05827
DATA:86:3.100000e-04:3.00572:3.00688
DATA:87:2.800000e-04:2.99341:2.99406
DATA:88:2.500000e-04:2.93697:2.93739
DATA:89:2.200000e-04:2.89521:2.89636
DATA:90:1.900000e-04:2.81247:2.81354
DATA:91:1.600000e-04:2.75128:2.75181
DATA:92:1.300000e-04:2.70368:2.70549
DATA:93:1.100000e-04:2.65071:2.65193
DATA:94:1.050000e-04:2.62463:2.62598
DATA:95:1.000000e-04:2.59791:2.59862
DATA:96:9.700000e-05:2.58549:2.58738
DATA:97:9.400000e-05:2.57973:2.58020
DATA:98:9.100000e-05:2.57314:2.57414
DATA:99:8.800000e-05:2.57033:2.57053
DATA:100:8.500000e-05:2.55794:2.55935
DATA:101:8.200000e-05:2.54121:2.54294
DATA:102:7.900000e-05:2.52507:2.52640
DATA:103:7.600000e-05:2.52097:2.52121
DATA:104:7.300000e-05:2.51989:2.51999
DATA:105:7.000000e-05:2.51360:2.51405
DATA:106:6.700000e-05:2.50016:2.50167
DATA:107:6.400000e-05:2.47816:2.48048
DATA:108:6.100000e-05:2.46784:2.46856
DATA:109:5.800000e-05:2.45920:2.46005
DATA:110:5.500000e-05:2.44417:2.44525
DATA:111:5.200000e-05:2.41982:2.42037
DATA:112:5.000000e-05:2.39929:2.40003
DATA:113:4.500000e-05:2.37670:2.37750
DATA:114:4.000000e-05:2.34074:2.34124
DATA:115:3.500000e-05:2.32708:2.32747
DATA:116:3.000000e-05:2.28636:2.28675
DATA:117:2.500000e-05:2.22877:2.22955
DATA:118:2.000000e-05:2.17816:2.17865
DATA:119:1.500000e-05:2.13100:2.13133
DATA:120:1.000000e-05:2.03673:2.03715
DATA:121:9.000000e-06:2.02856:2.02910
DATA:122:8.000000e-06:2.00356:2.00516
DATA:123:5.000000e-06:1.91252:1.91290
DATA:124:4.000000e-06:1.88327:1.88469
DATA:125:3.000000e-06:1.82944:1.83016
DATA:126:2.000000e-06:1.77658:1.77785
DATA:127:1.000000e-06:1.68135:1.68248
BENCH_START:SYNTHESIS:synthetic_truss_with_five_defects_1200x1200x1200_float32.raw:outlier
DATA:0:1.000000e-01:58.51235:78.36224
DATA:1:9.700000e-02:57.59371:77.23981
DATA:2:9.400000e-02:56.56227:75.84641
DATA:3:9.100000e-02:55.74562:73.91438
DATA:4:8.800000e-02:54.82603:71.55624
DATA:5:8.500000e-02:53.71022:69.63064
DATA:6:8.200000e-02:52.58505:67.87588
DATA:7:7.900000e-02:51.44790:66.44883
DATA:8:7.600000e-02:50.07600:64.41235
DATA:9:7.300000e-02:48.53104:61.95555
DATA:10:7.000000e-02:46.91509:58.84473
DATA:11:6.700000e-02:45.26188:55.72760
DATA:12:6.400000e-02:43.61692:52.89300
DATA:13:6.100000e-02:41.83888:50.14357
DATA:14:5.800000e-02:39.88616:46.44576
DATA:15:5.500000e-02:37.08188:42.32927
DATA:16:5.200000e-02:34.41265:38.81123
DATA:17:4.900000e-02:32.55131:35.75849
DATA:18:4.600000e-02:30.93663:32.64598
DATA:19:4.300000e-02:29.41598:30.19147
DATA:20:4.000000e-02:28.07697:27.85438
DATA:21:3.700000e-02:26.99116:26.11099
DATA:22:3.400000e-02:26.09690:24.64345
DATA:23:3.100000e-02:25.28062:23.43835
DATA:24:2.800000e-02:24.39772:22.38948
DATA:25:2.500000e-02:23.05912:21.32207
DATA:26:2.200000e-02:21.48431:20.16976
DATA:27:1.900000e-02:20.05977:18.78873
DATA:28:1.600000e-02:18.91757:17.33537
DATA:29:1.300000e-02:18.01580:16.09666
DATA:30:1.100000e-02:16.94138:15.30808
DATA:31:1.000000e-02:16.39826:14.86861
DATA:32:9.700000e-03:16.21161:14.71111
DATA:33:9.400000e-03:16.01234:14.53606
DATA:34:9.100000e-03:15.81492:14.34607
DATA:35:8.800000e-03:15.62184:14.14317
DATA:36:8.500000e-03:15.41562:13.92727
DATA:37:8.200000e-03:15.19568:13.69534
DATA:38:7.900000e-03:14.96907:13.44573
DATA:39:7.600000e-03:14.71908:13.17888
DATA:40:7.300000e-03:14.45187:12.89680
DATA:41:7.000000e-03:14.17961:12.60414
DATA:42:6.700000e-03:13.90742:12.30688
DATA:43:6.400000e-03:13.63595:12.01147
DATA:44:6.100000e-03:13.35517:11.72424
DATA:45:5.800000e-03:13.02079:11.45156
DATA:46:5.500000e-03:12.69817:11.20500
DATA:47:5.200000e-03:12.43959:10.98921
DATA:48:4.900000e-03:12.21231:10.79065
DATA:49:4.600000e-03:11.97562:10.58839
DATA:50:4.300000e-03:11.76592:10.37957
DATA:51:4.000000e-03:11.54539:10.16124
DATA:52:3.700000e-03:11.30511:9.92137
DATA:53:3.400000e-03:11.05019:9.65580
DATA:54:3.100000e-03:10.78928:9.36671
DATA:55:2.800000e-03:10.41780:9.06139
DATA:56:2.500000e-03:10.08540:8.77905
DATA:57:2.200000e-03:9.78245:8.50740
DATA:58:1.900000e-03:9.50743:8.23834
DATA:59:1.600000e-03:9.18631:7.91121
DATA:60:1.300000e-03:8.66671:7.46468
DATA:61:1.100000e-03:8.29498:7.13912
DATA:62:1.050000e-03:8.21491:7.06111
DATA:63:1.000000e-03:8.13574:6.98617
DATA:64:9.700000e-04:8.08785:6.94194
DATA:65:9.400000e-04:8.04058:6.89780
DATA:66:9.100000e-04:7.99269:6.85316
DATA:67:8.800000e-04:7.94592:6.80774
DATA:68:8.500000e-04:7.89770:6.76088
DATA:69:8.200000e-04:7.84884:6.71169
DATA:70:7.900000e-04:7.79860:6.65949
DATA:71:7.600000e-04:7.74299:6.60342
DATA:72:7.300000e-04:7.67428:6.54290
DATA:73:7.000000e-04:7.59000:6.47854
DATA:74:6.700000e-04:7.50871:6.41231
DATA:75:6.400000e-04:7.43336:6.34485
DATA:76:6.100000e-04:7.35568:6.27522
DATA:77:5.800000e-04:7.26671:6.20188
DATA:78:5.500000e-04:7.18359:6.12655
DATA:79:5.200000e-04:7.10666:6.05327
DATA:80:4.900000e-04:7.03096:5.98216
DATA:81:4.600000e-04:6.95375:5.91196
DATA:82:4.300000e-04:6.87702:5.84068
DATA:83:4.000000e-04:6.79975:5.76508
DATA:84:3.700000e-04:6.71112:5.68038
DATA:85:3.400000e-04:6.58696:5.58457
DATA:86:3.100000e-04:6.47166:5.48311
DATA:87:2.800000e-04:6.33864:5.37104
DATA:88:2.500000e-04:6.21810:5.25675
DATA:89:2.200000e-04:6.09405:5.14459
DATA:90:1.900000e-04:5.96728:5.02292
DATA:91:1.600000e-04:5.78289:4.87359
DATA:92:1.300000e-04:5.58307:4.69793
DATA:93:1.100000e-04:5.45003:4.57773
DATA:94:1.050000e-04:5.41693:4.54683
DATA:95:1.000000e-04:5.38274:4.51465
DATA:96:9.700000e-05:5.36202:4.49436
DATA:97:9.400000e-05:5.33940:4.47302
DATA:98:9.100000e-05:5.31189:4.45053
DATA:99:8.800000e-05:5.27943:4.42692
DATA:100:8.500000e-05:5.24751:4.40272
DATA:101:8.200000e-05:5.21771:4.37805
DATA:102:7.900000e-05:5.18953:4.35279
DATA:103:7.600000e-05:5.15908:4.32646
DATA:104:7.300000e-05:5.12398:4.29859
DATA:105:7.000000e-05:5.08930:4.26937
DATA:106:6.700000e-05:5.05839:4.23983
DATA:107:6.400000e-05:5.02682:4.21053
DATA:108:6.100000e-05:4.99476:4.18133
DATA:109:5.800000e-05:4.96217:4.15210
DATA:110:5.500000e-05:4.92870:4.12254
DATA:111:5.200000e-05:4.89585:4.09224
DATA:112:5.000000e-05:4.87337:4.07116
DATA:113:4.500000e-05:4.80639:4.01262
DATA:114:4.000000e-05:4.72226:3.94621
DATA:115:3.500000e-05:4.63187:3.87096
DATA:116:3.000000e-05:4.54434:3.79033
DATA:117:2.500000e-05:4.45196:3.70700
DATA:118:2.000000e-05:4.32549:3.60311
DATA:119:1.500000e-05:4.17583:3.47269
DATA:120:1.000000e-05:3.99002:3.31476
DATA:121:9.000000e-06:3.93882:3.27293
DATA:122:8.000000e-06:3.88808:3.22706
DATA:123:5.000000e-06:3.70278:3.06908
DATA:124:4.000000e-06:3.61100:2.99256
DATA:125:3.000000e-06:3.51771:2.90900
DATA:126:2.000000e-06:3.37379:2.79048
DATA:127:1.000000e-06:3.16600:2.61422
BENCH_START:SYNTHESIS:synthetic_truss_with_five_defects_1200x1200x1200_float32.raw:plain
DATA:0:1.000000e-01:54.35022:69.78925
DATA:1:9.700000e-02:53.89356:68.92317
DATA:2:9.400000e-02:53.34354:67.97753
DATA:3:9.100000e-02:52.47909:66.86347
DATA:4:8.800000e-02:50.81665:65.28794
DATA:5:8.500000e-02:48.30729:63.01120
DATA:6:8.200000e-02:46.24302:60.65487
DATA:7:7.900000e-02:44.91555:58.63957
DATA:8:7.600000e-02:43.62248:56.59472
DATA:9:7.300000e-02:42.30566:54.37668
DATA:10:7.000000e-02:40.96029:51.95031
DATA:11:6.700000e-02:39.57294:49.41721
DATA:12:6.400000e-02:38.13627:46.85025
DATA:13:6.100000e-02:36.67310:44.21744
DATA:14:5.800000e-02:35.19477:41.45822
DATA:15:5.500000e-02:33.63294:38.53516
DATA:16:5.200000e-02:32.07532:35.63843
DATA:17:4.900000e-02:30.63178:32.97714
DATA:18:4.600000e-02:29.29380:30.55354
DATA:19:4.300000e-02:28.04922:28.37646
DATA:20:4.000000e-02:26.27585:26.27419
DATA:21:3.700000e-02:24.78059:24.45188
DATA:22:3.400000e-02:23.85317:23.06848
DATA:23:3.100000e-02:23.04885:21.88104
DATA:24:2.800000e-02:22.22685:20.91266
DATA:25:2.500000e-02:21.33296:19.99883
DATA:26:2.200000e-02:20.34861:19.03682
DATA:27:1.900000e-02:18.75647:17.74194
DATA:28:1.600000e-02:17.54471:16.34701
DATA:29:1.300000e-02:16.68508:15.21481
DATA:30:1.100000e-02:16.08151:14.55686
DATA:31:1.000000e-02:15.64735:14.17850
DATA:32:9.700000e-03:15.39522:14.01933
DATA:33:9.400000e-03:15.08883:13.82410
DATA:34:9.100000e-03:14.82964:13.62160
DATA:35:8.800000e-03:14.62983:13.42640
DATA:36:8.500000e-03:14.43076:13.22422
DATA:37:8.200000e-03:14.22791:13.00670
DATA:38:7.900000e-03:14.01944:12.77005
DATA:39:7.600000e-03:13.79381:12.51747
DATA:40:7.300000e-03:13.55305:12.25559
DATA:41:7.000000e-03:13.30721:11.98995
DATA:42:6.700000e-03:13.06302:11.72392
DATA:43:6.400000e-03:12.81507:11.46121
DATA:44:6.100000e-03:12.57636:11.20770
DATA:45:5.800000e-03:12.35631:10.97087
DATA:46:5.500000e-03:12.15393:10.75797
DATA:47:5.200000e-03:11.96179:10.57048
DATA:48:4.900000e-03:11.73770:10.38967
DATA:49:4.600000e-03:11.38892:10.16826
DATA:50:4.300000e-03:11.15505:9.95956
DATA:51:4.000000e-03:10.94260:9.74920
DATA:52:3.700000e-03:10.72268:9.51591
DATA:53:3.400000e-03:10.49110:9.27061
DATA:54:3.100000e-03:10.25213:9.01270
DATA:55:2.800000e-03:10.00942:8.74791
DATA:56:2.500000e-03:9.76123:8.50173
DATA:57:2.200000e-03:9.35398:8.21742
DATA:58:1.900000e-03:9.08256:7.95275
DATA:59:1.600000e-03:8.78703:7.64776
DATA:60:1.300000e-03:8.41748:7.25496
DATA:61:1.100000e-03:7.99883:6.93602
DATA:62:1.050000e-03:7.91775:6.86139
DATA:63:1.000000e-03:7.84132:6.78894
DATA:64:9.700000e-04:7.79527:6.74526
DATA:65:9.400000e-04:7.75115:6.70163
DATA:66:9.100000e-04:7.70634:6.65829
DATA:67:8.800000e-04:7.66316:6.61511
DATA:68:8.500000e-04:7.61900:6.57153
DATA:69:8.200000e-04:7.57413:6.52649
DATA:70:7.900000e-04:7.52670:6.47905
DATA:71:7.600000e-04:7.47742:6.42859
DATA:72:7.300000e-04:7.42781:6.37479
DATA:73:7.000000e-04:7.37525:6.31811
DATA:74:6.700000e-04:7.31879:6.25949
DATA:75:6.400000e-04:7.25855:6.19919
DATA:76:6.100000e-04:7.18008:6.13432
DATA:77:5.800000e-04:7.06162:6.05652
DATA:78:5.500000e-04:6.96217:5.97805
DATA:79:5.200000e-04:6.88340:5.90667
DATA:80:4.900000e-04:6.80911:5.83634
DATA:81:4.600000e-04:6.73559:5.76634
DATA:82:4.300000e-04:6.66359:5.69806
DATA:83:4.000000e-04:6.59176:5.62820
DATA:84:3.700000e-04:6.51579:5.55153
DATA:85:3.400000e-04:6.43540:5.46657
DATA:86:3.100000e-04:6.33885:5.37484
DATA:87:2.800000e-04:6.16830:5.25719
DATA:88:2.500000e-04:6.04479:5.14462
DATA:89:2.200000e-04:5.92587:5.03356
DATA:90:1.900000e-04:5.80841:4.92089
DATA:91:1.600000e-04:5.67775:4.78746
DATA:92:1.300000e-04:5.44637:4.61019
DATA:93:1.100000e-04:5.31710:4.49095
DATA:94:1.050000e-04:5.28607:4.46171
DATA:95:1.000000e-04:5.25368:4.43176
DATA:96:9.700000e-05:5.23411:4.41306
DATA:97:9.400000e-05:5.21458:4.39360
DATA:98:9.100000e-05:5.19481:4.37334
DATA:99:8.800000e-05:5.17455:4.35225
DATA:100:8.500000e-05:5.15314:4.33063
DATA:101:8.200000e-05:5.13068:4.30844
DATA:102:7.900000e-05:5.10664:4.28548
DATA:103:7.600000e-05:5.07407:4.26036
DATA:104:7.300000e-05:5.02661:4.23054
DATA:105:7.000000e-05:4.98163:4.19888
DATA:106:6.700000e-05:4.94849:4.16943
DATA:107:6.400000e-05:4.91608:4.14056
DATA:108:6.100000e-05:4.88427:4.11124
DATA:109:5.800000e-05:4.85259:4.08171
DATA:110:5.500000e-05:4.82037:4.05269
DATA:111:5.200000e-05:4.78935:4.02388
DATA:112:5.000000e-05:4.76784:4.00416
DATA:113:4.500000e-05:4.71353:3.95060
DATA:114:4.000000e-05:4.65325:3.89067
DATA:115:3.500000e-05:4.54266:3.81307
DATA:116:3.000000e-05:4.45247:3.73234
DATA:117:2.500000e-05:4.36376:3.65140
DATA:118:2.000000e-05:4.26752:3.55676
DATA:119:1.500000e-05:4.09811:3.42395
DATA:120:1.000000e-05:3.94064:3.27549
DATA:121:9.000000e-06:3.87813:3.23264
DATA:122:8.000000e-06:3.82158:3.18586
DATA:123:5.000000e-06:3.66025:3.03538
DATA:124:4.000000e-06:3.55732:2.95826
DATA:125:3.000000e-06:3.46695:2.87682
DATA:126:2.000000e-06:3.32721:2.76098
DATA:127:1.000000e-06:3.12505:2.58836
BENCH_START:RTM:pressure_3000:outlier
DATA:0:1.000000e-01:103.04260:101.71948
DATA:1:9.700000e-02:102.20339:100.83856
DATA:2:9.400000e-02:101.51802:99.92355
DATA:3:9.100000e-02:100.50174:98.98233
DATA:4:8.800000e-02:98.68874:97.97992
DATA:5:8.500000e-02:97.37218:96.94228
DATA:6:8.200000e-02:96.16132:95.86140
DATA:7:7.900000e-02:94.63778:94.73926
DATA:8:7.600000e-02:92.17138:93.55555
DATA:9:7.300000e-02:90.94384:92.37613
DATA:10:7.000000e-02:89.87260:91.15906
DATA:11:6.700000e-02:88.51852:89.89561
DATA:12:6.400000e-02:87.15947:88.54435
DATA:13:6.100000e-02:85.66932:87.09888
DATA:14:5.800000e-02:84.11289:85.53652
DATA:15:5.500000e-02:82.37653:83.80663
DATA:16:5.200000e-02:81.84399:81.82742
DATA:17:4.900000e-02:79.60116:79.66306
DATA:18:4.600000e-02:77.22702:77.35337
DATA:19:4.300000e-02:74.73967:74.86607
DATA:20:4.000000e-02:72.51765:72.13941
DATA:21:3.700000e-02:69.18091:69.06228
DATA:22:3.400000e-02:65.47781:65.68884
DATA:23:3.100000e-02:61.82467:62.06207
DATA:24:2.800000e-02:57.78652:58.17597
DATA:25:2.500000e-02:53.57922:54.06404
DATA:26:2.200000e-02:49.25094:49.77444
DATA:27:1.900000e-02:45.04950:45.42264
DATA:28:1.600000e-02:40.50660:40.88122
DATA:29:1.300000e-02:35.75273:35.90277
DATA:30:1.100000e-02:31.95426:32.18957
DATA:31:1.000000e-02:30.11044:30.21560
DATA:32:9.700000e-03:29.43332:29.60700
DATA:33:9.400000e-03:28.80831:28.99045
DATA:34:9.100000e-03:28.12748:28.37181
DATA:35:8.800000e-03:27.46464:27.75028
DATA:36:8.500000e-03:27.22992:27.12840
DATA:37:8.200000e-03:26.64318:26.50115
DATA:38:7.900000e-03:25.99564:25.87817
DATA:39:7.600000e-03:25.40655:25.25653
DATA:40:7.300000e-03:24.71652:24.63923
DATA:41:7.000000e-03:24.14175:24.02059
DATA:42:6.700000e-03:23.54051:23.40909
DATA:43:6.400000e-03:22.91550:22.80325
DATA:44:6.100000e-03:22.31848:22.20775
DATA:45:5.800000e-03:21.70754:21.62217
DATA:46:5.500000e-03:21.10485:21.04690
DATA:47:5.200000e-03:20.53560:20.48173
DATA:48:4.900000e-03:19.93148:19.92943
DATA:49:4.600000e-03:19.36936:19.39020
DATA:50:4.300000e-03:18.82928:18.86106
DATA:51:4.000000e-03:18.30104:18.34310
DATA:52:3.700000e-03:17.75997:17.83142
DATA:53:3.400000e-03:17.24561:17.32313
DATA:54:3.100000e-03:16.75902:16.81819
DATA:55:2.800000e-03:16.23045:16.30314
DATA:56:2.500000e-03:15.72442:15.76450
DATA:57:2.200000e-03:15.12693:15.18347
DATA:58:1.900000e-03:14.51221:14.53995
DATA:59:1.600000e-03:13.80134:13.81274
DATA:60:1.300000e-03:12.99493:12.98005
DATA:61:1.100000e-03:12.37392:12.34719
DATA:62:1.050000e-03:12.19092:12.17718
DATA:63:1.000000e-03:12.02881:12.00227
DATA:64:9.700000e-04:11.91366:11.89454
DATA:65:9.400000e-04:11.80615:11.78353
DATA:66:9.100000e-04:11.69061:11.67041
DATA:67:8.800000e-04:11.57887:11.55485
DATA:68:8.500000e-04:11.45069:11.43613
DATA:69:8.200000e-04:11.33066:11.31504
DATA:70:7.900000e-04:11.20153:11.19158
DATA:71:7.600000e-04:11.07552:11.06509
DATA:72:7.300000e-04:10.92222:10.93534
DATA:73:7.000000e-04:10.79028:10.80220
DATA:74:6.700000e-04:10.65134:10.66592
DATA:75:6.400000e-04:10.50519:10.52566
DATA:76:6.100000e-04:10.34562:10.38109
DATA:77:5.800000e-04:10.20525:10.23262
DATA:78:5.500000e-04:10.05123:10.07940
DATA:79:5.200000e-04:9.89167:9.92103
DATA:80:4.900000e-04:9.75890:9.75687
DATA:81:4.600000e-04:9.58890:9.58592
DATA:82:4.300000e-04:9.40505:9.40679
DATA:83:4.000000e-04:9.21809:9.21970
DATA:84:3.700000e-04:9.04056:9.02518
DATA:85:3.400000e-04:8.83881:8.82007
DATA:86:3.100000e-04:8.62098:8.60420
DATA:87:2.800000e-04:8.39367:8.37519
DATA:88:2.500000e-04:8.16303:8.13237
DATA:89:2.200000e-04:7.89371:7.87097
DATA:90:1.900000e-04:7.61002:7.58525
DATA:91:1.600000e-04:7.29464:7.27200
DATA:92:1.300000e-04:6.91587:6.92036
DATA:93:1.100000e-04:6.65415:6.65767
DATA:94:1.050000e-04:6.58029:6.58710
DATA:95:1.000000e-04:6.50763:6.51442
DATA:96:9.700000e-05:6.45436:6.46981
DATA:97:9.400000e-05:6.41042:6.42423
DATA:98:9.100000e-05:6.36432:6.37797
DATA:99:8.800000e-05:6.31697:6.33065
DATA:100:8.500000e-05:6.27348:6.28244
DATA:101:8.200000e-05:6.22550:6.23319
DATA:102:7.900000e-05:6.17147:6.18263
DATA:103:7.600000e-05:6.11747:6.13093
DATA:104:7.300000e-05:6.08299:6.07790
DATA:105:7.000000e-05:6.02748:6.02354
DATA:106:6.700000e-05:5.96970:5.96785
DATA:107:6.400000e-05:5.91556:5.91068
DATA:108:6.100000e-05:5.86882:5.85180
DATA:109:5.800000e-05:5.80448:5.79093
DATA:110:5.500000e-05:5.73947:5.72780
DATA:111:5.200000e-05:5.67570:5.66225
DATA:112:5.000000e-05:5.61902:5.61712
DATA:113:4.500000e-05:5.50179:5.49965
DATA:114:4.000000e-05:5.37571:5.37325
DATA:115:3.500000e-05:5.23780:5.23617
DATA:116:3.000000e-05:5.08180:5.08619
DATA:117:2.500000e-05:4.91283:4.91760
DATA:118:2.000000e-05:4.72009:4.72466
DATA:119:1.500000e-05:4.49121:4.49552
DATA:120:1.000000e-05:4.19923:4.20470
DATA:121:9.000000e-06:4.12822:4.13479
DATA:122:8.000000e-06:4.05302:4.05966
DATA:123:5.000000e-06:3.77997:3.78472
DATA:124:4.000000e-06:3.66411:3.66670
DATA:125:3.000000e-06:3.52212:3.52511
DATA:126:2.000000e-06:3.34046:3.34284
DATA:127:1.000000e-06:3.06823:3.07021
BENCH_START:RTM:pressure_3000:plain
DATA:0:1.000000e-01:102.97585:101.65810
DATA:1:9.700000e-02:102.13772:100.76745
DATA:2:9.400000e-02:101.44244:99.84108
DATA:3:9.100000e-02:100.41708:98.88950
DATA:4:8.800000e-02:98.57654:97.87505
DATA:5:8.500000e-02:97.26294:96.82346
DATA:6:8.200000e-02:95.99678:95.72310
DATA:7:7.900000e-02:94.41294:94.58052
DATA:8:7.600000e-02:91.94922:93.37685
DATA:9:7.300000e-02:90.70166:92.17252
DATA:10:7.000000e-02:89.57716:90.92062
DATA:11:6.700000e-02:88.17480:89.61605
DATA:12:6.400000e-02:86.82621:88.22128
DATA:13:6.100000e-02:85.29390:86.72942
DATA:14:5.800000e-02:83.64812:85.12183
DATA:15:5.500000e-02:81.83931:83.34173
DATA:16:5.200000e-02:81.41084:81.31334
DATA:17:4.900000e-02:79.07974:79.09134
DATA:18:4.600000e-02:76.63133:76.71357
DATA:19:4.300000e-02:74.03762:74.14931
DATA:20:4.000000e-02:71.76463:71.34028
DATA:21:3.700000e-02:68.34963:68.18984
DATA:22:3.400000e-02:64.56760:64.74086
DATA:23:3.100000e-02:60.82320:61.05001
DATA:24:2.800000e-02:56.89483:57.10562
DATA:25:2.500000e-02:52.59433:52.95601
DATA:26:2.200000e-02:48.25500:48.64582
DATA:27:1.900000e-02:44.02025:44.27025
DATA:28:1.600000e-02:39.34900:39.70718
DATA:29:1.300000e-02:34.54660:34.71983
DATA:30:1.100000e-02:30.77435:31.03174
DATA:31:1.000000e-02:28.95203:29.08127
DATA:32:9.700000e-03:28.29578:28.48002
DATA:33:9.400000e-03:27.68897:27.87100
DATA:34:9.100000e-03:27.01754:27.25984
DATA:35:8.800000e-03:26.35166:26.64631
DATA:36:8.500000e-03:26.10546:26.03226
DATA:37:8.200000e-03:25.54058:25.41375
DATA:38:7.900000e-03:24.90737:24.79846
DATA:39:7.600000e-03:24.32959:24.18548
DATA:40:7.300000e-03:23.62799:23.57648
DATA:41:7.000000e-03:23.06644:22.96632
DATA:42:6.700000e-03:22.48068:22.36320
DATA:43:6.400000e-03:21.85361:21.76569
DATA:44:6.100000e-03:21.30173:21.17900
DATA:45:5.800000e-03:20.71625:20.60327
DATA:46:5.500000e-03:20.13316:20.03750
DATA:47:5.200000e-03:19.56807:19.48013
DATA:48:4.900000e-03:18.91654:18.93534
DATA:49:4.600000e-03:18.35492:18.40368
DATA:50:4.300000e-03:17.82081:17.88037
DATA:51:4.000000e-03:17.30600:17.36547
DATA:52:3.700000e-03:16.77278:16.85391
DATA:53:3.400000e-03:16.26181:16.34266
DATA:54:3.100000e-03:15.75811:15.83089
DATA:55:2.800000e-03:15.22352:15.30671
DATA:56:2.500000e-03:14.73493:14.75847
DATA:57:2.200000e-03:14.12226:14.16806
DATA:58:1.900000e-03:13.49736:13.52291
DATA:59:1.600000e-03:12.79205:12.80574
DATA:60:1.300000e-03:12.04136:11.99872
DATA:61:1.100000e-03:11.43189:11.39205
DATA:62:1.050000e-03:11.26074:11.23006
DATA:63:1.000000e-03:11.09859:11.06401
DATA:64:9.700000e-04:10.98120:10.96149
DATA:65:9.400000e-04:10.88445:10.85677
DATA:66:9.100000e-04:10.77557:10.75029
DATA:67:8.800000e-04:10.66583:10.64200
DATA:68:8.500000e-04:10.54647:10.53088
DATA:69:8.200000e-04:10.42884:10.41774
DATA:70:7.900000e-04:10.31410:10.30250
DATA:71:7.600000e-04:10.19866:10.18486
DATA:72:7.300000e-04:10.02570:10.06477
DATA:73:7.000000e-04:9.90656:9.94182
DATA:74:6.700000e-04:9.78193:9.81647
DATA:75:6.400000e-04:9.65074:9.68796
DATA:76:6.100000e-04:9.51049:9.55556
DATA:77:5.800000e-04:9.37992:9.41949
DATA:78:5.500000e-04:9.23722:9.27909
DATA:79:5.200000e-04:9.09071:9.13401
DATA:80:4.900000e-04:8.98836:8.98396
DATA:81:4.600000e-04:8.83439:8.82784
DATA:82:4.300000e-04:8.66792:8.66503
DATA:83:4.000000e-04:8.49447:8.49530
DATA:84:3.700000e-04:8.32909:8.31905
DATA:85:3.400000e-04:8.14834:8.13446
DATA:86:3.100000e-04:7.95726:7.94109
DATA:87:2.800000e-04:7.75681:7.73592
DATA:88:2.500000e-04:7.54625:7.51836
DATA:89:2.200000e-04:7.30130:7.28421
DATA:90:1.900000e-04:7.04689:7.02843
DATA:91:1.600000e-04:6.77061:6.74925
DATA:92:1.300000e-04:6.43245:6.43635
DATA:93:1.100000e-04:6.19345:6.20203
DATA:94:1.050000e-04:6.12861:6.13906
DATA:95:1.000000e-04:6.06552:6.07424
DATA:96:9.700000e-05:6.01776:6.03446
DATA:97:9.400000e-05:5.97807:5.99389
DATA:98:9.100000e-05:5.93719:5.95262
DATA:99:8.800000e-05:5.89593:5.91046
DATA:100:8.500000e-05:5.86100:5.86754
DATA:101:8.200000e-05:5.82004:5.82384
DATA:102:7.900000e-05:5.77321:5.77901
DATA:103:7.600000e-05:5.72547:5.73315
DATA:104:7.300000e-05:5.69303:5.68596
DATA:105:7.000000e-05:5.64411:5.63763
DATA:106:6.700000e-05:5.59305:5.58809
DATA:107:6.400000e-05:5.54440:5.53722
DATA:108:6.100000e-05:5.50032:5.48476
DATA:109:5.800000e-05:5.44211:5.43047
DATA:110:5.500000e-05:5.38366:5.37426
DATA:111:5.200000e-05:5.32792:5.31575
DATA:112:5.000000e-05:5.27908:5.27551
DATA:113:4.500000e-05:5.17396:5.17076
DATA:114:4.000000e-05:5.06256:5.05837
DATA:115:3.500000e-05:4.93930:4.93643
DATA:116:3.000000e-05:4.79626:4.80255
DATA:117:2.500000e-05:4.64474:4.65160
DATA:118:2.000000e-05:4.47490:4.47890
DATA:119:1.500000e-05:4.26851:4.27379
DATA:120:1.000000e-05:4.00360:4.01207
DATA:121:9.000000e-06:3.93965:3.94911
DATA:122:8.000000e-06:3.87194:3.88120
DATA:123:5.000000e-06:3.62353:3.63021
DATA:124:4.000000e-06:3.51984:3.52185
DATA:125:3.000000e-06:3.38746:3.39080
DATA:126:2.000000e-06:3.21973:3.22162
DATA:127:1.000000e-06:2.96563:2.96726
