srun: job 20413867 queued and waiting for resources
srun: job 20413867 has been allocated resources
BENCH_START:CESM:CLDICE_1_26_1800_3600.f32:outlier:4.0
Configuration:
  Input File: /scratch/bfrq/bzhang28/SDRBENCH-CESM-ATM-26x1800x3600/CLDICE_1_26_1800_3600.f32
  Dims: 3600x1800x26
  Elements: 168480000
  Target Ratio: 4.00
  Mode: outlier
  Sample Rate: 1000
Data Range: 0.000079
Warming up GPU...
Warmup complete.
Starting Profiling...
  Profiling Time: 0.781 ms
  Selected AbsEB: 2.356551e-10 (RelEB: 3.000000e-06)
  Estimated Ratio: 4.08 (Target: 4.00)
Starting Compression...
  Compression Time: 2.796 ms
  Compressed Size: 165385924
  Achieved Ratio: 4.07
Throughput Statistics:
  Profiling Throughput:    863.04 GB/s
  Compression Throughput:  241.02 GB/s
  Total (Prof+Comp) Thrpt: 188.41 GB/s
Starting Decompression...
  Decompression Time: 1.952 ms
  Decompression Throughput: 345.22 GB/s
Verification Results:
  Max Error: 2.401066e-10
  PSNR: 118.17 dB
  Compliance: PASS
BENCH_START:CESM:CLDICE_1_26_1800_3600.f32:outlier:6.0
Configuration:
  Input File: /scratch/bfrq/bzhang28/SDRBENCH-CESM-ATM-26x1800x3600/CLDICE_1_26_1800_3600.f32
  Dims: 3600x1800x26
  Elements: 168480000
  Target Ratio: 6.00
  Mode: outlier
  Sample Rate: 1000
Data Range: 0.000079
Warming up GPU...
Warmup complete.
Starting Profiling...
  Profiling Time: 0.768 ms
  Selected AbsEB: 3.927584e-09 (RelEB: 5.000000e-05)
  Estimated Ratio: 6.07 (Target: 6.00)
Starting Compression...
  Compression Time: 2.327 ms
  Compressed Size: 111276295
  Achieved Ratio: 6.06
Throughput Statistics:
  Profiling Throughput:    877.32 GB/s
  Compression Throughput:  289.61 GB/s
  Total (Prof+Comp) Thrpt: 217.73 GB/s
Starting Decompression...
  Decompression Time: 1.688 ms
  Decompression Throughput: 399.25 GB/s
Verification Results:
  Max Error: 3.929017e-09
  PSNR: 93.79 dB
  Compliance: PASS
BENCH_START:CESM:CLDICE_1_26_1800_3600.f32:outlier:8.0
Configuration:
  Input File: /scratch/bfrq/bzhang28/SDRBENCH-CESM-ATM-26x1800x3600/CLDICE_1_26_1800_3600.f32
  Dims: 3600x1800x26
  Elements: 168480000
  Target Ratio: 8.00
  Mode: outlier
  Sample Rate: 1000
Data Range: 0.000079
Warming up GPU...
Warmup complete.
Starting Profiling...
  Profiling Time: 0.748 ms
  Selected AbsEB: 1.728137e-08 (RelEB: 2.200000e-04)
  Estimated Ratio: 8.09 (Target: 8.00)
Starting Compression...
  Compression Time: 2.449 ms
  Compressed Size: 83858398
  Achieved Ratio: 8.04
Throughput Statistics:
  Profiling Throughput:    900.77 GB/s
  Compression Throughput:  275.15 GB/s
  Total (Prof+Comp) Thrpt: 210.77 GB/s
Starting Decompression...
  Decompression Time: 1.741 ms
  Decompression Throughput: 386.99 GB/s
Verification Results:
  Max Error: 1.728404e-08
  PSNR: 81.00 dB
  Compliance: PASS
BENCH_START:CESM:CLDICE_1_26_1800_3600.f32:plain:4.0
Configuration:
  Input File: /scratch/bfrq/bzhang28/SDRBENCH-CESM-ATM-26x1800x3600/CLDICE_1_26_1800_3600.f32
  Dims: 3600x1800x26
  Elements: 168480000
  Target Ratio: 4.00
  Mode: plain
  Sample Rate: 1000
Data Range: 0.000079
Warming up GPU...
Warmup complete.
Starting Profiling...
  Profiling Time: 0.764 ms
  Selected AbsEB: 3.142067e-10 (RelEB: 4.000000e-06)
  Estimated Ratio: 4.10 (Target: 4.00)
Starting Compression...
  Compression Time: 2.551 ms
  Compressed Size: 164675256
  Achieved Ratio: 4.09
Throughput Statistics:
  Profiling Throughput:    882.39 GB/s
  Compression Throughput:  264.17 GB/s
  Total (Prof+Comp) Thrpt: 203.30 GB/s
Starting Decompression...
  Decompression Time: 1.361 ms
  Decompression Throughput: 495.33 GB/s
Verification Results:
  Max Error: 3.165042e-10
  PSNR: 115.67 dB
  Compliance: PASS
BENCH_START:CESM:CLDICE_1_26_1800_3600.f32:plain:6.0
Configuration:
  Input File: /scratch/bfrq/bzhang28/SDRBENCH-CESM-ATM-26x1800x3600/CLDICE_1_26_1800_3600.f32
  Dims: 3600x1800x26
  Elements: 168480000
  Target Ratio: 6.00
  Mode: plain
  Sample Rate: 1000
Data Range: 0.000079
Warming up GPU...
Warmup complete.
Starting Profiling...
  Profiling Time: 0.767 ms
  Selected AbsEB: 4.791653e-09 (RelEB: 6.100000e-05)
  Estimated Ratio: 6.01 (Target: 6.00)
Starting Compression...
  Compression Time: 2.171 ms
  Compressed Size: 112482440
  Achieved Ratio: 5.99
Throughput Statistics:
  Profiling Throughput:    878.52 GB/s
  Compression Throughput:  310.43 GB/s
  Total (Prof+Comp) Thrpt: 229.38 GB/s
Starting Decompression...
  Decompression Time: 1.248 ms
  Decompression Throughput: 540.17 GB/s
Verification Results:
  Max Error: 4.794856e-09
  PSNR: 92.07 dB
  Compliance: PASS
BENCH_START:CESM:CLDICE_1_26_1800_3600.f32:plain:8.0
Configuration:
  Input File: /scratch/bfrq/bzhang28/SDRBENCH-CESM-ATM-26x1800x3600/CLDICE_1_26_1800_3600.f32
  Dims: 3600x1800x26
  Elements: 168480000
  Target Ratio: 8.00
  Mode: plain
  Sample Rate: 1000
Data Range: 0.000079
Warming up GPU...
Warmup complete.
Starting Profiling...
  Profiling Time: 0.750 ms
  Selected AbsEB: 2.199447e-08 (RelEB: 2.800000e-04)
  Estimated Ratio: 8.01 (Target: 8.00)
Starting Compression...
  Compression Time: 2.101 ms
  Compressed Size: 84628600
  Achieved Ratio: 7.96
Throughput Statistics:
  Profiling Throughput:    898.12 GB/s
  Compression Throughput:  320.79 GB/s
  Total (Prof+Comp) Thrpt: 236.37 GB/s
Starting Decompression...
  Decompression Time: 1.006 ms
  Decompression Throughput: 669.80 GB/s
Verification Results:
  Max Error: 2.199886e-08
  PSNR: 78.92 dB
  Compliance: PASS
BENCH_START:CESM:CLDLIQ_1_26_1800_3600.f32:outlier:4.0
Configuration:
  Input File: /scratch/bfrq/bzhang28/SDRBENCH-CESM-ATM-26x1800x3600/CLDLIQ_1_26_1800_3600.f32
  Dims: 3600x1800x26
  Elements: 168480000
  Target Ratio: 4.00
  Mode: outlier
  Sample Rate: 1000
Data Range: 0.000521
Warming up GPU...
Warmup complete.
Starting Profiling...
  Profiling Time: 0.759 ms
  Selected AbsEB: 5.205818e-10 (RelEB: 1.000000e-06)
  Estimated Ratio: 4.13 (Target: 4.00)
Starting Compression...
  Compression Time: 2.846 ms
  Compressed Size: 163388230
  Achieved Ratio: 4.12
Throughput Statistics:
  Profiling Throughput:    887.93 GB/s
  Compression Throughput:  236.83 GB/s
  Total (Prof+Comp) Thrpt: 186.96 GB/s
Starting Decompression...
  Decompression Time: 2.066 ms
  Decompression Throughput: 326.23 GB/s
Verification Results:
  Max Error: 5.529728e-10
  PSNR: 128.88 dB
  Compliance: PASS
BENCH_START:CESM:CLDLIQ_1_26_1800_3600.f32:outlier:6.0
Configuration:
  Input File: /scratch/bfrq/bzhang28/SDRBENCH-CESM-ATM-26x1800x3600/CLDLIQ_1_26_1800_3600.f32
  Dims: 3600x1800x26
  Elements: 168480000
  Target Ratio: 6.00
  Mode: outlier
  Sample Rate: 1000
Data Range: 0.000521
Warming up GPU...
Warmup complete.
Starting Profiling...
  Profiling Time: 0.761 ms
  Selected AbsEB: 1.301454e-08 (RelEB: 2.500000e-05)
  Estimated Ratio: 6.11 (Target: 6.00)
Starting Compression...
  Compression Time: 2.456 ms
  Compressed Size: 110618996
  Achieved Ratio: 6.09
Throughput Statistics:
  Profiling Throughput:    885.84 GB/s
  Compression Throughput:  274.38 GB/s
  Total (Prof+Comp) Thrpt: 209.49 GB/s
Starting Decompression...
  Decompression Time: 1.592 ms
  Decompression Throughput: 423.24 GB/s
Verification Results:
  Max Error: 1.303852e-08
  PSNR: 100.97 dB
  Compliance: PASS
BENCH_START:CESM:CLDLIQ_1_26_1800_3600.f32:outlier:8.0
Configuration:
  Input File: /scratch/bfrq/bzhang28/SDRBENCH-CESM-ATM-26x1800x3600/CLDLIQ_1_26_1800_3600.f32
  Dims: 3600x1800x26
  Elements: 168480000
  Target Ratio: 8.00
  Mode: outlier
  Sample Rate: 1000
Data Range: 0.000521
Warming up GPU...
Warmup complete.
Starting Profiling...
  Profiling Time: 0.757 ms
  Selected AbsEB: 6.767564e-08 (RelEB: 1.300000e-04)
  Estimated Ratio: 8.03 (Target: 8.00)
Starting Compression...
  Compression Time: 2.187 ms
  Compressed Size: 84027060
  Achieved Ratio: 8.02
Throughput Statistics:
  Profiling Throughput:    890.11 GB/s
  Compression Throughput:  308.10 GB/s
  Total (Prof+Comp) Thrpt: 228.88 GB/s
Starting Decompression...
  Decompression Time: 1.542 ms
  Decompression Throughput: 437.05 GB/s
Verification Results:
  Max Error: 6.769551e-08
  PSNR: 86.69 dB
  Compliance: PASS
BENCH_START:CESM:CLDLIQ_1_26_1800_3600.f32:plain:4.0
Configuration:
  Input File: /scratch/bfrq/bzhang28/SDRBENCH-CESM-ATM-26x1800x3600/CLDLIQ_1_26_1800_3600.f32
  Dims: 3600x1800x26
  Elements: 168480000
  Target Ratio: 4.00
  Mode: plain
  Sample Rate: 1000
Data Range: 0.000521
Warming up GPU...
Warmup complete.
Starting Profiling...
  Profiling Time: 0.752 ms
  Selected AbsEB: 5.205818e-10 (RelEB: 1.000000e-06)
  Estimated Ratio: 4.01 (Target: 4.00)
Starting Compression...
  Compression Time: 2.841 ms
  Compressed Size: 168025640
  Achieved Ratio: 4.01
Throughput Statistics:
  Profiling Throughput:    896.17 GB/s
  Compression Throughput:  237.23 GB/s
  Total (Prof+Comp) Thrpt: 187.58 GB/s
Starting Decompression...
  Decompression Time: 1.298 ms
  Decompression Throughput: 519.33 GB/s
Verification Results:
  Max Error: 5.529728e-10
  PSNR: 128.88 dB
  Compliance: PASS
BENCH_START:CESM:CLDLIQ_1_26_1800_3600.f32:plain:6.0
Configuration:
  Input File: /scratch/bfrq/bzhang28/SDRBENCH-CESM-ATM-26x1800x3600/CLDLIQ_1_26_1800_3600.f32
  Dims: 3600x1800x26
  Elements: 168480000
  Target Ratio: 6.00
  Mode: plain
  Sample Rate: 1000
Data Range: 0.000521
Warming up GPU...
Warmup complete.
Starting Profiling...
  Profiling Time: 0.746 ms
  Selected AbsEB: 1.822036e-08 (RelEB: 3.500000e-05)
  Estimated Ratio: 6.12 (Target: 6.00)
Starting Compression...
  Compression Time: 2.143 ms
  Compressed Size: 109893464
  Achieved Ratio: 6.13
Throughput Statistics:
  Profiling Throughput:    903.44 GB/s
  Compression Throughput:  314.46 GB/s
  Total (Prof+Comp) Thrpt: 233.27 GB/s
Starting Decompression...
  Decompression Time: 1.054 ms
  Decompression Throughput: 639.25 GB/s
Verification Results:
  Max Error: 1.822264e-08
  PSNR: 98.05 dB
  Compliance: PASS
BENCH_START:CESM:CLDLIQ_1_26_1800_3600.f32:plain:8.0
Configuration:
  Input File: /scratch/bfrq/bzhang28/SDRBENCH-CESM-ATM-26x1800x3600/CLDLIQ_1_26_1800_3600.f32
  Dims: 3600x1800x26
  Elements: 168480000
  Target Ratio: 8.00
  Mode: plain
  Sample Rate: 1000
Data Range: 0.000521
Warming up GPU...
Warmup complete.
Starting Profiling...
  Profiling Time: 0.749 ms
  Selected AbsEB: 9.891054e-08 (RelEB: 1.900000e-04)
  Estimated Ratio: 8.14 (Target: 8.00)
Starting Compression...
  Compression Time: 2.023 ms
  Compressed Size: 82894456
  Achieved Ratio: 8.13
Throughput Statistics:
  Profiling Throughput:    899.31 GB/s
  Compression Throughput:  333.05 GB/s
  Total (Prof+Comp) Thrpt: 243.04 GB/s
Starting Decompression...
  Decompression Time: 0.948 ms
  Decompression Throughput: 711.08 GB/s
Verification Results:
  Max Error: 9.892392e-08
  PSNR: 83.41 dB
  Compliance: PASS
BENCH_START:CESM:CLOUD_1_26_1800_3600.f32:outlier:4.0
Configuration:
  Input File: /scratch/bfrq/bzhang28/SDRBENCH-CESM-ATM-26x1800x3600/CLOUD_1_26_1800_3600.f32
  Dims: 3600x1800x26
  Elements: 168480000
  Target Ratio: 4.00
  Mode: outlier
  Sample Rate: 1000
Data Range: 0.964057
Warming up GPU...
Warmup complete.
Starting Profiling...
  Profiling Time: 0.760 ms
  Selected AbsEB: 5.302312e-05 (RelEB: 5.500000e-05)
  Estimated Ratio: 4.01 (Target: 4.00)
Starting Compression...
  Compression Time: 2.712 ms
  Compressed Size: 168704850
  Achieved Ratio: 3.99
Throughput Statistics:
  Profiling Throughput:    886.36 GB/s
  Compression Throughput:  248.53 GB/s
  Total (Prof+Comp) Thrpt: 194.11 GB/s
Starting Decompression...
  Decompression Time: 2.051 ms
  Decompression Throughput: 328.54 GB/s
Verification Results:
  Max Error: 5.304813e-05
  PSNR: 91.72 dB
  Compliance: PASS
BENCH_START:CESM:CLOUD_1_26_1800_3600.f32:outlier:6.0
Configuration:
  Input File: /scratch/bfrq/bzhang28/SDRBENCH-CESM-ATM-26x1800x3600/CLOUD_1_26_1800_3600.f32
  Dims: 3600x1800x26
  Elements: 168480000
  Target Ratio: 6.00
  Mode: outlier
  Sample Rate: 1000
Data Range: 0.964057
Warming up GPU...
Warmup complete.
Starting Profiling...
  Profiling Time: 0.751 ms
  Selected AbsEB: 5.302312e-04 (RelEB: 5.500000e-04)
  Estimated Ratio: 6.04 (Target: 6.00)
Starting Compression...
  Compression Time: 2.617 ms
  Compressed Size: 111923122
  Achieved Ratio: 6.02
Throughput Statistics:
  Profiling Throughput:    897.01 GB/s
  Compression Throughput:  257.55 GB/s
  Total (Prof+Comp) Thrpt: 200.10 GB/s
Starting Decompression...
  Decompression Time: 2.093 ms
  Decompression Throughput: 321.99 GB/s
Verification Results:
  Max Error: 5.303025e-04
  PSNR: 71.80 dB
  Compliance: PASS
BENCH_START:CESM:CLOUD_1_26_1800_3600.f32:outlier:8.0
Configuration:
  Input File: /scratch/bfrq/bzhang28/SDRBENCH-CESM-ATM-26x1800x3600/CLOUD_1_26_1800_3600.f32
  Dims: 3600x1800x26
  Elements: 168480000
  Target Ratio: 8.00
  Mode: outlier
  Sample Rate: 1000
Data Range: 0.964057
Warming up GPU...
Warmup complete.
Starting Profiling...
  Profiling Time: 0.745 ms
  Selected AbsEB: 1.831708e-03 (RelEB: 1.900000e-03)
  Estimated Ratio: 8.12 (Target: 8.00)
Starting Compression...
  Compression Time: 2.438 ms
  Compressed Size: 83372508
  Achieved Ratio: 8.08
Throughput Statistics:
  Profiling Throughput:    904.95 GB/s
  Compression Throughput:  276.45 GB/s
  Total (Prof+Comp) Thrpt: 211.76 GB/s
Starting Decompression...
  Decompression Time: 1.869 ms
  Decompression Throughput: 360.52 GB/s
Verification Results:
  Max Error: 1.831710e-03
  PSNR: 61.11 dB
  Compliance: PASS
BENCH_START:CESM:CLOUD_1_26_1800_3600.f32:plain:4.0
Configuration:
  Input File: /scratch/bfrq/bzhang28/SDRBENCH-CESM-ATM-26x1800x3600/CLOUD_1_26_1800_3600.f32
  Dims: 3600x1800x26
  Elements: 168480000
  Target Ratio: 4.00
  Mode: plain
  Sample Rate: 1000
Data Range: 0.964057
Warming up GPU...
Warmup complete.
Starting Profiling...
  Profiling Time: 0.781 ms
  Selected AbsEB: 9.351350e-05 (RelEB: 9.700000e-05)
  Estimated Ratio: 4.02 (Target: 4.00)
Starting Compression...
  Compression Time: 2.228 ms
  Compressed Size: 168134096
  Achieved Ratio: 4.01
Throughput Statistics:
  Profiling Throughput:    863.26 GB/s
  Compression Throughput:  302.46 GB/s
  Total (Prof+Comp) Thrpt: 223.99 GB/s
Starting Decompression...
  Decompression Time: 1.362 ms
  Decompression Throughput: 494.74 GB/s
Verification Results:
  Max Error: 9.357929e-05
  PSNR: 86.80 dB
  Compliance: PASS
BENCH_START:CESM:CLOUD_1_26_1800_3600.f32:plain:6.0
Configuration:
  Input File: /scratch/bfrq/bzhang28/SDRBENCH-CESM-ATM-26x1800x3600/CLOUD_1_26_1800_3600.f32
  Dims: 3600x1800x26
  Elements: 168480000
  Target Ratio: 6.00
  Mode: plain
  Sample Rate: 1000
Data Range: 0.964057
Warming up GPU...
Warmup complete.
Starting Profiling...
  Profiling Time: 0.761 ms
  Selected AbsEB: 9.351350e-04 (RelEB: 9.700000e-04)
  Estimated Ratio: 6.01 (Target: 6.00)
Starting Compression...
  Compression Time: 2.056 ms
  Compressed Size: 112588312
  Achieved Ratio: 5.99
Throughput Statistics:
  Profiling Throughput:    885.02 GB/s
  Compression Throughput:  327.86 GB/s
  Total (Prof+Comp) Thrpt: 239.23 GB/s
Starting Decompression...
  Decompression Time: 1.057 ms
  Decompression Throughput: 637.66 GB/s
Verification Results:
  Max Error: 9.351373e-04
  PSNR: 66.91 dB
  Compliance: PASS
BENCH_START:CESM:CLOUD_1_26_1800_3600.f32:plain:8.0
Configuration:
  Input File: /scratch/bfrq/bzhang28/SDRBENCH-CESM-ATM-26x1800x3600/CLOUD_1_26_1800_3600.f32
  Dims: 3600x1800x26
  Elements: 168480000
  Target Ratio: 8.00
  Mode: plain
  Sample Rate: 1000
Data Range: 0.964057
Warming up GPU...
Warmup complete.
Starting Profiling...
  Profiling Time: 0.752 ms
  Selected AbsEB: 3.277793e-03 (RelEB: 3.400000e-03)
  Estimated Ratio: 8.08 (Target: 8.00)
Starting Compression...
  Compression Time: 2.107 ms
  Compressed Size: 83855928
  Achieved Ratio: 8.04
Throughput Statistics:
  Profiling Throughput:    896.70 GB/s
  Compression Throughput:  319.92 GB/s
  Total (Prof+Comp) Thrpt: 235.79 GB/s
Starting Decompression...
  Decompression Time: 0.990 ms
  Decompression Throughput: 680.98 GB/s
Verification Results:
  Max Error: 3.277838e-03
  PSNR: 56.10 dB
  Compliance: PASS
BENCH_START:CESM:CMFDQR_1_26_1800_3600.f32:outlier:4.0
Configuration:
  Input File: /scratch/bfrq/bzhang28/SDRBENCH-CESM-ATM-26x1800x3600/CMFDQR_1_26_1800_3600.f32
  Dims: 3600x1800x26
  Elements: 168480000
  Target Ratio: 4.00
  Mode: outlier
  Sample Rate: 1000
Data Range: 0.000000
Warming up GPU...
Warmup complete.
Starting Profiling...
  Profiling Time: 0.760 ms
  Selected AbsEB: 3.533698e-14 (RelEB: 1.000000e-06)
  Estimated Ratio: 4.92 (Target: 4.00)
Starting Compression...
  Compression Time: 2.572 ms
  Compressed Size: 137472064
  Achieved Ratio: 4.90
Throughput Statistics:
  Profiling Throughput:    886.89 GB/s
  Compression Throughput:  262.04 GB/s
  Total (Prof+Comp) Thrpt: 202.28 GB/s
Starting Decompression...
  Decompression Time: 1.685 ms
  Decompression Throughput: 399.98 GB/s
Verification Results:
  Max Error: 3.552714e-14
  PSNR: 128.65 dB
  Compliance: PASS
BENCH_START:CESM:CMFDQR_1_26_1800_3600.f32:outlier:6.0
Configuration:
  Input File: /scratch/bfrq/bzhang28/SDRBENCH-CESM-ATM-26x1800x3600/CMFDQR_1_26_1800_3600.f32
  Dims: 3600x1800x26
  Elements: 168480000
  Target Ratio: 6.00
  Mode: outlier
  Sample Rate: 1000
Data Range: 0.000000
Warming up GPU...
Warmup complete.
Starting Profiling...
  Profiling Time: 0.768 ms
  Selected AbsEB: 1.413479e-13 (RelEB: 4.000000e-06)
  Estimated Ratio: 6.05 (Target: 6.00)
Starting Compression...
  Compression Time: 2.216 ms
  Compressed Size: 111922851
  Achieved Ratio: 6.02
Throughput Statistics:
  Profiling Throughput:    877.43 GB/s
  Compression Throughput:  304.17 GB/s
  Total (Prof+Comp) Thrpt: 225.87 GB/s
Starting Decompression...
  Decompression Time: 1.460 ms
  Decompression Throughput: 461.66 GB/s
Verification Results:
  Max Error: 1.421085e-13
  PSNR: 116.69 dB
  Compliance: PASS
BENCH_START:CESM:CMFDQR_1_26_1800_3600.f32:outlier:8.0
Configuration:
  Input File: /scratch/bfrq/bzhang28/SDRBENCH-CESM-ATM-26x1800x3600/CMFDQR_1_26_1800_3600.f32
  Dims: 3600x1800x26
  Elements: 168480000
  Target Ratio: 8.00
  Mode: outlier
  Sample Rate: 1000
Data Range: 0.000000
Warming up GPU...
Warmup complete.
Starting Profiling...
  Profiling Time: 0.778 ms
  Selected AbsEB: 7.067395e-13 (RelEB: 2.000000e-05)
  Estimated Ratio: 8.07 (Target: 8.00)
Starting Compression...
  Compression Time: 2.081 ms
  Compressed Size: 83817296
  Achieved Ratio: 8.04
Throughput Statistics:
  Profiling Throughput:    866.27 GB/s
  Compression Throughput:  323.90 GB/s
  Total (Prof+Comp) Thrpt: 235.75 GB/s
Starting Decompression...
  Decompression Time: 1.354 ms
  Decompression Throughput: 497.86 GB/s
Verification Results:
  Max Error: 7.069900e-13
  PSNR: 102.85 dB
  Compliance: PASS
BENCH_START:CESM:CMFDQR_1_26_1800_3600.f32:plain:4.0
Configuration:
  Input File: /scratch/bfrq/bzhang28/SDRBENCH-CESM-ATM-26x1800x3600/CMFDQR_1_26_1800_3600.f32
  Dims: 3600x1800x26
  Elements: 168480000
  Target Ratio: 4.00
  Mode: plain
  Sample Rate: 1000
Data Range: 0.000000
Warming up GPU...
Warmup complete.
Starting Profiling...
  Profiling Time: 0.746 ms
  Selected AbsEB: 3.533698e-14 (RelEB: 1.000000e-06)
  Estimated Ratio: 4.89 (Target: 4.00)
Starting Compression...
  Compression Time: 2.295 ms
  Compressed Size: 138318472
  Achieved Ratio: 4.87
Throughput Statistics:
  Profiling Throughput:    903.09 GB/s
  Compression Throughput:  293.60 GB/s
  Total (Prof+Comp) Thrpt: 221.57 GB/s
Starting Decompression...
  Decompression Time: 1.179 ms
  Decompression Throughput: 571.80 GB/s
Verification Results:
  Max Error: 3.552714e-14
  PSNR: 128.65 dB
  Compliance: PASS
BENCH_START:CESM:CMFDQR_1_26_1800_3600.f32:plain:6.0
Configuration:
  Input File: /scratch/bfrq/bzhang28/SDRBENCH-CESM-ATM-26x1800x3600/CMFDQR_1_26_1800_3600.f32
  Dims: 3600x1800x26
  Elements: 168480000
  Target Ratio: 6.00
  Mode: plain
  Sample Rate: 1000
Data Range: 0.000000
Warming up GPU...
Warmup complete.
Starting Profiling...
  Profiling Time: 0.754 ms
  Selected AbsEB: 1.413479e-13 (RelEB: 4.000000e-06)
  Estimated Ratio: 6.01 (Target: 6.00)
Starting Compression...
  Compression Time: 2.161 ms
  Compressed Size: 112782592
  Achieved Ratio: 5.98
Throughput Statistics:
  Profiling Throughput:    894.12 GB/s
  Compression Throughput:  311.82 GB/s
  Total (Prof+Comp) Thrpt: 231.19 GB/s
Starting Decompression...
  Decompression Time: 1.098 ms
  Decompression Throughput: 613.90 GB/s
Verification Results:
  Max Error: 1.421085e-13
  PSNR: 116.69 dB
  Compliance: PASS
BENCH_START:CESM:CMFDQR_1_26_1800_3600.f32:plain:8.0
Configuration:
  Input File: /scratch/bfrq/bzhang28/SDRBENCH-CESM-ATM-26x1800x3600/CMFDQR_1_26_1800_3600.f32
  Dims: 3600x1800x26
  Elements: 168480000
  Target Ratio: 8.00
  Mode: plain
  Sample Rate: 1000
Data Range: 0.000000
Warming up GPU...
Warmup complete.
Starting Profiling...
  Profiling Time: 0.746 ms
  Selected AbsEB: 8.834244e-13 (RelEB: 2.500000e-05)
  Estimated Ratio: 8.33 (Target: 8.00)
Starting Compression...
  Compression Time: 2.182 ms
  Compressed Size: 80957200
  Achieved Ratio: 8.32
Throughput Statistics:
  Profiling Throughput:    902.78 GB/s
  Compression Throughput:  308.85 GB/s
  Total (Prof+Comp) Thrpt: 230.12 GB/s
Starting Decompression...
  Decompression Time: 0.965 ms
  Decompression Throughput: 698.16 GB/s
Verification Results:
  Max Error: 8.846257e-13
  PSNR: 100.94 dB
  Compliance: PASS
BENCH_START:CESM:CMFDQ_1_26_1800_3600.f32:outlier:4.0
Configuration:
  Input File: /scratch/bfrq/bzhang28/SDRBENCH-CESM-ATM-26x1800x3600/CMFDQ_1_26_1800_3600.f32
  Dims: 3600x1800x26
  Elements: 168480000
  Target Ratio: 4.00
  Mode: outlier
  Sample Rate: 1000
Data Range: 0.000000
Warming up GPU...
Warmup complete.
Starting Profiling...
  Profiling Time: 0.754 ms
  Selected AbsEB: 2.286381e-13 (RelEB: 1.000000e-06)
  Estimated Ratio: 4.24 (Target: 4.00)
Starting Compression...
  Compression Time: 2.778 ms
  Compressed Size: 159282317
  Achieved Ratio: 4.23
Throughput Statistics:
  Profiling Throughput:    894.04 GB/s
  Compression Throughput:  242.60 GB/s
  Total (Prof+Comp) Thrpt: 190.82 GB/s
Starting Decompression...
  Decompression Time: 1.830 ms
  Decompression Throughput: 368.22 GB/s
Verification Results:
  Max Error: 2.415845e-13
  PSNR: 127.56 dB
  Compliance: PASS
BENCH_START:CESM:CMFDQ_1_26_1800_3600.f32:outlier:6.0
Configuration:
  Input File: /scratch/bfrq/bzhang28/SDRBENCH-CESM-ATM-26x1800x3600/CMFDQ_1_26_1800_3600.f32
  Dims: 3600x1800x26
  Elements: 168480000
  Target Ratio: 6.00
  Mode: outlier
  Sample Rate: 1000
Data Range: 0.000000
Warming up GPU...
Warmup complete.
Starting Profiling...
  Profiling Time: 0.764 ms
  Selected AbsEB: 3.429572e-12 (RelEB: 1.500000e-05)
  Estimated Ratio: 6.33 (Target: 6.00)
Starting Compression...
  Compression Time: 2.278 ms
  Compressed Size: 106521807
  Achieved Ratio: 6.33
Throughput Statistics:
  Profiling Throughput:    882.50 GB/s
  Compression Throughput:  295.80 GB/s
  Total (Prof+Comp) Thrpt: 221.54 GB/s
Starting Decompression...
  Decompression Time: 1.667 ms
  Decompression Throughput: 404.25 GB/s
Verification Results:
  Max Error: 3.439027e-12
  PSNR: 104.40 dB
  Compliance: PASS
BENCH_START:CESM:CMFDQ_1_26_1800_3600.f32:outlier:8.0
Configuration:
  Input File: /scratch/bfrq/bzhang28/SDRBENCH-CESM-ATM-26x1800x3600/CMFDQ_1_26_1800_3600.f32
  Dims: 3600x1800x26
  Elements: 168480000
  Target Ratio: 8.00
  Mode: outlier
  Sample Rate: 1000
Data Range: 0.000000
Warming up GPU...
Warmup complete.
Starting Profiling...
  Profiling Time: 0.755 ms
  Selected AbsEB: 1.188918e-11 (RelEB: 5.200000e-05)
  Estimated Ratio: 8.02 (Target: 8.00)
Starting Compression...
  Compression Time: 2.297 ms
  Compressed Size: 84370326
  Achieved Ratio: 7.99
Throughput Statistics:
  Profiling Throughput:    892.34 GB/s
  Compression Throughput:  293.38 GB/s
  Total (Prof+Comp) Thrpt: 220.79 GB/s
Starting Decompression...
  Decompression Time: 1.658 ms
  Decompression Throughput: 406.38 GB/s
Verification Results:
  Max Error: 1.189449e-11
  PSNR: 93.87 dB
  Compliance: PASS
BENCH_START:CESM:CMFDQ_1_26_1800_3600.f32:plain:4.0
Configuration:
  Input File: /scratch/bfrq/bzhang28/SDRBENCH-CESM-ATM-26x1800x3600/CMFDQ_1_26_1800_3600.f32
  Dims: 3600x1800x26
  Elements: 168480000
  Target Ratio: 4.00
  Mode: plain
  Sample Rate: 1000
Data Range: 0.000000
Warming up GPU...
Warmup complete.
Starting Profiling...
  Profiling Time: 0.748 ms
  Selected AbsEB: 2.286381e-13 (RelEB: 1.000000e-06)
  Estimated Ratio: 4.16 (Target: 4.00)
Starting Compression...
  Compression Time: 2.655 ms
  Compressed Size: 161993888
  Achieved Ratio: 4.16
Throughput Statistics:
  Profiling Throughput:    900.46 GB/s
  Compression Throughput:  253.85 GB/s
  Total (Prof+Comp) Thrpt: 198.02 GB/s
Starting Decompression...
  Decompression Time: 1.298 ms
  Decompression Throughput: 519.21 GB/s
Verification Results:
  Max Error: 2.415845e-13
  PSNR: 127.56 dB
  Compliance: PASS
BENCH_START:CESM:CMFDQ_1_26_1800_3600.f32:plain:6.0
Configuration:
  Input File: /scratch/bfrq/bzhang28/SDRBENCH-CESM-ATM-26x1800x3600/CMFDQ_1_26_1800_3600.f32
  Dims: 3600x1800x26
  Elements: 168480000
  Target Ratio: 6.00
  Mode: plain
  Sample Rate: 1000
Data Range: 0.000000
Warming up GPU...
Warmup complete.
Starting Profiling...
  Profiling Time: 0.772 ms
  Selected AbsEB: 3.429572e-12 (RelEB: 1.500000e-05)
  Estimated Ratio: 6.16 (Target: 6.00)
Starting Compression...
  Compression Time: 2.181 ms
  Compressed Size: 109270680
  Achieved Ratio: 6.17
Throughput Statistics:
  Profiling Throughput:    873.03 GB/s
  Compression Throughput:  309.06 GB/s
  Total (Prof+Comp) Thrpt: 228.25 GB/s
Starting Decompression...
  Decompression Time: 1.105 ms
  Decompression Throughput: 610.10 GB/s
Verification Results:
  Max Error: 3.439027e-12
  PSNR: 104.40 dB
  Compliance: PASS
BENCH_START:CESM:CMFDQ_1_26_1800_3600.f32:plain:8.0
Configuration:
  Input File: /scratch/bfrq/bzhang28/SDRBENCH-CESM-ATM-26x1800x3600/CMFDQ_1_26_1800_3600.f32
  Dims: 3600x1800x26
  Elements: 168480000
  Target Ratio: 8.00
  Mode: plain
  Sample Rate: 1000
Data Range: 0.000000
Warming up GPU...
Warmup complete.
Starting Profiling...
  Profiling Time: 0.745 ms
  Selected AbsEB: 1.463284e-11 (RelEB: 6.400000e-05)
  Estimated Ratio: 8.05 (Target: 8.00)
Starting Compression...
  Compression Time: 2.091 ms
  Compressed Size: 83566712
  Achieved Ratio: 8.06
Throughput Statistics:
  Profiling Throughput:    904.68 GB/s
  Compression Throughput:  322.29 GB/s
  Total (Prof+Comp) Thrpt: 237.63 GB/s
Starting Decompression...
  Decompression Time: 1.003 ms
  Decompression Throughput: 671.64 GB/s
Verification Results:
  Max Error: 1.463718e-11
  PSNR: 92.12 dB
  Compliance: PASS
BENCH_START:CESM:CMFDT_1_26_1800_3600.f32:outlier:4.0
Configuration:
  Input File: /scratch/bfrq/bzhang28/SDRBENCH-CESM-ATM-26x1800x3600/CMFDT_1_26_1800_3600.f32
  Dims: 3600x1800x26
  Elements: 168480000
  Target Ratio: 4.00
  Mode: outlier
  Sample Rate: 1000
Data Range: 0.000442
Warming up GPU...
Warmup complete.
Starting Profiling...
  Profiling Time: 0.759 ms
  Selected AbsEB: 1.326582e-09 (RelEB: 3.000000e-06)
  Estimated Ratio: 4.15 (Target: 4.00)
Starting Compression...
  Compression Time: 2.512 ms
  Compressed Size: 163330556
  Achieved Ratio: 4.13
Throughput Statistics:
  Profiling Throughput:    887.78 GB/s
  Compression Throughput:  268.27 GB/s
  Total (Prof+Comp) Thrpt: 206.02 GB/s
Starting Decompression...
  Decompression Time: 1.809 ms
  Decompression Throughput: 372.52 GB/s
Verification Results:
  Max Error: 1.338776e-09
  PSNR: 117.73 dB
  Compliance: PASS
BENCH_START:CESM:CMFDT_1_26_1800_3600.f32:outlier:6.0
Configuration:
  Input File: /scratch/bfrq/bzhang28/SDRBENCH-CESM-ATM-26x1800x3600/CMFDT_1_26_1800_3600.f32
  Dims: 3600x1800x26
  Elements: 168480000
  Target Ratio: 6.00
  Mode: outlier
  Sample Rate: 1000
Data Range: 0.000442
Warming up GPU...
Warmup complete.
Starting Profiling...
  Profiling Time: 0.751 ms
  Selected AbsEB: 1.547679e-08 (RelEB: 3.500000e-05)
  Estimated Ratio: 6.14 (Target: 6.00)
Starting Compression...
  Compression Time: 2.408 ms
  Compressed Size: 110179145
  Achieved Ratio: 6.12
Throughput Statistics:
  Profiling Throughput:    897.32 GB/s
  Compression Throughput:  279.89 GB/s
  Total (Prof+Comp) Thrpt: 213.34 GB/s
Starting Decompression...
  Decompression Time: 1.663 ms
  Decompression Throughput: 405.33 GB/s
Verification Results:
  Max Error: 1.548324e-08
  PSNR: 96.48 dB
  Compliance: PASS
BENCH_START:CESM:CMFDT_1_26_1800_3600.f32:outlier:8.0
Configuration:
  Input File: /scratch/bfrq/bzhang28/SDRBENCH-CESM-ATM-26x1800x3600/CMFDT_1_26_1800_3600.f32
  Dims: 3600x1800x26
  Elements: 168480000
  Target Ratio: 8.00
  Mode: outlier
  Sample Rate: 1000
Data Range: 0.000442
Warming up GPU...
Warmup complete.
Starting Profiling...
  Profiling Time: 0.768 ms
  Selected AbsEB: 5.748523e-08 (RelEB: 1.300000e-04)
  Estimated Ratio: 8.11 (Target: 8.00)
Starting Compression...
  Compression Time: 2.203 ms
  Compressed Size: 83448149
  Achieved Ratio: 8.08
Throughput Statistics:
  Profiling Throughput:    877.83 GB/s
  Compression Throughput:  305.94 GB/s
  Total (Prof+Comp) Thrpt: 226.87 GB/s
Starting Decompression...
  Decompression Time: 1.556 ms
  Decompression Throughput: 433.03 GB/s
Verification Results:
  Max Error: 5.749462e-08
  PSNR: 85.22 dB
  Compliance: PASS
BENCH_START:CESM:CMFDT_1_26_1800_3600.f32:plain:4.0
Configuration:
  Input File: /scratch/bfrq/bzhang28/SDRBENCH-CESM-ATM-26x1800x3600/CMFDT_1_26_1800_3600.f32
  Dims: 3600x1800x26
  Elements: 168480000
  Target Ratio: 4.00
  Mode: plain
  Sample Rate: 1000
Data Range: 0.000442
Warming up GPU...
Warmup complete.
Starting Profiling...
  Profiling Time: 0.749 ms
  Selected AbsEB: 1.326582e-09 (RelEB: 3.000000e-06)
  Estimated Ratio: 4.12 (Target: 4.00)
Starting Compression...
  Compression Time: 2.383 ms
  Compressed Size: 164443888
  Achieved Ratio: 4.10
Throughput Statistics:
  Profiling Throughput:    900.12 GB/s
  Compression Throughput:  282.77 GB/s
  Total (Prof+Comp) Thrpt: 215.17 GB/s
Starting Decompression...
  Decompression Time: 1.301 ms
  Decompression Throughput: 518.11 GB/s
Verification Results:
  Max Error: 1.338776e-09
  PSNR: 117.73 dB
  Compliance: PASS
BENCH_START:CESM:CMFDT_1_26_1800_3600.f32:plain:6.0
Configuration:
  Input File: /scratch/bfrq/bzhang28/SDRBENCH-CESM-ATM-26x1800x3600/CMFDT_1_26_1800_3600.f32
  Dims: 3600x1800x26
  Elements: 168480000
  Target Ratio: 6.00
  Mode: plain
  Sample Rate: 1000
Data Range: 0.000442
Warming up GPU...
Warmup complete.
Starting Profiling...
  Profiling Time: 0.756 ms
  Selected AbsEB: 1.547679e-08 (RelEB: 3.500000e-05)
  Estimated Ratio: 6.08 (Target: 6.00)
Starting Compression...
  Compression Time: 2.147 ms
  Compressed Size: 111337576
  Achieved Ratio: 6.05
Throughput Statistics:
  Profiling Throughput:    891.47 GB/s
  Compression Throughput:  313.91 GB/s
  Total (Prof+Comp) Thrpt: 232.16 GB/s
Starting Decompression...
  Decompression Time: 1.108 ms
  Decompression Throughput: 608.44 GB/s
Verification Results:
  Max Error: 1.548324e-08
  PSNR: 96.48 dB
  Compliance: PASS
BENCH_START:CESM:CMFDT_1_26_1800_3600.f32:plain:8.0
Configuration:
  Input File: /scratch/bfrq/bzhang28/SDRBENCH-CESM-ATM-26x1800x3600/CMFDT_1_26_1800_3600.f32
  Dims: 3600x1800x26
  Elements: 168480000
  Target Ratio: 8.00
  Mode: plain
  Sample Rate: 1000
Data Range: 0.000442
Warming up GPU...
Warmup complete.
Starting Profiling...
  Profiling Time: 0.747 ms
  Selected AbsEB: 7.075105e-08 (RelEB: 1.600000e-04)
  Estimated Ratio: 8.39 (Target: 8.00)
Starting Compression...
  Compression Time: 2.106 ms
  Compressed Size: 80510680
  Achieved Ratio: 8.37
Throughput Statistics:
  Profiling Throughput:    902.08 GB/s
  Compression Throughput:  320.05 GB/s
  Total (Prof+Comp) Thrpt: 236.24 GB/s
Starting Decompression...
  Decompression Time: 1.018 ms
  Decompression Throughput: 662.26 GB/s
Verification Results:
  Max Error: 7.075869e-08
  PSNR: 83.46 dB
  Compliance: PASS
BENCH_START:CESM:CONCLD_1_26_1800_3600.f32:outlier:4.0
Configuration:
  Input File: /scratch/bfrq/bzhang28/SDRBENCH-CESM-ATM-26x1800x3600/CONCLD_1_26_1800_3600.f32
  Dims: 3600x1800x26
  Elements: 168480000
  Target Ratio: 4.00
  Mode: outlier
  Sample Rate: 1000
Data Range: 0.490213
Warming up GPU...
Warmup complete.
Starting Profiling...
  Profiling Time: 0.749 ms
  Selected AbsEB: 3.921703e-06 (RelEB: 8.000000e-06)
  Estimated Ratio: 4.08 (Target: 4.00)
Starting Compression...
  Compression Time: 2.698 ms
  Compressed Size: 166609607
  Achieved Ratio: 4.04
Throughput Statistics:
  Profiling Throughput:    900.23 GB/s
  Compression Throughput:  249.81 GB/s
  Total (Prof+Comp) Thrpt: 195.55 GB/s
Starting Decompression...
  Decompression Time: 1.729 ms
  Decompression Throughput: 389.86 GB/s
Verification Results:
  Max Error: 3.933907e-06
  PSNR: 109.61 dB
  Compliance: PASS
BENCH_START:CESM:CONCLD_1_26_1800_3600.f32:outlier:6.0
Configuration:
  Input File: /scratch/bfrq/bzhang28/SDRBENCH-CESM-ATM-26x1800x3600/CONCLD_1_26_1800_3600.f32
  Dims: 3600x1800x26
  Elements: 168480000
  Target Ratio: 6.00
  Mode: outlier
  Sample Rate: 1000
Data Range: 0.490213
Warming up GPU...
Warmup complete.
Starting Profiling...
  Profiling Time: 0.755 ms
  Selected AbsEB: 4.608001e-05 (RelEB: 9.400000e-05)
  Estimated Ratio: 6.00 (Target: 6.00)
Starting Compression...
  Compression Time: 2.288 ms
  Compressed Size: 113498837
  Achieved Ratio: 5.94
Throughput Statistics:
  Profiling Throughput:    892.98 GB/s
  Compression Throughput:  294.54 GB/s
  Total (Prof+Comp) Thrpt: 221.49 GB/s
Starting Decompression...
  Decompression Time: 1.487 ms
  Decompression Throughput: 453.31 GB/s
Verification Results:
  Max Error: 4.610419e-05
  PSNR: 88.27 dB
  Compliance: PASS
BENCH_START:CESM:CONCLD_1_26_1800_3600.f32:outlier:8.0
Configuration:
  Input File: /scratch/bfrq/bzhang28/SDRBENCH-CESM-ATM-26x1800x3600/CONCLD_1_26_1800_3600.f32
  Dims: 3600x1800x26
  Elements: 168480000
  Target Ratio: 8.00
  Mode: outlier
  Sample Rate: 1000
Data Range: 0.490213
Warming up GPU...
Warmup complete.
Starting Profiling...
  Profiling Time: 0.766 ms
  Selected AbsEB: 1.960852e-04 (RelEB: 4.000000e-04)
  Estimated Ratio: 8.12 (Target: 8.00)
Starting Compression...
  Compression Time: 2.146 ms
  Compressed Size: 84287759
  Achieved Ratio: 8.00
Throughput Statistics:
  Profiling Throughput:    879.37 GB/s
  Compression Throughput:  314.04 GB/s
  Total (Prof+Comp) Thrpt: 231.40 GB/s
Starting Decompression...
  Decompression Time: 1.383 ms
  Decompression Throughput: 487.26 GB/s
Verification Results:
  Max Error: 1.960993e-04
  PSNR: 75.82 dB
  Compliance: PASS
BENCH_START:CESM:CONCLD_1_26_1800_3600.f32:plain:4.0
Configuration:
  Input File: /scratch/bfrq/bzhang28/SDRBENCH-CESM-ATM-26x1800x3600/CONCLD_1_26_1800_3600.f32
  Dims: 3600x1800x26
  Elements: 168480000
  Target Ratio: 4.00
  Mode: plain
  Sample Rate: 1000
Data Range: 0.490213
Warming up GPU...
Warmup complete.
Starting Profiling...
  Profiling Time: 0.757 ms
  Selected AbsEB: 3.921703e-06 (RelEB: 8.000000e-06)
  Estimated Ratio: 4.02 (Target: 4.00)
Starting Compression...
  Compression Time: 2.469 ms
  Compressed Size: 169061424
  Achieved Ratio: 3.99
Throughput Statistics:
  Profiling Throughput:    890.60 GB/s
  Compression Throughput:  272.97 GB/s
  Total (Prof+Comp) Thrpt: 208.93 GB/s
Starting Decompression...
  Decompression Time: 1.276 ms
  Decompression Throughput: 528.20 GB/s
Verification Results:
  Max Error: 3.933907e-06
  PSNR: 109.61 dB
  Compliance: PASS
BENCH_START:CESM:CONCLD_1_26_1800_3600.f32:plain:6.0
Configuration:
  Input File: /scratch/bfrq/bzhang28/SDRBENCH-CESM-ATM-26x1800x3600/CONCLD_1_26_1800_3600.f32
  Dims: 3600x1800x26
  Elements: 168480000
  Target Ratio: 6.00
  Mode: plain
  Sample Rate: 1000
Data Range: 0.490213
Warming up GPU...
Warmup complete.
Starting Profiling...
  Profiling Time: 0.736 ms
  Selected AbsEB: 5.392342e-05 (RelEB: 1.100000e-04)
  Estimated Ratio: 6.04 (Target: 6.00)
Starting Compression...
  Compression Time: 2.095 ms
  Compressed Size: 112788736
  Achieved Ratio: 5.98
Throughput Statistics:
  Profiling Throughput:    915.73 GB/s
  Compression Throughput:  321.71 GB/s
  Total (Prof+Comp) Thrpt: 238.07 GB/s
Starting Decompression...
  Decompression Time: 1.105 ms
  Decompression Throughput: 610.08 GB/s
Verification Results:
  Max Error: 5.397201e-05
  PSNR: 86.92 dB
  Compliance: PASS
BENCH_START:CESM:CONCLD_1_26_1800_3600.f32:plain:8.0
Configuration:
  Input File: /scratch/bfrq/bzhang28/SDRBENCH-CESM-ATM-26x1800x3600/CONCLD_1_26_1800_3600.f32
  Dims: 3600x1800x26
  Elements: 168480000
  Target Ratio: 8.00
  Mode: plain
  Sample Rate: 1000
Data Range: 0.490213
Warming up GPU...
Warmup complete.
Starting Profiling...
  Profiling Time: 0.751 ms
  Selected AbsEB: 2.107915e-04 (RelEB: 4.300000e-04)
  Estimated Ratio: 8.00 (Target: 8.00)
Starting Compression...
  Compression Time: 2.134 ms
  Compressed Size: 85372472
  Achieved Ratio: 7.89
Throughput Statistics:
  Profiling Throughput:    897.58 GB/s
  Compression Throughput:  315.80 GB/s
  Total (Prof+Comp) Thrpt: 233.61 GB/s
Starting Decompression...
  Decompression Time: 1.007 ms
  Decompression Throughput: 669.44 GB/s
Verification Results:
  Max Error: 2.107918e-04
  PSNR: 75.20 dB
  Compliance: PASS
BENCH_START:CESM:DCQ_1_26_1800_3600.f32:outlier:4.0
Configuration:
  Input File: /scratch/bfrq/bzhang28/SDRBENCH-CESM-ATM-26x1800x3600/DCQ_1_26_1800_3600.f32
  Dims: 3600x1800x26
  Elements: 168480000
  Target Ratio: 4.00
  Mode: outlier
  Sample Rate: 1000
Data Range: 0.000000
Warming up GPU...
Warmup complete.
Starting Profiling...
  Profiling Time: 0.755 ms
  Selected AbsEB: 1.114277e-12 (RelEB: 4.000000e-06)
  Estimated Ratio: 4.14 (Target: 4.00)
Starting Compression...
  Compression Time: 2.634 ms
  Compressed Size: 163227118
  Achieved Ratio: 4.13
Throughput Statistics:
  Profiling Throughput:    893.17 GB/s
  Compression Throughput:  255.85 GB/s
  Total (Prof+Comp) Thrpt: 198.88 GB/s
Starting Decompression...
  Decompression Time: 1.750 ms
  Decompression Throughput: 384.99 GB/s
Verification Results:
  Max Error: 1.122658e-12
  PSNR: 114.53 dB
  Compliance: PASS
BENCH_START:CESM:DCQ_1_26_1800_3600.f32:outlier:6.0
Configuration:
  Input File: /scratch/bfrq/bzhang28/SDRBENCH-CESM-ATM-26x1800x3600/DCQ_1_26_1800_3600.f32
  Dims: 3600x1800x26
  Elements: 168480000
  Target Ratio: 6.00
  Mode: outlier
  Sample Rate: 1000
Data Range: 0.000000
Warming up GPU...
Warmup complete.
Starting Profiling...
  Profiling Time: 0.757 ms
  Selected AbsEB: 1.114276e-11 (RelEB: 4.000000e-05)
  Estimated Ratio: 6.06 (Target: 6.00)
Starting Compression...
  Compression Time: 2.491 ms
  Compressed Size: 111283311
  Achieved Ratio: 6.06
Throughput Statistics:
  Profiling Throughput:    890.34 GB/s
  Compression Throughput:  270.54 GB/s
  Total (Prof+Comp) Thrpt: 207.49 GB/s
Starting Decompression...
  Decompression Time: 1.658 ms
  Decompression Throughput: 406.35 GB/s
Verification Results:
  Max Error: 1.114842e-11
  PSNR: 94.97 dB
  Compliance: PASS
BENCH_START:CESM:DCQ_1_26_1800_3600.f32:outlier:8.0
Configuration:
  Input File: /scratch/bfrq/bzhang28/SDRBENCH-CESM-ATM-26x1800x3600/DCQ_1_26_1800_3600.f32
  Dims: 3600x1800x26
  Elements: 168480000
  Target Ratio: 8.00
  Mode: outlier
  Sample Rate: 1000
Data Range: 0.000000
Warming up GPU...
Warmup complete.
Starting Profiling...
  Profiling Time: 0.746 ms
  Selected AbsEB: 4.457106e-11 (RelEB: 1.600000e-04)
  Estimated Ratio: 8.06 (Target: 8.00)
Starting Compression...
  Compression Time: 2.305 ms
  Compressed Size: 83878545
  Achieved Ratio: 8.03
Throughput Statistics:
  Profiling Throughput:    903.24 GB/s
  Compression Throughput:  292.40 GB/s
  Total (Prof+Comp) Thrpt: 220.89 GB/s
Starting Decompression...
  Decompression Time: 1.512 ms
  Decompression Throughput: 445.70 GB/s
Verification Results:
  Max Error: 4.457235e-11
  PSNR: 83.33 dB
  Compliance: PASS
BENCH_START:CESM:DCQ_1_26_1800_3600.f32:plain:4.0
Configuration:
  Input File: /scratch/bfrq/bzhang28/SDRBENCH-CESM-ATM-26x1800x3600/DCQ_1_26_1800_3600.f32
  Dims: 3600x1800x26
  Elements: 168480000
  Target Ratio: 4.00
  Mode: plain
  Sample Rate: 1000
Data Range: 0.000000
Warming up GPU...
Warmup complete.
Starting Profiling...
  Profiling Time: 0.732 ms
  Selected AbsEB: 1.114277e-12 (RelEB: 4.000000e-06)
  Estimated Ratio: 4.07 (Target: 4.00)
Starting Compression...
  Compression Time: 2.523 ms
  Compressed Size: 165931976
  Achieved Ratio: 4.06
Throughput Statistics:
  Profiling Throughput:    921.02 GB/s
  Compression Throughput:  267.10 GB/s
  Total (Prof+Comp) Thrpt: 207.05 GB/s
Starting Decompression...
  Decompression Time: 1.354 ms
  Decompression Throughput: 497.64 GB/s
Verification Results:
  Max Error: 1.122658e-12
  PSNR: 114.53 dB
  Compliance: PASS
BENCH_START:CESM:DCQ_1_26_1800_3600.f32:plain:6.0
Configuration:
  Input File: /scratch/bfrq/bzhang28/SDRBENCH-CESM-ATM-26x1800x3600/DCQ_1_26_1800_3600.f32
  Dims: 3600x1800x26
  Elements: 168480000
  Target Ratio: 6.00
  Mode: plain
  Sample Rate: 1000
Data Range: 0.000000
Warming up GPU...
Warmup complete.
Starting Profiling...
  Profiling Time: 0.738 ms
  Selected AbsEB: 1.253561e-11 (RelEB: 4.500000e-05)
  Estimated Ratio: 6.04 (Target: 6.00)
Starting Compression...
  Compression Time: 2.178 ms
  Compressed Size: 111558072
  Achieved Ratio: 6.04
Throughput Statistics:
  Profiling Throughput:    912.76 GB/s
  Compression Throughput:  309.41 GB/s
  Total (Prof+Comp) Thrpt: 231.08 GB/s
Starting Decompression...
  Decompression Time: 1.096 ms
  Decompression Throughput: 615.14 GB/s
Verification Results:
  Max Error: 1.254108e-11
  PSNR: 93.98 dB
  Compliance: PASS
BENCH_START:CESM:DCQ_1_26_1800_3600.f32:plain:8.0
Configuration:
  Input File: /scratch/bfrq/bzhang28/SDRBENCH-CESM-ATM-26x1800x3600/DCQ_1_26_1800_3600.f32
  Dims: 3600x1800x26
  Elements: 168480000
  Target Ratio: 8.00
  Mode: plain
  Sample Rate: 1000
Data Range: 0.000000
Warming up GPU...
Warmup complete.
Starting Profiling...
  Profiling Time: 0.774 ms
  Selected AbsEB: 5.292814e-11 (RelEB: 1.900000e-04)
  Estimated Ratio: 8.08 (Target: 8.00)
Starting Compression...
  Compression Time: 1.949 ms
  Compressed Size: 83434328
  Achieved Ratio: 8.08
Throughput Statistics:
  Profiling Throughput:    871.26 GB/s
  Compression Throughput:  345.74 GB/s
  Total (Prof+Comp) Thrpt: 247.52 GB/s
Starting Decompression...
  Decompression Time: 0.956 ms
  Decompression Throughput: 704.77 GB/s
Verification Results:
  Max Error: 5.292833e-11
  PSNR: 81.88 dB
  Compliance: PASS
BENCH_START:CESM:DTCOND_1_26_1800_3600.f32:outlier:4.0
Configuration:
  Input File: /scratch/bfrq/bzhang28/SDRBENCH-CESM-ATM-26x1800x3600/DTCOND_1_26_1800_3600.f32
  Dims: 3600x1800x26
  Elements: 168480000
  Target Ratio: 4.00
  Mode: outlier
  Sample Rate: 1000
Data Range: 0.000582
Warming up GPU...
Warmup complete.
Starting Profiling...
  Profiling Time: 0.788 ms
  Selected AbsEB: 4.656882e-09 (RelEB: 8.000000e-06)
  Estimated Ratio: 4.22 (Target: 4.00)
Starting Compression...
  Compression Time: 2.655 ms
  Compressed Size: 160401453
  Achieved Ratio: 4.20
Throughput Statistics:
  Profiling Throughput:    855.68 GB/s
  Compression Throughput:  253.86 GB/s
  Total (Prof+Comp) Thrpt: 195.78 GB/s
Starting Decompression...
  Decompression Time: 1.771 ms
  Decompression Throughput: 380.52 GB/s
Verification Results:
  Max Error: 4.671165e-09
  PSNR: 108.44 dB
  Compliance: PASS
BENCH_START:CESM:DTCOND_1_26_1800_3600.f32:outlier:6.0
Configuration:
  Input File: /scratch/bfrq/bzhang28/SDRBENCH-CESM-ATM-26x1800x3600/DTCOND_1_26_1800_3600.f32
  Dims: 3600x1800x26
  Elements: 168480000
  Target Ratio: 6.00
  Mode: outlier
  Sample Rate: 1000
Data Range: 0.000582
Warming up GPU...
Warmup complete.
Starting Profiling...
  Profiling Time: 0.775 ms
  Selected AbsEB: 3.725506e-08 (RelEB: 6.400000e-05)
  Estimated Ratio: 6.06 (Target: 6.00)
Starting Compression...
  Compression Time: 2.516 ms
  Compressed Size: 111862759
  Achieved Ratio: 6.02
Throughput Statistics:
  Profiling Throughput:    869.17 GB/s
  Compression Throughput:  267.89 GB/s
  Total (Prof+Comp) Thrpt: 204.77 GB/s
Starting Decompression...
  Decompression Time: 1.758 ms
  Decompression Throughput: 383.42 GB/s
Verification Results:
  Max Error: 3.726745e-08
  PSNR: 90.70 dB
  Compliance: PASS
BENCH_START:CESM:DTCOND_1_26_1800_3600.f32:outlier:8.0
Configuration:
  Input File: /scratch/bfrq/bzhang28/SDRBENCH-CESM-ATM-26x1800x3600/DTCOND_1_26_1800_3600.f32
  Dims: 3600x1800x26
  Elements: 168480000
  Target Ratio: 8.00
  Mode: outlier
  Sample Rate: 1000
Data Range: 0.000582
Warming up GPU...
Warmup complete.
Starting Profiling...
  Profiling Time: 0.752 ms
  Selected AbsEB: 1.455276e-07 (RelEB: 2.500000e-04)
  Estimated Ratio: 8.14 (Target: 8.00)
Starting Compression...
  Compression Time: 2.250 ms
  Compressed Size: 83142089
  Achieved Ratio: 8.11
Throughput Statistics:
  Profiling Throughput:    895.94 GB/s
  Compression Throughput:  299.56 GB/s
  Total (Prof+Comp) Thrpt: 224.50 GB/s
Starting Decompression...
  Decompression Time: 1.509 ms
  Decompression Throughput: 446.63 GB/s
Verification Results:
  Max Error: 1.455337e-07
  PSNR: 79.19 dB
  Compliance: PASS
BENCH_START:CESM:DTCOND_1_26_1800_3600.f32:plain:4.0
Configuration:
  Input File: /scratch/bfrq/bzhang28/SDRBENCH-CESM-ATM-26x1800x3600/DTCOND_1_26_1800_3600.f32
  Dims: 3600x1800x26
  Elements: 168480000
  Target Ratio: 4.00
  Mode: plain
  Sample Rate: 1000
Data Range: 0.000582
Warming up GPU...
Warmup complete.
Starting Profiling...
  Profiling Time: 0.744 ms
  Selected AbsEB: 4.656882e-09 (RelEB: 8.000000e-06)
  Estimated Ratio: 4.15 (Target: 4.00)
Starting Compression...
  Compression Time: 2.341 ms
  Compressed Size: 163207032
  Achieved Ratio: 4.13
Throughput Statistics:
  Profiling Throughput:    906.27 GB/s
  Compression Throughput:  287.88 GB/s
  Total (Prof+Comp) Thrpt: 218.48 GB/s
Starting Decompression...
  Decompression Time: 1.289 ms
  Decompression Throughput: 522.94 GB/s
Verification Results:
  Max Error: 4.671165e-09
  PSNR: 108.44 dB
  Compliance: PASS
BENCH_START:CESM:DTCOND_1_26_1800_3600.f32:plain:6.0
Configuration:
  Input File: /scratch/bfrq/bzhang28/SDRBENCH-CESM-ATM-26x1800x3600/DTCOND_1_26_1800_3600.f32
  Dims: 3600x1800x26
  Elements: 168480000
  Target Ratio: 6.00
  Mode: plain
  Sample Rate: 1000
Data Range: 0.000582
Warming up GPU...
Warmup complete.
Starting Profiling...
  Profiling Time: 0.747 ms
  Selected AbsEB: 4.074772e-08 (RelEB: 7.000000e-05)
  Estimated Ratio: 6.00 (Target: 6.00)
Starting Compression...
  Compression Time: 2.102 ms
  Compressed Size: 112770328
  Achieved Ratio: 5.98
Throughput Statistics:
  Profiling Throughput:    902.20 GB/s
  Compression Throughput:  320.56 GB/s
  Total (Prof+Comp) Thrpt: 236.52 GB/s
Starting Decompression...
  Decompression Time: 1.104 ms
  Decompression Throughput: 610.61 GB/s
Verification Results:
  Max Error: 4.075991e-08
  PSNR: 89.95 dB
  Compliance: PASS
BENCH_START:CESM:DTCOND_1_26_1800_3600.f32:plain:8.0
Configuration:
  Input File: /scratch/bfrq/bzhang28/SDRBENCH-CESM-ATM-26x1800x3600/DTCOND_1_26_1800_3600.f32
  Dims: 3600x1800x26
  Elements: 168480000
  Target Ratio: 8.00
  Mode: plain
  Sample Rate: 1000
Data Range: 0.000582
Warming up GPU...
Warmup complete.
Starting Profiling...
  Profiling Time: 0.758 ms
  Selected AbsEB: 1.629909e-07 (RelEB: 2.800000e-04)
  Estimated Ratio: 8.08 (Target: 8.00)
Starting Compression...
  Compression Time: 2.005 ms
  Compressed Size: 83736304
  Achieved Ratio: 8.05
Throughput Statistics:
  Profiling Throughput:    889.51 GB/s
  Compression Throughput:  336.05 GB/s
  Total (Prof+Comp) Thrpt: 243.91 GB/s
Starting Decompression...
  Decompression Time: 0.997 ms
  Decompression Throughput: 675.87 GB/s
Verification Results:
  Max Error: 1.629960e-07
  PSNR: 78.24 dB
  Compliance: PASS
BENCH_START:CESM:DTV_1_26_1800_3600.f32:outlier:4.0
Configuration:
  Input File: /scratch/bfrq/bzhang28/SDRBENCH-CESM-ATM-26x1800x3600/DTV_1_26_1800_3600.f32
  Dims: 3600x1800x26
  Elements: 168480000
  Target Ratio: 4.00
  Mode: outlier
  Sample Rate: 1000
Data Range: 0.001464
Warming up GPU...
Warmup complete.
Starting Profiling...
  Profiling Time: 0.760 ms
  Selected AbsEB: 2.928068e-09 (RelEB: 2.000000e-06)
  Estimated Ratio: 4.33 (Target: 4.00)
Starting Compression...
  Compression Time: 2.738 ms
  Compressed Size: 156411515
  Achieved Ratio: 4.31
Throughput Statistics:
  Profiling Throughput:    887.19 GB/s
  Compression Throughput:  246.11 GB/s
  Total (Prof+Comp) Thrpt: 192.66 GB/s
Starting Decompression...
  Decompression Time: 1.904 ms
  Decompression Throughput: 353.92 GB/s
Verification Results:
  Max Error: 2.968591e-09
  PSNR: 118.63 dB
  Compliance: PASS
BENCH_START:CESM:DTV_1_26_1800_3600.f32:outlier:6.0
Configuration:
  Input File: /scratch/bfrq/bzhang28/SDRBENCH-CESM-ATM-26x1800x3600/DTV_1_26_1800_3600.f32
  Dims: 3600x1800x26
  Elements: 168480000
  Target Ratio: 6.00
  Mode: outlier
  Sample Rate: 1000
Data Range: 0.001464
Warming up GPU...
Warmup complete.
Starting Profiling...
  Profiling Time: 0.763 ms
  Selected AbsEB: 1.464034e-08 (RelEB: 1.000000e-05)
  Estimated Ratio: 6.03 (Target: 6.00)
Starting Compression...
  Compression Time: 2.346 ms
  Compressed Size: 111974679
  Achieved Ratio: 6.02
Throughput Statistics:
  Profiling Throughput:    883.57 GB/s
  Compression Throughput:  287.25 GB/s
  Total (Prof+Comp) Thrpt: 216.78 GB/s
Starting Decompression...
  Decompression Time: 1.642 ms
  Decompression Throughput: 410.47 GB/s
Verification Results:
  Max Error: 1.466833e-08
  PSNR: 104.27 dB
  Compliance: PASS
BENCH_START:CESM:DTV_1_26_1800_3600.f32:outlier:8.0
Configuration:
  Input File: /scratch/bfrq/bzhang28/SDRBENCH-CESM-ATM-26x1800x3600/DTV_1_26_1800_3600.f32
  Dims: 3600x1800x26
  Elements: 168480000
  Target Ratio: 8.00
  Mode: outlier
  Sample Rate: 1000
Data Range: 0.001464
Warming up GPU...
Warmup complete.
Starting Profiling...
  Profiling Time: 0.745 ms
  Selected AbsEB: 3.660085e-08 (RelEB: 2.500000e-05)
  Estimated Ratio: 8.14 (Target: 8.00)
Starting Compression...
  Compression Time: 2.292 ms
  Compressed Size: 83517413
  Achieved Ratio: 8.07
Throughput Statistics:
  Profiling Throughput:    905.18 GB/s
  Compression Throughput:  294.06 GB/s
  Total (Prof+Comp) Thrpt: 221.95 GB/s
Starting Decompression...
  Decompression Time: 1.535 ms
  Decompression Throughput: 439.02 GB/s
Verification Results:
  Max Error: 3.661262e-08
  PSNR: 97.43 dB
  Compliance: PASS
BENCH_START:CESM:DTV_1_26_1800_3600.f32:plain:4.0
Configuration:
  Input File: /scratch/bfrq/bzhang28/SDRBENCH-CESM-ATM-26x1800x3600/DTV_1_26_1800_3600.f32
  Dims: 3600x1800x26
  Elements: 168480000
  Target Ratio: 4.00
  Mode: plain
  Sample Rate: 1000
Data Range: 0.001464
Warming up GPU...
Warmup complete.
Starting Profiling...
  Profiling Time: 0.761 ms
  Selected AbsEB: 2.928068e-09 (RelEB: 2.000000e-06)
  Estimated Ratio: 4.18 (Target: 4.00)
Starting Compression...
  Compression Time: 2.610 ms
  Compressed Size: 162043096
  Achieved Ratio: 4.16
Throughput Statistics:
  Profiling Throughput:    885.17 GB/s
  Compression Throughput:  258.25 GB/s
  Total (Prof+Comp) Thrpt: 199.92 GB/s
Starting Decompression...
  Decompression Time: 1.374 ms
  Decompression Throughput: 490.45 GB/s
Verification Results:
  Max Error: 2.968591e-09
  PSNR: 118.63 dB
  Compliance: PASS
BENCH_START:CESM:DTV_1_26_1800_3600.f32:plain:6.0
Configuration:
  Input File: /scratch/bfrq/bzhang28/SDRBENCH-CESM-ATM-26x1800x3600/DTV_1_26_1800_3600.f32
  Dims: 3600x1800x26
  Elements: 168480000
  Target Ratio: 6.00
  Mode: plain
  Sample Rate: 1000
Data Range: 0.001464
Warming up GPU...
Warmup complete.
Starting Profiling...
  Profiling Time: 0.752 ms
  Selected AbsEB: 2.196051e-08 (RelEB: 1.500000e-05)
  Estimated Ratio: 6.46 (Target: 6.00)
Starting Compression...
  Compression Time: 2.198 ms
  Compressed Size: 105031848
  Achieved Ratio: 6.42
Throughput Statistics:
  Profiling Throughput:    895.90 GB/s
  Compression Throughput:  306.60 GB/s
  Total (Prof+Comp) Thrpt: 228.43 GB/s
Starting Decompression...
  Decompression Time: 1.247 ms
  Decompression Throughput: 540.51 GB/s
Verification Results:
  Max Error: 2.200250e-08
  PSNR: 100.73 dB
  Compliance: PASS
BENCH_START:CESM:DTV_1_26_1800_3600.f32:plain:8.0
Configuration:
  Input File: /scratch/bfrq/bzhang28/SDRBENCH-CESM-ATM-26x1800x3600/DTV_1_26_1800_3600.f32
  Dims: 3600x1800x26
  Elements: 168480000
  Target Ratio: 8.00
  Mode: plain
  Sample Rate: 1000
Data Range: 0.001464
Warming up GPU...
Warmup complete.
Starting Profiling...
  Profiling Time: 0.765 ms
  Selected AbsEB: 3.660085e-08 (RelEB: 2.500000e-05)
  Estimated Ratio: 8.03 (Target: 8.00)
Starting Compression...
  Compression Time: 2.055 ms
  Compressed Size: 84775408
  Achieved Ratio: 7.95
Throughput Statistics:
  Profiling Throughput:    881.36 GB/s
  Compression Throughput:  327.96 GB/s
  Total (Prof+Comp) Thrpt: 239.02 GB/s
Starting Decompression...
  Decompression Time: 1.079 ms
  Decompression Throughput: 624.41 GB/s
Verification Results:
  Max Error: 3.661262e-08
  PSNR: 97.43 dB
  Compliance: PASS
BENCH_START:CESM:FICE_1_26_1800_3600.f32:outlier:4.0
Configuration:
  Input File: /scratch/bfrq/bzhang28/SDRBENCH-CESM-ATM-26x1800x3600/FICE_1_26_1800_3600.f32
  Dims: 3600x1800x26
  Elements: 168480000
  Target Ratio: 4.00
  Mode: outlier
  Sample Rate: 1000
Data Range: 1.000000
Warming up GPU...
Warmup complete.
Starting Profiling...
  Profiling Time: 0.776 ms
  Selected AbsEB: 2.000000e-05 (RelEB: 2.000000e-05)
  Estimated Ratio: 4.09 (Target: 4.00)
Starting Compression...
  Compression Time: 2.808 ms
  Compressed Size: 164719780
  Achieved Ratio: 4.09
Throughput Statistics:
  Profiling Throughput:    868.53 GB/s
  Compression Throughput:  239.98 GB/s
  Total (Prof+Comp) Thrpt: 188.03 GB/s
Starting Decompression...
  Decompression Time: 2.065 ms
  Decompression Throughput: 326.42 GB/s
Verification Results:
  Max Error: 2.002716e-05
  PSNR: 102.82 dB
  Compliance: PASS
BENCH_START:CESM:FICE_1_26_1800_3600.f32:outlier:6.0
Configuration:
  Input File: /scratch/bfrq/bzhang28/SDRBENCH-CESM-ATM-26x1800x3600/FICE_1_26_1800_3600.f32
  Dims: 3600x1800x26
  Elements: 168480000
  Target Ratio: 6.00
  Mode: outlier
  Sample Rate: 1000
Data Range: 1.000000
Warming up GPU...
Warmup complete.
Starting Profiling...
  Profiling Time: 0.746 ms
  Selected AbsEB: 4.900000e-04 (RelEB: 4.900000e-04)
  Estimated Ratio: 6.06 (Target: 6.00)
Starting Compression...
  Compression Time: 2.520 ms
  Compressed Size: 110907385
  Achieved Ratio: 6.08
Throughput Statistics:
  Profiling Throughput:    903.86 GB/s
  Compression Throughput:  267.47 GB/s
  Total (Prof+Comp) Thrpt: 206.39 GB/s
Starting Decompression...
  Decompression Time: 1.666 ms
  Decompression Throughput: 404.47 GB/s
Verification Results:
  Max Error: 4.900098e-04
  PSNR: 69.81 dB
  Compliance: PASS
BENCH_START:CESM:FICE_1_26_1800_3600.f32:outlier:8.0
Configuration:
  Input File: /scratch/bfrq/bzhang28/SDRBENCH-CESM-ATM-26x1800x3600/FICE_1_26_1800_3600.f32
  Dims: 3600x1800x26
  Elements: 168480000
  Target Ratio: 8.00
  Mode: outlier
  Sample Rate: 1000
Data Range: 1.000000
Warming up GPU...
Warmup complete.
Starting Profiling...
  Profiling Time: 0.754 ms
  Selected AbsEB: 2.200000e-03 (RelEB: 2.200000e-03)
  Estimated Ratio: 8.07 (Target: 8.00)
Starting Compression...
  Compression Time: 2.307 ms
  Compressed Size: 83233942
  Achieved Ratio: 8.10
Throughput Statistics:
  Profiling Throughput:    893.51 GB/s
  Compression Throughput:  292.11 GB/s
  Total (Prof+Comp) Thrpt: 220.14 GB/s
Starting Decompression...
  Decompression Time: 1.874 ms
  Decompression Throughput: 359.67 GB/s
Verification Results:
  Max Error: 2.200067e-03
  PSNR: 58.99 dB
  Compliance: PASS
BENCH_START:CESM:FICE_1_26_1800_3600.f32:plain:4.0
Configuration:
  Input File: /scratch/bfrq/bzhang28/SDRBENCH-CESM-ATM-26x1800x3600/FICE_1_26_1800_3600.f32
  Dims: 3600x1800x26
  Elements: 168480000
  Target Ratio: 4.00
  Mode: plain
  Sample Rate: 1000
Data Range: 1.000000
Warming up GPU...
Warmup complete.
Starting Profiling...
  Profiling Time: 0.755 ms
  Selected AbsEB: 2.200000e-03 (RelEB: 2.200000e-03)
  Estimated Ratio: 4.03 (Target: 4.00)
Starting Compression...
  Compression Time: 2.194 ms
  Compressed Size: 167161824
  Achieved Ratio: 4.03
Throughput Statistics:
  Profiling Throughput:    892.52 GB/s
  Compression Throughput:  307.11 GB/s
  Total (Prof+Comp) Thrpt: 228.49 GB/s
Starting Decompression...
  Decompression Time: 1.222 ms
  Decompression Throughput: 551.37 GB/s
Verification Results:
  Max Error: 2.200067e-03
  PSNR: 58.99 dB
  Compliance: PASS
BENCH_START:CESM:FICE_1_26_1800_3600.f32:plain:6.0
Configuration:
  Input File: /scratch/bfrq/bzhang28/SDRBENCH-CESM-ATM-26x1800x3600/FICE_1_26_1800_3600.f32
  Dims: 3600x1800x26
  Elements: 168480000
  Target Ratio: 6.00
  Mode: plain
  Sample Rate: 1000
Data Range: 1.000000
Warming up GPU...
Warmup complete.
Starting Profiling...
  Profiling Time: 0.732 ms
  Selected AbsEB: 1.600000e-02 (RelEB: 1.600000e-02)
  Estimated Ratio: 6.07 (Target: 6.00)
Starting Compression...
  Compression Time: 2.263 ms
  Compressed Size: 111102928
  Achieved Ratio: 6.07
Throughput Statistics:
  Profiling Throughput:    920.78 GB/s
  Compression Throughput:  297.79 GB/s
  Total (Prof+Comp) Thrpt: 225.02 GB/s
Starting Decompression...
  Decompression Time: 1.104 ms
  Decompression Throughput: 610.45 GB/s
Verification Results:
  Max Error: 1.600003e-02
  PSNR: 42.33 dB
  Compliance: PASS
BENCH_START:CESM:FICE_1_26_1800_3600.f32:plain:8.0
Configuration:
  Input File: /scratch/bfrq/bzhang28/SDRBENCH-CESM-ATM-26x1800x3600/FICE_1_26_1800_3600.f32
  Dims: 3600x1800x26
  Elements: 168480000
  Target Ratio: 8.00
  Mode: plain
  Sample Rate: 1000
Data Range: 1.000000
Warming up GPU...
Warmup complete.
Starting Profiling...
  Profiling Time: 0.742 ms
  Selected AbsEB: 6.700000e-02 (RelEB: 6.700000e-02)
  Estimated Ratio: 9.14 (Target: 8.00)
Starting Compression...
  Compression Time: 2.162 ms
  Compressed Size: 73828952
  Achieved Ratio: 9.13
Throughput Statistics:
  Profiling Throughput:    908.19 GB/s
  Compression Throughput:  311.68 GB/s
  Total (Prof+Comp) Thrpt: 232.05 GB/s
Starting Decompression...
  Decompression Time: 1.002 ms
  Decompression Throughput: 672.59 GB/s
Verification Results:
  Max Error: 6.700003e-02
  PSNR: 26.14 dB
  Compliance: PASS
BENCH_START:CESM:GCLDLWP_1_26_1800_3600.f32:outlier:4.0
Configuration:
  Input File: /scratch/bfrq/bzhang28/SDRBENCH-CESM-ATM-26x1800x3600/GCLDLWP_1_26_1800_3600.f32
  Dims: 3600x1800x26
  Elements: 168480000
  Target Ratio: 4.00
  Mode: outlier
  Sample Rate: 1000
Data Range: 167.311600
Warming up GPU...
Warmup complete.
Starting Profiling...
  Profiling Time: 0.750 ms
  Selected AbsEB: 2.509674e-03 (RelEB: 1.500000e-05)
  Estimated Ratio: 4.18 (Target: 4.00)
Starting Compression...
  Compression Time: 2.666 ms
  Compressed Size: 161545177
  Achieved Ratio: 4.17
Throughput Statistics:
  Profiling Throughput:    898.89 GB/s
  Compression Throughput:  252.74 GB/s
  Total (Prof+Comp) Thrpt: 197.27 GB/s
Starting Decompression...
  Decompression Time: 1.845 ms
  Decompression Throughput: 365.32 GB/s
Verification Results:
  Max Error: 2.517700e-03
  PSNR: 103.18 dB
  Compliance: PASS
BENCH_START:CESM:GCLDLWP_1_26_1800_3600.f32:outlier:6.0
Configuration:
  Input File: /scratch/bfrq/bzhang28/SDRBENCH-CESM-ATM-26x1800x3600/GCLDLWP_1_26_1800_3600.f32
  Dims: 3600x1800x26
  Elements: 168480000
  Target Ratio: 6.00
  Mode: outlier
  Sample Rate: 1000
Data Range: 167.311600
Warming up GPU...
Warmup complete.
Starting Profiling...
  Profiling Time: 0.744 ms
  Selected AbsEB: 2.676986e-02 (RelEB: 1.600000e-04)
  Estimated Ratio: 6.25 (Target: 6.00)
Starting Compression...
  Compression Time: 2.611 ms
  Compressed Size: 108149674
  Achieved Ratio: 6.23
Throughput Statistics:
  Profiling Throughput:    905.46 GB/s
  Compression Throughput:  258.13 GB/s
  Total (Prof+Comp) Thrpt: 200.86 GB/s
Starting Decompression...
  Decompression Time: 1.773 ms
  Decompression Throughput: 380.06 GB/s
Verification Results:
  Max Error: 2.677536e-02
  PSNR: 82.78 dB
  Compliance: PASS
BENCH_START:CESM:GCLDLWP_1_26_1800_3600.f32:outlier:8.0
Configuration:
  Input File: /scratch/bfrq/bzhang28/SDRBENCH-CESM-ATM-26x1800x3600/GCLDLWP_1_26_1800_3600.f32
  Dims: 3600x1800x26
  Elements: 168480000
  Target Ratio: 8.00
  Mode: outlier
  Sample Rate: 1000
Data Range: 167.311600
Warming up GPU...
Warmup complete.
Starting Profiling...
  Profiling Time: 0.758 ms
  Selected AbsEB: 8.700203e-02 (RelEB: 5.200000e-04)
  Estimated Ratio: 8.05 (Target: 8.00)
Starting Compression...
  Compression Time: 2.341 ms
  Compressed Size: 83791733
  Achieved Ratio: 8.04
Throughput Statistics:
  Profiling Throughput:    889.58 GB/s
  Compression Throughput:  287.91 GB/s
  Total (Prof+Comp) Thrpt: 217.51 GB/s
Starting Decompression...
  Decompression Time: 1.644 ms
  Decompression Throughput: 409.81 GB/s
Verification Results:
  Max Error: 8.700562e-02
  PSNR: 72.79 dB
  Compliance: PASS
BENCH_START:CESM:GCLDLWP_1_26_1800_3600.f32:plain:4.0
Configuration:
  Input File: /scratch/bfrq/bzhang28/SDRBENCH-CESM-ATM-26x1800x3600/GCLDLWP_1_26_1800_3600.f32
  Dims: 3600x1800x26
  Elements: 168480000
  Target Ratio: 4.00
  Mode: plain
  Sample Rate: 1000
Data Range: 167.311600
Warming up GPU...
Warmup complete.
Starting Profiling...
  Profiling Time: 0.749 ms
  Selected AbsEB: 2.509674e-03 (RelEB: 1.500000e-05)
  Estimated Ratio: 4.06 (Target: 4.00)
Starting Compression...
  Compression Time: 2.383 ms
  Compressed Size: 166006216
  Achieved Ratio: 4.06
Throughput Statistics:
  Profiling Throughput:    899.81 GB/s
  Compression Throughput:  282.86 GB/s
  Total (Prof+Comp) Thrpt: 215.21 GB/s
Starting Decompression...
  Decompression Time: 1.255 ms
  Decompression Throughput: 537.03 GB/s
Verification Results:
  Max Error: 2.517700e-03
  PSNR: 103.18 dB
  Compliance: PASS
BENCH_START:CESM:GCLDLWP_1_26_1800_3600.f32:plain:6.0
Configuration:
  Input File: /scratch/bfrq/bzhang28/SDRBENCH-CESM-ATM-26x1800x3600/GCLDLWP_1_26_1800_3600.f32
  Dims: 3600x1800x26
  Elements: 168480000
  Target Ratio: 6.00
  Mode: plain
  Sample Rate: 1000
Data Range: 167.311600
Warming up GPU...
Warmup complete.
Starting Profiling...
  Profiling Time: 0.740 ms
  Selected AbsEB: 3.178921e-02 (RelEB: 1.900000e-04)
  Estimated Ratio: 6.20 (Target: 6.00)
Starting Compression...
  Compression Time: 2.045 ms
  Compressed Size: 108927760
  Achieved Ratio: 6.19
Throughput Statistics:
  Profiling Throughput:    910.51 GB/s
  Compression Throughput:  329.49 GB/s
  Total (Prof+Comp) Thrpt: 241.94 GB/s
Starting Decompression...
  Decompression Time: 1.039 ms
  Decompression Throughput: 648.90 GB/s
Verification Results:
  Max Error: 3.179169e-02
  PSNR: 81.31 dB
  Compliance: PASS
BENCH_START:CESM:GCLDLWP_1_26_1800_3600.f32:plain:8.0
Configuration:
  Input File: /scratch/bfrq/bzhang28/SDRBENCH-CESM-ATM-26x1800x3600/GCLDLWP_1_26_1800_3600.f32
  Dims: 3600x1800x26
  Elements: 168480000
  Target Ratio: 8.00
  Mode: plain
  Sample Rate: 1000
Data Range: 167.311600
Warming up GPU...
Warmup complete.
Starting Profiling...
  Profiling Time: 0.735 ms
  Selected AbsEB: 1.070794e-01 (RelEB: 6.400000e-04)
  Estimated Ratio: 8.02 (Target: 8.00)
Starting Compression...
  Compression Time: 2.196 ms
  Compressed Size: 84333472
  Achieved Ratio: 7.99
Throughput Statistics:
  Profiling Throughput:    917.13 GB/s
  Compression Throughput:  306.93 GB/s
  Total (Prof+Comp) Thrpt: 229.97 GB/s
Starting Decompression...
  Decompression Time: 0.969 ms
  Decompression Throughput: 695.46 GB/s
Verification Results:
  Max Error: 1.070862e-01
  PSNR: 71.05 dB
  Compliance: PASS
BENCH_START:CESM:ICIMR_1_26_1800_3600.f32:outlier:4.0
Configuration:
  Input File: /scratch/bfrq/bzhang28/SDRBENCH-CESM-ATM-26x1800x3600/ICIMR_1_26_1800_3600.f32
  Dims: 3600x1800x26
  Elements: 168480000
  Target Ratio: 4.00
  Mode: outlier
  Sample Rate: 1000
Data Range: 0.007477
Warming up GPU...
Warmup complete.
Starting Profiling...
  Profiling Time: 0.742 ms
  Selected AbsEB: 7.477245e-09 (RelEB: 1.000000e-06)
  Estimated Ratio: 4.40 (Target: 4.00)
Starting Compression...
  Compression Time: 2.719 ms
  Compressed Size: 153312854
  Achieved Ratio: 4.40
Throughput Statistics:
  Profiling Throughput:    908.31 GB/s
  Compression Throughput:  247.83 GB/s
  Total (Prof+Comp) Thrpt: 194.71 GB/s
Starting Decompression...
  Decompression Time: 2.098 ms
  Decompression Throughput: 321.28 GB/s
Verification Results:
  Max Error: 7.683411e-09
  PSNR: 127.70 dB
  Compliance: PASS
BENCH_START:CESM:ICIMR_1_26_1800_3600.f32:outlier:6.0
Configuration:
  Input File: /scratch/bfrq/bzhang28/SDRBENCH-CESM-ATM-26x1800x3600/ICIMR_1_26_1800_3600.f32
  Dims: 3600x1800x26
  Elements: 168480000
  Target Ratio: 6.00
  Mode: outlier
  Sample Rate: 1000
Data Range: 0.007477
Warming up GPU...
Warmup complete.
Starting Profiling...
  Profiling Time: 0.759 ms
  Selected AbsEB: 6.729520e-08 (RelEB: 9.000000e-06)
  Estimated Ratio: 6.10 (Target: 6.00)
Starting Compression...
  Compression Time: 2.388 ms
  Compressed Size: 110889874
  Achieved Ratio: 6.08
Throughput Statistics:
  Profiling Throughput:    888.20 GB/s
  Compression Throughput:  282.26 GB/s
  Total (Prof+Comp) Thrpt: 214.19 GB/s
Starting Decompression...
  Decompression Time: 1.797 ms
  Decompression Throughput: 374.95 GB/s
Verification Results:
  Max Error: 6.752089e-08
  PSNR: 108.66 dB
  Compliance: PASS
BENCH_START:CESM:ICIMR_1_26_1800_3600.f32:outlier:8.0
Configuration:
  Input File: /scratch/bfrq/bzhang28/SDRBENCH-CESM-ATM-26x1800x3600/ICIMR_1_26_1800_3600.f32
  Dims: 3600x1800x26
  Elements: 168480000
  Target Ratio: 8.00
  Mode: outlier
  Sample Rate: 1000
Data Range: 0.007477
Warming up GPU...
Warmup complete.
Starting Profiling...
  Profiling Time: 0.746 ms
  Selected AbsEB: 2.990898e-07 (RelEB: 4.000000e-05)
  Estimated Ratio: 8.14 (Target: 8.00)
Starting Compression...
  Compression Time: 2.474 ms
  Compressed Size: 83201116
  Achieved Ratio: 8.10
Throughput Statistics:
  Profiling Throughput:    903.47 GB/s
  Compression Throughput:  272.41 GB/s
  Total (Prof+Comp) Thrpt: 209.30 GB/s
Starting Decompression...
  Decompression Time: 1.778 ms
  Decompression Throughput: 379.10 GB/s
Verification Results:
  Max Error: 2.994202e-07
  PSNR: 95.75 dB
  Compliance: PASS
BENCH_START:CESM:ICIMR_1_26_1800_3600.f32:plain:4.0
Configuration:
  Input File: /scratch/bfrq/bzhang28/SDRBENCH-CESM-ATM-26x1800x3600/ICIMR_1_26_1800_3600.f32
  Dims: 3600x1800x26
  Elements: 168480000
  Target Ratio: 4.00
  Mode: plain
  Sample Rate: 1000
Data Range: 0.007477
Warming up GPU...
Warmup complete.
Starting Profiling...
  Profiling Time: 0.754 ms
  Selected AbsEB: 7.477245e-09 (RelEB: 1.000000e-06)
  Estimated Ratio: 4.32 (Target: 4.00)
Starting Compression...
  Compression Time: 2.465 ms
  Compressed Size: 156310168
  Achieved Ratio: 4.31
Throughput Statistics:
  Profiling Throughput:    893.28 GB/s
  Compression Throughput:  273.37 GB/s
  Total (Prof+Comp) Thrpt: 209.31 GB/s
Starting Decompression...
  Decompression Time: 1.340 ms
  Decompression Throughput: 503.01 GB/s
Verification Results:
  Max Error: 7.683411e-09
  PSNR: 127.70 dB
  Compliance: PASS
BENCH_START:CESM:ICIMR_1_26_1800_3600.f32:plain:6.0
Configuration:
  Input File: /scratch/bfrq/bzhang28/SDRBENCH-CESM-ATM-26x1800x3600/ICIMR_1_26_1800_3600.f32
  Dims: 3600x1800x26
  Elements: 168480000
  Target Ratio: 6.00
  Mode: plain
  Sample Rate: 1000
Data Range: 0.007477
Warming up GPU...
Warmup complete.
Starting Profiling...
  Profiling Time: 0.740 ms
  Selected AbsEB: 7.477244e-08 (RelEB: 1.000000e-05)
  Estimated Ratio: 6.03 (Target: 6.00)
Starting Compression...
  Compression Time: 2.180 ms
  Compressed Size: 111955184
  Achieved Ratio: 6.02
Throughput Statistics:
  Profiling Throughput:    910.78 GB/s
  Compression Throughput:  309.08 GB/s
  Total (Prof+Comp) Thrpt: 230.77 GB/s
Starting Decompression...
  Decompression Time: 1.185 ms
  Decompression Throughput: 568.64 GB/s
Verification Results:
  Max Error: 7.497147e-08
  PSNR: 107.74 dB
  Compliance: PASS
BENCH_START:CESM:ICIMR_1_26_1800_3600.f32:plain:8.0
Configuration:
  Input File: /scratch/bfrq/bzhang28/SDRBENCH-CESM-ATM-26x1800x3600/ICIMR_1_26_1800_3600.f32
  Dims: 3600x1800x26
  Elements: 168480000
  Target Ratio: 8.00
  Mode: plain
  Sample Rate: 1000
Data Range: 0.007477
Warming up GPU...
Warmup complete.
Starting Profiling...
  Profiling Time: 0.739 ms
  Selected AbsEB: 3.364760e-07 (RelEB: 4.500000e-05)
  Estimated Ratio: 8.02 (Target: 8.00)
Starting Compression...
  Compression Time: 1.988 ms
  Compressed Size: 84176696
  Achieved Ratio: 8.01
Throughput Statistics:
  Profiling Throughput:    911.49 GB/s
  Compression Throughput:  338.96 GB/s
  Total (Prof+Comp) Thrpt: 247.08 GB/s
Starting Decompression...
  Decompression Time: 1.046 ms
  Decompression Throughput: 644.04 GB/s
Verification Results:
  Max Error: 3.364985e-07
  PSNR: 94.73 dB
  Compliance: PASS
BENCH_START:CESM:ICLDIWP_1_26_1800_3600.f32:outlier:4.0
Configuration:
  Input File: /scratch/bfrq/bzhang28/SDRBENCH-CESM-ATM-26x1800x3600/ICLDIWP_1_26_1800_3600.f32
  Dims: 3600x1800x26
  Elements: 168480000
  Target Ratio: 4.00
  Mode: outlier
  Sample Rate: 1000
Data Range: 1799.319946
Warming up GPU...
Warmup complete.
Starting Profiling...
  Profiling Time: 0.750 ms
  Selected AbsEB: 1.799320e-03 (RelEB: 1.000000e-06)
  Estimated Ratio: 4.23 (Target: 4.00)
Starting Compression...
  Compression Time: 2.712 ms
  Compressed Size: 159404143
  Achieved Ratio: 4.23
Throughput Statistics:
  Profiling Throughput:    898.12 GB/s
  Compression Throughput:  248.50 GB/s
  Total (Prof+Comp) Thrpt: 194.65 GB/s
Starting Decompression...
  Decompression Time: 1.976 ms
  Decompression Throughput: 341.12 GB/s
Verification Results:
  Max Error: 1.831055e-03
  PSNR: 127.71 dB
  Compliance: PASS
BENCH_START:CESM:ICLDIWP_1_26_1800_3600.f32:outlier:6.0
Configuration:
  Input File: /scratch/bfrq/bzhang28/SDRBENCH-CESM-ATM-26x1800x3600/ICLDIWP_1_26_1800_3600.f32
  Dims: 3600x1800x26
  Elements: 168480000
  Target Ratio: 6.00
  Mode: outlier
  Sample Rate: 1000
Data Range: 1799.319946
Warming up GPU...
Warmup complete.
Starting Profiling...
  Profiling Time: 0.746 ms
  Selected AbsEB: 2.698980e-02 (RelEB: 1.500000e-05)
  Estimated Ratio: 6.26 (Target: 6.00)
Starting Compression...
  Compression Time: 2.318 ms
  Compressed Size: 107536668
  Achieved Ratio: 6.27
Throughput Statistics:
  Profiling Throughput:    903.71 GB/s
  Compression Throughput:  290.67 GB/s
  Total (Prof+Comp) Thrpt: 219.93 GB/s
Starting Decompression...
  Decompression Time: 1.800 ms
  Decompression Throughput: 374.30 GB/s
Verification Results:
  Max Error: 2.709961e-02
  PSNR: 104.24 dB
  Compliance: PASS
BENCH_START:CESM:ICLDIWP_1_26_1800_3600.f32:outlier:8.0
Configuration:
  Input File: /scratch/bfrq/bzhang28/SDRBENCH-CESM-ATM-26x1800x3600/ICLDIWP_1_26_1800_3600.f32
  Dims: 3600x1800x26
  Elements: 168480000
  Target Ratio: 8.00
  Mode: outlier
  Sample Rate: 1000
Data Range: 1799.319946
Warming up GPU...
Warmup complete.
Starting Profiling...
  Profiling Time: 0.759 ms
  Selected AbsEB: 9.896260e-02 (RelEB: 5.500000e-05)
  Estimated Ratio: 8.04 (Target: 8.00)
Starting Compression...
  Compression Time: 2.371 ms
  Compressed Size: 83836534
  Achieved Ratio: 8.04
Throughput Statistics:
  Profiling Throughput:    887.90 GB/s
  Compression Throughput:  284.26 GB/s
  Total (Prof+Comp) Thrpt: 215.33 GB/s
Starting Decompression...
  Decompression Time: 1.759 ms
  Decompression Throughput: 383.16 GB/s
Verification Results:
  Max Error: 9.899902e-02
  PSNR: 93.00 dB
  Compliance: PASS
BENCH_START:CESM:ICLDIWP_1_26_1800_3600.f32:plain:4.0
Configuration:
  Input File: /scratch/bfrq/bzhang28/SDRBENCH-CESM-ATM-26x1800x3600/ICLDIWP_1_26_1800_3600.f32
  Dims: 3600x1800x26
  Elements: 168480000
  Target Ratio: 4.00
  Mode: plain
  Sample Rate: 1000
Data Range: 1799.319946
Warming up GPU...
Warmup complete.
Starting Profiling...
  Profiling Time: 0.754 ms
  Selected AbsEB: 1.799320e-03 (RelEB: 1.000000e-06)
  Estimated Ratio: 4.16 (Target: 4.00)
Starting Compression...
  Compression Time: 2.500 ms
  Compressed Size: 162075616
  Achieved Ratio: 4.16
Throughput Statistics:
  Profiling Throughput:    894.00 GB/s
  Compression Throughput:  269.60 GB/s
  Total (Prof+Comp) Thrpt: 207.13 GB/s
Starting Decompression...
  Decompression Time: 1.354 ms
  Decompression Throughput: 497.66 GB/s
Verification Results:
  Max Error: 1.831055e-03
  PSNR: 127.71 dB
  Compliance: PASS
BENCH_START:CESM:ICLDIWP_1_26_1800_3600.f32:plain:6.0
Configuration:
  Input File: /scratch/bfrq/bzhang28/SDRBENCH-CESM-ATM-26x1800x3600/ICLDIWP_1_26_1800_3600.f32
  Dims: 3600x1800x26
  Elements: 168480000
  Target Ratio: 6.00
  Mode: plain
  Sample Rate: 1000
Data Range: 1799.319946
Warming up GPU...
Warmup complete.
Starting Profiling...
  Profiling Time: 0.741 ms
  Selected AbsEB: 2.698980e-02 (RelEB: 1.500000e-05)
  Estimated Ratio: 6.11 (Target: 6.00)
Starting Compression...
  Compression Time: 2.179 ms
  Compressed Size: 110239144
  Achieved Ratio: 6.11
Throughput Statistics:
  Profiling Throughput:    909.56 GB/s
  Compression Throughput:  309.23 GB/s
  Total (Prof+Comp) Thrpt: 230.77 GB/s
Starting Decompression...
  Decompression Time: 1.138 ms
  Decompression Throughput: 592.02 GB/s
Verification Results:
  Max Error: 2.709961e-02
  PSNR: 104.24 dB
  Compliance: PASS
BENCH_START:CESM:ICLDIWP_1_26_1800_3600.f32:plain:8.0
Configuration:
  Input File: /scratch/bfrq/bzhang28/SDRBENCH-CESM-ATM-26x1800x3600/ICLDIWP_1_26_1800_3600.f32
  Dims: 3600x1800x26
  Elements: 168480000
  Target Ratio: 8.00
  Mode: plain
  Sample Rate: 1000
Data Range: 1799.319946
Warming up GPU...
Warmup complete.
Starting Profiling...
  Profiling Time: 0.751 ms
  Selected AbsEB: 1.151565e-01 (RelEB: 6.400000e-05)
  Estimated Ratio: 8.05 (Target: 8.00)
Starting Compression...
  Compression Time: 2.103 ms
  Compressed Size: 83898336
  Achieved Ratio: 8.03
Throughput Statistics:
  Profiling Throughput:    897.05 GB/s
  Compression Throughput:  320.46 GB/s
  Total (Prof+Comp) Thrpt: 236.11 GB/s
Starting Decompression...
  Decompression Time: 1.039 ms
  Decompression Throughput: 648.90 GB/s
Verification Results:
  Max Error: 1.151733e-01
  PSNR: 91.70 dB
  Compliance: PASS
BENCH_START:CESM:ICLDTWP_1_26_1800_3600.f32:outlier:4.0
Configuration:
  Input File: /scratch/bfrq/bzhang28/SDRBENCH-CESM-ATM-26x1800x3600/ICLDTWP_1_26_1800_3600.f32
  Dims: 3600x1800x26
  Elements: 168480000
  Target Ratio: 4.00
  Mode: outlier
  Sample Rate: 1000
Data Range: 8722.882812
Warming up GPU...
Warmup complete.
Starting Profiling...
  Profiling Time: 0.771 ms
  Selected AbsEB: 2.616865e-02 (RelEB: 3.000000e-06)
  Estimated Ratio: 4.19 (Target: 4.00)
Starting Compression...
  Compression Time: 2.556 ms
  Compressed Size: 160508566
  Achieved Ratio: 4.20
Throughput Statistics:
  Profiling Throughput:    873.86 GB/s
  Compression Throughput:  263.69 GB/s
  Total (Prof+Comp) Thrpt: 202.56 GB/s
Starting Decompression...
  Decompression Time: 1.920 ms
  Decompression Throughput: 350.94 GB/s
Verification Results:
  Max Error: 2.685547e-02
  PSNR: 117.11 dB
  Compliance: PASS
BENCH_START:CESM:ICLDTWP_1_26_1800_3600.f32:outlier:6.0
Configuration:
  Input File: /scratch/bfrq/bzhang28/SDRBENCH-CESM-ATM-26x1800x3600/ICLDTWP_1_26_1800_3600.f32
  Dims: 3600x1800x26
  Elements: 168480000
  Target Ratio: 6.00
  Mode: outlier
  Sample Rate: 1000
Data Range: 8722.882812
Warming up GPU...
Warmup complete.
Starting Profiling...
  Profiling Time: 0.772 ms
  Selected AbsEB: 2.180721e-01 (RelEB: 2.500000e-05)
  Estimated Ratio: 6.02 (Target: 6.00)
Starting Compression...
  Compression Time: 2.436 ms
  Compressed Size: 111676730
  Achieved Ratio: 6.03
Throughput Statistics:
  Profiling Throughput:    873.13 GB/s
  Compression Throughput:  276.67 GB/s
  Total (Prof+Comp) Thrpt: 210.10 GB/s
Starting Decompression...
  Decompression Time: 1.899 ms
  Decompression Throughput: 354.94 GB/s
Verification Results:
  Max Error: 2.182617e-01
  PSNR: 98.77 dB
  Compliance: PASS
BENCH_START:CESM:ICLDTWP_1_26_1800_3600.f32:outlier:8.0
Configuration:
  Input File: /scratch/bfrq/bzhang28/SDRBENCH-CESM-ATM-26x1800x3600/ICLDTWP_1_26_1800_3600.f32
  Dims: 3600x1800x26
  Elements: 168480000
  Target Ratio: 8.00
  Mode: outlier
  Sample Rate: 1000
Data Range: 8722.882812
Warming up GPU...
Warmup complete.
Starting Profiling...
  Profiling Time: 0.750 ms
  Selected AbsEB: 8.199510e-01 (RelEB: 9.400000e-05)
  Estimated Ratio: 8.03 (Target: 8.00)
Starting Compression...
  Compression Time: 2.334 ms
  Compressed Size: 83856188
  Achieved Ratio: 8.04
Throughput Statistics:
  Profiling Throughput:    898.89 GB/s
  Compression Throughput:  288.69 GB/s
  Total (Prof+Comp) Thrpt: 218.51 GB/s
Starting Decompression...
  Decompression Time: 1.708 ms
  Decompression Throughput: 394.56 GB/s
Verification Results:
  Max Error: 8.200684e-01
  PSNR: 87.39 dB
  Compliance: PASS
BENCH_START:CESM:ICLDTWP_1_26_1800_3600.f32:plain:4.0
Configuration:
  Input File: /scratch/bfrq/bzhang28/SDRBENCH-CESM-ATM-26x1800x3600/ICLDTWP_1_26_1800_3600.f32
  Dims: 3600x1800x26
  Elements: 168480000
  Target Ratio: 4.00
  Mode: plain
  Sample Rate: 1000
Data Range: 8722.882812
Warming up GPU...
Warmup complete.
Starting Profiling...
  Profiling Time: 0.744 ms
  Selected AbsEB: 2.616865e-02 (RelEB: 3.000000e-06)
  Estimated Ratio: 4.09 (Target: 4.00)
Starting Compression...
  Compression Time: 2.476 ms
  Compressed Size: 164588864
  Achieved Ratio: 4.09
Throughput Statistics:
  Profiling Throughput:    906.39 GB/s
  Compression Throughput:  272.20 GB/s
  Total (Prof+Comp) Thrpt: 209.33 GB/s
Starting Decompression...
  Decompression Time: 1.305 ms
  Decompression Throughput: 516.23 GB/s
Verification Results:
  Max Error: 2.685547e-02
  PSNR: 117.11 dB
  Compliance: PASS
BENCH_START:CESM:ICLDTWP_1_26_1800_3600.f32:plain:6.0
Configuration:
  Input File: /scratch/bfrq/bzhang28/SDRBENCH-CESM-ATM-26x1800x3600/ICLDTWP_1_26_1800_3600.f32
  Dims: 3600x1800x26
  Elements: 168480000
  Target Ratio: 6.00
  Mode: plain
  Sample Rate: 1000
Data Range: 8722.882812
Warming up GPU...
Warmup complete.
Starting Profiling...
  Profiling Time: 0.750 ms
  Selected AbsEB: 2.616865e-01 (RelEB: 3.000000e-05)
  Estimated Ratio: 6.03 (Target: 6.00)
Starting Compression...
  Compression Time: 2.193 ms
  Compressed Size: 111839936
  Achieved Ratio: 6.03
Throughput Statistics:
  Profiling Throughput:    899.15 GB/s
  Compression Throughput:  307.32 GB/s
  Total (Prof+Comp) Thrpt: 229.04 GB/s
Starting Decompression...
  Decompression Time: 1.112 ms
  Decompression Throughput: 605.90 GB/s
Verification Results:
  Max Error: 2.617188e-01
  PSNR: 97.20 dB
  Compliance: PASS
BENCH_START:CESM:ICLDTWP_1_26_1800_3600.f32:plain:8.0
Configuration:
  Input File: /scratch/bfrq/bzhang28/SDRBENCH-CESM-ATM-26x1800x3600/ICLDTWP_1_26_1800_3600.f32
  Dims: 3600x1800x26
  Elements: 168480000
  Target Ratio: 8.00
  Mode: plain
  Sample Rate: 1000
Data Range: 8722.882812
Warming up GPU...
Warmup complete.
Starting Profiling...
  Profiling Time: 0.743 ms
  Selected AbsEB: 1.133975e+00 (RelEB: 1.300000e-04)
  Estimated Ratio: 8.30 (Target: 8.00)
Starting Compression...
  Compression Time: 2.098 ms
  Compressed Size: 81364312
  Achieved Ratio: 8.28
Throughput Statistics:
  Profiling Throughput:    906.63 GB/s
  Compression Throughput:  321.27 GB/s
  Total (Prof+Comp) Thrpt: 237.21 GB/s
Starting Decompression...
  Decompression Time: 1.010 ms
  Decompression Throughput: 667.28 GB/s
Verification Results:
  Max Error: 1.134033e+00
  PSNR: 84.63 dB
  Compliance: PASS
BENCH_START:CESM:ICWMR_1_26_1800_3600.f32:outlier:4.0
Configuration:
  Input File: /scratch/bfrq/bzhang28/SDRBENCH-CESM-ATM-26x1800x3600/ICWMR_1_26_1800_3600.f32
  Dims: 3600x1800x26
  Elements: 168480000
  Target Ratio: 4.00
  Mode: outlier
  Sample Rate: 1000
Data Range: 0.021344
Warming up GPU...
Warmup complete.
Starting Profiling...
  Profiling Time: 0.747 ms
  Selected AbsEB: 2.134415e-08 (RelEB: 1.000000e-06)
  Estimated Ratio: 4.59 (Target: 4.00)
Starting Compression...
  Compression Time: 2.515 ms
  Compressed Size: 147396660
  Achieved Ratio: 4.57
Throughput Statistics:
  Profiling Throughput:    901.62 GB/s
  Compression Throughput:  267.98 GB/s
  Total (Prof+Comp) Thrpt: 206.58 GB/s
Starting Decompression...
  Decompression Time: 1.822 ms
  Decompression Throughput: 369.93 GB/s
Verification Results:
  Max Error: 2.142042e-08
  PSNR: 128.90 dB
  Compliance: PASS
BENCH_START:CESM:ICWMR_1_26_1800_3600.f32:outlier:6.0
Configuration:
  Input File: /scratch/bfrq/bzhang28/SDRBENCH-CESM-ATM-26x1800x3600/ICWMR_1_26_1800_3600.f32
  Dims: 3600x1800x26
  Elements: 168480000
  Target Ratio: 6.00
  Mode: outlier
  Sample Rate: 1000
Data Range: 0.021344
Warming up GPU...
Warmup complete.
Starting Profiling...
  Profiling Time: 0.789 ms
  Selected AbsEB: 1.920973e-07 (RelEB: 9.000000e-06)
  Estimated Ratio: 6.07 (Target: 6.00)
Starting Compression...
  Compression Time: 2.270 ms
  Compressed Size: 111555390
  Achieved Ratio: 6.04
Throughput Statistics:
  Profiling Throughput:    854.19 GB/s
  Compression Throughput:  296.85 GB/s
  Total (Prof+Comp) Thrpt: 220.29 GB/s
Starting Decompression...
  Decompression Time: 1.618 ms
  Decompression Throughput: 416.39 GB/s
Verification Results:
  Max Error: 1.927838e-07
  PSNR: 109.85 dB
  Compliance: PASS
BENCH_START:CESM:ICWMR_1_26_1800_3600.f32:outlier:8.0
Configuration:
  Input File: /scratch/bfrq/bzhang28/SDRBENCH-CESM-ATM-26x1800x3600/ICWMR_1_26_1800_3600.f32
  Dims: 3600x1800x26
  Elements: 168480000
  Target Ratio: 8.00
  Mode: outlier
  Sample Rate: 1000
Data Range: 0.021344
Warming up GPU...
Warmup complete.
Starting Profiling...
  Profiling Time: 0.769 ms
  Selected AbsEB: 1.067207e-06 (RelEB: 5.000000e-05)
  Estimated Ratio: 8.06 (Target: 8.00)
Starting Compression...
  Compression Time: 2.346 ms
  Compressed Size: 84045376
  Achieved Ratio: 8.02
Throughput Statistics:
  Profiling Throughput:    876.88 GB/s
  Compression Throughput:  287.31 GB/s
  Total (Prof+Comp) Thrpt: 216.40 GB/s
Starting Decompression...
  Decompression Time: 1.657 ms
  Decompression Throughput: 406.60 GB/s
Verification Results:
  Max Error: 1.067296e-06
  PSNR: 95.01 dB
  Compliance: PASS
BENCH_START:CESM:ICWMR_1_26_1800_3600.f32:plain:4.0
Configuration:
  Input File: /scratch/bfrq/bzhang28/SDRBENCH-CESM-ATM-26x1800x3600/ICWMR_1_26_1800_3600.f32
  Dims: 3600x1800x26
  Elements: 168480000
  Target Ratio: 4.00
  Mode: plain
  Sample Rate: 1000
Data Range: 0.021344
Warming up GPU...
Warmup complete.
Starting Profiling...
  Profiling Time: 0.748 ms
  Selected AbsEB: 2.134415e-08 (RelEB: 1.000000e-06)
  Estimated Ratio: 4.48 (Target: 4.00)
Starting Compression...
  Compression Time: 2.573 ms
  Compressed Size: 151038568
  Achieved Ratio: 4.46
Throughput Statistics:
  Profiling Throughput:    900.89 GB/s
  Compression Throughput:  261.96 GB/s
  Total (Prof+Comp) Thrpt: 202.95 GB/s
Starting Decompression...
  Decompression Time: 1.235 ms
  Decompression Throughput: 545.58 GB/s
Verification Results:
  Max Error: 2.142042e-08
  PSNR: 128.90 dB
  Compliance: PASS
BENCH_START:CESM:ICWMR_1_26_1800_3600.f32:plain:6.0
Configuration:
  Input File: /scratch/bfrq/bzhang28/SDRBENCH-CESM-ATM-26x1800x3600/ICWMR_1_26_1800_3600.f32
  Dims: 3600x1800x26
  Elements: 168480000
  Target Ratio: 6.00
  Mode: plain
  Sample Rate: 1000
Data Range: 0.021344
Warming up GPU...
Warmup complete.
Starting Profiling...
  Profiling Time: 0.754 ms
  Selected AbsEB: 3.201622e-07 (RelEB: 1.500000e-05)
  Estimated Ratio: 6.33 (Target: 6.00)
Starting Compression...
  Compression Time: 2.114 ms
  Compressed Size: 107031128
  Achieved Ratio: 6.30
Throughput Statistics:
  Profiling Throughput:    894.08 GB/s
  Compression Throughput:  318.72 GB/s
  Total (Prof+Comp) Thrpt: 234.96 GB/s
Starting Decompression...
  Decompression Time: 1.039 ms
  Decompression Throughput: 648.50 GB/s
Verification Results:
  Max Error: 3.203750e-07
  PSNR: 105.43 dB
  Compliance: PASS
BENCH_START:CESM:ICWMR_1_26_1800_3600.f32:plain:8.0
Configuration:
  Input File: /scratch/bfrq/bzhang28/SDRBENCH-CESM-ATM-26x1800x3600/ICWMR_1_26_1800_3600.f32
  Dims: 3600x1800x26
  Elements: 168480000
  Target Ratio: 8.00
  Mode: plain
  Sample Rate: 1000
Data Range: 0.021344
Warming up GPU...
Warmup complete.
Starting Profiling...
  Profiling Time: 0.753 ms
  Selected AbsEB: 1.366026e-06 (RelEB: 6.400000e-05)
  Estimated Ratio: 8.06 (Target: 8.00)
Starting Compression...
  Compression Time: 1.916 ms
  Compressed Size: 84057488
  Achieved Ratio: 8.02
Throughput Statistics:
  Profiling Throughput:    895.45 GB/s
  Compression Throughput:  351.81 GB/s
  Total (Prof+Comp) Thrpt: 252.58 GB/s
Starting Decompression...
  Decompression Time: 0.948 ms
  Decompression Throughput: 710.81 GB/s
Verification Results:
  Max Error: 1.366250e-06
  PSNR: 92.88 dB
  Compliance: PASS
BENCH_START:CESM:OMEGAT_1_26_1800_3600.f32:outlier:4.0
Configuration:
  Input File: /scratch/bfrq/bzhang28/SDRBENCH-CESM-ATM-26x1800x3600/OMEGAT_1_26_1800_3600.f32
  Dims: 3600x1800x26
  Elements: 168480000
  Target Ratio: 4.00
  Mode: outlier
  Sample Rate: 1000
Data Range: 1039.598999
Warming up GPU...
Warmup complete.
Starting Profiling...
  Profiling Time: 0.763 ms
  Selected AbsEB: 1.039599e-02 (RelEB: 1.000000e-05)
  Estimated Ratio: 4.07 (Target: 4.00)
Starting Compression...
  Compression Time: 2.795 ms
  Compressed Size: 165282584
  Achieved Ratio: 4.08
Throughput Statistics:
  Profiling Throughput:    883.17 GB/s
  Compression Throughput:  241.09 GB/s
  Total (Prof+Comp) Thrpt: 189.39 GB/s
Starting Decompression...
  Decompression Time: 2.480 ms
  Decompression Throughput: 271.70 GB/s
Verification Results:
  Max Error: 1.043701e-02
  PSNR: 104.83 dB
  Compliance: PASS
BENCH_START:CESM:OMEGAT_1_26_1800_3600.f32:outlier:6.0
Configuration:
  Input File: /scratch/bfrq/bzhang28/SDRBENCH-CESM-ATM-26x1800x3600/OMEGAT_1_26_1800_3600.f32
  Dims: 3600x1800x26
  Elements: 168480000
  Target Ratio: 6.00
  Mode: outlier
  Sample Rate: 1000
Data Range: 1039.598999
Warming up GPU...
Warmup complete.
Starting Profiling...
  Profiling Time: 0.788 ms
  Selected AbsEB: 6.029674e-02 (RelEB: 5.800000e-05)
  Estimated Ratio: 6.03 (Target: 6.00)
Starting Compression...
  Compression Time: 2.581 ms
  Compressed Size: 111413336
  Achieved Ratio: 6.05
Throughput Statistics:
  Profiling Throughput:    855.54 GB/s
  Compression Throughput:  261.08 GB/s
  Total (Prof+Comp) Thrpt: 200.04 GB/s
Starting Decompression...
  Decompression Time: 2.133 ms
  Decompression Throughput: 315.98 GB/s
Verification Results:
  Max Error: 6.033325e-02
  PSNR: 89.75 dB
  Compliance: PASS
BENCH_START:CESM:OMEGAT_1_26_1800_3600.f32:outlier:8.0
Configuration:
  Input File: /scratch/bfrq/bzhang28/SDRBENCH-CESM-ATM-26x1800x3600/OMEGAT_1_26_1800_3600.f32
  Dims: 3600x1800x26
  Elements: 168480000
  Target Ratio: 8.00
  Mode: outlier
  Sample Rate: 1000
Data Range: 1039.598999
Warming up GPU...
Warmup complete.
Starting Profiling...
  Profiling Time: 0.744 ms
  Selected AbsEB: 1.663358e-01 (RelEB: 1.600000e-04)
  Estimated Ratio: 8.02 (Target: 8.00)
Starting Compression...
  Compression Time: 2.399 ms
  Compressed Size: 83424769
  Achieved Ratio: 8.08
Throughput Statistics:
  Profiling Throughput:    905.26 GB/s
  Compression Throughput:  280.93 GB/s
  Total (Prof+Comp) Thrpt: 214.39 GB/s
Starting Decompression...
  Decompression Time: 1.878 ms
  Decompression Throughput: 358.88 GB/s
Verification Results:
  Max Error: 1.663818e-01
  PSNR: 81.24 dB
  Compliance: PASS
BENCH_START:CESM:OMEGAT_1_26_1800_3600.f32:plain:4.0
Configuration:
  Input File: /scratch/bfrq/bzhang28/SDRBENCH-CESM-ATM-26x1800x3600/OMEGAT_1_26_1800_3600.f32
  Dims: 3600x1800x26
  Elements: 168480000
  Target Ratio: 4.00
  Mode: plain
  Sample Rate: 1000
Data Range: 1039.598999
Warming up GPU...
Warmup complete.
Starting Profiling...
  Profiling Time: 0.745 ms
  Selected AbsEB: 1.559398e-02 (RelEB: 1.500000e-05)
  Estimated Ratio: 4.15 (Target: 4.00)
Starting Compression...
  Compression Time: 2.242 ms
  Compressed Size: 161899216
  Achieved Ratio: 4.16
Throughput Statistics:
  Profiling Throughput:    904.79 GB/s
  Compression Throughput:  300.56 GB/s
  Total (Prof+Comp) Thrpt: 225.61 GB/s
Starting Decompression...
  Decompression Time: 1.291 ms
  Decompression Throughput: 522.02 GB/s
Verification Results:
  Max Error: 1.562500e-02
  PSNR: 101.33 dB
  Compliance: PASS
BENCH_START:CESM:OMEGAT_1_26_1800_3600.f32:plain:6.0
Configuration:
  Input File: /scratch/bfrq/bzhang28/SDRBENCH-CESM-ATM-26x1800x3600/OMEGAT_1_26_1800_3600.f32
  Dims: 3600x1800x26
  Elements: 168480000
  Target Ratio: 6.00
  Mode: plain
  Sample Rate: 1000
Data Range: 1039.598999
Warming up GPU...
Warmup complete.
Starting Profiling...
  Profiling Time: 0.740 ms
  Selected AbsEB: 8.212832e-02 (RelEB: 7.900000e-05)
  Estimated Ratio: 6.00 (Target: 6.00)
Starting Compression...
  Compression Time: 2.251 ms
  Compressed Size: 111683096
  Achieved Ratio: 6.03
Throughput Statistics:
  Profiling Throughput:    911.06 GB/s
  Compression Throughput:  299.45 GB/s
  Total (Prof+Comp) Thrpt: 225.37 GB/s
Starting Decompression...
  Decompression Time: 1.141 ms
  Decompression Throughput: 590.59 GB/s
Verification Results:
  Max Error: 8.215332e-02
  PSNR: 87.13 dB
  Compliance: PASS
BENCH_START:CESM:OMEGAT_1_26_1800_3600.f32:plain:8.0
Configuration:
  Input File: /scratch/bfrq/bzhang28/SDRBENCH-CESM-ATM-26x1800x3600/OMEGAT_1_26_1800_3600.f32
  Dims: 3600x1800x26
  Elements: 168480000
  Target Ratio: 8.00
  Mode: plain
  Sample Rate: 1000
Data Range: 1039.598999
Warming up GPU...
Warmup complete.
Starting Profiling...
  Profiling Time: 0.740 ms
  Selected AbsEB: 2.287118e-01 (RelEB: 2.200000e-04)
  Estimated Ratio: 8.01 (Target: 8.00)
Starting Compression...
  Compression Time: 2.186 ms
  Compressed Size: 83767728
  Achieved Ratio: 8.05
Throughput Statistics:
  Profiling Throughput:    910.39 GB/s
  Compression Throughput:  308.26 GB/s
  Total (Prof+Comp) Thrpt: 230.29 GB/s
Starting Decompression...
  Decompression Time: 1.081 ms
  Decompression Throughput: 623.37 GB/s
Verification Results:
  Max Error: 2.287140e-01
  PSNR: 78.60 dB
  Compliance: PASS
BENCH_START:CESM:OMEGA_1_26_1800_3600.f32:outlier:4.0
Configuration:
  Input File: /scratch/bfrq/bzhang28/SDRBENCH-CESM-ATM-26x1800x3600/OMEGA_1_26_1800_3600.f32
  Dims: 3600x1800x26
  Elements: 168480000
  Target Ratio: 4.00
  Mode: outlier
  Sample Rate: 1000
Data Range: 4.087473
Warming up GPU...
Warmup complete.
Starting Profiling...
  Profiling Time: 0.758 ms
  Selected AbsEB: 4.087473e-05 (RelEB: 1.000000e-05)
  Estimated Ratio: 4.01 (Target: 4.00)
Starting Compression...
  Compression Time: 2.897 ms
  Compressed Size: 167579915
  Achieved Ratio: 4.02
Throughput Statistics:
  Profiling Throughput:    888.72 GB/s
  Compression Throughput:  232.61 GB/s
  Total (Prof+Comp) Thrpt: 184.36 GB/s
Starting Decompression...
  Decompression Time: 2.527 ms
  Decompression Throughput: 266.64 GB/s
Verification Results:
  Max Error: 4.100800e-05
  PSNR: 104.82 dB
  Compliance: PASS
BENCH_START:CESM:OMEGA_1_26_1800_3600.f32:outlier:6.0
Configuration:
  Input File: /scratch/bfrq/bzhang28/SDRBENCH-CESM-ATM-26x1800x3600/OMEGA_1_26_1800_3600.f32
  Dims: 3600x1800x26
  Elements: 168480000
  Target Ratio: 6.00
  Mode: outlier
  Sample Rate: 1000
Data Range: 4.087473
Warming up GPU...
Warmup complete.
Starting Profiling...
  Profiling Time: 0.764 ms
  Selected AbsEB: 2.493359e-04 (RelEB: 6.100000e-05)
  Estimated Ratio: 6.00 (Target: 6.00)
Starting Compression...
  Compression Time: 2.702 ms
  Compressed Size: 111965911
  Achieved Ratio: 6.02
Throughput Statistics:
  Profiling Throughput:    882.09 GB/s
  Compression Throughput:  249.46 GB/s
  Total (Prof+Comp) Thrpt: 194.46 GB/s
Starting Decompression...
  Decompression Time: 2.170 ms
  Decompression Throughput: 310.53 GB/s
Verification Results:
  Max Error: 2.493858e-04
  PSNR: 89.31 dB
  Compliance: PASS
BENCH_START:CESM:OMEGA_1_26_1800_3600.f32:outlier:8.0
Configuration:
  Input File: /scratch/bfrq/bzhang28/SDRBENCH-CESM-ATM-26x1800x3600/OMEGA_1_26_1800_3600.f32
  Dims: 3600x1800x26
  Elements: 168480000
  Target Ratio: 8.00
  Mode: outlier
  Sample Rate: 1000
Data Range: 4.087473
Warming up GPU...
Warmup complete.
Starting Profiling...
  Profiling Time: 0.767 ms
  Selected AbsEB: 7.766199e-04 (RelEB: 1.900000e-04)
  Estimated Ratio: 8.31 (Target: 8.00)
Starting Compression...
  Compression Time: 2.393 ms
  Compressed Size: 80617631
  Achieved Ratio: 8.36
Throughput Statistics:
  Profiling Throughput:    878.67 GB/s
  Compression Throughput:  281.57 GB/s
  Total (Prof+Comp) Thrpt: 213.24 GB/s
Starting Decompression...
  Decompression Time: 1.813 ms
  Decompression Throughput: 371.74 GB/s
Verification Results:
  Max Error: 7.766485e-04
  PSNR: 79.77 dB
  Compliance: PASS
BENCH_START:CESM:OMEGA_1_26_1800_3600.f32:plain:4.0
Configuration:
  Input File: /scratch/bfrq/bzhang28/SDRBENCH-CESM-ATM-26x1800x3600/OMEGA_1_26_1800_3600.f32
  Dims: 3600x1800x26
  Elements: 168480000
  Target Ratio: 4.00
  Mode: plain
  Sample Rate: 1000
Data Range: 4.087473
Warming up GPU...
Warmup complete.
Starting Profiling...
  Profiling Time: 0.766 ms
  Selected AbsEB: 6.131210e-05 (RelEB: 1.500000e-05)
  Estimated Ratio: 4.09 (Target: 4.00)
Starting Compression...
  Compression Time: 2.353 ms
  Compressed Size: 164397736
  Achieved Ratio: 4.10
Throughput Statistics:
  Profiling Throughput:    879.22 GB/s
  Compression Throughput:  286.44 GB/s
  Total (Prof+Comp) Thrpt: 216.05 GB/s
Starting Decompression...
  Decompression Time: 1.309 ms
  Decompression Throughput: 514.68 GB/s
Verification Results:
  Max Error: 6.139278e-05
  PSNR: 101.33 dB
  Compliance: PASS
BENCH_START:CESM:OMEGA_1_26_1800_3600.f32:plain:6.0
Configuration:
  Input File: /scratch/bfrq/bzhang28/SDRBENCH-CESM-ATM-26x1800x3600/OMEGA_1_26_1800_3600.f32
  Dims: 3600x1800x26
  Elements: 168480000
  Target Ratio: 6.00
  Mode: plain
  Sample Rate: 1000
Data Range: 4.087473
Warming up GPU...
Warmup complete.
Starting Profiling...
  Profiling Time: 0.763 ms
  Selected AbsEB: 3.474352e-04 (RelEB: 8.500000e-05)
  Estimated Ratio: 6.01 (Target: 6.00)
Starting Compression...
  Compression Time: 2.139 ms
  Compressed Size: 111796152
  Achieved Ratio: 6.03
Throughput Statistics:
  Profiling Throughput:    883.28 GB/s
  Compression Throughput:  315.02 GB/s
  Total (Prof+Comp) Thrpt: 232.20 GB/s
Starting Decompression...
  Decompression Time: 1.136 ms
  Decompression Throughput: 593.42 GB/s
Verification Results:
  Max Error: 3.474355e-04
  PSNR: 86.49 dB
  Compliance: PASS
BENCH_START:CESM:OMEGA_1_26_1800_3600.f32:plain:8.0
Configuration:
  Input File: /scratch/bfrq/bzhang28/SDRBENCH-CESM-ATM-26x1800x3600/OMEGA_1_26_1800_3600.f32
  Dims: 3600x1800x26
  Elements: 168480000
  Target Ratio: 8.00
  Mode: plain
  Sample Rate: 1000
Data Range: 4.087473
Warming up GPU...
Warmup complete.
Starting Profiling...
  Profiling Time: 0.758 ms
  Selected AbsEB: 1.021868e-03 (RelEB: 2.500000e-04)
  Estimated Ratio: 8.14 (Target: 8.00)
Starting Compression...
  Compression Time: 2.075 ms
  Compressed Size: 82296544
  Achieved Ratio: 8.19
Throughput Statistics:
  Profiling Throughput:    889.02 GB/s
  Compression Throughput:  324.73 GB/s
  Total (Prof+Comp) Thrpt: 237.85 GB/s
Starting Decompression...
  Decompression Time: 1.053 ms
  Decompression Throughput: 640.22 GB/s
Verification Results:
  Max Error: 1.021877e-03
  PSNR: 77.48 dB
  Compliance: PASS
BENCH_START:CESM:QC_1_26_1800_3600.f32:outlier:4.0
Configuration:
  Input File: /scratch/bfrq/bzhang28/SDRBENCH-CESM-ATM-26x1800x3600/QC_1_26_1800_3600.f32
  Dims: 3600x1800x26
  Elements: 168480000
  Target Ratio: 4.00
  Mode: outlier
  Sample Rate: 1000
Data Range: 0.000000
Warming up GPU...
Warmup complete.
Starting Profiling...
  Profiling Time: 0.769 ms
  Selected AbsEB: 9.800506e-14 (RelEB: 1.000000e-06)
  Estimated Ratio: 4.28 (Target: 4.00)
Starting Compression...
  Compression Time: 2.576 ms
  Compressed Size: 158433834
  Achieved Ratio: 4.25
Throughput Statistics:
  Profiling Throughput:    876.37 GB/s
  Compression Throughput:  261.62 GB/s
  Total (Prof+Comp) Thrpt: 201.48 GB/s
Starting Decompression...
  Decompression Time: 1.746 ms
  Decompression Throughput: 386.06 GB/s
Verification Results:
  Max Error: 9.947598e-14
  PSNR: 128.64 dB
  Compliance: PASS
BENCH_START:CESM:QC_1_26_1800_3600.f32:outlier:6.0
Configuration:
  Input File: /scratch/bfrq/bzhang28/SDRBENCH-CESM-ATM-26x1800x3600/QC_1_26_1800_3600.f32
  Dims: 3600x1800x26
  Elements: 168480000
  Target Ratio: 6.00
  Mode: outlier
  Sample Rate: 1000
Data Range: 0.000000
Warming up GPU...
Warmup complete.
Starting Profiling...
  Profiling Time: 0.778 ms
  Selected AbsEB: 1.470076e-12 (RelEB: 1.500000e-05)
  Estimated Ratio: 6.26 (Target: 6.00)
Starting Compression...
  Compression Time: 2.175 ms
  Compressed Size: 108369717
  Achieved Ratio: 6.22
Throughput Statistics:
  Profiling Throughput:    865.88 GB/s
  Compression Throughput:  309.82 GB/s
  Total (Prof+Comp) Thrpt: 228.18 GB/s
Starting Decompression...
  Decompression Time: 1.403 ms
  Decompression Throughput: 480.20 GB/s
Verification Results:
  Max Error: 1.477929e-12
  PSNR: 105.25 dB
  Compliance: PASS
BENCH_START:CESM:QC_1_26_1800_3600.f32:outlier:8.0
Configuration:
  Input File: /scratch/bfrq/bzhang28/SDRBENCH-CESM-ATM-26x1800x3600/QC_1_26_1800_3600.f32
  Dims: 3600x1800x26
  Elements: 168480000
  Target Ratio: 8.00
  Mode: outlier
  Sample Rate: 1000
Data Range: 0.000000
Warming up GPU...
Warmup complete.
Starting Profiling...
  Profiling Time: 0.751 ms
  Selected AbsEB: 5.978309e-12 (RelEB: 6.100000e-05)
  Estimated Ratio: 8.06 (Target: 8.00)
Starting Compression...
  Compression Time: 2.192 ms
  Compressed Size: 84009686
  Achieved Ratio: 8.02
Throughput Statistics:
  Profiling Throughput:    897.32 GB/s
  Compression Throughput:  307.38 GB/s
  Total (Prof+Comp) Thrpt: 228.95 GB/s
Starting Decompression...
  Decompression Time: 1.384 ms
  Decompression Throughput: 486.89 GB/s
Verification Results:
  Max Error: 5.982770e-12
  PSNR: 93.20 dB
  Compliance: PASS
BENCH_START:CESM:QC_1_26_1800_3600.f32:plain:4.0
Configuration:
  Input File: /scratch/bfrq/bzhang28/SDRBENCH-CESM-ATM-26x1800x3600/QC_1_26_1800_3600.f32
  Dims: 3600x1800x26
  Elements: 168480000
  Target Ratio: 4.00
  Mode: plain
  Sample Rate: 1000
Data Range: 0.000000
Warming up GPU...
Warmup complete.
Starting Profiling...
  Profiling Time: 0.759 ms
  Selected AbsEB: 9.800506e-14 (RelEB: 1.000000e-06)
  Estimated Ratio: 4.26 (Target: 4.00)
Starting Compression...
  Compression Time: 4.135 ms
  Compressed Size: 159053616
  Achieved Ratio: 4.24
Throughput Statistics:
  Profiling Throughput:    887.52 GB/s
  Compression Throughput:  162.99 GB/s
  Total (Prof+Comp) Thrpt: 137.70 GB/s
Starting Decompression...
  Decompression Time: 3.859 ms
  Decompression Throughput: 174.66 GB/s
Verification Results:
  Max Error: 9.947598e-14
  PSNR: 128.64 dB
  Compliance: PASS
BENCH_START:CESM:QC_1_26_1800_3600.f32:plain:6.0
Configuration:
  Input File: /scratch/bfrq/bzhang28/SDRBENCH-CESM-ATM-26x1800x3600/QC_1_26_1800_3600.f32
  Dims: 3600x1800x26
  Elements: 168480000
  Target Ratio: 6.00
  Mode: plain
  Sample Rate: 1000
Data Range: 0.000000
Warming up GPU...
Warmup complete.
Starting Profiling...
  Profiling Time: 0.771 ms
  Selected AbsEB: 1.470076e-12 (RelEB: 1.500000e-05)
  Estimated Ratio: 6.22 (Target: 6.00)
Starting Compression...
  Compression Time: 2.055 ms
  Compressed Size: 109016152
  Achieved Ratio: 6.18
Throughput Statistics:
  Profiling Throughput:    874.15 GB/s
  Compression Throughput:  327.88 GB/s
  Total (Prof+Comp) Thrpt: 238.44 GB/s
Starting Decompression...
  Decompression Time: 1.072 ms
  Decompression Throughput: 628.38 GB/s
Verification Results:
  Max Error: 1.477929e-12
  PSNR: 105.25 dB
  Compliance: PASS
BENCH_START:CESM:QC_1_26_1800_3600.f32:plain:8.0
Configuration:
  Input File: /scratch/bfrq/bzhang28/SDRBENCH-CESM-ATM-26x1800x3600/QC_1_26_1800_3600.f32
  Dims: 3600x1800x26
  Elements: 168480000
  Target Ratio: 8.00
  Mode: plain
  Sample Rate: 1000
Data Range: 0.000000
Warming up GPU...
Warmup complete.
Starting Profiling...
  Profiling Time: 0.759 ms
  Selected AbsEB: 5.978309e-12 (RelEB: 6.100000e-05)
  Estimated Ratio: 8.00 (Target: 8.00)
Starting Compression...
  Compression Time: 1.961 ms
  Compressed Size: 84662360
  Achieved Ratio: 7.96
Throughput Statistics:
  Profiling Throughput:    887.52 GB/s
  Compression Throughput:  343.66 GB/s
  Total (Prof+Comp) Thrpt: 247.73 GB/s
Starting Decompression...
  Decompression Time: 0.983 ms
  Decompression Throughput: 685.50 GB/s
Verification Results:
  Max Error: 5.982770e-12
  PSNR: 93.20 dB
  Compliance: PASS
BENCH_START:CESM:QRL_1_26_1800_3600.f32:outlier:4.0
Configuration:
  Input File: /scratch/bfrq/bzhang28/SDRBENCH-CESM-ATM-26x1800x3600/QRL_1_26_1800_3600.f32
  Dims: 3600x1800x26
  Elements: 168480000
  Target Ratio: 4.00
  Mode: outlier
  Sample Rate: 1000
Data Range: 0.000342
Warming up GPU...
Warmup complete.
Starting Profiling...
  Profiling Time: 0.876 ms
  Selected AbsEB: 4.440336e-08 (RelEB: 1.300000e-04)
  Estimated Ratio: 4.03 (Target: 4.00)
Starting Compression...
  Compression Time: 2.992 ms
  Compressed Size: 167102681
  Achieved Ratio: 4.03
Throughput Statistics:
  Profiling Throughput:    769.71 GB/s
  Compression Throughput:  225.20 GB/s
  Total (Prof+Comp) Thrpt: 174.23 GB/s
Starting Decompression...
  Decompression Time: 2.584 ms
  Decompression Throughput: 260.79 GB/s
Verification Results:
  Max Error: 4.441245e-08
  PSNR: 82.49 dB
  Compliance: PASS
BENCH_START:CESM:QRL_1_26_1800_3600.f32:outlier:6.0
Configuration:
  Input File: /scratch/bfrq/bzhang28/SDRBENCH-CESM-ATM-26x1800x3600/QRL_1_26_1800_3600.f32
  Dims: 3600x1800x26
  Elements: 168480000
  Target Ratio: 6.00
  Mode: outlier
  Sample Rate: 1000
Data Range: 0.000342
Warming up GPU...
Warmup complete.
Starting Profiling...
  Profiling Time: 0.791 ms
  Selected AbsEB: 2.493420e-07 (RelEB: 7.300000e-04)
  Estimated Ratio: 6.00 (Target: 6.00)
Starting Compression...
  Compression Time: 2.722 ms
  Compressed Size: 111878171
  Achieved Ratio: 6.02
Throughput Statistics:
  Profiling Throughput:    852.05 GB/s
  Compression Throughput:  247.60 GB/s
  Total (Prof+Comp) Thrpt: 191.85 GB/s
Starting Decompression...
  Decompression Time: 2.126 ms
  Decompression Throughput: 317.00 GB/s
Verification Results:
  Max Error: 2.493471e-07
  PSNR: 67.50 dB
  Compliance: PASS
BENCH_START:CESM:QRL_1_26_1800_3600.f32:outlier:8.0
Configuration:
  Input File: /scratch/bfrq/bzhang28/SDRBENCH-CESM-ATM-26x1800x3600/QRL_1_26_1800_3600.f32
  Dims: 3600x1800x26
  Elements: 168480000
  Target Ratio: 8.00
  Mode: outlier
  Sample Rate: 1000
Data Range: 0.000342
Warming up GPU...
Warmup complete.
Starting Profiling...
  Profiling Time: 0.785 ms
  Selected AbsEB: 7.514415e-07 (RelEB: 2.200000e-03)
  Estimated Ratio: 8.31 (Target: 8.00)
Starting Compression...
  Compression Time: 2.388 ms
  Compressed Size: 81204722
  Achieved Ratio: 8.30
Throughput Statistics:
  Profiling Throughput:    858.09 GB/s
  Compression Throughput:  282.27 GB/s
  Total (Prof+Comp) Thrpt: 212.40 GB/s
Starting Decompression...
  Decompression Time: 1.734 ms
  Decompression Throughput: 388.56 GB/s
Verification Results:
  Max Error: 7.514427e-07
  PSNR: 57.90 dB
  Compliance: PASS
BENCH_START:CESM:QRL_1_26_1800_3600.f32:plain:4.0
Configuration:
  Input File: /scratch/bfrq/bzhang28/SDRBENCH-CESM-ATM-26x1800x3600/QRL_1_26_1800_3600.f32
  Dims: 3600x1800x26
  Elements: 168480000
  Target Ratio: 4.00
  Mode: plain
  Sample Rate: 1000
Data Range: 0.000342
Warming up GPU...
Warmup complete.
Starting Profiling...
  Profiling Time: 0.750 ms
  Selected AbsEB: 1.366257e-07 (RelEB: 4.000000e-04)
  Estimated Ratio: 4.05 (Target: 4.00)
Starting Compression...
  Compression Time: 2.236 ms
  Compressed Size: 166275816
  Achieved Ratio: 4.05
Throughput Statistics:
  Profiling Throughput:    899.15 GB/s
  Compression Throughput:  301.42 GB/s
  Total (Prof+Comp) Thrpt: 225.75 GB/s
Starting Decompression...
  Decompression Time: 1.221 ms
  Decompression Throughput: 551.99 GB/s
Verification Results:
  Max Error: 1.366279e-07
  PSNR: 72.73 dB
  Compliance: PASS
BENCH_START:CESM:QRL_1_26_1800_3600.f32:plain:6.0
Configuration:
  Input File: /scratch/bfrq/bzhang28/SDRBENCH-CESM-ATM-26x1800x3600/QRL_1_26_1800_3600.f32
  Dims: 3600x1800x26
  Elements: 168480000
  Target Ratio: 6.00
  Mode: plain
  Sample Rate: 1000
Data Range: 0.000342
Warming up GPU...
Warmup complete.
Starting Profiling...
  Profiling Time: 0.763 ms
  Selected AbsEB: 7.514415e-07 (RelEB: 2.200000e-03)
  Estimated Ratio: 6.01 (Target: 6.00)
Starting Compression...
  Compression Time: 2.271 ms
  Compressed Size: 111945336
  Achieved Ratio: 6.02
Throughput Statistics:
  Profiling Throughput:    883.80 GB/s
  Compression Throughput:  296.74 GB/s
  Total (Prof+Comp) Thrpt: 222.15 GB/s
Starting Decompression...
  Decompression Time: 1.123 ms
  Decompression Throughput: 600.21 GB/s
Verification Results:
  Max Error: 7.514427e-07
  PSNR: 57.90 dB
  Compliance: PASS
BENCH_START:CESM:QRL_1_26_1800_3600.f32:plain:8.0
Configuration:
  Input File: /scratch/bfrq/bzhang28/SDRBENCH-CESM-ATM-26x1800x3600/QRL_1_26_1800_3600.f32
  Dims: 3600x1800x26
  Elements: 168480000
  Target Ratio: 8.00
  Mode: plain
  Sample Rate: 1000
Data Range: 0.000342
Warming up GPU...
Warmup complete.
Starting Profiling...
  Profiling Time: 0.737 ms
  Selected AbsEB: 2.083542e-06 (RelEB: 6.100000e-03)
  Estimated Ratio: 8.06 (Target: 8.00)
Starting Compression...
  Compression Time: 2.128 ms
  Compressed Size: 83526800
  Achieved Ratio: 8.07
Throughput Statistics:
  Profiling Throughput:    913.90 GB/s
  Compression Throughput:  316.75 GB/s
  Total (Prof+Comp) Thrpt: 235.22 GB/s
Starting Decompression...
  Decompression Time: 1.045 ms
  Decompression Throughput: 644.96 GB/s
Verification Results:
  Max Error: 2.083543e-06
  PSNR: 49.16 dB
  Compliance: PASS
BENCH_START:CESM:QRS_1_26_1800_3600.f32:outlier:4.0
Configuration:
  Input File: /scratch/bfrq/bzhang28/SDRBENCH-CESM-ATM-26x1800x3600/QRS_1_26_1800_3600.f32
  Dims: 3600x1800x26
  Elements: 168480000
  Target Ratio: 4.00
  Mode: outlier
  Sample Rate: 1000
Data Range: 0.000069
Warming up GPU...
Warmup complete.
Starting Profiling...
  Profiling Time: 0.804 ms
  Selected AbsEB: 1.100934e-08 (RelEB: 1.600000e-04)
  Estimated Ratio: 4.13 (Target: 4.00)
Starting Compression...
  Compression Time: 2.785 ms
  Compressed Size: 162710773
  Achieved Ratio: 4.14
Throughput Statistics:
  Profiling Throughput:    838.48 GB/s
  Compression Throughput:  241.97 GB/s
  Total (Prof+Comp) Thrpt: 187.78 GB/s
Starting Decompression...
  Decompression Time: 2.313 ms
  Decompression Throughput: 291.42 GB/s
Verification Results:
  Max Error: 1.101216e-08
  PSNR: 81.16 dB
  Compliance: PASS
BENCH_START:CESM:QRS_1_26_1800_3600.f32:outlier:6.0
Configuration:
  Input File: /scratch/bfrq/bzhang28/SDRBENCH-CESM-ATM-26x1800x3600/QRS_1_26_1800_3600.f32
  Dims: 3600x1800x26
  Elements: 168480000
  Target Ratio: 6.00
  Mode: outlier
  Sample Rate: 1000
Data Range: 0.000069
Warming up GPU...
Warmup complete.
Starting Profiling...
  Profiling Time: 0.747 ms
  Selected AbsEB: 6.467990e-08 (RelEB: 9.400000e-04)
  Estimated Ratio: 6.03 (Target: 6.00)
Starting Compression...
  Compression Time: 2.727 ms
  Compressed Size: 111816041
  Achieved Ratio: 6.03
Throughput Statistics:
  Profiling Throughput:    902.04 GB/s
  Compression Throughput:  247.17 GB/s
  Total (Prof+Comp) Thrpt: 194.01 GB/s
Starting Decompression...
  Decompression Time: 2.198 ms
  Decompression Throughput: 306.62 GB/s
Verification Results:
  Max Error: 6.468326e-08
  PSNR: 65.80 dB
  Compliance: PASS
BENCH_START:CESM:QRS_1_26_1800_3600.f32:outlier:8.0
Configuration:
  Input File: /scratch/bfrq/bzhang28/SDRBENCH-CESM-ATM-26x1800x3600/QRS_1_26_1800_3600.f32
  Dims: 3600x1800x26
  Elements: 168480000
  Target Ratio: 8.00
  Mode: outlier
  Sample Rate: 1000
Data Range: 0.000069
Warming up GPU...
Warmup complete.
Starting Profiling...
  Profiling Time: 0.762 ms
  Selected AbsEB: 2.133061e-07 (RelEB: 3.100000e-03)
  Estimated Ratio: 8.21 (Target: 8.00)
Starting Compression...
  Compression Time: 2.398 ms
  Compressed Size: 82072605
  Achieved Ratio: 8.21
Throughput Statistics:
  Profiling Throughput:    884.99 GB/s
  Compression Throughput:  281.02 GB/s
  Total (Prof+Comp) Thrpt: 213.29 GB/s
Starting Decompression...
  Decompression Time: 1.833 ms
  Decompression Throughput: 367.64 GB/s
Verification Results:
  Max Error: 2.133092e-07
  PSNR: 55.45 dB
  Compliance: PASS
BENCH_START:CESM:QRS_1_26_1800_3600.f32:plain:4.0
Configuration:
  Input File: /scratch/bfrq/bzhang28/SDRBENCH-CESM-ATM-26x1800x3600/QRS_1_26_1800_3600.f32
  Dims: 3600x1800x26
  Elements: 168480000
  Target Ratio: 4.00
  Mode: plain
  Sample Rate: 1000
Data Range: 0.000069
Warming up GPU...
Warmup complete.
Starting Profiling...
  Profiling Time: 0.742 ms
  Selected AbsEB: 3.371612e-08 (RelEB: 4.900000e-04)
  Estimated Ratio: 4.03 (Target: 4.00)
Starting Compression...
  Compression Time: 2.202 ms
  Compressed Size: 166802584
  Achieved Ratio: 4.04
Throughput Statistics:
  Profiling Throughput:    907.68 GB/s
  Compression Throughput:  306.09 GB/s
  Total (Prof+Comp) Thrpt: 228.90 GB/s
Starting Decompression...
  Decompression Time: 1.226 ms
  Decompression Throughput: 549.57 GB/s
Verification Results:
  Max Error: 3.372043e-08
  PSNR: 71.44 dB
  Compliance: PASS
BENCH_START:CESM:QRS_1_26_1800_3600.f32:plain:6.0
Configuration:
  Input File: /scratch/bfrq/bzhang28/SDRBENCH-CESM-ATM-26x1800x3600/QRS_1_26_1800_3600.f32
  Dims: 3600x1800x26
  Elements: 168480000
  Target Ratio: 6.00
  Mode: plain
  Sample Rate: 1000
Data Range: 0.000069
Warming up GPU...
Warmup complete.
Starting Profiling...
  Profiling Time: 0.759 ms
  Selected AbsEB: 2.339486e-07 (RelEB: 3.400000e-03)
  Estimated Ratio: 6.01 (Target: 6.00)
Starting Compression...
  Compression Time: 2.083 ms
  Compressed Size: 111970024
  Achieved Ratio: 6.02
Throughput Statistics:
  Profiling Throughput:    887.63 GB/s
  Compression Throughput:  323.57 GB/s
  Total (Prof+Comp) Thrpt: 237.13 GB/s
Starting Decompression...
  Decompression Time: 1.090 ms
  Decompression Throughput: 618.36 GB/s
Verification Results:
  Max Error: 2.339548e-07
  PSNR: 54.69 dB
  Compliance: PASS
BENCH_START:CESM:QRS_1_26_1800_3600.f32:plain:8.0
Configuration:
  Input File: /scratch/bfrq/bzhang28/SDRBENCH-CESM-ATM-26x1800x3600/QRS_1_26_1800_3600.f32
  Dims: 3600x1800x26
  Elements: 168480000
  Target Ratio: 8.00
  Mode: plain
  Sample Rate: 1000
Data Range: 0.000069
Warming up GPU...
Warmup complete.
Starting Profiling...
  Profiling Time: 0.738 ms
  Selected AbsEB: 6.674416e-07 (RelEB: 9.700000e-03)
  Estimated Ratio: 8.02 (Target: 8.00)
Starting Compression...
  Compression Time: 2.065 ms
  Compressed Size: 83904840
  Achieved Ratio: 8.03
Throughput Statistics:
  Profiling Throughput:    913.35 GB/s
  Compression Throughput:  326.41 GB/s
  Total (Prof+Comp) Thrpt: 240.47 GB/s
Starting Decompression...
  Decompression Time: 1.004 ms
  Decompression Throughput: 671.36 GB/s
Verification Results:
  Max Error: 6.674418e-07
  PSNR: 45.63 dB
  Compliance: PASS
BENCH_START:CESM:Q_1_26_1800_3600.f32:outlier:4.0
Configuration:
  Input File: /scratch/bfrq/bzhang28/SDRBENCH-CESM-ATM-26x1800x3600/Q_1_26_1800_3600.f32
  Dims: 3600x1800x26
  Elements: 168480000
  Target Ratio: 4.00
  Mode: outlier
  Sample Rate: 1000
Data Range: 0.019756
Warming up GPU...
Warmup complete.
Starting Profiling...
  Profiling Time: 0.753 ms
  Selected AbsEB: 1.778044e-07 (RelEB: 9.000000e-06)
  Estimated Ratio: 4.05 (Target: 4.00)
Starting Compression...
  Compression Time: 2.705 ms
  Compressed Size: 166706514
  Achieved Ratio: 4.04
Throughput Statistics:
  Profiling Throughput:    894.53 GB/s
  Compression Throughput:  249.15 GB/s
  Total (Prof+Comp) Thrpt: 194.88 GB/s
Starting Decompression...
  Decompression Time: 1.866 ms
  Decompression Throughput: 361.07 GB/s
Verification Results:
  Max Error: 1.788139e-07
  PSNR: 105.40 dB
  Compliance: PASS
BENCH_START:CESM:Q_1_26_1800_3600.f32:outlier:6.0
Configuration:
  Input File: /scratch/bfrq/bzhang28/SDRBENCH-CESM-ATM-26x1800x3600/Q_1_26_1800_3600.f32
  Dims: 3600x1800x26
  Elements: 168480000
  Target Ratio: 6.00
  Mode: outlier
  Sample Rate: 1000
Data Range: 0.019756
Warming up GPU...
Warmup complete.
Starting Profiling...
  Profiling Time: 0.755 ms
  Selected AbsEB: 1.916336e-06 (RelEB: 9.700000e-05)
  Estimated Ratio: 6.02 (Target: 6.00)
Starting Compression...
  Compression Time: 2.303 ms
  Compressed Size: 112100967
  Achieved Ratio: 6.01
Throughput Statistics:
  Profiling Throughput:    892.34 GB/s
  Compression Throughput:  292.62 GB/s
  Total (Prof+Comp) Thrpt: 220.36 GB/s
Starting Decompression...
  Decompression Time: 1.586 ms
  Decompression Throughput: 424.89 GB/s
Verification Results:
  Max Error: 1.916662e-06
  PSNR: 85.79 dB
  Compliance: PASS
BENCH_START:CESM:Q_1_26_1800_3600.f32:outlier:8.0
Configuration:
  Input File: /scratch/bfrq/bzhang28/SDRBENCH-CESM-ATM-26x1800x3600/Q_1_26_1800_3600.f32
  Dims: 3600x1800x26
  Elements: 168480000
  Target Ratio: 8.00
  Mode: outlier
  Sample Rate: 1000
Data Range: 0.019756
Warming up GPU...
Warmup complete.
Starting Profiling...
  Profiling Time: 0.757 ms
  Selected AbsEB: 5.531691e-06 (RelEB: 2.800000e-04)
  Estimated Ratio: 8.05 (Target: 8.00)
Starting Compression...
  Compression Time: 2.309 ms
  Compressed Size: 83812731
  Achieved Ratio: 8.04
Throughput Statistics:
  Profiling Throughput:    890.34 GB/s
  Compression Throughput:  291.85 GB/s
  Total (Prof+Comp) Thrpt: 219.80 GB/s
Starting Decompression...
  Decompression Time: 1.408 ms
  Decompression Throughput: 478.67 GB/s
Verification Results:
  Max Error: 5.532056e-06
  PSNR: 75.65 dB
  Compliance: PASS
BENCH_START:CESM:Q_1_26_1800_3600.f32:plain:4.0
Configuration:
  Input File: /scratch/bfrq/bzhang28/SDRBENCH-CESM-ATM-26x1800x3600/Q_1_26_1800_3600.f32
  Dims: 3600x1800x26
  Elements: 168480000
  Target Ratio: 4.00
  Mode: plain
  Sample Rate: 1000
Data Range: 0.019756
Warming up GPU...
Warmup complete.
Starting Profiling...
  Profiling Time: 0.737 ms
  Selected AbsEB: 5.926811e-07 (RelEB: 3.000000e-05)
  Estimated Ratio: 4.04 (Target: 4.00)
Starting Compression...
  Compression Time: 2.575 ms
  Compressed Size: 166630928
  Achieved Ratio: 4.04
Throughput Statistics:
  Profiling Throughput:    914.06 GB/s
  Compression Throughput:  261.76 GB/s
  Total (Prof+Comp) Thrpt: 203.49 GB/s
Starting Decompression...
  Decompression Time: 1.317 ms
  Decompression Throughput: 511.74 GB/s
Verification Results:
  Max Error: 5.941838e-07
  PSNR: 94.39 dB
  Compliance: PASS
BENCH_START:CESM:Q_1_26_1800_3600.f32:plain:6.0
Configuration:
  Input File: /scratch/bfrq/bzhang28/SDRBENCH-CESM-ATM-26x1800x3600/Q_1_26_1800_3600.f32
  Dims: 3600x1800x26
  Elements: 168480000
  Target Ratio: 6.00
  Mode: plain
  Sample Rate: 1000
Data Range: 0.019756
Warming up GPU...
Warmup complete.
Starting Profiling...
  Profiling Time: 0.757 ms
  Selected AbsEB: 3.753648e-06 (RelEB: 1.900000e-04)
  Estimated Ratio: 6.22 (Target: 6.00)
Starting Compression...
  Compression Time: 2.072 ms
  Compressed Size: 108278064
  Achieved Ratio: 6.22
Throughput Statistics:
  Profiling Throughput:    889.88 GB/s
  Compression Throughput:  325.30 GB/s
  Total (Prof+Comp) Thrpt: 238.22 GB/s
Starting Decompression...
  Decompression Time: 1.071 ms
  Decompression Throughput: 629.01 GB/s
Verification Results:
  Max Error: 3.755093e-06
  PSNR: 77.79 dB
  Compliance: PASS
BENCH_START:CESM:Q_1_26_1800_3600.f32:plain:8.0
Configuration:
  Input File: /scratch/bfrq/bzhang28/SDRBENCH-CESM-ATM-26x1800x3600/Q_1_26_1800_3600.f32
  Dims: 3600x1800x26
  Elements: 168480000
  Target Ratio: 8.00
  Mode: plain
  Sample Rate: 1000
Data Range: 0.019756
Warming up GPU...
Warmup complete.
Starting Profiling...
  Profiling Time: 0.764 ms
  Selected AbsEB: 1.264387e-05 (RelEB: 6.400000e-04)
  Estimated Ratio: 8.06 (Target: 8.00)
Starting Compression...
  Compression Time: 2.105 ms
  Compressed Size: 83752456
  Achieved Ratio: 8.05
Throughput Statistics:
  Profiling Throughput:    881.69 GB/s
  Compression Throughput:  320.10 GB/s
  Total (Prof+Comp) Thrpt: 234.84 GB/s
Starting Decompression...
  Decompression Time: 0.970 ms
  Decompression Throughput: 694.82 GB/s
Verification Results:
  Max Error: 1.264410e-05
  PSNR: 70.22 dB
  Compliance: PASS
BENCH_START:CESM:RELHUM_1_26_1800_3600.f32:outlier:4.0
Configuration:
  Input File: /scratch/bfrq/bzhang28/SDRBENCH-CESM-ATM-26x1800x3600/RELHUM_1_26_1800_3600.f32
  Dims: 3600x1800x26
  Elements: 168480000
  Target Ratio: 4.00
  Mode: outlier
  Sample Rate: 1000
Data Range: 99.603401
Warming up GPU...
Warmup complete.
Starting Profiling...
  Profiling Time: 0.767 ms
  Selected AbsEB: 3.984136e-02 (RelEB: 4.000000e-04)
  Estimated Ratio: 4.04 (Target: 4.00)
Starting Compression...
  Compression Time: 2.602 ms
  Compressed Size: 166844563
  Achieved Ratio: 4.04
Throughput Statistics:
  Profiling Throughput:    878.16 GB/s
  Compression Throughput:  258.97 GB/s
  Total (Prof+Comp) Thrpt: 199.99 GB/s
Starting Decompression...
  Decompression Time: 1.822 ms
  Decompression Throughput: 369.88 GB/s
Verification Results:
  Max Error: 3.984833e-02
  PSNR: 72.72 dB
  Compliance: PASS
BENCH_START:CESM:RELHUM_1_26_1800_3600.f32:outlier:6.0
Configuration:
  Input File: /scratch/bfrq/bzhang28/SDRBENCH-CESM-ATM-26x1800x3600/RELHUM_1_26_1800_3600.f32
  Dims: 3600x1800x26
  Elements: 168480000
  Target Ratio: 6.00
  Mode: outlier
  Sample Rate: 1000
Data Range: 99.603401
Warming up GPU...
Warmup complete.
Starting Profiling...
  Profiling Time: 0.757 ms
  Selected AbsEB: 2.490085e-01 (RelEB: 2.500000e-03)
  Estimated Ratio: 6.10 (Target: 6.00)
Starting Compression...
  Compression Time: 2.540 ms
  Compressed Size: 110465063
  Achieved Ratio: 6.10
Throughput Statistics:
  Profiling Throughput:    890.34 GB/s
  Compression Throughput:  265.29 GB/s
  Total (Prof+Comp) Thrpt: 204.39 GB/s
Starting Decompression...
  Decompression Time: 1.915 ms
  Decompression Throughput: 351.87 GB/s
Verification Results:
  Max Error: 2.490158e-01
  PSNR: 57.14 dB
  Compliance: PASS
BENCH_START:CESM:RELHUM_1_26_1800_3600.f32:outlier:8.0
Configuration:
  Input File: /scratch/bfrq/bzhang28/SDRBENCH-CESM-ATM-26x1800x3600/RELHUM_1_26_1800_3600.f32
  Dims: 3600x1800x26
  Elements: 168480000
  Target Ratio: 8.00
  Mode: outlier
  Sample Rate: 1000
Data Range: 99.603401
Warming up GPU...
Warmup complete.
Starting Profiling...
  Profiling Time: 0.752 ms
  Selected AbsEB: 6.374617e-01 (RelEB: 6.400000e-03)
  Estimated Ratio: 8.12 (Target: 8.00)
Starting Compression...
  Compression Time: 2.382 ms
  Compressed Size: 83097482
  Achieved Ratio: 8.11
Throughput Statistics:
  Profiling Throughput:    896.28 GB/s
  Compression Throughput:  282.95 GB/s
  Total (Prof+Comp) Thrpt: 215.06 GB/s
Starting Decompression...
  Decompression Time: 1.612 ms
  Decompression Throughput: 418.19 GB/s
Verification Results:
  Max Error: 6.374664e-01
  PSNR: 49.06 dB
  Compliance: PASS
BENCH_START:CESM:RELHUM_1_26_1800_3600.f32:plain:4.0
Configuration:
  Input File: /scratch/bfrq/bzhang28/SDRBENCH-CESM-ATM-26x1800x3600/RELHUM_1_26_1800_3600.f32
  Dims: 3600x1800x26
  Elements: 168480000
  Target Ratio: 4.00
  Mode: plain
  Sample Rate: 1000
Data Range: 99.603401
Warming up GPU...
Warmup complete.
Starting Profiling...
  Profiling Time: 0.746 ms
  Selected AbsEB: 1.593654e-01 (RelEB: 1.600000e-03)
  Estimated Ratio: 4.00 (Target: 4.00)
Starting Compression...
  Compression Time: 2.241 ms
  Compressed Size: 168568544
  Achieved Ratio: 4.00
Throughput Statistics:
  Profiling Throughput:    903.55 GB/s
  Compression Throughput:  300.76 GB/s
  Total (Prof+Comp) Thrpt: 225.65 GB/s
Starting Decompression...
  Decompression Time: 1.233 ms
  Decompression Throughput: 546.74 GB/s
Verification Results:
  Max Error: 1.593704e-01
  PSNR: 60.83 dB
  Compliance: PASS
BENCH_START:CESM:RELHUM_1_26_1800_3600.f32:plain:6.0
Configuration:
  Input File: /scratch/bfrq/bzhang28/SDRBENCH-CESM-ATM-26x1800x3600/RELHUM_1_26_1800_3600.f32
  Dims: 3600x1800x26
  Elements: 168480000
  Target Ratio: 6.00
  Mode: plain
  Sample Rate: 1000
Data Range: 99.603401
Warming up GPU...
Warmup complete.
Starting Profiling...
  Profiling Time: 0.751 ms
  Selected AbsEB: 1.095637e+00 (RelEB: 1.100000e-02)
  Estimated Ratio: 6.03 (Target: 6.00)
Starting Compression...
  Compression Time: 2.220 ms
  Compressed Size: 111890592
  Achieved Ratio: 6.02
Throughput Statistics:
  Profiling Throughput:    897.55 GB/s
  Compression Throughput:  303.50 GB/s
  Total (Prof+Comp) Thrpt: 226.81 GB/s
Starting Decompression...
  Decompression Time: 1.072 ms
  Decompression Throughput: 628.58 GB/s
Verification Results:
  Max Error: 1.095642e+00
  PSNR: 44.50 dB
  Compliance: PASS
BENCH_START:CESM:RELHUM_1_26_1800_3600.f32:plain:8.0
Configuration:
  Input File: /scratch/bfrq/bzhang28/SDRBENCH-CESM-ATM-26x1800x3600/RELHUM_1_26_1800_3600.f32
  Dims: 3600x1800x26
  Elements: 168480000
  Target Ratio: 8.00
  Mode: plain
  Sample Rate: 1000
Data Range: 99.603401
Warming up GPU...
Warmup complete.
Starting Profiling...
  Profiling Time: 0.741 ms
  Selected AbsEB: 3.087705e+00 (RelEB: 3.100000e-02)
  Estimated Ratio: 8.02 (Target: 8.00)
Starting Compression...
  Compression Time: 2.163 ms
  Compressed Size: 84018816
  Achieved Ratio: 8.02
Throughput Statistics:
  Profiling Throughput:    909.29 GB/s
  Compression Throughput:  311.58 GB/s
  Total (Prof+Comp) Thrpt: 232.06 GB/s
Starting Decompression...
  Decompression Time: 1.008 ms
  Decompression Throughput: 668.30 GB/s
Verification Results:
  Max Error: 3.087708e+00
  PSNR: 35.78 dB
  Compliance: PASS
BENCH_START:CESM:T_1_26_1800_3600.f32:outlier:4.0
Configuration:
  Input File: /scratch/bfrq/bzhang28/SDRBENCH-CESM-ATM-26x1800x3600/T_1_26_1800_3600.f32
  Dims: 3600x1800x26
  Elements: 168480000
  Target Ratio: 4.00
  Mode: outlier
  Sample Rate: 1000
Data Range: 122.225845
Warming up GPU...
Warmup complete.
Starting Profiling...
  Profiling Time: 0.777 ms
  Selected AbsEB: 4.522356e-02 (RelEB: 3.700000e-04)
  Estimated Ratio: 4.02 (Target: 4.00)
Starting Compression...
  Compression Time: 2.672 ms
  Compressed Size: 167513312
  Achieved Ratio: 4.02
Throughput Statistics:
  Profiling Throughput:    867.27 GB/s
  Compression Throughput:  252.18 GB/s
  Total (Prof+Comp) Thrpt: 195.37 GB/s
Starting Decompression...
  Decompression Time: 1.751 ms
  Decompression Throughput: 384.86 GB/s
Verification Results:
  Max Error: 4.522705e-02
  PSNR: 73.41 dB
  Compliance: PASS
BENCH_START:CESM:T_1_26_1800_3600.f32:outlier:6.0
Configuration:
  Input File: /scratch/bfrq/bzhang28/SDRBENCH-CESM-ATM-26x1800x3600/T_1_26_1800_3600.f32
  Dims: 3600x1800x26
  Elements: 168480000
  Target Ratio: 6.00
  Mode: outlier
  Sample Rate: 1000
Data Range: 122.225845
Warming up GPU...
Warmup complete.
Starting Profiling...
  Profiling Time: 0.740 ms
  Selected AbsEB: 3.055646e-01 (RelEB: 2.500000e-03)
  Estimated Ratio: 6.31 (Target: 6.00)
Starting Compression...
  Compression Time: 2.415 ms
  Compressed Size: 106727888
  Achieved Ratio: 6.31
Throughput Statistics:
  Profiling Throughput:    910.66 GB/s
  Compression Throughput:  279.01 GB/s
  Total (Prof+Comp) Thrpt: 213.57 GB/s
Starting Decompression...
  Decompression Time: 1.356 ms
  Decompression Throughput: 497.04 GB/s
Verification Results:
  Max Error: 3.055725e-01
  PSNR: 56.80 dB
  Compliance: PASS
BENCH_START:CESM:T_1_26_1800_3600.f32:outlier:8.0
Configuration:
  Input File: /scratch/bfrq/bzhang28/SDRBENCH-CESM-ATM-26x1800x3600/T_1_26_1800_3600.f32
  Dims: 3600x1800x26
  Elements: 168480000
  Target Ratio: 8.00
  Mode: outlier
  Sample Rate: 1000
Data Range: 122.225845
Warming up GPU...
Warmup complete.
Starting Profiling...
  Profiling Time: 0.757 ms
  Selected AbsEB: 6.722422e-01 (RelEB: 5.500000e-03)
  Estimated Ratio: 8.19 (Target: 8.00)
Starting Compression...
  Compression Time: 2.360 ms
  Compressed Size: 82328736
  Achieved Ratio: 8.19
Throughput Statistics:
  Profiling Throughput:    889.88 GB/s
  Compression Throughput:  285.59 GB/s
  Total (Prof+Comp) Thrpt: 216.20 GB/s
Starting Decompression...
  Decompression Time: 1.648 ms
  Decompression Throughput: 408.95 GB/s
Verification Results:
  Max Error: 6.722717e-01
  PSNR: 49.97 dB
  Compliance: PASS
BENCH_START:CESM:T_1_26_1800_3600.f32:plain:4.0
Configuration:
  Input File: /scratch/bfrq/bzhang28/SDRBENCH-CESM-ATM-26x1800x3600/T_1_26_1800_3600.f32
  Dims: 3600x1800x26
  Elements: 168480000
  Target Ratio: 4.00
  Mode: plain
  Sample Rate: 1000
Data Range: 122.225845
Warming up GPU...
Warmup complete.
Starting Profiling...
  Profiling Time: 0.751 ms
  Selected AbsEB: 2.322291e+00 (RelEB: 1.900000e-02)
  Estimated Ratio: 4.15 (Target: 4.00)
Starting Compression...
  Compression Time: 2.355 ms
  Compressed Size: 162253280
  Achieved Ratio: 4.15
Throughput Statistics:
  Profiling Throughput:    897.70 GB/s
  Compression Throughput:  286.22 GB/s
  Total (Prof+Comp) Thrpt: 217.02 GB/s
Starting Decompression...
  Decompression Time: 1.218 ms
  Decompression Throughput: 553.53 GB/s
Verification Results:
  Max Error: 2.322311e+00
  PSNR: 39.20 dB
  Compliance: PASS
BENCH_START:CESM:T_1_26_1800_3600.f32:plain:6.0
Configuration:
  Input File: /scratch/bfrq/bzhang28/SDRBENCH-CESM-ATM-26x1800x3600/T_1_26_1800_3600.f32
  Dims: 3600x1800x26
  Elements: 168480000
  Target Ratio: 6.00
  Mode: plain
  Sample Rate: 1000
Data Range: 122.225845
Warming up GPU...
Warmup complete.
Starting Profiling...
  Profiling Time: 0.750 ms
  Selected AbsEB: 1.222258e-04 (RelEB: 1.000000e-06)
  Estimated Ratio: 1.39 (Target: 6.00)
Starting Compression...
  Compression Time: 5.545 ms
  Compressed Size: 483817584
  Achieved Ratio: 1.39
Throughput Statistics:
  Profiling Throughput:    898.66 GB/s
  Compression Throughput:  121.54 GB/s
  Total (Prof+Comp) Thrpt: 107.06 GB/s
Starting Decompression...
  Decompression Time: 2.310 ms
  Decompression Throughput: 291.77 GB/s
Verification Results:
  Max Error: 1.220703e-04
  PSNR: 124.71 dB
  Compliance: PASS
BENCH_START:CESM:T_1_26_1800_3600.f32:plain:8.0
Configuration:
  Input File: /scratch/bfrq/bzhang28/SDRBENCH-CESM-ATM-26x1800x3600/T_1_26_1800_3600.f32
  Dims: 3600x1800x26
  Elements: 168480000
  Target Ratio: 8.00
  Mode: plain
  Sample Rate: 1000
Data Range: 122.225845
Warming up GPU...
Warmup complete.
Starting Profiling...
  Profiling Time: 0.754 ms
  Selected AbsEB: 1.222258e-04 (RelEB: 1.000000e-06)
  Estimated Ratio: 1.39 (Target: 8.00)
Starting Compression...
  Compression Time: 5.390 ms
  Compressed Size: 483817584
  Achieved Ratio: 1.39
Throughput Statistics:
  Profiling Throughput:    893.74 GB/s
  Compression Throughput:  125.03 GB/s
  Total (Prof+Comp) Thrpt: 109.69 GB/s
Starting Decompression...
  Decompression Time: 2.297 ms
  Decompression Throughput: 293.39 GB/s
Verification Results:
  Max Error: 1.220703e-04
  PSNR: 124.71 dB
  Compliance: PASS
BENCH_START:CESM:UU_1_26_1800_3600.f32:outlier:4.0
Configuration:
  Input File: /scratch/bfrq/bzhang28/SDRBENCH-CESM-ATM-26x1800x3600/UU_1_26_1800_3600.f32
  Dims: 3600x1800x26
  Elements: 168480000
  Target Ratio: 4.00
  Mode: outlier
  Sample Rate: 1000
Data Range: 11181.509766
Warming up GPU...
Warmup complete.
Starting Profiling...
  Profiling Time: 0.749 ms
  Selected AbsEB: 5.590755e-01 (RelEB: 5.000000e-05)
  Estimated Ratio: 4.06 (Target: 4.00)
Starting Compression...
  Compression Time: 2.896 ms
  Compressed Size: 165923583
  Achieved Ratio: 4.06
Throughput Statistics:
  Profiling Throughput:    899.77 GB/s
  Compression Throughput:  232.73 GB/s
  Total (Prof+Comp) Thrpt: 184.90 GB/s
Starting Decompression...
  Decompression Time: 2.412 ms
  Decompression Throughput: 279.45 GB/s
Verification Results:
  Max Error: 5.595703e-01
  PSNR: 90.79 dB
  Compliance: PASS
BENCH_START:CESM:UU_1_26_1800_3600.f32:outlier:6.0
Configuration:
  Input File: /scratch/bfrq/bzhang28/SDRBENCH-CESM-ATM-26x1800x3600/UU_1_26_1800_3600.f32
  Dims: 3600x1800x26
  Elements: 168480000
  Target Ratio: 6.00
  Mode: outlier
  Sample Rate: 1000
Data Range: 11181.509766
Warming up GPU...
Warmup complete.
Starting Profiling...
  Profiling Time: 0.753 ms
  Selected AbsEB: 3.466268e+00 (RelEB: 3.100000e-04)
  Estimated Ratio: 6.10 (Target: 6.00)
Starting Compression...
  Compression Time: 2.616 ms
  Compressed Size: 110519829
  Achieved Ratio: 6.10
Throughput Statistics:
  Profiling Throughput:    894.50 GB/s
  Compression Throughput:  257.63 GB/s
  Total (Prof+Comp) Thrpt: 200.02 GB/s
Starting Decompression...
  Decompression Time: 2.051 ms
  Decompression Throughput: 328.54 GB/s
Verification Results:
  Max Error: 3.466797e+00
  PSNR: 74.92 dB
  Compliance: PASS
BENCH_START:CESM:UU_1_26_1800_3600.f32:outlier:8.0
Configuration:
  Input File: /scratch/bfrq/bzhang28/SDRBENCH-CESM-ATM-26x1800x3600/UU_1_26_1800_3600.f32
  Dims: 3600x1800x26
  Elements: 168480000
  Target Ratio: 8.00
  Mode: outlier
  Sample Rate: 1000
Data Range: 11181.509766
Warming up GPU...
Warmup complete.
Starting Profiling...
  Profiling Time: 0.750 ms
  Selected AbsEB: 9.504283e+00 (RelEB: 8.500000e-04)
  Estimated Ratio: 8.05 (Target: 8.00)
Starting Compression...
  Compression Time: 2.358 ms
  Compressed Size: 83955270
  Achieved Ratio: 8.03
Throughput Statistics:
  Profiling Throughput:    899.08 GB/s
  Compression Throughput:  285.85 GB/s
  Total (Prof+Comp) Thrpt: 216.89 GB/s
Starting Decompression...
  Decompression Time: 1.759 ms
  Decompression Throughput: 383.06 GB/s
Verification Results:
  Max Error: 9.504395e+00
  PSNR: 66.12 dB
  Compliance: PASS
BENCH_START:CESM:UU_1_26_1800_3600.f32:plain:4.0
Configuration:
  Input File: /scratch/bfrq/bzhang28/SDRBENCH-CESM-ATM-26x1800x3600/UU_1_26_1800_3600.f32
  Dims: 3600x1800x26
  Elements: 168480000
  Target Ratio: 4.00
  Mode: plain
  Sample Rate: 1000
Data Range: 11181.509766
Warming up GPU...
Warmup complete.
Starting Profiling...
  Profiling Time: 0.751 ms
  Selected AbsEB: 1.789042e+00 (RelEB: 1.600000e-04)
  Estimated Ratio: 4.10 (Target: 4.00)
Starting Compression...
  Compression Time: 2.350 ms
  Compressed Size: 164102512
  Achieved Ratio: 4.11
Throughput Statistics:
  Profiling Throughput:    897.51 GB/s
  Compression Throughput:  286.75 GB/s
  Total (Prof+Comp) Thrpt: 217.32 GB/s
Starting Decompression...
  Decompression Time: 1.250 ms
  Decompression Throughput: 539.28 GB/s
Verification Results:
  Max Error: 1.789551e+00
  PSNR: 80.70 dB
  Compliance: PASS
BENCH_START:CESM:UU_1_26_1800_3600.f32:plain:6.0
Configuration:
  Input File: /scratch/bfrq/bzhang28/SDRBENCH-CESM-ATM-26x1800x3600/UU_1_26_1800_3600.f32
  Dims: 3600x1800x26
  Elements: 168480000
  Target Ratio: 6.00
  Mode: plain
  Sample Rate: 1000
Data Range: 11181.509766
Warming up GPU...
Warmup complete.
Starting Profiling...
  Profiling Time: 0.754 ms
  Selected AbsEB: 9.839728e+00 (RelEB: 8.800000e-04)
  Estimated Ratio: 6.04 (Target: 6.00)
Starting Compression...
  Compression Time: 2.257 ms
  Compressed Size: 111536864
  Achieved Ratio: 6.04
Throughput Statistics:
  Profiling Throughput:    893.36 GB/s
  Compression Throughput:  298.60 GB/s
  Total (Prof+Comp) Thrpt: 223.80 GB/s
Starting Decompression...
  Decompression Time: 1.120 ms
  Decompression Throughput: 601.70 GB/s
Verification Results:
  Max Error: 9.840332e+00
  PSNR: 65.82 dB
  Compliance: PASS
BENCH_START:CESM:UU_1_26_1800_3600.f32:plain:8.0
Configuration:
  Input File: /scratch/bfrq/bzhang28/SDRBENCH-CESM-ATM-26x1800x3600/UU_1_26_1800_3600.f32
  Dims: 3600x1800x26
  Elements: 168480000
  Target Ratio: 8.00
  Mode: plain
  Sample Rate: 1000
Data Range: 11181.509766
Warming up GPU...
Warmup complete.
Starting Profiling...
  Profiling Time: 0.867 ms
  Selected AbsEB: 2.795377e+01 (RelEB: 2.500000e-03)
  Estimated Ratio: 8.20 (Target: 8.00)
Starting Compression...
  Compression Time: 2.069 ms
  Compressed Size: 82153080
  Achieved Ratio: 8.20
Throughput Statistics:
  Profiling Throughput:    777.01 GB/s
  Compression Throughput:  325.76 GB/s
  Total (Prof+Comp) Thrpt: 229.53 GB/s
Starting Decompression...
  Decompression Time: 1.009 ms
  Decompression Throughput: 667.68 GB/s
Verification Results:
  Max Error: 2.795386e+01
  PSNR: 56.76 dB
  Compliance: PASS
BENCH_START:CESM:U_1_26_1800_3600.f32:outlier:4.0
Configuration:
  Input File: /scratch/bfrq/bzhang28/SDRBENCH-CESM-ATM-26x1800x3600/U_1_26_1800_3600.f32
  Dims: 3600x1800x26
  Elements: 168480000
  Target Ratio: 4.00
  Mode: outlier
  Sample Rate: 1000
Data Range: 158.951645
Warming up GPU...
Warmup complete.
Starting Profiling...
  Profiling Time: 0.771 ms
  Selected AbsEB: 2.066371e-02 (RelEB: 1.300000e-04)
  Estimated Ratio: 4.05 (Target: 4.00)
Starting Compression...
  Compression Time: 2.875 ms
  Compressed Size: 166576250
  Achieved Ratio: 4.05
Throughput Statistics:
  Profiling Throughput:    873.97 GB/s
  Compression Throughput:  234.44 GB/s
  Total (Prof+Comp) Thrpt: 184.86 GB/s
Starting Decompression...
  Decompression Time: 2.369 ms
  Decompression Throughput: 284.50 GB/s
Verification Results:
  Max Error: 2.067566e-02
  PSNR: 82.49 dB
  Compliance: PASS
BENCH_START:CESM:U_1_26_1800_3600.f32:outlier:6.0
Configuration:
  Input File: /scratch/bfrq/bzhang28/SDRBENCH-CESM-ATM-26x1800x3600/U_1_26_1800_3600.f32
  Dims: 3600x1800x26
  Elements: 168480000
  Target Ratio: 6.00
  Mode: outlier
  Sample Rate: 1000
Data Range: 158.951645
Warming up GPU...
Warmup complete.
Starting Profiling...
  Profiling Time: 0.742 ms
  Selected AbsEB: 1.160347e-01 (RelEB: 7.300000e-04)
  Estimated Ratio: 6.02 (Target: 6.00)
Starting Compression...
  Compression Time: 2.520 ms
  Compressed Size: 112003413
  Achieved Ratio: 6.02
Throughput Statistics:
  Profiling Throughput:    908.58 GB/s
  Compression Throughput:  267.41 GB/s
  Total (Prof+Comp) Thrpt: 206.60 GB/s
Starting Decompression...
  Decompression Time: 2.046 ms
  Decompression Throughput: 329.32 GB/s
Verification Results:
  Max Error: 1.160355e-01
  PSNR: 67.50 dB
  Compliance: PASS
BENCH_START:CESM:U_1_26_1800_3600.f32:outlier:8.0
Configuration:
  Input File: /scratch/bfrq/bzhang28/SDRBENCH-CESM-ATM-26x1800x3600/U_1_26_1800_3600.f32
  Dims: 3600x1800x26
  Elements: 168480000
  Target Ratio: 8.00
  Mode: outlier
  Sample Rate: 1000
Data Range: 158.951645
Warming up GPU...
Warmup complete.
Starting Profiling...
  Profiling Time: 0.749 ms
  Selected AbsEB: 3.496936e-01 (RelEB: 2.200000e-03)
  Estimated Ratio: 8.19 (Target: 8.00)
Starting Compression...
  Compression Time: 2.459 ms
  Compressed Size: 82324140
  Achieved Ratio: 8.19
Throughput Statistics:
  Profiling Throughput:    899.39 GB/s
  Compression Throughput:  274.08 GB/s
  Total (Prof+Comp) Thrpt: 210.06 GB/s
Starting Decompression...
  Decompression Time: 1.712 ms
  Decompression Throughput: 393.70 GB/s
Verification Results:
  Max Error: 3.496971e-01
  PSNR: 57.92 dB
  Compliance: PASS
BENCH_START:CESM:U_1_26_1800_3600.f32:plain:4.0
Configuration:
  Input File: /scratch/bfrq/bzhang28/SDRBENCH-CESM-ATM-26x1800x3600/U_1_26_1800_3600.f32
  Dims: 3600x1800x26
  Elements: 168480000
  Target Ratio: 4.00
  Mode: plain
  Sample Rate: 1000
Data Range: 158.951645
Warming up GPU...
Warmup complete.
Starting Profiling...
  Profiling Time: 0.743 ms
  Selected AbsEB: 7.788631e-02 (RelEB: 4.900000e-04)
  Estimated Ratio: 4.04 (Target: 4.00)
Starting Compression...
  Compression Time: 2.209 ms
  Compressed Size: 166774256
  Achieved Ratio: 4.04
Throughput Statistics:
  Profiling Throughput:    907.02 GB/s
  Compression Throughput:  305.05 GB/s
  Total (Prof+Comp) Thrpt: 228.28 GB/s
Starting Decompression...
  Decompression Time: 1.219 ms
  Decompression Throughput: 552.83 GB/s
Verification Results:
  Max Error: 7.788849e-02
  PSNR: 70.97 dB
  Compliance: PASS
BENCH_START:CESM:U_1_26_1800_3600.f32:plain:6.0
Configuration:
  Input File: /scratch/bfrq/bzhang28/SDRBENCH-CESM-ATM-26x1800x3600/U_1_26_1800_3600.f32
  Dims: 3600x1800x26
  Elements: 168480000
  Target Ratio: 6.00
  Mode: plain
  Sample Rate: 1000
Data Range: 158.951645
Warming up GPU...
Warmup complete.
Starting Profiling...
  Profiling Time: 0.750 ms
  Selected AbsEB: 4.450646e-01 (RelEB: 2.800000e-03)
  Estimated Ratio: 6.01 (Target: 6.00)
Starting Compression...
  Compression Time: 2.157 ms
  Compressed Size: 112098872
  Achieved Ratio: 6.01
Throughput Statistics:
  Profiling Throughput:    898.77 GB/s
  Compression Throughput:  312.50 GB/s
  Total (Prof+Comp) Thrpt: 231.88 GB/s
Starting Decompression...
  Decompression Time: 1.094 ms
  Decompression Throughput: 616.11 GB/s
Verification Results:
  Max Error: 4.450684e-01
  PSNR: 55.83 dB
  Compliance: PASS
BENCH_START:CESM:U_1_26_1800_3600.f32:plain:8.0
Configuration:
  Input File: /scratch/bfrq/bzhang28/SDRBENCH-CESM-ATM-26x1800x3600/U_1_26_1800_3600.f32
  Dims: 3600x1800x26
  Elements: 168480000
  Target Ratio: 8.00
  Mode: plain
  Sample Rate: 1000
Data Range: 158.951645
Warming up GPU...
Warmup complete.
Starting Profiling...
  Profiling Time: 0.768 ms
  Selected AbsEB: 1.208032e+00 (RelEB: 7.600000e-03)
  Estimated Ratio: 8.03 (Target: 8.00)
Starting Compression...
  Compression Time: 2.101 ms
  Compressed Size: 83780776
  Achieved Ratio: 8.04
Throughput Statistics:
  Profiling Throughput:    877.10 GB/s
  Compression Throughput:  320.83 GB/s
  Total (Prof+Comp) Thrpt: 234.90 GB/s
Starting Decompression...
  Decompression Time: 1.045 ms
  Decompression Throughput: 645.04 GB/s
Verification Results:
  Max Error: 1.208035e+00
  PSNR: 47.16 dB
  Compliance: PASS
BENCH_START:CESM:VD01_1_26_1800_3600.f32:outlier:4.0
Configuration:
  Input File: /scratch/bfrq/bzhang28/SDRBENCH-CESM-ATM-26x1800x3600/VD01_1_26_1800_3600.f32
  Dims: 3600x1800x26
  Elements: 168480000
  Target Ratio: 4.00
  Mode: outlier
  Sample Rate: 1000
Data Range: 0.000001
Warming up GPU...
Warmup complete.
Starting Profiling...
  Profiling Time: 0.747 ms
  Selected AbsEB: 7.211687e-13 (RelEB: 1.000000e-06)
  Estimated Ratio: 6.01 (Target: 4.00)
Starting Compression...
  Compression Time: 2.562 ms
  Compressed Size: 112368212
  Achieved Ratio: 6.00
Throughput Statistics:
  Profiling Throughput:    902.04 GB/s
  Compression Throughput:  263.09 GB/s
  Total (Prof+Comp) Thrpt: 203.68 GB/s
Starting Decompression...
  Decompression Time: 1.600 ms
  Decompression Throughput: 421.17 GB/s
Verification Results:
  Max Error: 7.673862e-13
  PSNR: 127.50 dB
  Compliance: PASS
BENCH_START:CESM:VD01_1_26_1800_3600.f32:outlier:6.0
Configuration:
  Input File: /scratch/bfrq/bzhang28/SDRBENCH-CESM-ATM-26x1800x3600/VD01_1_26_1800_3600.f32
  Dims: 3600x1800x26
  Elements: 168480000
  Target Ratio: 6.00
  Mode: outlier
  Sample Rate: 1000
Data Range: 0.000001
Warming up GPU...
Warmup complete.
Starting Profiling...
  Profiling Time: 0.766 ms
  Selected AbsEB: 7.211687e-13 (RelEB: 1.000000e-06)
  Estimated Ratio: 6.01 (Target: 6.00)
Starting Compression...
  Compression Time: 2.451 ms
  Compressed Size: 112368212
  Achieved Ratio: 6.00
Throughput Statistics:
  Profiling Throughput:    879.26 GB/s
  Compression Throughput:  274.90 GB/s
  Total (Prof+Comp) Thrpt: 209.43 GB/s
Starting Decompression...
  Decompression Time: 1.575 ms
  Decompression Throughput: 427.83 GB/s
Verification Results:
  Max Error: 7.673862e-13
  PSNR: 127.50 dB
  Compliance: PASS
BENCH_START:CESM:VD01_1_26_1800_3600.f32:outlier:8.0
Configuration:
  Input File: /scratch/bfrq/bzhang28/SDRBENCH-CESM-ATM-26x1800x3600/VD01_1_26_1800_3600.f32
  Dims: 3600x1800x26
  Elements: 168480000
  Target Ratio: 8.00
  Mode: outlier
  Sample Rate: 1000
Data Range: 0.000001
Warming up GPU...
Warmup complete.
Starting Profiling...
  Profiling Time: 0.744 ms
  Selected AbsEB: 5.769349e-12 (RelEB: 8.000000e-06)
  Estimated Ratio: 8.60 (Target: 8.00)
Starting Compression...
  Compression Time: 2.200 ms
  Compressed Size: 78440166
  Achieved Ratio: 8.59
Throughput Statistics:
  Profiling Throughput:    905.22 GB/s
  Compression Throughput:  306.28 GB/s
  Total (Prof+Comp) Thrpt: 228.85 GB/s
Starting Decompression...
  Decompression Time: 1.258 ms
  Decompression Throughput: 535.84 GB/s
Verification Results:
  Max Error: 5.798029e-12
  PSNR: 111.15 dB
  Compliance: PASS
BENCH_START:CESM:VD01_1_26_1800_3600.f32:plain:4.0
Configuration:
  Input File: /scratch/bfrq/bzhang28/SDRBENCH-CESM-ATM-26x1800x3600/VD01_1_26_1800_3600.f32
  Dims: 3600x1800x26
  Elements: 168480000
  Target Ratio: 4.00
  Mode: plain
  Sample Rate: 1000
Data Range: 0.000001
Warming up GPU...
Warmup complete.
Starting Profiling...
  Profiling Time: 0.765 ms
  Selected AbsEB: 7.211687e-13 (RelEB: 1.000000e-06)
  Estimated Ratio: 5.91 (Target: 4.00)
Starting Compression...
  Compression Time: 2.482 ms
  Compressed Size: 114446728
  Achieved Ratio: 5.89
Throughput Statistics:
  Profiling Throughput:    880.91 GB/s
  Compression Throughput:  271.49 GB/s
  Total (Prof+Comp) Thrpt: 207.53 GB/s
Starting Decompression...
  Decompression Time: 1.153 ms
  Decompression Throughput: 584.40 GB/s
Verification Results:
  Max Error: 7.673862e-13
  PSNR: 127.50 dB
  Compliance: PASS
BENCH_START:CESM:VD01_1_26_1800_3600.f32:plain:6.0
Configuration:
  Input File: /scratch/bfrq/bzhang28/SDRBENCH-CESM-ATM-26x1800x3600/VD01_1_26_1800_3600.f32
  Dims: 3600x1800x26
  Elements: 168480000
  Target Ratio: 6.00
  Mode: plain
  Sample Rate: 1000
Data Range: 0.000001
Warming up GPU...
Warmup complete.
Starting Profiling...
  Profiling Time: 0.752 ms
  Selected AbsEB: 1.442337e-12 (RelEB: 2.000000e-06)
  Estimated Ratio: 6.59 (Target: 6.00)
Starting Compression...
  Compression Time: 2.260 ms
  Compressed Size: 102490776
  Achieved Ratio: 6.58
Throughput Statistics:
  Profiling Throughput:    895.75 GB/s
  Compression Throughput:  298.26 GB/s
  Total (Prof+Comp) Thrpt: 223.75 GB/s
Starting Decompression...
  Decompression Time: 1.097 ms
  Decompression Throughput: 614.48 GB/s
Verification Results:
  Max Error: 1.477929e-12
  PSNR: 121.87 dB
  Compliance: PASS
BENCH_START:CESM:VD01_1_26_1800_3600.f32:plain:8.0
Configuration:
  Input File: /scratch/bfrq/bzhang28/SDRBENCH-CESM-ATM-26x1800x3600/VD01_1_26_1800_3600.f32
  Dims: 3600x1800x26
  Elements: 168480000
  Target Ratio: 8.00
  Mode: plain
  Sample Rate: 1000
Data Range: 0.000001
Warming up GPU...
Warmup complete.
Starting Profiling...
  Profiling Time: 0.747 ms
  Selected AbsEB: 5.769349e-12 (RelEB: 8.000000e-06)
  Estimated Ratio: 8.40 (Target: 8.00)
Starting Compression...
  Compression Time: 2.135 ms
  Compressed Size: 80460760
  Achieved Ratio: 8.38
Throughput Statistics:
  Profiling Throughput:    902.12 GB/s
  Compression Throughput:  315.59 GB/s
  Total (Prof+Comp) Thrpt: 233.80 GB/s
Starting Decompression...
  Decompression Time: 1.113 ms
  Decompression Throughput: 605.64 GB/s
Verification Results:
  Max Error: 5.798029e-12
  PSNR: 111.15 dB
  Compliance: PASS
BENCH_START:CESM:VQ_1_26_1800_3600.f32:outlier:4.0
Configuration:
  Input File: /scratch/bfrq/bzhang28/SDRBENCH-CESM-ATM-26x1800x3600/VQ_1_26_1800_3600.f32
  Dims: 3600x1800x26
  Elements: 168480000
  Target Ratio: 4.00
  Mode: outlier
  Sample Rate: 1000
Data Range: 0.336999
Warming up GPU...
Warmup complete.
Starting Profiling...
  Profiling Time: 0.739 ms
  Selected AbsEB: 1.010997e-06 (RelEB: 3.000000e-06)
  Estimated Ratio: 4.06 (Target: 4.00)
Starting Compression...
  Compression Time: 2.834 ms
  Compressed Size: 165689296
  Achieved Ratio: 4.07
Throughput Statistics:
  Profiling Throughput:    912.12 GB/s
  Compression Throughput:  237.76 GB/s
  Total (Prof+Comp) Thrpt: 188.60 GB/s
Starting Decompression...
  Decompression Time: 1.995 ms
  Decompression Throughput: 337.73 GB/s
Verification Results:
  Max Error: 1.028180e-06
  PSNR: 115.30 dB
  Compliance: PASS
BENCH_START:CESM:VQ_1_26_1800_3600.f32:outlier:6.0
Configuration:
  Input File: /scratch/bfrq/bzhang28/SDRBENCH-CESM-ATM-26x1800x3600/VQ_1_26_1800_3600.f32
  Dims: 3600x1800x26
  Elements: 168480000
  Target Ratio: 6.00
  Mode: outlier
  Sample Rate: 1000
Data Range: 0.336999
Warming up GPU...
Warmup complete.
Starting Profiling...
  Profiling Time: 0.758 ms
  Selected AbsEB: 8.424976e-06 (RelEB: 2.500000e-05)
  Estimated Ratio: 6.24 (Target: 6.00)
Starting Compression...
  Compression Time: 2.370 ms
  Compressed Size: 107893732
  Achieved Ratio: 6.25
Throughput Statistics:
  Profiling Throughput:    889.43 GB/s
  Compression Throughput:  284.36 GB/s
  Total (Prof+Comp) Thrpt: 215.47 GB/s
Starting Decompression...
  Decompression Time: 1.742 ms
  Decompression Throughput: 386.86 GB/s
Verification Results:
  Max Error: 8.434057e-06
  PSNR: 97.28 dB
  Compliance: PASS
BENCH_START:CESM:VQ_1_26_1800_3600.f32:outlier:8.0
Configuration:
  Input File: /scratch/bfrq/bzhang28/SDRBENCH-CESM-ATM-26x1800x3600/VQ_1_26_1800_3600.f32
  Dims: 3600x1800x26
  Elements: 168480000
  Target Ratio: 8.00
  Mode: outlier
  Sample Rate: 1000
Data Range: 0.336999
Warming up GPU...
Warmup complete.
Starting Profiling...
  Profiling Time: 0.760 ms
  Selected AbsEB: 2.358993e-05 (RelEB: 7.000000e-05)
  Estimated Ratio: 8.03 (Target: 8.00)
Starting Compression...
  Compression Time: 2.395 ms
  Compressed Size: 83599569
  Achieved Ratio: 8.06
Throughput Statistics:
  Profiling Throughput:    886.77 GB/s
  Compression Throughput:  281.44 GB/s
  Total (Prof+Comp) Thrpt: 213.64 GB/s
Starting Decompression...
  Decompression Time: 1.569 ms
  Decompression Throughput: 429.43 GB/s
Verification Results:
  Max Error: 2.360344e-05
  PSNR: 88.84 dB
  Compliance: PASS
BENCH_START:CESM:VQ_1_26_1800_3600.f32:plain:4.0
Configuration:
  Input File: /scratch/bfrq/bzhang28/SDRBENCH-CESM-ATM-26x1800x3600/VQ_1_26_1800_3600.f32
  Dims: 3600x1800x26
  Elements: 168480000
  Target Ratio: 4.00
  Mode: plain
  Sample Rate: 1000
Data Range: 0.336999
Warming up GPU...
Warmup complete.
Starting Profiling...
  Profiling Time: 0.753 ms
  Selected AbsEB: 1.684995e-06 (RelEB: 5.000000e-06)
  Estimated Ratio: 4.05 (Target: 4.00)
Starting Compression...
  Compression Time: 2.424 ms
  Compressed Size: 166105096
  Achieved Ratio: 4.06
Throughput Statistics:
  Profiling Throughput:    895.26 GB/s
  Compression Throughput:  278.03 GB/s
  Total (Prof+Comp) Thrpt: 212.15 GB/s
Starting Decompression...
  Decompression Time: 1.326 ms
  Decompression Throughput: 508.05 GB/s
Verification Results:
  Max Error: 1.687557e-06
  PSNR: 110.97 dB
  Compliance: PASS
BENCH_START:CESM:VQ_1_26_1800_3600.f32:plain:6.0
Configuration:
  Input File: /scratch/bfrq/bzhang28/SDRBENCH-CESM-ATM-26x1800x3600/VQ_1_26_1800_3600.f32
  Dims: 3600x1800x26
  Elements: 168480000
  Target Ratio: 6.00
  Mode: plain
  Sample Rate: 1000
Data Range: 0.336999
Warming up GPU...
Warmup complete.
Starting Profiling...
  Profiling Time: 0.755 ms
  Selected AbsEB: 1.179497e-05 (RelEB: 3.500000e-05)
  Estimated Ratio: 6.04 (Target: 6.00)
Starting Compression...
  Compression Time: 2.135 ms
  Compressed Size: 111607912
  Achieved Ratio: 6.04
Throughput Statistics:
  Profiling Throughput:    893.02 GB/s
  Compression Throughput:  315.65 GB/s
  Total (Prof+Comp) Thrpt: 233.22 GB/s
Starting Decompression...
  Decompression Time: 1.138 ms
  Decompression Throughput: 592.11 GB/s
Verification Results:
  Max Error: 1.180172e-05
  PSNR: 94.45 dB
  Compliance: PASS
BENCH_START:CESM:VQ_1_26_1800_3600.f32:plain:8.0
Configuration:
  Input File: /scratch/bfrq/bzhang28/SDRBENCH-CESM-ATM-26x1800x3600/VQ_1_26_1800_3600.f32
  Dims: 3600x1800x26
  Elements: 168480000
  Target Ratio: 8.00
  Mode: plain
  Sample Rate: 1000
Data Range: 0.336999
Warming up GPU...
Warmup complete.
Starting Profiling...
  Profiling Time: 0.765 ms
  Selected AbsEB: 4.380987e-05 (RelEB: 1.300000e-04)
  Estimated Ratio: 8.32 (Target: 8.00)
Starting Compression...
  Compression Time: 2.145 ms
  Compressed Size: 81057496
  Achieved Ratio: 8.31
Throughput Statistics:
  Profiling Throughput:    880.55 GB/s
  Compression Throughput:  314.24 GB/s
  Total (Prof+Comp) Thrpt: 231.59 GB/s
Starting Decompression...
  Decompression Time: 0.989 ms
  Decompression Throughput: 681.42 GB/s
Verification Results:
  Max Error: 4.382432e-05
  PSNR: 84.00 dB
  Compliance: PASS
BENCH_START:CESM:VT_1_26_1800_3600.f32:outlier:4.0
Configuration:
  Input File: /scratch/bfrq/bzhang28/SDRBENCH-CESM-ATM-26x1800x3600/VT_1_26_1800_3600.f32
  Dims: 3600x1800x26
  Elements: 168480000
  Target Ratio: 4.00
  Mode: outlier
  Sample Rate: 1000
Data Range: 27636.546875
Warming up GPU...
Warmup complete.
Starting Profiling...
  Profiling Time: 0.762 ms
  Selected AbsEB: 1.768739e+00 (RelEB: 6.400000e-05)
  Estimated Ratio: 4.01 (Target: 4.00)
Starting Compression...
  Compression Time: 2.933 ms
  Compressed Size: 167949522
  Achieved Ratio: 4.01
Throughput Statistics:
  Profiling Throughput:    884.17 GB/s
  Compression Throughput:  229.81 GB/s
  Total (Prof+Comp) Thrpt: 182.40 GB/s
Starting Decompression...
  Decompression Time: 3.299 ms
  Decompression Throughput: 204.25 GB/s
Verification Results:
  Max Error: 1.769531e+00
  PSNR: 88.65 dB
  Compliance: PASS
BENCH_START:CESM:VT_1_26_1800_3600.f32:outlier:6.0
Configuration:
  Input File: /scratch/bfrq/bzhang28/SDRBENCH-CESM-ATM-26x1800x3600/VT_1_26_1800_3600.f32
  Dims: 3600x1800x26
  Elements: 168480000
  Target Ratio: 6.00
  Mode: outlier
  Sample Rate: 1000
Data Range: 27636.546875
Warming up GPU...
Warmup complete.
Starting Profiling...
  Profiling Time: 0.750 ms
  Selected AbsEB: 1.105462e+01 (RelEB: 4.000000e-04)
  Estimated Ratio: 6.13 (Target: 6.00)
Starting Compression...
  Compression Time: 2.598 ms
  Compressed Size: 110036283
  Achieved Ratio: 6.12
Throughput Statistics:
  Profiling Throughput:    898.08 GB/s
  Compression Throughput:  259.42 GB/s
  Total (Prof+Comp) Thrpt: 201.28 GB/s
Starting Decompression...
  Decompression Time: 2.056 ms
  Decompression Throughput: 327.82 GB/s
Verification Results:
  Max Error: 1.105566e+01
  PSNR: 72.73 dB
  Compliance: PASS
BENCH_START:CESM:VT_1_26_1800_3600.f32:outlier:8.0
Configuration:
  Input File: /scratch/bfrq/bzhang28/SDRBENCH-CESM-ATM-26x1800x3600/VT_1_26_1800_3600.f32
  Dims: 3600x1800x26
  Elements: 168480000
  Target Ratio: 8.00
  Mode: outlier
  Sample Rate: 1000
Data Range: 27636.546875
Warming up GPU...
Warmup complete.
Starting Profiling...
  Profiling Time: 0.794 ms
  Selected AbsEB: 2.901837e+01 (RelEB: 1.050000e-03)
  Estimated Ratio: 8.08 (Target: 8.00)
Starting Compression...
  Compression Time: 2.346 ms
  Compressed Size: 83309901
  Achieved Ratio: 8.09
Throughput Statistics:
  Profiling Throughput:    848.82 GB/s
  Compression Throughput:  287.23 GB/s
  Total (Prof+Comp) Thrpt: 214.61 GB/s
Starting Decompression...
  Decompression Time: 1.762 ms
  Decompression Throughput: 382.57 GB/s
Verification Results:
  Max Error: 2.901855e+01
  PSNR: 64.35 dB
  Compliance: PASS
BENCH_START:CESM:VT_1_26_1800_3600.f32:plain:4.0
Configuration:
  Input File: /scratch/bfrq/bzhang28/SDRBENCH-CESM-ATM-26x1800x3600/VT_1_26_1800_3600.f32
  Dims: 3600x1800x26
  Elements: 168480000
  Target Ratio: 4.00
  Mode: plain
  Sample Rate: 1000
Data Range: 27636.546875
Warming up GPU...
Warmup complete.
Starting Profiling...
  Profiling Time: 0.784 ms
  Selected AbsEB: 5.250944e+00 (RelEB: 1.900000e-04)
  Estimated Ratio: 4.09 (Target: 4.00)
Starting Compression...
  Compression Time: 2.232 ms
  Compressed Size: 164640552
  Achieved Ratio: 4.09
Throughput Statistics:
  Profiling Throughput:    859.66 GB/s
  Compression Throughput:  301.99 GB/s
  Total (Prof+Comp) Thrpt: 223.48 GB/s
Starting Decompression...
  Decompression Time: 1.224 ms
  Decompression Throughput: 550.66 GB/s
Verification Results:
  Max Error: 5.250977e+00
  PSNR: 79.20 dB
  Compliance: PASS
BENCH_START:CESM:VT_1_26_1800_3600.f32:plain:6.0
Configuration:
  Input File: /scratch/bfrq/bzhang28/SDRBENCH-CESM-ATM-26x1800x3600/VT_1_26_1800_3600.f32
  Dims: 3600x1800x26
  Elements: 168480000
  Target Ratio: 6.00
  Mode: plain
  Sample Rate: 1000
Data Range: 27636.546875
Warming up GPU...
Warmup complete.
Starting Profiling...
  Profiling Time: 0.778 ms
  Selected AbsEB: 2.901837e+01 (RelEB: 1.050000e-03)
  Estimated Ratio: 6.07 (Target: 6.00)
Starting Compression...
  Compression Time: 2.136 ms
  Compressed Size: 111192624
  Achieved Ratio: 6.06
Throughput Statistics:
  Profiling Throughput:    866.67 GB/s
  Compression Throughput:  315.55 GB/s
  Total (Prof+Comp) Thrpt: 231.33 GB/s
Starting Decompression...
  Decompression Time: 1.109 ms
  Decompression Throughput: 607.49 GB/s
Verification Results:
  Max Error: 2.901855e+01
  PSNR: 64.35 dB
  Compliance: PASS
BENCH_START:CESM:VT_1_26_1800_3600.f32:plain:8.0
Configuration:
  Input File: /scratch/bfrq/bzhang28/SDRBENCH-CESM-ATM-26x1800x3600/VT_1_26_1800_3600.f32
  Dims: 3600x1800x26
  Elements: 168480000
  Target Ratio: 8.00
  Mode: plain
  Sample Rate: 1000
Data Range: 27636.546875
Warming up GPU...
Warmup complete.
Starting Profiling...
  Profiling Time: 0.753 ms
  Selected AbsEB: 7.738233e+01 (RelEB: 2.800000e-03)
  Estimated Ratio: 8.14 (Target: 8.00)
Starting Compression...
  Compression Time: 2.230 ms
  Compressed Size: 82578672
  Achieved Ratio: 8.16
Throughput Statistics:
  Profiling Throughput:    894.91 GB/s
  Compression Throughput:  302.15 GB/s
  Total (Prof+Comp) Thrpt: 225.89 GB/s
Starting Decompression...
  Decompression Time: 1.075 ms
  Decompression Throughput: 626.75 GB/s
Verification Results:
  Max Error: 7.738281e+01
  PSNR: 55.90 dB
  Compliance: PASS
BENCH_START:CESM:VU_1_26_1800_3600.f32:outlier:4.0
Configuration:
  Input File: /scratch/bfrq/bzhang28/SDRBENCH-CESM-ATM-26x1800x3600/VU_1_26_1800_3600.f32
  Dims: 3600x1800x26
  Elements: 168480000
  Target Ratio: 4.00
  Mode: outlier
  Sample Rate: 1000
Data Range: 9034.287109
Warming up GPU...
Warmup complete.
Starting Profiling...
  Profiling Time: 0.761 ms
  Selected AbsEB: 1.355143e-01 (RelEB: 1.500000e-05)
  Estimated Ratio: 4.17 (Target: 4.00)
Starting Compression...
  Compression Time: 2.913 ms
  Compressed Size: 162111277
  Achieved Ratio: 4.16
Throughput Statistics:
  Profiling Throughput:    885.32 GB/s
  Compression Throughput:  231.31 GB/s
  Total (Prof+Comp) Thrpt: 183.40 GB/s
Starting Decompression...
  Decompression Time: 2.443 ms
  Decompression Throughput: 275.90 GB/s
Verification Results:
  Max Error: 1.357422e-01
  PSNR: 101.25 dB
  Compliance: PASS
BENCH_START:CESM:VU_1_26_1800_3600.f32:outlier:6.0
Configuration:
  Input File: /scratch/bfrq/bzhang28/SDRBENCH-CESM-ATM-26x1800x3600/VU_1_26_1800_3600.f32
  Dims: 3600x1800x26
  Elements: 168480000
  Target Ratio: 6.00
  Mode: outlier
  Sample Rate: 1000
Data Range: 9034.287109
Warming up GPU...
Warmup complete.
Starting Profiling...
  Profiling Time: 0.789 ms
  Selected AbsEB: 6.866058e-01 (RelEB: 7.600000e-05)
  Estimated Ratio: 6.02 (Target: 6.00)
Starting Compression...
  Compression Time: 2.544 ms
  Compressed Size: 112393261
  Achieved Ratio: 6.00
Throughput Statistics:
  Profiling Throughput:    854.64 GB/s
  Compression Throughput:  264.94 GB/s
  Total (Prof+Comp) Thrpt: 202.24 GB/s
Starting Decompression...
  Decompression Time: 2.090 ms
  Decompression Throughput: 322.38 GB/s
Verification Results:
  Max Error: 6.867676e-01
  PSNR: 87.19 dB
  Compliance: PASS
BENCH_START:CESM:VU_1_26_1800_3600.f32:outlier:8.0
Configuration:
  Input File: /scratch/bfrq/bzhang28/SDRBENCH-CESM-ATM-26x1800x3600/VU_1_26_1800_3600.f32
  Dims: 3600x1800x26
  Elements: 168480000
  Target Ratio: 8.00
  Mode: outlier
  Sample Rate: 1000
Data Range: 9034.287109
Warming up GPU...
Warmup complete.
Starting Profiling...
  Profiling Time: 0.771 ms
  Selected AbsEB: 1.987543e+00 (RelEB: 2.200000e-04)
  Estimated Ratio: 8.12 (Target: 8.00)
Starting Compression...
  Compression Time: 2.450 ms
  Compressed Size: 83430516
  Achieved Ratio: 8.08
Throughput Statistics:
  Profiling Throughput:    873.75 GB/s
  Compression Throughput:  275.13 GB/s
  Total (Prof+Comp) Thrpt: 209.24 GB/s
Starting Decompression...
  Decompression Time: 1.744 ms
  Decompression Throughput: 386.50 GB/s
Verification Results:
  Max Error: 1.987793e+00
  PSNR: 78.00 dB
  Compliance: PASS
BENCH_START:CESM:VU_1_26_1800_3600.f32:plain:4.0
Configuration:
  Input File: /scratch/bfrq/bzhang28/SDRBENCH-CESM-ATM-26x1800x3600/VU_1_26_1800_3600.f32
  Dims: 3600x1800x26
  Elements: 168480000
  Target Ratio: 4.00
  Mode: plain
  Sample Rate: 1000
Data Range: 9034.287109
Warming up GPU...
Warmup complete.
Starting Profiling...
  Profiling Time: 0.779 ms
  Selected AbsEB: 2.258572e-01 (RelEB: 2.500000e-05)
  Estimated Ratio: 4.04 (Target: 4.00)
Starting Compression...
  Compression Time: 2.230 ms
  Compressed Size: 166850176
  Achieved Ratio: 4.04
Throughput Statistics:
  Profiling Throughput:    864.67 GB/s
  Compression Throughput:  302.27 GB/s
  Total (Prof+Comp) Thrpt: 223.97 GB/s
Starting Decompression...
  Decompression Time: 1.240 ms
  Decompression Throughput: 543.37 GB/s
Verification Results:
  Max Error: 2.260742e-01
  PSNR: 96.82 dB
  Compliance: PASS
BENCH_START:CESM:VU_1_26_1800_3600.f32:plain:6.0
Configuration:
  Input File: /scratch/bfrq/bzhang28/SDRBENCH-CESM-ATM-26x1800x3600/VU_1_26_1800_3600.f32
  Dims: 3600x1800x26
  Elements: 168480000
  Target Ratio: 6.00
  Mode: plain
  Sample Rate: 1000
Data Range: 9034.287109
Warming up GPU...
Warmup complete.
Starting Profiling...
  Profiling Time: 0.800 ms
  Selected AbsEB: 1.445486e+00 (RelEB: 1.600000e-04)
  Estimated Ratio: 6.16 (Target: 6.00)
Starting Compression...
  Compression Time: 2.265 ms
  Compressed Size: 109709832
  Achieved Ratio: 6.14
Throughput Statistics:
  Profiling Throughput:    842.06 GB/s
  Compression Throughput:  297.59 GB/s
  Total (Prof+Comp) Thrpt: 219.88 GB/s
Starting Decompression...
  Decompression Time: 1.122 ms
  Decompression Throughput: 600.86 GB/s
Verification Results:
  Max Error: 1.445801e+00
  PSNR: 80.75 dB
  Compliance: PASS
BENCH_START:CESM:VU_1_26_1800_3600.f32:plain:8.0
Configuration:
  Input File: /scratch/bfrq/bzhang28/SDRBENCH-CESM-ATM-26x1800x3600/VU_1_26_1800_3600.f32
  Dims: 3600x1800x26
  Elements: 168480000
  Target Ratio: 8.00
  Mode: plain
  Sample Rate: 1000
Data Range: 9034.287109
Warming up GPU...
Warmup complete.
Starting Profiling...
  Profiling Time: 0.751 ms
  Selected AbsEB: 3.613715e+00 (RelEB: 4.000000e-04)
  Estimated Ratio: 8.07 (Target: 8.00)
Starting Compression...
  Compression Time: 2.222 ms
  Compressed Size: 83756792
  Achieved Ratio: 8.05
Throughput Statistics:
  Profiling Throughput:    897.81 GB/s
  Compression Throughput:  303.23 GB/s
  Total (Prof+Comp) Thrpt: 226.67 GB/s
Starting Decompression...
  Decompression Time: 1.052 ms
  Decompression Throughput: 640.36 GB/s
Verification Results:
  Max Error: 3.613770e+00
  PSNR: 72.86 dB
  Compliance: PASS
BENCH_START:CESM:VV_1_26_1800_3600.f32:outlier:4.0
Configuration:
  Input File: /scratch/bfrq/bzhang28/SDRBENCH-CESM-ATM-26x1800x3600/VV_1_26_1800_3600.f32
  Dims: 3600x1800x26
  Elements: 168480000
  Target Ratio: 4.00
  Mode: outlier
  Sample Rate: 1000
Data Range: 5136.346680
Warming up GPU...
Warmup complete.
Starting Profiling...
  Profiling Time: 0.755 ms
  Selected AbsEB: 1.797721e-01 (RelEB: 3.500000e-05)
  Estimated Ratio: 4.03 (Target: 4.00)
Starting Compression...
  Compression Time: 2.983 ms
  Compressed Size: 167125675
  Achieved Ratio: 4.03
Throughput Statistics:
  Profiling Throughput:    892.68 GB/s
  Compression Throughput:  225.90 GB/s
  Total (Prof+Comp) Thrpt: 180.28 GB/s
Starting Decompression...
  Decompression Time: 2.525 ms
  Decompression Throughput: 266.94 GB/s
Verification Results:
  Max Error: 1.801758e-01
  PSNR: 93.89 dB
  Compliance: PASS
BENCH_START:CESM:VV_1_26_1800_3600.f32:outlier:6.0
Configuration:
  Input File: /scratch/bfrq/bzhang28/SDRBENCH-CESM-ATM-26x1800x3600/VV_1_26_1800_3600.f32
  Dims: 3600x1800x26
  Elements: 168480000
  Target Ratio: 6.00
  Mode: outlier
  Sample Rate: 1000
Data Range: 5136.346680
Warming up GPU...
Warmup complete.
Starting Profiling...
  Profiling Time: 0.771 ms
  Selected AbsEB: 1.129996e+00 (RelEB: 2.200000e-04)
  Estimated Ratio: 6.14 (Target: 6.00)
Starting Compression...
  Compression Time: 2.660 ms
  Compressed Size: 109876598
  Achieved Ratio: 6.13
Throughput Statistics:
  Profiling Throughput:    874.11 GB/s
  Compression Throughput:  253.34 GB/s
  Total (Prof+Comp) Thrpt: 196.42 GB/s
Starting Decompression...
  Decompression Time: 2.117 ms
  Decompression Throughput: 318.31 GB/s
Verification Results:
  Max Error: 1.130127e+00
  PSNR: 77.94 dB
  Compliance: PASS
BENCH_START:CESM:VV_1_26_1800_3600.f32:outlier:8.0
Configuration:
  Input File: /scratch/bfrq/bzhang28/SDRBENCH-CESM-ATM-26x1800x3600/VV_1_26_1800_3600.f32
  Dims: 3600x1800x26
  Elements: 168480000
  Target Ratio: 8.00
  Mode: outlier
  Sample Rate: 1000
Data Range: 5136.346680
Warming up GPU...
Warmup complete.
Starting Profiling...
  Profiling Time: 0.756 ms
  Selected AbsEB: 2.979081e+00 (RelEB: 5.800000e-04)
  Estimated Ratio: 8.09 (Target: 8.00)
Starting Compression...
  Compression Time: 2.456 ms
  Compressed Size: 83631799
  Achieved Ratio: 8.06
Throughput Statistics:
  Profiling Throughput:    891.84 GB/s
  Compression Throughput:  274.38 GB/s
  Total (Prof+Comp) Thrpt: 209.82 GB/s
Starting Decompression...
  Decompression Time: 1.821 ms
  Decompression Throughput: 370.16 GB/s
Verification Results:
  Max Error: 2.979248e+00
  PSNR: 69.38 dB
  Compliance: PASS
BENCH_START:CESM:VV_1_26_1800_3600.f32:plain:4.0
Configuration:
  Input File: /scratch/bfrq/bzhang28/SDRBENCH-CESM-ATM-26x1800x3600/VV_1_26_1800_3600.f32
  Dims: 3600x1800x26
  Elements: 168480000
  Target Ratio: 4.00
  Mode: plain
  Sample Rate: 1000
Data Range: 5136.346680
Warming up GPU...
Warmup complete.
Starting Profiling...
  Profiling Time: 0.745 ms
  Selected AbsEB: 4.982256e-01 (RelEB: 9.700000e-05)
  Estimated Ratio: 4.00 (Target: 4.00)
Starting Compression...
  Compression Time: 2.211 ms
  Compressed Size: 168251608
  Achieved Ratio: 4.01
Throughput Statistics:
  Profiling Throughput:    904.56 GB/s
  Compression Throughput:  304.74 GB/s
  Total (Prof+Comp) Thrpt: 227.94 GB/s
Starting Decompression...
  Decompression Time: 1.246 ms
  Decompression Throughput: 540.92 GB/s
Verification Results:
  Max Error: 4.985352e-01
  PSNR: 85.03 dB
  Compliance: PASS
BENCH_START:CESM:VV_1_26_1800_3600.f32:plain:6.0
Configuration:
  Input File: /scratch/bfrq/bzhang28/SDRBENCH-CESM-ATM-26x1800x3600/VV_1_26_1800_3600.f32
  Dims: 3600x1800x26
  Elements: 168480000
  Target Ratio: 6.00
  Mode: plain
  Sample Rate: 1000
Data Range: 5136.346680
Warming up GPU...
Warmup complete.
Starting Profiling...
  Profiling Time: 0.753 ms
  Selected AbsEB: 3.133171e+00 (RelEB: 6.100000e-04)
  Estimated Ratio: 6.07 (Target: 6.00)
Starting Compression...
  Compression Time: 2.269 ms
  Compressed Size: 111139352
  Achieved Ratio: 6.06
Throughput Statistics:
  Profiling Throughput:    895.48 GB/s
  Compression Throughput:  297.05 GB/s
  Total (Prof+Comp) Thrpt: 223.06 GB/s
Starting Decompression...
  Decompression Time: 1.118 ms
  Decompression Throughput: 602.89 GB/s
Verification Results:
  Max Error: 3.133301e+00
  PSNR: 68.93 dB
  Compliance: PASS
BENCH_START:CESM:VV_1_26_1800_3600.f32:plain:8.0
Configuration:
  Input File: /scratch/bfrq/bzhang28/SDRBENCH-CESM-ATM-26x1800x3600/VV_1_26_1800_3600.f32
  Dims: 3600x1800x26
  Elements: 168480000
  Target Ratio: 8.00
  Mode: plain
  Sample Rate: 1000
Data Range: 5136.346680
Warming up GPU...
Warmup complete.
Starting Profiling...
  Profiling Time: 0.744 ms
  Selected AbsEB: 8.218155e+00 (RelEB: 1.600000e-03)
  Estimated Ratio: 8.08 (Target: 8.00)
Starting Compression...
  Compression Time: 2.228 ms
  Compressed Size: 83293728
  Achieved Ratio: 8.09
Throughput Statistics:
  Profiling Throughput:    905.92 GB/s
  Compression Throughput:  302.49 GB/s
  Total (Prof+Comp) Thrpt: 226.77 GB/s
Starting Decompression...
  Decompression Time: 1.073 ms
  Decompression Throughput: 627.96 GB/s
Verification Results:
  Max Error: 8.218262e+00
  PSNR: 60.53 dB
  Compliance: PASS
BENCH_START:CESM:V_1_26_1800_3600.f32:outlier:4.0
Configuration:
  Input File: /scratch/bfrq/bzhang28/SDRBENCH-CESM-ATM-26x1800x3600/V_1_26_1800_3600.f32
  Dims: 3600x1800x26
  Elements: 168480000
  Target Ratio: 4.00
  Mode: outlier
  Sample Rate: 1000
Data Range: 125.611519
Warming up GPU...
Warmup complete.
Starting Profiling...
  Profiling Time: 0.755 ms
  Selected AbsEB: 7.662302e-03 (RelEB: 6.100000e-05)
  Estimated Ratio: 4.01 (Target: 4.00)
Starting Compression...
  Compression Time: 2.950 ms
  Compressed Size: 167733428
  Achieved Ratio: 4.02
Throughput Statistics:
  Profiling Throughput:    892.11 GB/s
  Compression Throughput:  228.46 GB/s
  Total (Prof+Comp) Thrpt: 181.88 GB/s
Starting Decompression...
  Decompression Time: 2.544 ms
  Decompression Throughput: 264.91 GB/s
Verification Results:
  Max Error: 7.667542e-03
  PSNR: 89.06 dB
  Compliance: PASS
BENCH_START:CESM:V_1_26_1800_3600.f32:outlier:6.0
Configuration:
  Input File: /scratch/bfrq/bzhang28/SDRBENCH-CESM-ATM-26x1800x3600/V_1_26_1800_3600.f32
  Dims: 3600x1800x26
  Elements: 168480000
  Target Ratio: 6.00
  Mode: outlier
  Sample Rate: 1000
Data Range: 125.611519
Warming up GPU...
Warmup complete.
Starting Profiling...
  Profiling Time: 0.768 ms
  Selected AbsEB: 4.647626e-02 (RelEB: 3.700000e-04)
  Estimated Ratio: 6.08 (Target: 6.00)
Starting Compression...
  Compression Time: 2.497 ms
  Compressed Size: 110787960
  Achieved Ratio: 6.08
Throughput Statistics:
  Profiling Throughput:    877.87 GB/s
  Compression Throughput:  269.94 GB/s
  Total (Prof+Comp) Thrpt: 206.46 GB/s
Starting Decompression...
  Decompression Time: 2.051 ms
  Decompression Throughput: 328.61 GB/s
Verification Results:
  Max Error: 4.647827e-02
  PSNR: 73.40 dB
  Compliance: PASS
BENCH_START:CESM:V_1_26_1800_3600.f32:outlier:8.0
Configuration:
  Input File: /scratch/bfrq/bzhang28/SDRBENCH-CESM-ATM-26x1800x3600/V_1_26_1800_3600.f32
  Dims: 3600x1800x26
  Elements: 168480000
  Target Ratio: 8.00
  Mode: outlier
  Sample Rate: 1000
Data Range: 125.611519
Warming up GPU...
Warmup complete.
Starting Profiling...
  Profiling Time: 0.813 ms
  Selected AbsEB: 1.218432e-01 (RelEB: 9.700000e-04)
  Estimated Ratio: 8.00 (Target: 8.00)
Starting Compression...
  Compression Time: 2.460 ms
  Compressed Size: 84075581
  Achieved Ratio: 8.02
Throughput Statistics:
  Profiling Throughput:    828.74 GB/s
  Compression Throughput:  273.92 GB/s
  Total (Prof+Comp) Thrpt: 205.87 GB/s
Starting Decompression...
  Decompression Time: 1.758 ms
  Decompression Throughput: 383.37 GB/s
Verification Results:
  Max Error: 1.218491e-01
  PSNR: 65.03 dB
  Compliance: PASS
BENCH_START:CESM:V_1_26_1800_3600.f32:plain:4.0
Configuration:
  Input File: /scratch/bfrq/bzhang28/SDRBENCH-CESM-ATM-26x1800x3600/V_1_26_1800_3600.f32
  Dims: 3600x1800x26
  Elements: 168480000
  Target Ratio: 4.00
  Mode: plain
  Sample Rate: 1000
Data Range: 125.611519
Warming up GPU...
Warmup complete.
Starting Profiling...
  Profiling Time: 0.760 ms
  Selected AbsEB: 2.009784e-02 (RelEB: 1.600000e-04)
  Estimated Ratio: 4.01 (Target: 4.00)
Starting Compression...
  Compression Time: 2.233 ms
  Compressed Size: 168213288
  Achieved Ratio: 4.01
Throughput Statistics:
  Profiling Throughput:    887.07 GB/s
  Compression Throughput:  301.77 GB/s
  Total (Prof+Comp) Thrpt: 225.17 GB/s
Starting Decompression...
  Decompression Time: 1.359 ms
  Decompression Throughput: 495.77 GB/s
Verification Results:
  Max Error: 2.009964e-02
  PSNR: 80.69 dB
  Compliance: PASS
BENCH_START:CESM:V_1_26_1800_3600.f32:plain:6.0
Configuration:
  Input File: /scratch/bfrq/bzhang28/SDRBENCH-CESM-ATM-26x1800x3600/V_1_26_1800_3600.f32
  Dims: 3600x1800x26
  Elements: 168480000
  Target Ratio: 6.00
  Mode: plain
  Sample Rate: 1000
Data Range: 125.611519
Warming up GPU...
Warmup complete.
Starting Profiling...
  Profiling Time: 0.764 ms
  Selected AbsEB: 1.218432e-01 (RelEB: 9.700000e-04)
  Estimated Ratio: 6.03 (Target: 6.00)
Starting Compression...
  Compression Time: 2.151 ms
  Compressed Size: 111743336
  Achieved Ratio: 6.03
Throughput Statistics:
  Profiling Throughput:    881.69 GB/s
  Compression Throughput:  313.27 GB/s
  Total (Prof+Comp) Thrpt: 231.14 GB/s
Starting Decompression...
  Decompression Time: 1.106 ms
  Decompression Throughput: 609.41 GB/s
Verification Results:
  Max Error: 1.218491e-01
  PSNR: 65.03 dB
  Compliance: PASS
BENCH_START:CESM:V_1_26_1800_3600.f32:plain:8.0
Configuration:
  Input File: /scratch/bfrq/bzhang28/SDRBENCH-CESM-ATM-26x1800x3600/V_1_26_1800_3600.f32
  Dims: 3600x1800x26
  Elements: 168480000
  Target Ratio: 8.00
  Mode: plain
  Sample Rate: 1000
Data Range: 125.611519
Warming up GPU...
Warmup complete.
Starting Profiling...
  Profiling Time: 0.747 ms
  Selected AbsEB: 3.140288e-01 (RelEB: 2.500000e-03)
  Estimated Ratio: 8.02 (Target: 8.00)
Starting Compression...
  Compression Time: 2.106 ms
  Compressed Size: 84052320
  Achieved Ratio: 8.02
Throughput Statistics:
  Profiling Throughput:    902.08 GB/s
  Compression Throughput:  319.95 GB/s
  Total (Prof+Comp) Thrpt: 236.18 GB/s
Starting Decompression...
  Decompression Time: 1.057 ms
  Decompression Throughput: 637.56 GB/s
Verification Results:
  Max Error: 3.140297e-01
  PSNR: 56.88 dB
  Compliance: PASS
BENCH_START:CESM:Z3_1_26_1800_3600.f32:outlier:4.0
Configuration:
  Input File: /scratch/bfrq/bzhang28/SDRBENCH-CESM-ATM-26x1800x3600/Z3_1_26_1800_3600.f32
  Dims: 3600x1800x26
  Elements: 168480000
  Target Ratio: 4.00
  Mode: outlier
  Sample Rate: 1000
Data Range: 39047.023438
Warming up GPU...
Warmup complete.
Starting Profiling...
  Profiling Time: 0.777 ms
  Selected AbsEB: 1.210458e+01 (RelEB: 3.100000e-04)
  Estimated Ratio: 4.01 (Target: 4.00)
Starting Compression...
  Compression Time: 2.756 ms
  Compressed Size: 167912639
  Achieved Ratio: 4.01
Throughput Statistics:
  Profiling Throughput:    866.99 GB/s
  Compression Throughput:  244.49 GB/s
  Total (Prof+Comp) Thrpt: 190.71 GB/s
Starting Decompression...
  Decompression Time: 1.922 ms
  Decompression Throughput: 350.73 GB/s
Verification Results:
  Max Error: 1.210547e+01
  PSNR: 74.92 dB
  Compliance: PASS
BENCH_START:CESM:Z3_1_26_1800_3600.f32:outlier:6.0
Configuration:
  Input File: /scratch/bfrq/bzhang28/SDRBENCH-CESM-ATM-26x1800x3600/Z3_1_26_1800_3600.f32
  Dims: 3600x1800x26
  Elements: 168480000
  Target Ratio: 6.00
  Mode: outlier
  Sample Rate: 1000
Data Range: 39047.023438
Warming up GPU...
Warmup complete.
Starting Profiling...
  Profiling Time: 0.770 ms
  Selected AbsEB: 7.418935e+01 (RelEB: 1.900000e-03)
  Estimated Ratio: 6.13 (Target: 6.00)
Starting Compression...
  Compression Time: 2.455 ms
  Compressed Size: 109817682
  Achieved Ratio: 6.14
Throughput Statistics:
  Profiling Throughput:    874.91 GB/s
  Compression Throughput:  274.48 GB/s
  Total (Prof+Comp) Thrpt: 208.93 GB/s
Starting Decompression...
  Decompression Time: 1.873 ms
  Decompression Throughput: 359.83 GB/s
Verification Results:
  Max Error: 7.419141e+01
  PSNR: 59.13 dB
  Compliance: PASS
BENCH_START:CESM:Z3_1_26_1800_3600.f32:outlier:8.0
Configuration:
  Input File: /scratch/bfrq/bzhang28/SDRBENCH-CESM-ATM-26x1800x3600/Z3_1_26_1800_3600.f32
  Dims: 3600x1800x26
  Elements: 168480000
  Target Ratio: 8.00
  Mode: outlier
  Sample Rate: 1000
Data Range: 39047.023438
Warming up GPU...
Warmup complete.
Starting Profiling...
  Profiling Time: 0.755 ms
  Selected AbsEB: 1.796163e+02 (RelEB: 4.600000e-03)
  Estimated Ratio: 8.22 (Target: 8.00)
Starting Compression...
  Compression Time: 2.333 ms
  Compressed Size: 81919380
  Achieved Ratio: 8.23
Throughput Statistics:
  Profiling Throughput:    892.94 GB/s
  Compression Throughput:  288.85 GB/s
  Total (Prof+Comp) Thrpt: 218.25 GB/s
Starting Decompression...
  Decompression Time: 1.538 ms
  Decompression Throughput: 438.17 GB/s
Verification Results:
  Max Error: 1.796191e+02
  PSNR: 51.51 dB
  Compliance: PASS
BENCH_START:CESM:Z3_1_26_1800_3600.f32:plain:4.0
Configuration:
  Input File: /scratch/bfrq/bzhang28/SDRBENCH-CESM-ATM-26x1800x3600/Z3_1_26_1800_3600.f32
  Dims: 3600x1800x26
  Elements: 168480000
  Target Ratio: 4.00
  Mode: plain
  Sample Rate: 1000
Data Range: 39047.023438
Warming up GPU...
Warmup complete.
Starting Profiling...
  Profiling Time: 0.746 ms
  Selected AbsEB: 7.418935e+01 (RelEB: 1.900000e-03)
  Estimated Ratio: 4.02 (Target: 4.00)
Starting Compression...
  Compression Time: 2.238 ms
  Compressed Size: 167801352
  Achieved Ratio: 4.02
Throughput Statistics:
  Profiling Throughput:    903.40 GB/s
  Compression Throughput:  301.18 GB/s
  Total (Prof+Comp) Thrpt: 225.88 GB/s
Starting Decompression...
  Decompression Time: 1.200 ms
  Decompression Throughput: 561.59 GB/s
Verification Results:
  Max Error: 7.419141e+01
  PSNR: 59.13 dB
  Compliance: PASS
BENCH_START:CESM:Z3_1_26_1800_3600.f32:plain:6.0
Configuration:
  Input File: /scratch/bfrq/bzhang28/SDRBENCH-CESM-ATM-26x1800x3600/Z3_1_26_1800_3600.f32
  Dims: 3600x1800x26
  Elements: 168480000
  Target Ratio: 6.00
  Mode: plain
  Sample Rate: 1000
Data Range: 39047.023438
Warming up GPU...
Warmup complete.
Starting Profiling...
  Profiling Time: 0.779 ms
  Selected AbsEB: 4.295172e+02 (RelEB: 1.100000e-02)
  Estimated Ratio: 6.08 (Target: 6.00)
Starting Compression...
  Compression Time: 2.224 ms
  Compressed Size: 110777904
  Achieved Ratio: 6.08
Throughput Statistics:
  Profiling Throughput:    864.64 GB/s
  Compression Throughput:  303.06 GB/s
  Total (Prof+Comp) Thrpt: 224.40 GB/s
Starting Decompression...
  Decompression Time: 1.072 ms
  Decompression Throughput: 628.49 GB/s
Verification Results:
  Max Error: 4.295176e+02
  PSNR: 43.87 dB
  Compliance: PASS
BENCH_START:CESM:Z3_1_26_1800_3600.f32:plain:8.0
Configuration:
  Input File: /scratch/bfrq/bzhang28/SDRBENCH-CESM-ATM-26x1800x3600/Z3_1_26_1800_3600.f32
  Dims: 3600x1800x26
  Elements: 168480000
  Target Ratio: 8.00
  Mode: plain
  Sample Rate: 1000
Data Range: 39047.023438
Warming up GPU...
Warmup complete.
Starting Profiling...
  Profiling Time: 0.746 ms
  Selected AbsEB: 1.210458e+03 (RelEB: 3.100000e-02)
  Estimated Ratio: 8.26 (Target: 8.00)
Starting Compression...
  Compression Time: 2.065 ms
  Compressed Size: 81606408
  Achieved Ratio: 8.26
Throughput Statistics:
  Profiling Throughput:    902.93 GB/s
  Compression Throughput:  326.31 GB/s
  Total (Prof+Comp) Thrpt: 239.69 GB/s
Starting Decompression...
  Decompression Time: 1.005 ms
  Decompression Throughput: 670.59 GB/s
Verification Results:
  Max Error: 1.210461e+03
  PSNR: 34.98 dB
  Compliance: PASS
BENCH_START:NYX:baryon_density.f32:outlier:4.0
Configuration:
  Input File: /scratch/bfrq/bzhang28/SDRBENCH-EXASKY-NYX-512x512x512/baryon_density.f32
  Dims: 512x512x512
  Elements: 134217728
  Target Ratio: 4.00
  Mode: outlier
  Sample Rate: 1000
Data Range: 115862.234375
Warming up GPU...
Warmup complete.
Starting Profiling...
  Profiling Time: 0.739 ms
  Selected AbsEB: 1.158622e-01 (RelEB: 1.000000e-06)
  Estimated Ratio: 13.64 (Target: 4.00)
Starting Compression...
  Compression Time: 1.864 ms
  Compressed Size: 39581835
  Achieved Ratio: 13.56
Throughput Statistics:
  Profiling Throughput:    726.85 GB/s
  Compression Throughput:  288.00 GB/s
  Total (Prof+Comp) Thrpt: 206.27 GB/s
Starting Decompression...
  Decompression Time: 1.593 ms
  Decompression Throughput: 337.03 GB/s
Verification Results:
  Max Error: 1.210938e-01
  PSNR: 124.90 dB
  Compliance: PASS
BENCH_START:NYX:baryon_density.f32:outlier:6.0
Configuration:
  Input File: /scratch/bfrq/bzhang28/SDRBENCH-EXASKY-NYX-512x512x512/baryon_density.f32
  Dims: 512x512x512
  Elements: 134217728
  Target Ratio: 6.00
  Mode: outlier
  Sample Rate: 1000
Data Range: 115862.234375
Warming up GPU...
Warmup complete.
Starting Profiling...
  Profiling Time: 0.730 ms
  Selected AbsEB: 1.158622e-01 (RelEB: 1.000000e-06)
  Estimated Ratio: 13.64 (Target: 6.00)
Starting Compression...
  Compression Time: 4.691 ms
  Compressed Size: 39581835
  Achieved Ratio: 13.56
Throughput Statistics:
  Profiling Throughput:    735.49 GB/s
  Compression Throughput:  114.45 GB/s
  Total (Prof+Comp) Thrpt: 99.04 GB/s
Starting Decompression...
  Decompression Time: 1.839 ms
  Decompression Throughput: 291.99 GB/s
Verification Results:
  Max Error: 1.210938e-01
  PSNR: 124.90 dB
  Compliance: PASS
BENCH_START:NYX:baryon_density.f32:outlier:8.0
Configuration:
  Input File: /scratch/bfrq/bzhang28/SDRBENCH-EXASKY-NYX-512x512x512/baryon_density.f32
  Dims: 512x512x512
  Elements: 134217728
  Target Ratio: 8.00
  Mode: outlier
  Sample Rate: 1000
Data Range: 115862.234375
Warming up GPU...
Warmup complete.
Starting Profiling...
  Profiling Time: 0.714 ms
  Selected AbsEB: 1.158622e-01 (RelEB: 1.000000e-06)
  Estimated Ratio: 13.64 (Target: 8.00)
Starting Compression...
  Compression Time: 1.958 ms
  Compressed Size: 39581835
  Achieved Ratio: 13.56
Throughput Statistics:
  Profiling Throughput:    752.17 GB/s
  Compression Throughput:  274.21 GB/s
  Total (Prof+Comp) Thrpt: 200.95 GB/s
Starting Decompression...
  Decompression Time: 1.588 ms
  Decompression Throughput: 338.01 GB/s
Verification Results:
  Max Error: 1.210938e-01
  PSNR: 124.90 dB
  Compliance: PASS
BENCH_START:NYX:baryon_density.f32:plain:4.0
Configuration:
  Input File: /scratch/bfrq/bzhang28/SDRBENCH-EXASKY-NYX-512x512x512/baryon_density.f32
  Dims: 512x512x512
  Elements: 134217728
  Target Ratio: 4.00
  Mode: plain
  Sample Rate: 1000
Data Range: 115862.234375
Warming up GPU...
Warmup complete.
Starting Profiling...
  Profiling Time: 0.701 ms
  Selected AbsEB: 1.158622e-01 (RelEB: 1.000000e-06)
  Estimated Ratio: 9.71 (Target: 4.00)
Starting Compression...
  Compression Time: 1.665 ms
  Compressed Size: 55179880
  Achieved Ratio: 9.73
Throughput Statistics:
  Profiling Throughput:    765.38 GB/s
  Compression Throughput:  322.42 GB/s
  Total (Prof+Comp) Thrpt: 226.86 GB/s
Starting Decompression...
  Decompression Time: 0.886 ms
  Decompression Throughput: 606.05 GB/s
Verification Results:
  Max Error: 1.210938e-01
  PSNR: 124.90 dB
  Compliance: PASS
BENCH_START:NYX:baryon_density.f32:plain:6.0
Configuration:
  Input File: /scratch/bfrq/bzhang28/SDRBENCH-EXASKY-NYX-512x512x512/baryon_density.f32
  Dims: 512x512x512
  Elements: 134217728
  Target Ratio: 6.00
  Mode: plain
  Sample Rate: 1000
Data Range: 115862.234375
Warming up GPU...
Warmup complete.
Starting Profiling...
  Profiling Time: 0.711 ms
  Selected AbsEB: 1.158622e-01 (RelEB: 1.000000e-06)
  Estimated Ratio: 9.71 (Target: 6.00)
Starting Compression...
  Compression Time: 1.786 ms
  Compressed Size: 55179880
  Achieved Ratio: 9.73
Throughput Statistics:
  Profiling Throughput:    754.64 GB/s
  Compression Throughput:  300.57 GB/s
  Total (Prof+Comp) Thrpt: 214.95 GB/s
Starting Decompression...
  Decompression Time: 1.023 ms
  Decompression Throughput: 524.63 GB/s
Verification Results:
  Max Error: 1.210938e-01
  PSNR: 124.90 dB
  Compliance: PASS
BENCH_START:NYX:baryon_density.f32:plain:8.0
Configuration:
  Input File: /scratch/bfrq/bzhang28/SDRBENCH-EXASKY-NYX-512x512x512/baryon_density.f32
  Dims: 512x512x512
  Elements: 134217728
  Target Ratio: 8.00
  Mode: plain
  Sample Rate: 1000
Data Range: 115862.234375
Warming up GPU...
Warmup complete.
Starting Profiling...
  Profiling Time: 0.697 ms
  Selected AbsEB: 1.158622e-01 (RelEB: 1.000000e-06)
  Estimated Ratio: 9.71 (Target: 8.00)
Starting Compression...
  Compression Time: 1.672 ms
  Compressed Size: 55179880
  Achieved Ratio: 9.73
Throughput Statistics:
  Profiling Throughput:    770.34 GB/s
  Compression Throughput:  321.11 GB/s
  Total (Prof+Comp) Thrpt: 226.64 GB/s
Starting Decompression...
  Decompression Time: 0.889 ms
  Decompression Throughput: 603.91 GB/s
Verification Results:
  Max Error: 1.210938e-01
  PSNR: 124.90 dB
  Compliance: PASS
BENCH_START:NYX:dark_matter_density.f32:outlier:4.0
Configuration:
  Input File: /scratch/bfrq/bzhang28/SDRBENCH-EXASKY-NYX-512x512x512/dark_matter_density.f32
  Dims: 512x512x512
  Elements: 134217728
  Target Ratio: 4.00
  Mode: outlier
  Sample Rate: 1000
Data Range: 13778.934570
Warming up GPU...
Warmup complete.
Starting Profiling...
  Profiling Time: 0.709 ms
  Selected AbsEB: 1.377893e-02 (RelEB: 1.000000e-06)
  Estimated Ratio: 4.53 (Target: 4.00)
Starting Compression...
  Compression Time: 2.245 ms
  Compressed Size: 118021194
  Achieved Ratio: 4.55
Throughput Statistics:
  Profiling Throughput:    756.72 GB/s
  Compression Throughput:  239.19 GB/s
  Total (Prof+Comp) Thrpt: 181.74 GB/s
Starting Decompression...
  Decompression Time: 1.999 ms
  Decompression Throughput: 268.58 GB/s
Verification Results:
  Max Error: 1.379395e-02
  PSNR: 124.90 dB
  Compliance: PASS
BENCH_START:NYX:dark_matter_density.f32:outlier:6.0
Configuration:
  Input File: /scratch/bfrq/bzhang28/SDRBENCH-EXASKY-NYX-512x512x512/dark_matter_density.f32
  Dims: 512x512x512
  Elements: 134217728
  Target Ratio: 6.00
  Mode: outlier
  Sample Rate: 1000
Data Range: 13778.934570
Warming up GPU...
Warmup complete.
Starting Profiling...
  Profiling Time: 0.712 ms
  Selected AbsEB: 5.511574e-02 (RelEB: 4.000000e-06)
  Estimated Ratio: 6.24 (Target: 6.00)
Starting Compression...
  Compression Time: 1.966 ms
  Compressed Size: 85561141
  Achieved Ratio: 6.27
Throughput Statistics:
  Profiling Throughput:    753.83 GB/s
  Compression Throughput:  273.04 GB/s
  Total (Prof+Comp) Thrpt: 200.44 GB/s
Starting Decompression...
  Decompression Time: 1.692 ms
  Decompression Throughput: 317.35 GB/s
Verification Results:
  Max Error: 5.517578e-02
  PSNR: 112.87 dB
  Compliance: PASS
BENCH_START:NYX:dark_matter_density.f32:outlier:8.0
Configuration:
  Input File: /scratch/bfrq/bzhang28/SDRBENCH-EXASKY-NYX-512x512x512/dark_matter_density.f32
  Dims: 512x512x512
  Elements: 134217728
  Target Ratio: 8.00
  Mode: outlier
  Sample Rate: 1000
Data Range: 13778.934570
Warming up GPU...
Warmup complete.
Starting Profiling...
  Profiling Time: 0.730 ms
  Selected AbsEB: 1.377893e-01 (RelEB: 1.000000e-05)
  Estimated Ratio: 8.05 (Target: 8.00)
Starting Compression...
  Compression Time: 1.881 ms
  Compressed Size: 66156002
  Achieved Ratio: 8.12
Throughput Statistics:
  Profiling Throughput:    735.68 GB/s
  Compression Throughput:  285.48 GB/s
  Total (Prof+Comp) Thrpt: 205.67 GB/s
Starting Decompression...
  Decompression Time: 1.439 ms
  Decompression Throughput: 373.21 GB/s
Verification Results:
  Max Error: 1.377895e-01
  PSNR: 104.90 dB
  Compliance: PASS
BENCH_START:NYX:dark_matter_density.f32:plain:4.0
Configuration:
  Input File: /scratch/bfrq/bzhang28/SDRBENCH-EXASKY-NYX-512x512x512/dark_matter_density.f32
  Dims: 512x512x512
  Elements: 134217728
  Target Ratio: 4.00
  Mode: plain
  Sample Rate: 1000
Data Range: 13778.934570
Warming up GPU...
Warmup complete.
Starting Profiling...
  Profiling Time: 0.703 ms
  Selected AbsEB: 1.377893e-02 (RelEB: 1.000000e-06)
  Estimated Ratio: 4.51 (Target: 4.00)
Starting Compression...
  Compression Time: 1.784 ms
  Compressed Size: 118673352
  Achieved Ratio: 4.52
Throughput Statistics:
  Profiling Throughput:    764.06 GB/s
  Compression Throughput:  300.88 GB/s
  Total (Prof+Comp) Thrpt: 215.87 GB/s
Starting Decompression...
  Decompression Time: 1.164 ms
  Decompression Throughput: 461.15 GB/s
Verification Results:
  Max Error: 1.379395e-02
  PSNR: 124.90 dB
  Compliance: PASS
BENCH_START:NYX:dark_matter_density.f32:plain:6.0
Configuration:
  Input File: /scratch/bfrq/bzhang28/SDRBENCH-EXASKY-NYX-512x512x512/dark_matter_density.f32
  Dims: 512x512x512
  Elements: 134217728
  Target Ratio: 6.00
  Mode: plain
  Sample Rate: 1000
Data Range: 13778.934570
Warming up GPU...
Warmup complete.
Starting Profiling...
  Profiling Time: 0.706 ms
  Selected AbsEB: 5.511574e-02 (RelEB: 4.000000e-06)
  Estimated Ratio: 6.20 (Target: 6.00)
Starting Compression...
  Compression Time: 1.703 ms
  Compressed Size: 86179224
  Achieved Ratio: 6.23
Throughput Statistics:
  Profiling Throughput:    760.25 GB/s
  Compression Throughput:  315.21 GB/s
  Total (Prof+Comp) Thrpt: 222.83 GB/s
Starting Decompression...
  Decompression Time: 1.036 ms
  Decompression Throughput: 518.30 GB/s
Verification Results:
  Max Error: 5.517578e-02
  PSNR: 112.87 dB
  Compliance: PASS
BENCH_START:NYX:dark_matter_density.f32:plain:8.0
Configuration:
  Input File: /scratch/bfrq/bzhang28/SDRBENCH-EXASKY-NYX-512x512x512/dark_matter_density.f32
  Dims: 512x512x512
  Elements: 134217728
  Target Ratio: 8.00
  Mode: plain
  Sample Rate: 1000
Data Range: 13778.934570
Warming up GPU...
Warmup complete.
Starting Profiling...
  Profiling Time: 0.706 ms
  Selected AbsEB: 2.066840e-01 (RelEB: 1.500000e-05)
  Estimated Ratio: 8.95 (Target: 8.00)
Starting Compression...
  Compression Time: 1.675 ms
  Compressed Size: 59776352
  Achieved Ratio: 8.98
Throughput Statistics:
  Profiling Throughput:    760.70 GB/s
  Compression Throughput:  320.59 GB/s
  Total (Prof+Comp) Thrpt: 225.54 GB/s
Starting Decompression...
  Decompression Time: 0.936 ms
  Decompression Throughput: 573.33 GB/s
Verification Results:
  Max Error: 2.066841e-01
  PSNR: 101.34 dB
  Compliance: PASS
BENCH_START:NYX:temperature.f32:outlier:4.0
Configuration:
  Input File: /scratch/bfrq/bzhang28/SDRBENCH-EXASKY-NYX-512x512x512/temperature.f32
  Dims: 512x512x512
  Elements: 134217728
  Target Ratio: 4.00
  Mode: outlier
  Sample Rate: 1000
Data Range: 4780302.500000
Warming up GPU...
Warmup complete.
Starting Profiling...
  Profiling Time: 0.712 ms
  Selected AbsEB: 9.560605e+00 (RelEB: 2.000000e-06)
  Estimated Ratio: 4.55 (Target: 4.00)
Starting Compression...
  Compression Time: 2.304 ms
  Compressed Size: 118039062
  Achieved Ratio: 4.55
Throughput Statistics:
  Profiling Throughput:    754.54 GB/s
  Compression Throughput:  233.01 GB/s
  Total (Prof+Comp) Thrpt: 178.03 GB/s
Starting Decompression...
  Decompression Time: 2.188 ms
  Decompression Throughput: 245.36 GB/s
Verification Results:
  Max Error: 9.750000e+00
  PSNR: 118.75 dB
  Compliance: PASS
BENCH_START:NYX:temperature.f32:outlier:6.0
Configuration:
  Input File: /scratch/bfrq/bzhang28/SDRBENCH-EXASKY-NYX-512x512x512/temperature.f32
  Dims: 512x512x512
  Elements: 134217728
  Target Ratio: 6.00
  Mode: outlier
  Sample Rate: 1000
Data Range: 4780302.500000
Warming up GPU...
Warmup complete.
Starting Profiling...
  Profiling Time: 0.710 ms
  Selected AbsEB: 3.824242e+01 (RelEB: 8.000000e-06)
  Estimated Ratio: 6.37 (Target: 6.00)
Starting Compression...
  Compression Time: 2.243 ms
  Compressed Size: 84406330
  Achieved Ratio: 6.36
Throughput Statistics:
  Profiling Throughput:    755.63 GB/s
  Compression Throughput:  239.40 GB/s
  Total (Prof+Comp) Thrpt: 181.80 GB/s
Starting Decompression...
  Decompression Time: 2.123 ms
  Decompression Throughput: 252.85 GB/s
Verification Results:
  Max Error: 3.850000e+01
  PSNR: 106.71 dB
  Compliance: PASS
BENCH_START:NYX:temperature.f32:outlier:8.0
Configuration:
  Input File: /scratch/bfrq/bzhang28/SDRBENCH-EXASKY-NYX-512x512x512/temperature.f32
  Dims: 512x512x512
  Elements: 134217728
  Target Ratio: 8.00
  Mode: outlier
  Sample Rate: 1000
Data Range: 4780302.500000
Warming up GPU...
Warmup complete.
Starting Profiling...
  Profiling Time: 0.715 ms
  Selected AbsEB: 9.560605e+01 (RelEB: 2.000000e-05)
  Estimated Ratio: 8.22 (Target: 8.00)
Starting Compression...
  Compression Time: 2.050 ms
  Compressed Size: 65533522
  Achieved Ratio: 8.19
Throughput Statistics:
  Profiling Throughput:    750.96 GB/s
  Compression Throughput:  261.92 GB/s
  Total (Prof+Comp) Thrpt: 194.19 GB/s
Starting Decompression...
  Decompression Time: 1.860 ms
  Decompression Throughput: 288.60 GB/s
Verification Results:
  Max Error: 9.560938e+01
  PSNR: 98.75 dB
  Compliance: PASS
BENCH_START:NYX:temperature.f32:plain:4.0
Configuration:
  Input File: /scratch/bfrq/bzhang28/SDRBENCH-EXASKY-NYX-512x512x512/temperature.f32
  Dims: 512x512x512
  Elements: 134217728
  Target Ratio: 4.00
  Mode: plain
  Sample Rate: 1000
Data Range: 4780302.500000
Warming up GPU...
Warmup complete.
Starting Profiling...
  Profiling Time: 0.702 ms
  Selected AbsEB: 4.780302e+01 (RelEB: 1.000000e-05)
  Estimated Ratio: 4.03 (Target: 4.00)
Starting Compression...
  Compression Time: 1.880 ms
  Compressed Size: 133193576
  Achieved Ratio: 4.03
Throughput Statistics:
  Profiling Throughput:    764.86 GB/s
  Compression Throughput:  285.64 GB/s
  Total (Prof+Comp) Thrpt: 207.97 GB/s
Starting Decompression...
  Decompression Time: 1.103 ms
  Decompression Throughput: 486.72 GB/s
Verification Results:
  Max Error: 4.781250e+01
  PSNR: 104.77 dB
  Compliance: PASS
BENCH_START:NYX:temperature.f32:plain:6.0
Configuration:
  Input File: /scratch/bfrq/bzhang28/SDRBENCH-EXASKY-NYX-512x512x512/temperature.f32
  Dims: 512x512x512
  Elements: 134217728
  Target Ratio: 6.00
  Mode: plain
  Sample Rate: 1000
Data Range: 4780302.500000
Warming up GPU...
Warmup complete.
Starting Profiling...
  Profiling Time: 0.705 ms
  Selected AbsEB: 3.202803e+02 (RelEB: 6.700000e-05)
  Estimated Ratio: 6.06 (Target: 6.00)
Starting Compression...
  Compression Time: 1.802 ms
  Compressed Size: 88260520
  Achieved Ratio: 6.08
Throughput Statistics:
  Profiling Throughput:    761.04 GB/s
  Compression Throughput:  297.91 GB/s
  Total (Prof+Comp) Thrpt: 214.10 GB/s
Starting Decompression...
  Decompression Time: 0.943 ms
  Decompression Throughput: 569.05 GB/s
Verification Results:
  Max Error: 3.202891e+02
  PSNR: 88.25 dB
  Compliance: PASS
BENCH_START:NYX:temperature.f32:plain:8.0
Configuration:
  Input File: /scratch/bfrq/bzhang28/SDRBENCH-EXASKY-NYX-512x512x512/temperature.f32
  Dims: 512x512x512
  Elements: 134217728
  Target Ratio: 8.00
  Mode: plain
  Sample Rate: 1000
Data Range: 4780302.500000
Warming up GPU...
Warmup complete.
Starting Profiling...
  Profiling Time: 0.707 ms
  Selected AbsEB: 9.082575e+02 (RelEB: 1.900000e-04)
  Estimated Ratio: 8.30 (Target: 8.00)
Starting Compression...
  Compression Time: 1.656 ms
  Compressed Size: 64581528
  Achieved Ratio: 8.31
Throughput Statistics:
  Profiling Throughput:    759.05 GB/s
  Compression Throughput:  324.17 GB/s
  Total (Prof+Comp) Thrpt: 227.16 GB/s
Starting Decompression...
  Decompression Time: 0.878 ms
  Decompression Throughput: 611.73 GB/s
Verification Results:
  Max Error: 9.082578e+02
  PSNR: 79.19 dB
  Compliance: PASS
BENCH_START:NYX:velocity_x.f32:outlier:4.0
Configuration:
  Input File: /scratch/bfrq/bzhang28/SDRBENCH-EXASKY-NYX-512x512x512/velocity_x.f32
  Dims: 512x512x512
  Elements: 134217728
  Target Ratio: 4.00
  Mode: outlier
  Sample Rate: 1000
Data Range: 82283640.000000
Warming up GPU...
Warmup complete.
Starting Profiling...
  Profiling Time: 0.716 ms
  Selected AbsEB: 1.234255e+03 (RelEB: 1.500000e-05)
  Estimated Ratio: 4.20 (Target: 4.00)
Starting Compression...
  Compression Time: 2.205 ms
  Compressed Size: 127509677
  Achieved Ratio: 4.21
Throughput Statistics:
  Profiling Throughput:    749.95 GB/s
  Compression Throughput:  243.45 GB/s
  Total (Prof+Comp) Thrpt: 183.79 GB/s
Starting Decompression...
  Decompression Time: 1.973 ms
  Decompression Throughput: 272.07 GB/s
Verification Results:
  Max Error: 1.236000e+03
  PSNR: 101.25 dB
  Compliance: PASS
BENCH_START:NYX:velocity_x.f32:outlier:6.0
Configuration:
  Input File: /scratch/bfrq/bzhang28/SDRBENCH-EXASKY-NYX-512x512x512/velocity_x.f32
  Dims: 512x512x512
  Elements: 134217728
  Target Ratio: 6.00
  Mode: outlier
  Sample Rate: 1000
Data Range: 82283640.000000
Warming up GPU...
Warmup complete.
Starting Profiling...
  Profiling Time: 0.715 ms
  Selected AbsEB: 6.253556e+03 (RelEB: 7.600000e-05)
  Estimated Ratio: 6.02 (Target: 6.00)
Starting Compression...
  Compression Time: 2.300 ms
  Compressed Size: 89268743
  Achieved Ratio: 6.01
Throughput Statistics:
  Profiling Throughput:    751.36 GB/s
  Compression Throughput:  233.39 GB/s
  Total (Prof+Comp) Thrpt: 178.08 GB/s
Starting Decompression...
  Decompression Time: 1.844 ms
  Decompression Throughput: 291.20 GB/s
Verification Results:
  Max Error: 6.256000e+03
  PSNR: 87.15 dB
  Compliance: PASS
BENCH_START:NYX:velocity_x.f32:outlier:8.0
Configuration:
  Input File: /scratch/bfrq/bzhang28/SDRBENCH-EXASKY-NYX-512x512x512/velocity_x.f32
  Dims: 512x512x512
  Elements: 134217728
  Target Ratio: 8.00
  Mode: outlier
  Sample Rate: 1000
Data Range: 82283640.000000
Warming up GPU...
Warmup complete.
Starting Profiling...
  Profiling Time: 0.706 ms
  Selected AbsEB: 1.810240e+04 (RelEB: 2.200000e-04)
  Estimated Ratio: 8.21 (Target: 8.00)
Starting Compression...
  Compression Time: 2.079 ms
  Compressed Size: 65387289
  Achieved Ratio: 8.21
Throughput Statistics:
  Profiling Throughput:    759.98 GB/s
  Compression Throughput:  258.21 GB/s
  Total (Prof+Comp) Thrpt: 192.73 GB/s
Starting Decompression...
  Decompression Time: 1.714 ms
  Decompression Throughput: 313.26 GB/s
Verification Results:
  Max Error: 1.810400e+04
  PSNR: 77.92 dB
  Compliance: PASS
BENCH_START:NYX:velocity_x.f32:plain:4.0
Configuration:
  Input File: /scratch/bfrq/bzhang28/SDRBENCH-EXASKY-NYX-512x512x512/velocity_x.f32
  Dims: 512x512x512
  Elements: 134217728
  Target Ratio: 4.00
  Mode: plain
  Sample Rate: 1000
Data Range: 82283640.000000
Warming up GPU...
Warmup complete.
Starting Profiling...
  Profiling Time: 0.712 ms
  Selected AbsEB: 2.303942e+04 (RelEB: 2.800000e-04)
  Estimated Ratio: 4.00 (Target: 4.00)
Starting Compression...
  Compression Time: 1.774 ms
  Compressed Size: 133398128
  Achieved Ratio: 4.02
Throughput Statistics:
  Profiling Throughput:    753.63 GB/s
  Compression Throughput:  302.59 GB/s
  Total (Prof+Comp) Thrpt: 215.90 GB/s
Starting Decompression...
  Decompression Time: 1.049 ms
  Decompression Throughput: 512.03 GB/s
Verification Results:
  Max Error: 2.304000e+04
  PSNR: 75.83 dB
  Compliance: PASS
BENCH_START:NYX:velocity_x.f32:plain:6.0
Configuration:
  Input File: /scratch/bfrq/bzhang28/SDRBENCH-EXASKY-NYX-512x512x512/velocity_x.f32
  Dims: 512x512x512
  Elements: 134217728
  Target Ratio: 6.00
  Mode: plain
  Sample Rate: 1000
Data Range: 82283640.000000
Warming up GPU...
Warmup complete.
Starting Profiling...
  Profiling Time: 0.730 ms
  Selected AbsEB: 1.563389e+05 (RelEB: 1.900000e-03)
  Estimated Ratio: 6.02 (Target: 6.00)
Starting Compression...
  Compression Time: 1.856 ms
  Compressed Size: 88777688
  Achieved Ratio: 6.05
Throughput Statistics:
  Profiling Throughput:    735.65 GB/s
  Compression Throughput:  289.27 GB/s
  Total (Prof+Comp) Thrpt: 207.63 GB/s
Starting Decompression...
  Decompression Time: 0.982 ms
  Decompression Throughput: 546.60 GB/s
Verification Results:
  Max Error: 1.563400e+05
  PSNR: 59.20 dB
  Compliance: PASS
BENCH_START:NYX:velocity_x.f32:plain:8.0
Configuration:
  Input File: /scratch/bfrq/bzhang28/SDRBENCH-EXASKY-NYX-512x512x512/velocity_x.f32
  Dims: 512x512x512
  Elements: 134217728
  Target Ratio: 8.00
  Mode: plain
  Sample Rate: 1000
Data Range: 82283640.000000
Warming up GPU...
Warmup complete.
Starting Profiling...
  Profiling Time: 0.691 ms
  Selected AbsEB: 4.525600e+05 (RelEB: 5.500000e-03)
  Estimated Ratio: 8.13 (Target: 8.00)
Starting Compression...
  Compression Time: 1.767 ms
  Compressed Size: 65466048
  Achieved Ratio: 8.20
Throughput Statistics:
  Profiling Throughput:    777.30 GB/s
  Compression Throughput:  303.87 GB/s
  Total (Prof+Comp) Thrpt: 218.46 GB/s
Starting Decompression...
  Decompression Time: 0.918 ms
  Decompression Throughput: 584.80 GB/s
Verification Results:
  Max Error: 4.525620e+05
  PSNR: 49.96 dB
  Compliance: PASS
BENCH_START:NYX:velocity_y.f32:outlier:4.0
Configuration:
  Input File: /scratch/bfrq/bzhang28/SDRBENCH-EXASKY-NYX-512x512x512/velocity_y.f32
  Dims: 512x512x512
  Elements: 134217728
  Target Ratio: 4.00
  Mode: outlier
  Sample Rate: 1000
Data Range: 100438536.000000
Warming up GPU...
Warmup complete.
Starting Profiling...
  Profiling Time: 0.712 ms
  Selected AbsEB: 1.004385e+03 (RelEB: 1.000000e-05)
  Estimated Ratio: 4.06 (Target: 4.00)
Starting Compression...
  Compression Time: 2.309 ms
  Compressed Size: 132104120
  Achieved Ratio: 4.06
Throughput Statistics:
  Profiling Throughput:    753.96 GB/s
  Compression Throughput:  232.55 GB/s
  Total (Prof+Comp) Thrpt: 177.73 GB/s
Starting Decompression...
  Decompression Time: 2.110 ms
  Decompression Throughput: 254.48 GB/s
Verification Results:
  Max Error: 1.006000e+03
  PSNR: 104.77 dB
  Compliance: PASS
BENCH_START:NYX:velocity_y.f32:outlier:6.0
Configuration:
  Input File: /scratch/bfrq/bzhang28/SDRBENCH-EXASKY-NYX-512x512x512/velocity_y.f32
  Dims: 512x512x512
  Elements: 134217728
  Target Ratio: 6.00
  Mode: outlier
  Sample Rate: 1000
Data Range: 100438536.000000
Warming up GPU...
Warmup complete.
Starting Profiling...
  Profiling Time: 0.709 ms
  Selected AbsEB: 6.126750e+03 (RelEB: 6.100000e-05)
  Estimated Ratio: 6.03 (Target: 6.00)
Starting Compression...
  Compression Time: 2.205 ms
  Compressed Size: 89039040
  Achieved Ratio: 6.03
Throughput Statistics:
  Profiling Throughput:    757.74 GB/s
  Compression Throughput:  243.49 GB/s
  Total (Prof+Comp) Thrpt: 184.28 GB/s
Starting Decompression...
  Decompression Time: 1.942 ms
  Decompression Throughput: 276.38 GB/s
Verification Results:
  Max Error: 6.128000e+03
  PSNR: 89.06 dB
  Compliance: PASS
BENCH_START:NYX:velocity_y.f32:outlier:8.0
Configuration:
  Input File: /scratch/bfrq/bzhang28/SDRBENCH-EXASKY-NYX-512x512x512/velocity_y.f32
  Dims: 512x512x512
  Elements: 134217728
  Target Ratio: 8.00
  Mode: outlier
  Sample Rate: 1000
Data Range: 100438536.000000
Warming up GPU...
Warmup complete.
Starting Profiling...
  Profiling Time: 0.716 ms
  Selected AbsEB: 1.908332e+04 (RelEB: 1.900000e-04)
  Estimated Ratio: 8.39 (Target: 8.00)
Starting Compression...
  Compression Time: 2.166 ms
  Compressed Size: 63759900
  Achieved Ratio: 8.42
Throughput Statistics:
  Profiling Throughput:    749.32 GB/s
  Compression Throughput:  247.89 GB/s
  Total (Prof+Comp) Thrpt: 186.27 GB/s
Starting Decompression...
  Decompression Time: 1.692 ms
  Decompression Throughput: 317.26 GB/s
Verification Results:
  Max Error: 1.908400e+04
  PSNR: 79.20 dB
  Compliance: PASS
BENCH_START:NYX:velocity_y.f32:plain:4.0
Configuration:
  Input File: /scratch/bfrq/bzhang28/SDRBENCH-EXASKY-NYX-512x512x512/velocity_y.f32
  Dims: 512x512x512
  Elements: 134217728
  Target Ratio: 4.00
  Mode: plain
  Sample Rate: 1000
Data Range: 100438536.000000
Warming up GPU...
Warmup complete.
Starting Profiling...
  Profiling Time: 0.708 ms
  Selected AbsEB: 1.607017e+04 (RelEB: 1.600000e-04)
  Estimated Ratio: 4.15 (Target: 4.00)
Starting Compression...
  Compression Time: 1.823 ms
  Compressed Size: 130152864
  Achieved Ratio: 4.12
Throughput Statistics:
  Profiling Throughput:    757.88 GB/s
  Compression Throughput:  294.47 GB/s
  Total (Prof+Comp) Thrpt: 212.07 GB/s
Starting Decompression...
  Decompression Time: 1.050 ms
  Decompression Throughput: 511.08 GB/s
Verification Results:
  Max Error: 1.607050e+04
  PSNR: 80.69 dB
  Compliance: PASS
BENCH_START:NYX:velocity_y.f32:plain:6.0
Configuration:
  Input File: /scratch/bfrq/bzhang28/SDRBENCH-EXASKY-NYX-512x512x512/velocity_y.f32
  Dims: 512x512x512
  Elements: 134217728
  Target Ratio: 6.00
  Mode: plain
  Sample Rate: 1000
Data Range: 100438536.000000
Warming up GPU...
Warmup complete.
Starting Profiling...
  Profiling Time: 0.712 ms
  Selected AbsEB: 9.139907e+04 (RelEB: 9.100000e-04)
  Estimated Ratio: 6.02 (Target: 6.00)
Starting Compression...
  Compression Time: 1.807 ms
  Compressed Size: 89606760
  Achieved Ratio: 5.99
Throughput Statistics:
  Profiling Throughput:    754.47 GB/s
  Compression Throughput:  297.05 GB/s
  Total (Prof+Comp) Thrpt: 213.14 GB/s
Starting Decompression...
  Decompression Time: 0.946 ms
  Decompression Throughput: 567.51 GB/s
Verification Results:
  Max Error: 9.140000e+04
  PSNR: 65.59 dB
  Compliance: PASS
BENCH_START:NYX:velocity_y.f32:plain:8.0
Configuration:
  Input File: /scratch/bfrq/bzhang28/SDRBENCH-EXASKY-NYX-512x512x512/velocity_y.f32
  Dims: 512x512x512
  Elements: 134217728
  Target Ratio: 8.00
  Mode: plain
  Sample Rate: 1000
Data Range: 100438536.000000
Warming up GPU...
Warmup complete.
Starting Profiling...
  Profiling Time: 0.708 ms
  Selected AbsEB: 2.812279e+05 (RelEB: 2.800000e-03)
  Estimated Ratio: 8.25 (Target: 8.00)
Starting Compression...
  Compression Time: 1.802 ms
  Compressed Size: 65504920
  Achieved Ratio: 8.20
Throughput Statistics:
  Profiling Throughput:    758.77 GB/s
  Compression Throughput:  297.89 GB/s
  Total (Prof+Comp) Thrpt: 213.91 GB/s
Starting Decompression...
  Decompression Time: 0.918 ms
  Decompression Throughput: 584.57 GB/s
Verification Results:
  Max Error: 2.812280e+05
  PSNR: 55.83 dB
  Compliance: PASS
BENCH_START:NYX:velocity_z.f32:outlier:4.0
Configuration:
  Input File: /scratch/bfrq/bzhang28/SDRBENCH-EXASKY-NYX-512x512x512/velocity_z.f32
  Dims: 512x512x512
  Elements: 134217728
  Target Ratio: 4.00
  Mode: outlier
  Sample Rate: 1000
Data Range: 72324240.000000
Warming up GPU...
Warmup complete.
Starting Profiling...
  Profiling Time: 0.703 ms
  Selected AbsEB: 1.084864e+03 (RelEB: 1.500000e-05)
  Estimated Ratio: 4.10 (Target: 4.00)
Starting Compression...
  Compression Time: 2.385 ms
  Compressed Size: 131078167
  Achieved Ratio: 4.10
Throughput Statistics:
  Profiling Throughput:    764.20 GB/s
  Compression Throughput:  225.11 GB/s
  Total (Prof+Comp) Thrpt: 173.89 GB/s
Starting Decompression...
  Decompression Time: 2.351 ms
  Decompression Throughput: 228.40 GB/s
Verification Results:
  Max Error: 1.086000e+03
  PSNR: 101.25 dB
  Compliance: PASS
BENCH_START:NYX:velocity_z.f32:outlier:6.0
Configuration:
  Input File: /scratch/bfrq/bzhang28/SDRBENCH-EXASKY-NYX-512x512x512/velocity_z.f32
  Dims: 512x512x512
  Elements: 134217728
  Target Ratio: 6.00
  Mode: outlier
  Sample Rate: 1000
Data Range: 72324240.000000
Warming up GPU...
Warmup complete.
Starting Profiling...
  Profiling Time: 0.786 ms
  Selected AbsEB: 6.364533e+03 (RelEB: 8.800000e-05)
  Estimated Ratio: 6.04 (Target: 6.00)
Starting Compression...
  Compression Time: 2.356 ms
  Compressed Size: 88948952
  Achieved Ratio: 6.04
Throughput Statistics:
  Profiling Throughput:    682.92 GB/s
  Compression Throughput:  227.85 GB/s
  Total (Prof+Comp) Thrpt: 170.85 GB/s
Starting Decompression...
  Decompression Time: 2.075 ms
  Decompression Throughput: 258.75 GB/s
Verification Results:
  Max Error: 6.365000e+03
  PSNR: 85.88 dB
  Compliance: PASS
BENCH_START:NYX:velocity_z.f32:outlier:8.0
Configuration:
  Input File: /scratch/bfrq/bzhang28/SDRBENCH-EXASKY-NYX-512x512x512/velocity_z.f32
  Dims: 512x512x512
  Elements: 134217728
  Target Ratio: 8.00
  Mode: outlier
  Sample Rate: 1000
Data Range: 72324240.000000
Warming up GPU...
Warmup complete.
Starting Profiling...
  Profiling Time: 0.838 ms
  Selected AbsEB: 1.808106e+04 (RelEB: 2.500000e-04)
  Estimated Ratio: 8.19 (Target: 8.00)
Starting Compression...
  Compression Time: 2.021 ms
  Compressed Size: 65620044
  Achieved Ratio: 8.18
Throughput Statistics:
  Profiling Throughput:    640.62 GB/s
  Compression Throughput:  265.68 GB/s
  Total (Prof+Comp) Thrpt: 187.79 GB/s
Starting Decompression...
  Decompression Time: 1.743 ms
  Decompression Throughput: 308.08 GB/s
Verification Results:
  Max Error: 1.808200e+04
  PSNR: 76.81 dB
  Compliance: PASS
BENCH_START:NYX:velocity_z.f32:plain:4.0
Configuration:
  Input File: /scratch/bfrq/bzhang28/SDRBENCH-EXASKY-NYX-512x512x512/velocity_z.f32
  Dims: 512x512x512
  Elements: 134217728
  Target Ratio: 4.00
  Mode: plain
  Sample Rate: 1000
Data Range: 72324240.000000
Warming up GPU...
Warmup complete.
Starting Profiling...
  Profiling Time: 0.710 ms
  Selected AbsEB: 1.157188e+04 (RelEB: 1.600000e-04)
  Estimated Ratio: 4.12 (Target: 4.00)
Starting Compression...
  Compression Time: 1.759 ms
  Compressed Size: 130637168
  Achieved Ratio: 4.11
Throughput Statistics:
  Profiling Throughput:    756.07 GB/s
  Compression Throughput:  305.18 GB/s
  Total (Prof+Comp) Thrpt: 217.42 GB/s
Starting Decompression...
  Decompression Time: 1.063 ms
  Decompression Throughput: 504.90 GB/s
Verification Results:
  Max Error: 1.157200e+04
  PSNR: 80.69 dB
  Compliance: PASS
BENCH_START:NYX:velocity_z.f32:plain:6.0
Configuration:
  Input File: /scratch/bfrq/bzhang28/SDRBENCH-EXASKY-NYX-512x512x512/velocity_z.f32
  Dims: 512x512x512
  Elements: 134217728
  Target Ratio: 6.00
  Mode: plain
  Sample Rate: 1000
Data Range: 72324240.000000
Warming up GPU...
Warmup complete.
Starting Profiling...
  Profiling Time: 0.698 ms
  Selected AbsEB: 6.798479e+04 (RelEB: 9.400000e-04)
  Estimated Ratio: 6.03 (Target: 6.00)
Starting Compression...
  Compression Time: 1.696 ms
  Compressed Size: 89273752
  Achieved Ratio: 6.01
Throughput Statistics:
  Profiling Throughput:    769.35 GB/s
  Compression Throughput:  316.54 GB/s
  Total (Prof+Comp) Thrpt: 224.27 GB/s
Starting Decompression...
  Decompression Time: 0.935 ms
  Decompression Throughput: 574.01 GB/s
Verification Results:
  Max Error: 6.798600e+04
  PSNR: 65.31 dB
  Compliance: PASS
BENCH_START:NYX:velocity_z.f32:plain:8.0
Configuration:
  Input File: /scratch/bfrq/bzhang28/SDRBENCH-EXASKY-NYX-512x512x512/velocity_z.f32
  Dims: 512x512x512
  Elements: 134217728
  Target Ratio: 8.00
  Mode: plain
  Sample Rate: 1000
Data Range: 72324240.000000
Warming up GPU...
Warmup complete.
Starting Profiling...
  Profiling Time: 0.696 ms
  Selected AbsEB: 2.025079e+05 (RelEB: 2.800000e-03)
  Estimated Ratio: 8.15 (Target: 8.00)
Starting Compression...
  Compression Time: 1.892 ms
  Compressed Size: 65855640
  Achieved Ratio: 8.15
Throughput Statistics:
  Profiling Throughput:    771.90 GB/s
  Compression Throughput:  283.73 GB/s
  Total (Prof+Comp) Thrpt: 207.47 GB/s
Starting Decompression...
  Decompression Time: 0.940 ms
  Decompression Throughput: 571.20 GB/s
Verification Results:
  Max Error: 2.025090e+05
  PSNR: 55.83 dB
  Compliance: PASS
BENCH_START:HACC:vx.f32:outlier:4.0
Configuration:
  Input File: /scratch/bfrq/bzhang28/1billionparticles_onesnapshot/vx.f32
  Output File: (none)
  Elements: 1073726487
  Target Ratio: 4.00
  Mode: outlier
Data Range: 7614.873535 (Min: -3700.378418, Max: 3914.495117)
Warming up GPU...
Warmup complete.
Starting Profiling...
  Profiling Time: 3.304 ms
  Selected AbsEB: 1.446826e+00 (RelEB: 1.900000e-04)
Starting Compression...
  Compression Time: 15.388 ms
  Compressed Size: 1043517543 bytes
  Achieved Ratio: 4.12
Throughput Statistics:
  Profiling Throughput:    1299.99 GB/s
  Compression Throughput:  279.11 GB/s
  Total (Prof+Comp) Thrpt: 229.77 GB/s
Starting Decompression...
  Decompression Time: 12.958 ms
  Decompression Throughput: 331.45 GB/s
Verification Results:
  Max Error: 1.447021e+00
  PSNR: 79.20 dB
  Error Bound Compliance: PASS
BENCH_START:HACC:vx.f32:outlier:6.0
Configuration:
  Input File: /scratch/bfrq/bzhang28/1billionparticles_onesnapshot/vx.f32
  Output File: (none)
  Elements: 1073726487
  Target Ratio: 6.00
  Mode: outlier
Data Range: 7614.873535 (Min: -3700.378418, Max: 3914.495117)
Warming up GPU...
Warmup complete.
Starting Profiling...
  Profiling Time: 3.154 ms
  Selected AbsEB: 9.899336e+00 (RelEB: 1.300000e-03)
Starting Compression...
  Compression Time: 12.268 ms
  Compressed Size: 687458818 bytes
  Achieved Ratio: 6.25
Throughput Statistics:
  Profiling Throughput:    1361.85 GB/s
  Compression Throughput:  350.10 GB/s
  Total (Prof+Comp) Thrpt: 278.51 GB/s
Starting Decompression...
  Decompression Time: 9.793 ms
  Decompression Throughput: 438.57 GB/s
Verification Results:
  Max Error: 9.899414e+00
  PSNR: 62.49 dB
  Error Bound Compliance: PASS
BENCH_START:HACC:vx.f32:outlier:8.0
Configuration:
  Input File: /scratch/bfrq/bzhang28/1billionparticles_onesnapshot/vx.f32
  Output File: (none)
  Elements: 1073726487
  Target Ratio: 8.00
  Mode: outlier
Data Range: 7614.873535 (Min: -3700.378418, Max: 3914.495117)
Warming up GPU...
Warmup complete.
Starting Profiling...
  Profiling Time: 3.163 ms
  Selected AbsEB: 2.589057e+01 (RelEB: 3.400000e-03)
Starting Compression...
  Compression Time: 11.942 ms
  Compressed Size: 528455125 bytes
  Achieved Ratio: 8.13
Throughput Statistics:
  Profiling Throughput:    1357.77 GB/s
  Compression Throughput:  359.64 GB/s
  Total (Prof+Comp) Thrpt: 284.33 GB/s
Starting Decompression...
  Decompression Time: 9.187 ms
  Decompression Throughput: 467.48 GB/s
Verification Results:
  Max Error: 2.589062e+01
  PSNR: 54.14 dB
  Error Bound Compliance: PASS
BENCH_START:HACC:vx.f32:plain:4.0
Configuration:
  Input File: /scratch/bfrq/bzhang28/1billionparticles_onesnapshot/vx.f32
  Output File: (none)
  Elements: 1073726487
  Target Ratio: 4.00
  Mode: plain
Data Range: 7614.873535 (Min: -3700.378418, Max: 3914.495117)
Warming up GPU...
Warmup complete.
Starting Profiling...
  Profiling Time: 2.831 ms
  Selected AbsEB: 1.903718e+00 (RelEB: 2.500000e-04)
Starting Compression...
  Compression Time: 11.973 ms
  Compressed Size: 1063103428 bytes
  Achieved Ratio: 4.04
Throughput Statistics:
  Profiling Throughput:    1517.09 GB/s
  Compression Throughput:  358.72 GB/s
  Total (Prof+Comp) Thrpt: 290.12 GB/s
Starting Decompression...
  Decompression Time: 9.322 ms
  Decompression Throughput: 460.71 GB/s
Verification Results:
  Max Error: 1.903809e+00
  PSNR: 76.81 dB
  Error Bound Compliance: PASS
BENCH_START:HACC:vx.f32:plain:6.0
Configuration:
  Input File: /scratch/bfrq/bzhang28/1billionparticles_onesnapshot/vx.f32
  Output File: (none)
  Elements: 1073726487
  Target Ratio: 6.00
  Mode: plain
Data Range: 7614.873535 (Min: -3700.378418, Max: 3914.495117)
Warming up GPU...
Warmup complete.
Starting Profiling...
  Profiling Time: 2.846 ms
  Selected AbsEB: 1.218380e+01 (RelEB: 1.600000e-03)
Starting Compression...
  Compression Time: 11.388 ms
  Compressed Size: 713976264 bytes
  Achieved Ratio: 6.02
Throughput Statistics:
  Profiling Throughput:    1509.03 GB/s
  Compression Throughput:  377.13 GB/s
  Total (Prof+Comp) Thrpt: 301.73 GB/s
Starting Decompression...
  Decompression Time: 9.194 ms
  Decompression Throughput: 467.17 GB/s
Verification Results:
  Max Error: 1.218396e+01
  PSNR: 60.69 dB
  Error Bound Compliance: PASS
BENCH_START:HACC:vx.f32:plain:8.0
Configuration:
  Input File: /scratch/bfrq/bzhang28/1billionparticles_onesnapshot/vx.f32
  Output File: (none)
  Elements: 1073726487
  Target Ratio: 8.00
  Mode: plain
Data Range: 7614.873535 (Min: -3700.378418, Max: 3914.495117)
Warming up GPU...
Warmup complete.
Starting Profiling...
  Profiling Time: 2.879 ms
  Selected AbsEB: 3.502842e+01 (RelEB: 4.600000e-03)
Starting Compression...
  Compression Time: 11.202 ms
  Compressed Size: 529394384 bytes
  Achieved Ratio: 8.11
Throughput Statistics:
  Profiling Throughput:    1491.72 GB/s
  Compression Throughput:  383.39 GB/s
  Total (Prof+Comp) Thrpt: 305.00 GB/s
Starting Decompression...
  Decompression Time: 9.100 ms
  Decompression Throughput: 471.97 GB/s
Verification Results:
  Max Error: 3.502856e+01
  PSNR: 51.52 dB
  Error Bound Compliance: PASS
BENCH_START:HACC:vy.f32:outlier:4.0
Configuration:
  Input File: /scratch/bfrq/bzhang28/1billionparticles_onesnapshot/vy.f32
  Output File: (none)
  Elements: 1073726487
  Target Ratio: 4.00
  Mode: outlier
Data Range: 7877.466797 (Min: -3846.212402, Max: 4031.254150)
Warming up GPU...
Warmup complete.
Starting Profiling...
  Profiling Time: 3.153 ms
  Selected AbsEB: 1.496719e+00 (RelEB: 1.900000e-04)
Starting Compression...
  Compression Time: 14.042 ms
  Compressed Size: 1040957421 bytes
  Achieved Ratio: 4.13
Throughput Statistics:
  Profiling Throughput:    1362.36 GB/s
  Compression Throughput:  305.87 GB/s
  Total (Prof+Comp) Thrpt: 249.79 GB/s
Starting Decompression...
  Decompression Time: 12.550 ms
  Decompression Throughput: 342.23 GB/s
Verification Results:
  Max Error: 1.496826e+00
  PSNR: 79.20 dB
  Error Bound Compliance: PASS
BENCH_START:HACC:vy.f32:outlier:6.0
Configuration:
  Input File: /scratch/bfrq/bzhang28/1billionparticles_onesnapshot/vy.f32
  Output File: (none)
  Elements: 1073726487
  Target Ratio: 6.00
  Mode: outlier
Data Range: 7877.466797 (Min: -3846.212402, Max: 4031.254150)
Warming up GPU...
Warmup complete.
Starting Profiling...
  Profiling Time: 3.215 ms
  Selected AbsEB: 8.665214e+00 (RelEB: 1.100000e-03)
Starting Compression...
  Compression Time: 12.392 ms
  Compressed Size: 714777611 bytes
  Achieved Ratio: 6.01
Throughput Statistics:
  Profiling Throughput:    1335.79 GB/s
  Compression Throughput:  346.58 GB/s
  Total (Prof+Comp) Thrpt: 275.18 GB/s
Starting Decompression...
  Decompression Time: 9.987 ms
  Decompression Throughput: 430.05 GB/s
Verification Results:
  Max Error: 8.665283e+00
  PSNR: 63.94 dB
  Error Bound Compliance: PASS
BENCH_START:HACC:vy.f32:outlier:8.0
Configuration:
  Input File: /scratch/bfrq/bzhang28/1billionparticles_onesnapshot/vy.f32
  Output File: (none)
  Elements: 1073726487
  Target Ratio: 8.00
  Mode: outlier
Data Range: 7877.466797 (Min: -3846.212402, Max: 4031.254150)
Warming up GPU...
Warmup complete.
Starting Profiling...
  Profiling Time: 3.226 ms
  Selected AbsEB: 2.678339e+01 (RelEB: 3.400000e-03)
Starting Compression...
  Compression Time: 11.951 ms
  Compressed Size: 526687524 bytes
  Achieved Ratio: 8.15
Throughput Statistics:
  Profiling Throughput:    1331.47 GB/s
  Compression Throughput:  359.38 GB/s
  Total (Prof+Comp) Thrpt: 282.99 GB/s
Starting Decompression...
  Decompression Time: 9.221 ms
  Decompression Throughput: 465.77 GB/s
Verification Results:
  Max Error: 2.678345e+01
  PSNR: 54.14 dB
  Error Bound Compliance: PASS
BENCH_START:HACC:vy.f32:plain:4.0
Configuration:
  Input File: /scratch/bfrq/bzhang28/1billionparticles_onesnapshot/vy.f32
  Output File: (none)
  Elements: 1073726487
  Target Ratio: 4.00
  Mode: plain
Data Range: 7877.466797 (Min: -3846.212402, Max: 4031.254150)
Warming up GPU...
Warmup complete.
Starting Profiling...
  Profiling Time: 2.893 ms
  Selected AbsEB: 1.969367e+00 (RelEB: 2.500000e-04)
Starting Compression...
  Compression Time: 11.975 ms
  Compressed Size: 1065176720 bytes
  Achieved Ratio: 4.03
Throughput Statistics:
  Profiling Throughput:    1484.66 GB/s
  Compression Throughput:  358.67 GB/s
  Total (Prof+Comp) Thrpt: 288.88 GB/s
Starting Decompression...
  Decompression Time: 9.284 ms
  Decompression Throughput: 462.62 GB/s
Verification Results:
  Max Error: 1.969727e+00
  PSNR: 76.81 dB
  Error Bound Compliance: PASS
BENCH_START:HACC:vy.f32:plain:6.0
Configuration:
  Input File: /scratch/bfrq/bzhang28/1billionparticles_onesnapshot/vy.f32
  Output File: (none)
  Elements: 1073726487
  Target Ratio: 6.00
  Mode: plain
Data Range: 7877.466797 (Min: -3846.212402, Max: 4031.254150)
Warming up GPU...
Warmup complete.
Starting Profiling...
  Profiling Time: 2.879 ms
  Selected AbsEB: 1.260395e+01 (RelEB: 1.600000e-03)
Starting Compression...
  Compression Time: 11.385 ms
  Compressed Size: 715923392 bytes
  Achieved Ratio: 6.00
Throughput Statistics:
  Profiling Throughput:    1491.98 GB/s
  Compression Throughput:  377.23 GB/s
  Total (Prof+Comp) Thrpt: 301.10 GB/s
Starting Decompression...
  Decompression Time: 9.195 ms
  Decompression Throughput: 467.07 GB/s
Verification Results:
  Max Error: 1.260400e+01
  PSNR: 60.69 dB
  Error Bound Compliance: PASS
BENCH_START:HACC:vy.f32:plain:8.0
Configuration:
  Input File: /scratch/bfrq/bzhang28/1billionparticles_onesnapshot/vy.f32
  Output File: (none)
  Elements: 1073726487
  Target Ratio: 8.00
  Mode: plain
Data Range: 7877.466797 (Min: -3846.212402, Max: 4031.254150)
Warming up GPU...
Warmup complete.
Starting Profiling...
  Profiling Time: 2.843 ms
  Selected AbsEB: 3.623635e+01 (RelEB: 4.600000e-03)
Starting Compression...
  Compression Time: 11.197 ms
  Compressed Size: 530973080 bytes
  Achieved Ratio: 8.09
Throughput Statistics:
  Profiling Throughput:    1510.93 GB/s
  Compression Throughput:  383.58 GB/s
  Total (Prof+Comp) Thrpt: 305.91 GB/s
Starting Decompression...
  Decompression Time: 9.109 ms
  Decompression Throughput: 471.53 GB/s
Verification Results:
  Max Error: 3.623645e+01
  PSNR: 51.52 dB
  Error Bound Compliance: PASS
BENCH_START:HACC:vz.f32:outlier:4.0
Configuration:
  Input File: /scratch/bfrq/bzhang28/1billionparticles_onesnapshot/vz.f32
  Output File: (none)
  Elements: 1073726487
  Target Ratio: 4.00
  Mode: outlier
Data Range: 8030.170898 (Min: -4083.671631, Max: 3946.499268)
Warming up GPU...
Warmup complete.
Starting Profiling...
  Profiling Time: 3.169 ms
  Selected AbsEB: 1.525733e+00 (RelEB: 1.900000e-04)
Starting Compression...
  Compression Time: 14.047 ms
  Compressed Size: 1042924574 bytes
  Achieved Ratio: 4.12
Throughput Statistics:
  Profiling Throughput:    1355.14 GB/s
  Compression Throughput:  305.76 GB/s
  Total (Prof+Comp) Thrpt: 249.47 GB/s
Starting Decompression...
  Decompression Time: 12.760 ms
  Decompression Throughput: 336.60 GB/s
Verification Results:
  Max Error: 1.525879e+00
  PSNR: 79.20 dB
  Error Bound Compliance: PASS
BENCH_START:HACC:vz.f32:outlier:6.0
Configuration:
  Input File: /scratch/bfrq/bzhang28/1billionparticles_onesnapshot/vz.f32
  Output File: (none)
  Elements: 1073726487
  Target Ratio: 6.00
  Mode: outlier
Data Range: 8030.170898 (Min: -4083.671631, Max: 3946.499268)
Warming up GPU...
Warmup complete.
Starting Profiling...
  Profiling Time: 3.199 ms
  Selected AbsEB: 1.043922e+01 (RelEB: 1.300000e-03)
Starting Compression...
  Compression Time: 12.348 ms
  Compressed Size: 686822568 bytes
  Achieved Ratio: 6.25
Throughput Statistics:
  Profiling Throughput:    1342.57 GB/s
  Compression Throughput:  347.82 GB/s
  Total (Prof+Comp) Thrpt: 276.25 GB/s
Starting Decompression...
  Decompression Time: 9.790 ms
  Decompression Throughput: 438.71 GB/s
Verification Results:
  Max Error: 1.043933e+01
  PSNR: 62.49 dB
  Error Bound Compliance: PASS
BENCH_START:HACC:vz.f32:outlier:8.0
Configuration:
  Input File: /scratch/bfrq/bzhang28/1billionparticles_onesnapshot/vz.f32
  Output File: (none)
  Elements: 1073726487
  Target Ratio: 8.00
  Mode: outlier
Data Range: 8030.170898 (Min: -4083.671631, Max: 3946.499268)
Warming up GPU...
Warmup complete.
Starting Profiling...
  Profiling Time: 3.195 ms
  Selected AbsEB: 2.730258e+01 (RelEB: 3.400000e-03)
Starting Compression...
  Compression Time: 11.955 ms
  Compressed Size: 528893095 bytes
  Achieved Ratio: 8.12
Throughput Statistics:
  Profiling Throughput:    1344.34 GB/s
  Compression Throughput:  359.27 GB/s
  Total (Prof+Comp) Thrpt: 283.50 GB/s
Starting Decompression...
  Decompression Time: 9.248 ms
  Decompression Throughput: 464.43 GB/s
Verification Results:
  Max Error: 2.730273e+01
  PSNR: 54.14 dB
  Error Bound Compliance: PASS
BENCH_START:HACC:vz.f32:plain:4.0
Configuration:
  Input File: /scratch/bfrq/bzhang28/1billionparticles_onesnapshot/vz.f32
  Output File: (none)
  Elements: 1073726487
  Target Ratio: 4.00
  Mode: plain
Data Range: 8030.170898 (Min: -4083.671631, Max: 3946.499268)
Warming up GPU...
Warmup complete.
Starting Profiling...
  Profiling Time: 2.832 ms
  Selected AbsEB: 2.007543e+00 (RelEB: 2.500000e-04)
Starting Compression...
  Compression Time: 11.939 ms
  Compressed Size: 1069445460 bytes
  Achieved Ratio: 4.02
Throughput Statistics:
  Profiling Throughput:    1516.51 GB/s
  Compression Throughput:  359.73 GB/s
  Total (Prof+Comp) Thrpt: 290.76 GB/s
Starting Decompression...
  Decompression Time: 9.300 ms
  Decompression Throughput: 461.81 GB/s
Verification Results:
  Max Error: 2.007690e+00
  PSNR: 76.81 dB
  Error Bound Compliance: PASS
BENCH_START:HACC:vz.f32:plain:6.0
Configuration:
  Input File: /scratch/bfrq/bzhang28/1billionparticles_onesnapshot/vz.f32
  Output File: (none)
  Elements: 1073726487
  Target Ratio: 6.00
  Mode: plain
Data Range: 8030.170898 (Min: -4083.671631, Max: 3946.499268)
Warming up GPU...
Warmup complete.
Starting Profiling...
  Profiling Time: 2.821 ms
  Selected AbsEB: 1.525733e+01 (RelEB: 1.900000e-03)
Starting Compression...
  Compression Time: 11.351 ms
  Compressed Size: 688699560 bytes
  Achieved Ratio: 6.24
Throughput Statistics:
  Profiling Throughput:    1522.24 GB/s
  Compression Throughput:  378.37 GB/s
  Total (Prof+Comp) Thrpt: 303.05 GB/s
Starting Decompression...
  Decompression Time: 9.141 ms
  Decompression Throughput: 469.86 GB/s
Verification Results:
  Max Error: 1.525735e+01
  PSNR: 59.20 dB
  Error Bound Compliance: PASS
BENCH_START:HACC:vz.f32:plain:8.0
Configuration:
  Input File: /scratch/bfrq/bzhang28/1billionparticles_onesnapshot/vz.f32
  Output File: (none)
  Elements: 1073726487
  Target Ratio: 8.00
  Mode: plain
Data Range: 8030.170898 (Min: -4083.671631, Max: 3946.499268)
Warming up GPU...
Warmup complete.
Starting Profiling...
  Profiling Time: 2.846 ms
  Selected AbsEB: 3.693879e+01 (RelEB: 4.600000e-03)
Starting Compression...
  Compression Time: 11.156 ms
  Compressed Size: 534993280 bytes
  Achieved Ratio: 8.03
Throughput Statistics:
  Profiling Throughput:    1509.21 GB/s
  Compression Throughput:  384.99 GB/s
  Total (Prof+Comp) Thrpt: 306.74 GB/s
Starting Decompression...
  Decompression Time: 9.141 ms
  Decompression Throughput: 469.87 GB/s
Verification Results:
  Max Error: 3.693878e+01
  PSNR: 51.52 dB
  Error Bound Compliance: PASS
BENCH_START:HACC:xx.f32:outlier:4.0
Configuration:
  Input File: /scratch/bfrq/bzhang28/1billionparticles_onesnapshot/xx.f32
  Output File: (none)
  Elements: 1073726487
  Target Ratio: 4.00
  Mode: outlier
Data Range: 255.999985 (Min: 0.000000, Max: 255.999985)
Warming up GPU...
Warmup complete.
Starting Profiling...
  Profiling Time: 3.231 ms
  Selected AbsEB: 3.840000e-03 (RelEB: 1.500000e-05)
Starting Compression...
  Compression Time: 14.518 ms
  Compressed Size: 1023825107 bytes
  Achieved Ratio: 4.19
Throughput Statistics:
  Profiling Throughput:    1329.11 GB/s
  Compression Throughput:  295.82 GB/s
  Total (Prof+Comp) Thrpt: 241.97 GB/s
Starting Decompression...
  Decompression Time: 10.146 ms
  Decompression Throughput: 423.31 GB/s
Verification Results:
  Max Error: 3.860474e-03
  PSNR: 101.25 dB
  Error Bound Compliance: PASS
BENCH_START:HACC:xx.f32:outlier:6.0
Configuration:
  Input File: /scratch/bfrq/bzhang28/1billionparticles_onesnapshot/xx.f32
  Output File: (none)
  Elements: 1073726487
  Target Ratio: 6.00
  Mode: outlier
Data Range: 255.999985 (Min: 0.000000, Max: 255.999985)
Warming up GPU...
Warmup complete.
Starting Profiling...
  Profiling Time: 3.197 ms
  Selected AbsEB: 2.176000e-02 (RelEB: 8.500000e-05)
Starting Compression...
  Compression Time: 12.352 ms
  Compressed Size: 713697203 bytes
  Achieved Ratio: 6.02
Throughput Statistics:
  Profiling Throughput:    1343.56 GB/s
  Compression Throughput:  347.70 GB/s
  Total (Prof+Comp) Thrpt: 276.21 GB/s
Starting Decompression...
  Decompression Time: 9.541 ms
  Decompression Throughput: 450.16 GB/s
Verification Results:
  Max Error: 2.177429e-02
  PSNR: 86.18 dB
  Error Bound Compliance: PASS
BENCH_START:HACC:xx.f32:outlier:8.0
Configuration:
  Input File: /scratch/bfrq/bzhang28/1billionparticles_onesnapshot/xx.f32
  Output File: (none)
  Elements: 1073726487
  Target Ratio: 8.00
  Mode: outlier
Data Range: 255.999985 (Min: 0.000000, Max: 255.999985)
Warming up GPU...
Warmup complete.
Starting Profiling...
  Profiling Time: 3.232 ms
  Selected AbsEB: 6.400000e-02 (RelEB: 2.500000e-04)
Starting Compression...
  Compression Time: 11.825 ms
  Compressed Size: 522784532 bytes
  Achieved Ratio: 8.22
Throughput Statistics:
  Profiling Throughput:    1328.80 GB/s
  Compression Throughput:  363.22 GB/s
  Total (Prof+Comp) Thrpt: 285.25 GB/s
Starting Decompression...
  Decompression Time: 9.275 ms
  Decompression Throughput: 463.08 GB/s
Verification Results:
  Max Error: 6.401062e-02
  PSNR: 76.81 dB
  Error Bound Compliance: PASS
BENCH_START:HACC:xx.f32:plain:4.0
Configuration:
  Input File: /scratch/bfrq/bzhang28/1billionparticles_onesnapshot/xx.f32
  Output File: (none)
  Elements: 1073726487
  Target Ratio: 4.00
  Mode: plain
Data Range: 255.999985 (Min: 0.000000, Max: 255.999985)
Warming up GPU...
Warmup complete.
Starting Profiling...
  Profiling Time: 2.876 ms
  Selected AbsEB: 6.399999e-01 (RelEB: 2.500000e-03)
Starting Compression...
  Compression Time: 11.935 ms
  Compressed Size: 1068379440 bytes
  Achieved Ratio: 4.02
Throughput Statistics:
  Profiling Throughput:    1493.33 GB/s
  Compression Throughput:  359.87 GB/s
  Total (Prof+Comp) Thrpt: 289.99 GB/s
Starting Decompression...
  Decompression Time: 9.412 ms
  Decompression Throughput: 456.31 GB/s
Verification Results:
  Max Error: 6.400146e-01
  PSNR: 56.81 dB
  Error Bound Compliance: PASS
BENCH_START:HACC:xx.f32:plain:6.0
Configuration:
  Input File: /scratch/bfrq/bzhang28/1billionparticles_onesnapshot/xx.f32
  Output File: (none)
  Elements: 1073726487
  Target Ratio: 6.00
  Mode: plain
Data Range: 255.999985 (Min: 0.000000, Max: 255.999985)
Warming up GPU...
Warmup complete.
Starting Profiling...
  Profiling Time: 2.834 ms
  Selected AbsEB: 4.096000e+00 (RelEB: 1.600000e-02)
Starting Compression...
  Compression Time: 11.314 ms
  Compressed Size: 709012424 bytes
  Achieved Ratio: 6.06
Throughput Statistics:
  Profiling Throughput:    1515.50 GB/s
  Compression Throughput:  379.61 GB/s
  Total (Prof+Comp) Thrpt: 303.57 GB/s
Starting Decompression...
  Decompression Time: 9.083 ms
  Decompression Throughput: 472.85 GB/s
Verification Results:
  Max Error: 4.096008e+00
  PSNR: 40.74 dB
  Error Bound Compliance: PASS
BENCH_START:HACC:xx.f32:plain:8.0
Configuration:
  Input File: /scratch/bfrq/bzhang28/1billionparticles_onesnapshot/xx.f32
  Output File: (none)
  Elements: 1073726487
  Target Ratio: 8.00
  Mode: plain
Data Range: 255.999985 (Min: 0.000000, Max: 255.999985)
Warming up GPU...
Warmup complete.
Starting Profiling...
  Profiling Time: 2.841 ms
  Selected AbsEB: 1.177600e+01 (RelEB: 4.600000e-02)
Starting Compression...
  Compression Time: 11.021 ms
  Compressed Size: 534778684 bytes
  Achieved Ratio: 8.03
Throughput Statistics:
  Profiling Throughput:    1511.83 GB/s
  Compression Throughput:  389.71 GB/s
  Total (Prof+Comp) Thrpt: 309.84 GB/s
Starting Decompression...
  Decompression Time: 8.811 ms
  Decompression Throughput: 487.45 GB/s
Verification Results:
  Max Error: 1.177602e+01
  PSNR: 31.48 dB
  Error Bound Compliance: PASS
BENCH_START:HACC:yy.f32:outlier:4.0
Configuration:
  Input File: /scratch/bfrq/bzhang28/1billionparticles_onesnapshot/yy.f32
  Output File: (none)
  Elements: 1073726487
  Target Ratio: 4.00
  Mode: outlier
Data Range: 255.999985 (Min: 0.000000, Max: 255.999985)
Warming up GPU...
Warmup complete.
Starting Profiling...
  Profiling Time: 3.146 ms
  Selected AbsEB: 3.840000e-03 (RelEB: 1.500000e-05)
Starting Compression...
  Compression Time: 14.604 ms
  Compressed Size: 1055775217 bytes
  Achieved Ratio: 4.07
Throughput Statistics:
  Profiling Throughput:    1365.08 GB/s
  Compression Throughput:  294.09 GB/s
  Total (Prof+Comp) Thrpt: 241.96 GB/s
Starting Decompression...
  Decompression Time: 10.236 ms
  Decompression Throughput: 419.59 GB/s
Verification Results:
  Max Error: 3.860474e-03
  PSNR: 101.25 dB
  Error Bound Compliance: PASS
BENCH_START:HACC:yy.f32:outlier:6.0
Configuration:
  Input File: /scratch/bfrq/bzhang28/1billionparticles_onesnapshot/yy.f32
  Output File: (none)
  Elements: 1073726487
  Target Ratio: 6.00
  Mode: outlier
Data Range: 255.999985 (Min: 0.000000, Max: 255.999985)
Warming up GPU...
Warmup complete.
Starting Profiling...
  Profiling Time: 3.155 ms
  Selected AbsEB: 2.560000e-02 (RelEB: 1.000000e-04)
Starting Compression...
  Compression Time: 12.296 ms
  Compressed Size: 712613368 bytes
  Achieved Ratio: 6.03
Throughput Statistics:
  Profiling Throughput:    1361.49 GB/s
  Compression Throughput:  349.28 GB/s
  Total (Prof+Comp) Thrpt: 277.97 GB/s
Starting Decompression...
  Decompression Time: 9.531 ms
  Decompression Throughput: 450.64 GB/s
Verification Results:
  Max Error: 2.561951e-02
  PSNR: 84.77 dB
  Error Bound Compliance: PASS
BENCH_START:HACC:yy.f32:outlier:8.0
Configuration:
  Input File: /scratch/bfrq/bzhang28/1billionparticles_onesnapshot/yy.f32
  Output File: (none)
  Elements: 1073726487
  Target Ratio: 8.00
  Mode: outlier
Data Range: 255.999985 (Min: 0.000000, Max: 255.999985)
Warming up GPU...
Warmup complete.
Starting Profiling...
  Profiling Time: 3.213 ms
  Selected AbsEB: 7.167999e-02 (RelEB: 2.800000e-04)
Starting Compression...
  Compression Time: 11.788 ms
  Compressed Size: 533578778 bytes
  Achieved Ratio: 8.05
Throughput Statistics:
  Profiling Throughput:    1336.69 GB/s
  Compression Throughput:  364.33 GB/s
  Total (Prof+Comp) Thrpt: 286.30 GB/s
Starting Decompression...
  Decompression Time: 9.311 ms
  Decompression Throughput: 461.26 GB/s
Verification Results:
  Max Error: 7.170105e-02
  PSNR: 75.83 dB
  Error Bound Compliance: PASS
BENCH_START:HACC:yy.f32:plain:4.0
Configuration:
  Input File: /scratch/bfrq/bzhang28/1billionparticles_onesnapshot/yy.f32
  Output File: (none)
  Elements: 1073726487
  Target Ratio: 4.00
  Mode: plain
Data Range: 255.999985 (Min: 0.000000, Max: 255.999985)
Warming up GPU...
Warmup complete.
Starting Profiling...
  Profiling Time: 2.840 ms
  Selected AbsEB: 7.167999e-01 (RelEB: 2.800000e-03)
Starting Compression...
  Compression Time: 11.986 ms
  Compressed Size: 1056387344 bytes
  Achieved Ratio: 4.07
Throughput Statistics:
  Profiling Throughput:    1512.41 GB/s
  Compression Throughput:  358.34 GB/s
  Total (Prof+Comp) Thrpt: 289.70 GB/s
Starting Decompression...
  Decompression Time: 9.319 ms
  Decompression Throughput: 460.90 GB/s
Verification Results:
  Max Error: 7.168274e-01
  PSNR: 55.83 dB
  Error Bound Compliance: PASS
BENCH_START:HACC:yy.f32:plain:6.0
Configuration:
  Input File: /scratch/bfrq/bzhang28/1billionparticles_onesnapshot/yy.f32
  Output File: (none)
  Elements: 1073726487
  Target Ratio: 6.00
  Mode: plain
Data Range: 255.999985 (Min: 0.000000, Max: 255.999985)
Warming up GPU...
Warmup complete.
Starting Profiling...
  Profiling Time: 2.829 ms
  Selected AbsEB: 4.096000e+00 (RelEB: 1.600000e-02)
Starting Compression...
  Compression Time: 11.337 ms
  Compressed Size: 715854996 bytes
  Achieved Ratio: 6.00
Throughput Statistics:
  Profiling Throughput:    1518.33 GB/s
  Compression Throughput:  378.84 GB/s
  Total (Prof+Comp) Thrpt: 303.19 GB/s
Starting Decompression...
  Decompression Time: 9.139 ms
  Decompression Throughput: 469.94 GB/s
Verification Results:
  Max Error: 4.096008e+00
  PSNR: 40.74 dB
  Error Bound Compliance: PASS
BENCH_START:HACC:yy.f32:plain:8.0
Configuration:
  Input File: /scratch/bfrq/bzhang28/1billionparticles_onesnapshot/yy.f32
  Output File: (none)
  Elements: 1073726487
  Target Ratio: 8.00
  Mode: plain
Data Range: 255.999985 (Min: 0.000000, Max: 255.999985)
Warming up GPU...
Warmup complete.
Starting Profiling...
  Profiling Time: 2.848 ms
  Selected AbsEB: 1.254400e+01 (RelEB: 4.900000e-02)
Starting Compression...
  Compression Time: 11.023 ms
  Compressed Size: 530967528 bytes
  Achieved Ratio: 8.09
Throughput Statistics:
  Profiling Throughput:    1508.21 GB/s
  Compression Throughput:  389.65 GB/s
  Total (Prof+Comp) Thrpt: 309.65 GB/s
Starting Decompression...
  Decompression Time: 8.898 ms
  Decompression Throughput: 482.68 GB/s
Verification Results:
  Max Error: 1.254401e+01
  PSNR: 31.06 dB
  Error Bound Compliance: PASS
BENCH_START:HACC:zz.f32:outlier:4.0
Configuration:
  Input File: /scratch/bfrq/bzhang28/1billionparticles_onesnapshot/zz.f32
  Output File: (none)
  Elements: 1073726487
  Target Ratio: 4.00
  Mode: outlier
Data Range: 255.999985 (Min: 0.000000, Max: 255.999985)
Warming up GPU...
Warmup complete.
Starting Profiling...
  Profiling Time: 3.201 ms
  Selected AbsEB: 5.119999e-03 (RelEB: 2.000000e-05)
Starting Compression...
  Compression Time: 14.635 ms
  Compressed Size: 1055241410 bytes
  Achieved Ratio: 4.07
Throughput Statistics:
  Profiling Throughput:    1341.59 GB/s
  Compression Throughput:  293.47 GB/s
  Total (Prof+Comp) Thrpt: 240.80 GB/s
Starting Decompression...
  Decompression Time: 10.626 ms
  Decompression Throughput: 404.19 GB/s
Verification Results:
  Max Error: 5.126953e-03
  PSNR: 98.75 dB
  Error Bound Compliance: PASS
BENCH_START:HACC:zz.f32:outlier:6.0
Configuration:
  Input File: /scratch/bfrq/bzhang28/1billionparticles_onesnapshot/zz.f32
  Output File: (none)
  Elements: 1073726487
  Target Ratio: 6.00
  Mode: outlier
Data Range: 255.999985 (Min: 0.000000, Max: 255.999985)
Warming up GPU...
Warmup complete.
Starting Profiling...
  Profiling Time: 3.145 ms
  Selected AbsEB: 3.328000e-02 (RelEB: 1.300000e-04)
Starting Compression...
  Compression Time: 12.367 ms
  Compressed Size: 699661655 bytes
  Achieved Ratio: 6.14
Throughput Statistics:
  Profiling Throughput:    1365.59 GB/s
  Compression Throughput:  347.28 GB/s
  Total (Prof+Comp) Thrpt: 276.87 GB/s
Starting Decompression...
  Decompression Time: 9.544 ms
  Decompression Throughput: 449.99 GB/s
Verification Results:
  Max Error: 3.329468e-02
  PSNR: 82.49 dB
  Error Bound Compliance: PASS
BENCH_START:HACC:zz.f32:outlier:8.0
Configuration:
  Input File: /scratch/bfrq/bzhang28/1billionparticles_onesnapshot/zz.f32
  Output File: (none)
  Elements: 1073726487
  Target Ratio: 8.00
  Mode: outlier
Data Range: 255.999985 (Min: 0.000000, Max: 255.999985)
Warming up GPU...
Warmup complete.
Starting Profiling...
  Profiling Time: 3.199 ms
  Selected AbsEB: 9.471999e-02 (RelEB: 3.700000e-04)
Starting Compression...
  Compression Time: 11.959 ms
  Compressed Size: 534005107 bytes
  Achieved Ratio: 8.04
Throughput Statistics:
  Profiling Throughput:    1342.63 GB/s
  Compression Throughput:  359.14 GB/s
  Total (Prof+Comp) Thrpt: 283.34 GB/s
Starting Decompression...
  Decompression Time: 9.191 ms
  Decompression Throughput: 467.30 GB/s
Verification Results:
  Max Error: 9.472656e-02
  PSNR: 73.41 dB
  Error Bound Compliance: PASS
BENCH_START:HACC:zz.f32:plain:4.0
Configuration:
  Input File: /scratch/bfrq/bzhang28/1billionparticles_onesnapshot/zz.f32
  Output File: (none)
  Elements: 1073726487
  Target Ratio: 4.00
  Mode: plain
Data Range: 255.999985 (Min: 0.000000, Max: 255.999985)
Warming up GPU...
Warmup complete.
Starting Profiling...
  Profiling Time: 2.809 ms
  Selected AbsEB: 7.167999e-01 (RelEB: 2.800000e-03)
Starting Compression...
  Compression Time: 11.940 ms
  Compressed Size: 1054150980 bytes
  Achieved Ratio: 4.07
Throughput Statistics:
  Profiling Throughput:    1529.02 GB/s
  Compression Throughput:  359.71 GB/s
  Total (Prof+Comp) Thrpt: 291.20 GB/s
Starting Decompression...
  Decompression Time: 9.342 ms
  Decompression Throughput: 459.74 GB/s
Verification Results:
  Max Error: 7.168274e-01
  PSNR: 55.83 dB
  Error Bound Compliance: PASS
BENCH_START:HACC:zz.f32:plain:6.0
Configuration:
  Input File: /scratch/bfrq/bzhang28/1billionparticles_onesnapshot/zz.f32
  Output File: (none)
  Elements: 1073726487
  Target Ratio: 6.00
  Mode: plain
Data Range: 255.999985 (Min: 0.000000, Max: 255.999985)
Warming up GPU...
Warmup complete.
Starting Profiling...
  Profiling Time: 2.831 ms
  Selected AbsEB: 4.863999e+00 (RelEB: 1.900000e-02)
Starting Compression...
  Compression Time: 11.319 ms
  Compressed Size: 694988060 bytes
  Achieved Ratio: 6.18
Throughput Statistics:
  Profiling Throughput:    1516.94 GB/s
  Compression Throughput:  379.43 GB/s
  Total (Prof+Comp) Thrpt: 303.51 GB/s
Starting Decompression...
  Decompression Time: 9.154 ms
  Decompression Throughput: 469.21 GB/s
Verification Results:
  Max Error: 4.863999e+00
  PSNR: 39.23 dB
  Error Bound Compliance: PASS
BENCH_START:HACC:zz.f32:plain:8.0
Configuration:
  Input File: /scratch/bfrq/bzhang28/1billionparticles_onesnapshot/zz.f32
  Output File: (none)
  Elements: 1073726487
  Target Ratio: 8.00
  Mode: plain
Data Range: 255.999985 (Min: 0.000000, Max: 255.999985)
Warming up GPU...
Warmup complete.
Starting Profiling...
  Profiling Time: 2.856 ms
  Selected AbsEB: 1.254400e+01 (RelEB: 4.900000e-02)
Starting Compression...
  Compression Time: 11.098 ms
  Compressed Size: 528384316 bytes
  Achieved Ratio: 8.13
Throughput Statistics:
  Profiling Throughput:    1503.62 GB/s
  Compression Throughput:  387.01 GB/s
  Total (Prof+Comp) Thrpt: 307.79 GB/s
Starting Decompression...
  Decompression Time: 8.802 ms
  Decompression Throughput: 487.95 GB/s
Verification Results:
  Max Error: 1.254401e+01
  PSNR: 31.03 dB
  Error Bound Compliance: PASS
BENCH_START:EXAFEL:SDRBENCH-EXAFEL-data-130x1480x1552.f32:outlier:4.0
Configuration:
  Input File: /scratch/bfrq/bzhang28/SDRBENCH-EXAFEL-130x1480x1552/SDRBENCH-EXAFEL-data-130x1480x1552.f32
  Dims: 1552x1480x130
  Elements: 298604800
  Target Ratio: 4.00
  Mode: outlier
  Sample Rate: 1000
Data Range: 16481.031250
Warming up GPU...
Warmup complete.
Starting Profiling...
  Profiling Time: 1.071 ms
  Selected AbsEB: 2.636965e+00 (RelEB: 1.600000e-04)
  Estimated Ratio: 4.14 (Target: 4.00)
Starting Compression...
  Compression Time: 4.248 ms
  Compressed Size: 288438574
  Achieved Ratio: 4.14
Throughput Statistics:
  Profiling Throughput:    1114.76 GB/s
  Compression Throughput:  281.17 GB/s
  Total (Prof+Comp) Thrpt: 224.53 GB/s
Starting Decompression...
  Decompression Time: 3.382 ms
  Decompression Throughput: 353.20 GB/s
Verification Results:
  Max Error: 2.636967e+00
  PSNR: 80.69 dB
  Compliance: PASS
BENCH_START:EXAFEL:SDRBENCH-EXAFEL-data-130x1480x1552.f32:outlier:6.0
Configuration:
  Input File: /scratch/bfrq/bzhang28/SDRBENCH-EXAFEL-130x1480x1552/SDRBENCH-EXAFEL-data-130x1480x1552.f32
  Dims: 1552x1480x130
  Elements: 298604800
  Target Ratio: 6.00
  Mode: outlier
  Sample Rate: 1000
Data Range: 16481.031250
Warming up GPU...
Warmup complete.
Starting Profiling...
  Profiling Time: 1.099 ms
  Selected AbsEB: 1.400888e+01 (RelEB: 8.500000e-04)
  Estimated Ratio: 6.01 (Target: 6.00)
Starting Compression...
  Compression Time: 3.939 ms
  Compressed Size: 198954571
  Achieved Ratio: 6.00
Throughput Statistics:
  Profiling Throughput:    1086.34 GB/s
  Compression Throughput:  303.19 GB/s
  Total (Prof+Comp) Thrpt: 237.04 GB/s
Starting Decompression...
  Decompression Time: 2.726 ms
  Decompression Throughput: 438.20 GB/s
Verification Results:
  Max Error: 1.400897e+01
  PSNR: 66.26 dB
  Compliance: PASS
BENCH_START:EXAFEL:SDRBENCH-EXAFEL-data-130x1480x1552.f32:outlier:8.0
Configuration:
  Input File: /scratch/bfrq/bzhang28/SDRBENCH-EXAFEL-130x1480x1552/SDRBENCH-EXAFEL-data-130x1480x1552.f32
  Dims: 1552x1480x130
  Elements: 298604800
  Target Ratio: 8.00
  Mode: outlier
  Sample Rate: 1000
Data Range: 16481.031250
Warming up GPU...
Warmup complete.
Starting Profiling...
  Profiling Time: 1.076 ms
  Selected AbsEB: 4.120258e+01 (RelEB: 2.500000e-03)
  Estimated Ratio: 8.25 (Target: 8.00)
Starting Compression...
  Compression Time: 3.743 ms
  Compressed Size: 144494995
  Achieved Ratio: 8.27
Throughput Statistics:
  Profiling Throughput:    1109.92 GB/s
  Compression Throughput:  319.08 GB/s
  Total (Prof+Comp) Thrpt: 247.84 GB/s
Starting Decompression...
  Decompression Time: 2.212 ms
  Decompression Throughput: 539.94 GB/s
Verification Results:
  Max Error: 4.120258e+01
  PSNR: 56.82 dB
  Compliance: PASS
BENCH_START:EXAFEL:SDRBENCH-EXAFEL-data-130x1480x1552.f32:plain:4.0
Configuration:
  Input File: /scratch/bfrq/bzhang28/SDRBENCH-EXAFEL-130x1480x1552/SDRBENCH-EXAFEL-data-130x1480x1552.f32
  Dims: 1552x1480x130
  Elements: 298604800
  Target Ratio: 4.00
  Mode: plain
  Sample Rate: 1000
Data Range: 16481.031250
Warming up GPU...
Warmup complete.
Starting Profiling...
  Profiling Time: 1.078 ms
  Selected AbsEB: 2.636965e+00 (RelEB: 1.600000e-04)
  Estimated Ratio: 4.12 (Target: 4.00)
Starting Compression...
  Compression Time: 3.628 ms
  Compressed Size: 289929768
  Achieved Ratio: 4.12
Throughput Statistics:
  Profiling Throughput:    1107.85 GB/s
  Compression Throughput:  329.26 GB/s
  Total (Prof+Comp) Thrpt: 253.82 GB/s
Starting Decompression...
  Decompression Time: 1.887 ms
  Decompression Throughput: 632.82 GB/s
Verification Results:
  Max Error: 2.636967e+00
  PSNR: 80.69 dB
  Compliance: PASS
BENCH_START:EXAFEL:SDRBENCH-EXAFEL-data-130x1480x1552.f32:plain:6.0
Configuration:
  Input File: /scratch/bfrq/bzhang28/SDRBENCH-EXAFEL-130x1480x1552/SDRBENCH-EXAFEL-data-130x1480x1552.f32
  Dims: 1552x1480x130
  Elements: 298604800
  Target Ratio: 6.00
  Mode: plain
  Sample Rate: 1000
Data Range: 16481.031250
Warming up GPU...
Warmup complete.
Starting Profiling...
  Profiling Time: 1.091 ms
  Selected AbsEB: 1.450331e+01 (RelEB: 8.800000e-04)
  Estimated Ratio: 6.02 (Target: 6.00)
Starting Compression...
  Compression Time: 3.559 ms
  Compressed Size: 198556072
  Achieved Ratio: 6.02
Throughput Statistics:
  Profiling Throughput:    1095.14 GB/s
  Compression Throughput:  335.60 GB/s
  Total (Prof+Comp) Thrpt: 256.88 GB/s
Starting Decompression...
  Decompression Time: 1.693 ms
  Decompression Throughput: 705.61 GB/s
Verification Results:
  Max Error: 1.450333e+01
  PSNR: 65.96 dB
  Compliance: PASS
BENCH_START:EXAFEL:SDRBENCH-EXAFEL-data-130x1480x1552.f32:plain:8.0
Configuration:
  Input File: /scratch/bfrq/bzhang28/SDRBENCH-EXAFEL-130x1480x1552/SDRBENCH-EXAFEL-data-130x1480x1552.f32
  Dims: 1552x1480x130
  Elements: 298604800
  Target Ratio: 8.00
  Mode: plain
  Sample Rate: 1000
Data Range: 16481.031250
Warming up GPU...
Warmup complete.
Starting Profiling...
  Profiling Time: 1.070 ms
  Selected AbsEB: 4.120258e+01 (RelEB: 2.500000e-03)
  Estimated Ratio: 8.19 (Target: 8.00)
Starting Compression...
  Compression Time: 3.493 ms
  Compressed Size: 145803888
  Achieved Ratio: 8.19
Throughput Statistics:
  Profiling Throughput:    1116.73 GB/s
  Compression Throughput:  341.98 GB/s
  Total (Prof+Comp) Thrpt: 261.81 GB/s
Starting Decompression...
  Decompression Time: 1.616 ms
  Decompression Throughput: 739.15 GB/s
Verification Results:
  Max Error: 4.120258e+01
  PSNR: 56.82 dB
  Compliance: PASS
BENCH_START:QMCPACK:einspline_115_69_69_288.f32:outlier:4.0
Configuration:
  Input File: /scratch/bfrq/bzhang28/dataset/115x69x69x288/einspline_115_69_69_288.f32
  Output File: (none)
  Elements: 157684320
  Target Ratio: 4.00
  Mode: outlier
Data Range: 33.010017 (Min: -16.505009, Max: 16.505009)
Warming up GPU...
Warmup complete.
Starting Profiling...
  Profiling Time: 1.075 ms
  Selected AbsEB: 5.281602e-03 (RelEB: 1.600000e-04)
Starting Compression...
  Compression Time: 2.354 ms
  Compressed Size: 153589862 bytes
  Achieved Ratio: 4.11
Throughput Statistics:
  Profiling Throughput:    586.55 GB/s
  Compression Throughput:  267.89 GB/s
  Total (Prof+Comp) Thrpt: 183.90 GB/s
Starting Decompression...
  Decompression Time: 1.796 ms
  Decompression Throughput: 351.26 GB/s
Verification Results:
  Max Error: 5.281925e-03
  PSNR: 81.10 dB
  Error Bound Compliance: PASS
BENCH_START:QMCPACK:einspline_115_69_69_288.f32:outlier:6.0
Configuration:
  Input File: /scratch/bfrq/bzhang28/dataset/115x69x69x288/einspline_115_69_69_288.f32
  Output File: (none)
  Elements: 157684320
  Target Ratio: 6.00
  Mode: outlier
Data Range: 33.010017 (Min: -16.505009, Max: 16.505009)
Warming up GPU...
Warmup complete.
Starting Profiling...
  Profiling Time: 1.080 ms
  Selected AbsEB: 3.201972e-02 (RelEB: 9.700000e-04)
Starting Compression...
  Compression Time: 2.085 ms
  Compressed Size: 104589282 bytes
  Achieved Ratio: 6.03
Throughput Statistics:
  Profiling Throughput:    583.91 GB/s
  Compression Throughput:  302.54 GB/s
  Total (Prof+Comp) Thrpt: 199.29 GB/s
Starting Decompression...
  Decompression Time: 1.636 ms
  Decompression Throughput: 385.62 GB/s
Verification Results:
  Max Error: 3.202009e-02
  PSNR: 65.88 dB
  Error Bound Compliance: PASS
BENCH_START:QMCPACK:einspline_115_69_69_288.f32:outlier:8.0
Configuration:
  Input File: /scratch/bfrq/bzhang28/dataset/115x69x69x288/einspline_115_69_69_288.f32
  Output File: (none)
  Elements: 157684320
  Target Ratio: 8.00
  Mode: outlier
Data Range: 33.010017 (Min: -16.505009, Max: 16.505009)
Warming up GPU...
Warmup complete.
Starting Profiling...
  Profiling Time: 1.080 ms
  Selected AbsEB: 9.242804e-02 (RelEB: 2.800000e-03)
Starting Compression...
  Compression Time: 2.115 ms
  Compressed Size: 77298155 bytes
  Achieved Ratio: 8.16
Throughput Statistics:
  Profiling Throughput:    584.07 GB/s
  Compression Throughput:  298.15 GB/s
  Total (Prof+Comp) Thrpt: 197.39 GB/s
Starting Decompression...
  Decompression Time: 1.554 ms
  Decompression Throughput: 405.88 GB/s
Verification Results:
  Max Error: 9.242821e-02
  PSNR: 57.09 dB
  Error Bound Compliance: PASS
BENCH_START:QMCPACK:einspline_115_69_69_288.f32:plain:4.0
Configuration:
  Input File: /scratch/bfrq/bzhang28/dataset/115x69x69x288/einspline_115_69_69_288.f32
  Output File: (none)
  Elements: 157684320
  Target Ratio: 4.00
  Mode: plain
Data Range: 33.010017 (Min: -16.505009, Max: 16.505009)
Warming up GPU...
Warmup complete.
Starting Profiling...
  Profiling Time: 0.811 ms
  Selected AbsEB: 5.281602e-03 (RelEB: 1.600000e-04)
Starting Compression...
  Compression Time: 1.870 ms
  Compressed Size: 153604564 bytes
  Achieved Ratio: 4.11
Throughput Statistics:
  Profiling Throughput:    777.66 GB/s
  Compression Throughput:  337.36 GB/s
  Total (Prof+Comp) Thrpt: 235.29 GB/s
Starting Decompression...
  Decompression Time: 1.493 ms
  Decompression Throughput: 422.44 GB/s
Verification Results:
  Max Error: 5.281925e-03
  PSNR: 81.10 dB
  Error Bound Compliance: PASS
BENCH_START:QMCPACK:einspline_115_69_69_288.f32:plain:6.0
Configuration:
  Input File: /scratch/bfrq/bzhang28/dataset/115x69x69x288/einspline_115_69_69_288.f32
  Output File: (none)
  Elements: 157684320
  Target Ratio: 6.00
  Mode: plain
Data Range: 33.010017 (Min: -16.505009, Max: 16.505009)
Warming up GPU...
Warmup complete.
Starting Profiling...
  Profiling Time: 0.792 ms
  Selected AbsEB: 3.201972e-02 (RelEB: 9.700000e-04)
Starting Compression...
  Compression Time: 1.781 ms
  Compressed Size: 104606796 bytes
  Achieved Ratio: 6.03
Throughput Statistics:
  Profiling Throughput:    796.26 GB/s
  Compression Throughput:  354.19 GB/s
  Total (Prof+Comp) Thrpt: 245.14 GB/s
Starting Decompression...
  Decompression Time: 1.368 ms
  Decompression Throughput: 461.23 GB/s
Verification Results:
  Max Error: 3.202009e-02
  PSNR: 65.88 dB
  Error Bound Compliance: PASS
BENCH_START:QMCPACK:einspline_115_69_69_288.f32:plain:8.0
Configuration:
  Input File: /scratch/bfrq/bzhang28/dataset/115x69x69x288/einspline_115_69_69_288.f32
  Output File: (none)
  Elements: 157684320
  Target Ratio: 8.00
  Mode: plain
Data Range: 33.010017 (Min: -16.505009, Max: 16.505009)
Warming up GPU...
Warmup complete.
Starting Profiling...
  Profiling Time: 0.810 ms
  Selected AbsEB: 9.242804e-02 (RelEB: 2.800000e-03)
Starting Compression...
  Compression Time: 1.744 ms
  Compressed Size: 77311688 bytes
  Achieved Ratio: 8.16
Throughput Statistics:
  Profiling Throughput:    778.80 GB/s
  Compression Throughput:  361.58 GB/s
  Total (Prof+Comp) Thrpt: 246.93 GB/s
Starting Decompression...
  Decompression Time: 1.168 ms
  Decompression Throughput: 540.09 GB/s
Verification Results:
  Max Error: 9.242821e-02
  PSNR: 57.09 dB
  Error Bound Compliance: PASS
BENCH_START:QMCPACK:einspline_288_115_69_69.pre.f32:outlier:4.0
Configuration:
  Input File: /scratch/bfrq/bzhang28/dataset/288x115x69x69/einspline_288_115_69_69.pre.f32
  Output File: (none)
  Elements: 157684320
  Target Ratio: 4.00
  Mode: outlier
Data Range: 33.010017 (Min: -16.505009, Max: 16.505009)
Warming up GPU...
Warmup complete.
Starting Profiling...
  Profiling Time: 1.068 ms
  Selected AbsEB: 2.640801e-04 (RelEB: 8.000000e-06)
Starting Compression...
  Compression Time: 2.809 ms
  Compressed Size: 149158381 bytes
  Achieved Ratio: 4.23
Throughput Statistics:
  Profiling Throughput:    590.38 GB/s
  Compression Throughput:  224.57 GB/s
  Total (Prof+Comp) Thrpt: 162.68 GB/s
Starting Decompression...
  Decompression Time: 2.726 ms
  Decompression Throughput: 231.36 GB/s
Verification Results:
  Max Error: 2.641678e-04
  PSNR: 106.75 dB
  Error Bound Compliance: PASS
BENCH_START:QMCPACK:einspline_288_115_69_69.pre.f32:outlier:6.0
Configuration:
  Input File: /scratch/bfrq/bzhang28/dataset/288x115x69x69/einspline_288_115_69_69.pre.f32
  Output File: (none)
  Elements: 157684320
  Target Ratio: 6.00
  Mode: outlier
Data Range: 33.010017 (Min: -16.505009, Max: 16.505009)
Warming up GPU...
Warmup complete.
Starting Profiling...
  Profiling Time: 1.070 ms
  Selected AbsEB: 1.485451e-03 (RelEB: 4.500000e-05)
Starting Compression...
  Compression Time: 2.660 ms
  Compressed Size: 105290793 bytes
  Achieved Ratio: 5.99
Throughput Statistics:
  Profiling Throughput:    589.55 GB/s
  Compression Throughput:  237.15 GB/s
  Total (Prof+Comp) Thrpt: 169.12 GB/s
Starting Decompression...
  Decompression Time: 2.467 ms
  Decompression Throughput: 255.67 GB/s
Verification Results:
  Max Error: 1.486301e-03
  PSNR: 91.90 dB
  Error Bound Compliance: PASS
BENCH_START:QMCPACK:einspline_288_115_69_69.pre.f32:outlier:8.0
Configuration:
  Input File: /scratch/bfrq/bzhang28/dataset/288x115x69x69/einspline_288_115_69_69.pre.f32
  Output File: (none)
  Elements: 157684320
  Target Ratio: 8.00
  Mode: outlier
Data Range: 33.010017 (Min: -16.505009, Max: 16.505009)
Warming up GPU...
Warmup complete.
Starting Profiling...
  Profiling Time: 1.077 ms
  Selected AbsEB: 5.281602e-03 (RelEB: 1.600000e-04)
Starting Compression...
  Compression Time: 2.501 ms
  Compressed Size: 77225754 bytes
  Achieved Ratio: 8.17
Throughput Statistics:
  Profiling Throughput:    585.40 GB/s
  Compression Throughput:  252.19 GB/s
  Total (Prof+Comp) Thrpt: 176.26 GB/s
Starting Decompression...
  Decompression Time: 1.988 ms
  Decompression Throughput: 317.28 GB/s
Verification Results:
  Max Error: 5.281925e-03
  PSNR: 81.10 dB
  Error Bound Compliance: PASS
BENCH_START:QMCPACK:einspline_288_115_69_69.pre.f32:plain:4.0
Configuration:
  Input File: /scratch/bfrq/bzhang28/dataset/288x115x69x69/einspline_288_115_69_69.pre.f32
  Output File: (none)
  Elements: 157684320
  Target Ratio: 4.00
  Mode: plain
Data Range: 33.010017 (Min: -16.505009, Max: 16.505009)
Warming up GPU...
Warmup complete.
Starting Profiling...
  Profiling Time: 0.797 ms
  Selected AbsEB: 6.602003e-04 (RelEB: 2.000000e-05)
Starting Compression...
  Compression Time: 1.955 ms
  Compressed Size: 154736256 bytes
  Achieved Ratio: 4.08
Throughput Statistics:
  Profiling Throughput:    791.75 GB/s
  Compression Throughput:  322.56 GB/s
  Total (Prof+Comp) Thrpt: 229.19 GB/s
Starting Decompression...
  Decompression Time: 1.496 ms
  Decompression Throughput: 421.57 GB/s
Verification Results:
  Max Error: 6.604195e-04
  PSNR: 98.86 dB
  Error Bound Compliance: PASS
BENCH_START:QMCPACK:einspline_288_115_69_69.pre.f32:plain:6.0
Configuration:
  Input File: /scratch/bfrq/bzhang28/dataset/288x115x69x69/einspline_288_115_69_69.pre.f32
  Output File: (none)
  Elements: 157684320
  Target Ratio: 6.00
  Mode: plain
Data Range: 33.010017 (Min: -16.505009, Max: 16.505009)
Warming up GPU...
Warmup complete.
Starting Profiling...
  Profiling Time: 0.801 ms
  Selected AbsEB: 5.281602e-03 (RelEB: 1.600000e-04)
Starting Compression...
  Compression Time: 1.735 ms
  Compressed Size: 102108168 bytes
  Achieved Ratio: 6.18
Throughput Statistics:
  Profiling Throughput:    787.48 GB/s
  Compression Throughput:  363.62 GB/s
  Total (Prof+Comp) Thrpt: 248.75 GB/s
Starting Decompression...
  Decompression Time: 1.355 ms
  Decompression Throughput: 465.52 GB/s
Verification Results:
  Max Error: 5.281925e-03
  PSNR: 81.10 dB
  Error Bound Compliance: PASS
BENCH_START:QMCPACK:einspline_288_115_69_69.pre.f32:plain:8.0
Configuration:
  Input File: /scratch/bfrq/bzhang28/dataset/288x115x69x69/einspline_288_115_69_69.pre.f32
  Output File: (none)
  Elements: 157684320
  Target Ratio: 8.00
  Mode: plain
Data Range: 33.010017 (Min: -16.505009, Max: 16.505009)
Warming up GPU...
Warmup complete.
Starting Profiling...
  Profiling Time: 0.797 ms
  Selected AbsEB: 1.518461e-02 (RelEB: 4.600000e-04)
Starting Compression...
  Compression Time: 1.664 ms
  Compressed Size: 78227696 bytes
  Achieved Ratio: 8.06
Throughput Statistics:
  Profiling Throughput:    791.33 GB/s
  Compression Throughput:  379.14 GB/s
  Total (Prof+Comp) Thrpt: 256.33 GB/s
Starting Decompression...
  Decompression Time: 1.285 ms
  Decompression Throughput: 490.80 GB/s
Verification Results:
  Max Error: 1.518536e-02
  PSNR: 72.15 dB
  Error Bound Compliance: PASS
BENCH_START:RTM:pressure_1000:outlier:4.0
Configuration:
  Input File: /scratch/bfrq/bzhang28/pressure_1000
  Output File: (none)
  Elements: 357654528
  Target Ratio: 4.00
  Mode: outlier
Data Range: 238.300751 (Min: -143.539719, Max: 94.761032)
Warming up GPU...
Warmup complete.
Starting Profiling...
  Profiling Time: 1.535 ms
  Selected AbsEB: 2.383008e-04 (RelEB: 1.000000e-06)
Starting Compression...
  Compression Time: 3.101 ms
  Compressed Size: 31339432 bytes
  Achieved Ratio: 45.65
Throughput Statistics:
  Profiling Throughput:    932.05 GB/s
  Compression Throughput:  461.31 GB/s
  Total (Prof+Comp) Thrpt: 308.58 GB/s
Starting Decompression...
  Decompression Time: 2.106 ms
  Decompression Throughput: 679.24 GB/s
Verification Results:
  Max Error: 2.441406e-04
  PSNR: 139.78 dB
  Error Bound Compliance: PASS
BENCH_START:RTM:pressure_1000:outlier:6.0
Configuration:
  Input File: /scratch/bfrq/bzhang28/pressure_1000
  Output File: (none)
  Elements: 357654528
  Target Ratio: 6.00
  Mode: outlier
Data Range: 238.300751 (Min: -143.539719, Max: 94.761032)
Warming up GPU...
Warmup complete.
Starting Profiling...
  Profiling Time: 1.556 ms
  Selected AbsEB: 2.383008e-04 (RelEB: 1.000000e-06)
Starting Compression...
  Compression Time: 3.212 ms
  Compressed Size: 31339432 bytes
  Achieved Ratio: 45.65
Throughput Statistics:
  Profiling Throughput:    919.70 GB/s
  Compression Throughput:  445.34 GB/s
  Total (Prof+Comp) Thrpt: 300.05 GB/s
Starting Decompression...
  Decompression Time: 1.849 ms
  Decompression Throughput: 773.85 GB/s
Verification Results:
  Max Error: 2.441406e-04
  PSNR: 139.78 dB
  Error Bound Compliance: PASS
BENCH_START:RTM:pressure_1000:outlier:8.0
Configuration:
  Input File: /scratch/bfrq/bzhang28/pressure_1000
  Output File: (none)
  Elements: 357654528
  Target Ratio: 8.00
  Mode: outlier
Data Range: 238.300751 (Min: -143.539719, Max: 94.761032)
Warming up GPU...
Warmup complete.
Starting Profiling...
  Profiling Time: 1.581 ms
  Selected AbsEB: 2.383008e-04 (RelEB: 1.000000e-06)
Starting Compression...
  Compression Time: 3.091 ms
  Compressed Size: 31339432 bytes
  Achieved Ratio: 45.65
Throughput Statistics:
  Profiling Throughput:    904.76 GB/s
  Compression Throughput:  462.84 GB/s
  Total (Prof+Comp) Thrpt: 306.20 GB/s
Starting Decompression...
  Decompression Time: 1.921 ms
  Decompression Throughput: 744.56 GB/s
Verification Results:
  Max Error: 2.441406e-04
  PSNR: 139.78 dB
  Error Bound Compliance: PASS
BENCH_START:RTM:pressure_1000:plain:4.0
Configuration:
  Input File: /scratch/bfrq/bzhang28/pressure_1000
  Output File: (none)
  Elements: 357654528
  Target Ratio: 4.00
  Mode: plain
Data Range: 238.300751 (Min: -143.539719, Max: 94.761032)
Warming up GPU...
Warmup complete.
Starting Profiling...
  Profiling Time: 1.265 ms
  Selected AbsEB: 2.383008e-04 (RelEB: 1.000000e-06)
Starting Compression...
  Compression Time: 2.624 ms
  Compressed Size: 32338956 bytes
  Achieved Ratio: 44.24
Throughput Statistics:
  Profiling Throughput:    1130.67 GB/s
  Compression Throughput:  545.20 GB/s
  Total (Prof+Comp) Thrpt: 367.83 GB/s
Starting Decompression...
  Decompression Time: 0.920 ms
  Decompression Throughput: 1554.59 GB/s
Verification Results:
  Max Error: 2.441406e-04
  PSNR: 139.78 dB
  Error Bound Compliance: PASS
BENCH_START:RTM:pressure_1000:plain:6.0
Configuration:
  Input File: /scratch/bfrq/bzhang28/pressure_1000
  Output File: (none)
  Elements: 357654528
  Target Ratio: 6.00
  Mode: plain
Data Range: 238.300751 (Min: -143.539719, Max: 94.761032)
Warming up GPU...
Warmup complete.
Starting Profiling...
  Profiling Time: 1.268 ms
  Selected AbsEB: 2.383008e-04 (RelEB: 1.000000e-06)
Starting Compression...
  Compression Time: 2.632 ms
  Compressed Size: 32338956 bytes
  Achieved Ratio: 44.24
Throughput Statistics:
  Profiling Throughput:    1128.48 GB/s
  Compression Throughput:  543.49 GB/s
  Total (Prof+Comp) Thrpt: 366.82 GB/s
Starting Decompression...
  Decompression Time: 0.911 ms
  Decompression Throughput: 1570.75 GB/s
Verification Results:
  Max Error: 2.441406e-04
  PSNR: 139.78 dB
  Error Bound Compliance: PASS
BENCH_START:RTM:pressure_1000:plain:8.0
Configuration:
  Input File: /scratch/bfrq/bzhang28/pressure_1000
  Output File: (none)
  Elements: 357654528
  Target Ratio: 8.00
  Mode: plain
Data Range: 238.300751 (Min: -143.539719, Max: 94.761032)
Warming up GPU...
Warmup complete.
Starting Profiling...
  Profiling Time: 1.266 ms
  Selected AbsEB: 2.383008e-04 (RelEB: 1.000000e-06)
Starting Compression...
  Compression Time: 2.632 ms
  Compressed Size: 32338956 bytes
  Achieved Ratio: 44.24
Throughput Statistics:
  Profiling Throughput:    1129.79 GB/s
  Compression Throughput:  543.45 GB/s
  Total (Prof+Comp) Thrpt: 366.94 GB/s
Starting Decompression...
  Decompression Time: 0.978 ms
  Decompression Throughput: 1463.49 GB/s
Verification Results:
  Max Error: 2.441406e-04
  PSNR: 139.78 dB
  Error Bound Compliance: PASS
BENCH_START:RTM:pressure_2000:outlier:4.0
Configuration:
  Input File: /scratch/bfrq/bzhang28/pressure_2000
  Output File: (none)
  Elements: 357654528
  Target Ratio: 4.00
  Mode: outlier
Data Range: 86.449005 (Min: -46.052582, Max: 40.396423)
Warming up GPU...
Warmup complete.
Starting Profiling...
  Profiling Time: 1.565 ms
  Selected AbsEB: 8.644901e-05 (RelEB: 1.000000e-06)
Starting Compression...
  Compression Time: 4.428 ms
  Compressed Size: 210177826 bytes
  Achieved Ratio: 6.81
Throughput Statistics:
  Profiling Throughput:    914.34 GB/s
  Compression Throughput:  323.05 GB/s
  Total (Prof+Comp) Thrpt: 238.71 GB/s
Starting Decompression...
  Decompression Time: 3.856 ms
  Decompression Throughput: 371.04 GB/s
Verification Results:
  Max Error: 8.773804e-05
  PSNR: 129.40 dB
  Error Bound Compliance: PASS
BENCH_START:RTM:pressure_2000:outlier:6.0
Configuration:
  Input File: /scratch/bfrq/bzhang28/pressure_2000
  Output File: (none)
  Elements: 357654528
  Target Ratio: 6.00
  Mode: outlier
Data Range: 86.449005 (Min: -46.052582, Max: 40.396423)
Warming up GPU...
Warmup complete.
Starting Profiling...
  Profiling Time: 1.550 ms
  Selected AbsEB: 8.644901e-05 (RelEB: 1.000000e-06)
Starting Compression...
  Compression Time: 4.459 ms
  Compressed Size: 210177826 bytes
  Achieved Ratio: 6.81
Throughput Statistics:
  Profiling Throughput:    923.22 GB/s
  Compression Throughput:  320.85 GB/s
  Total (Prof+Comp) Thrpt: 238.10 GB/s
Starting Decompression...
  Decompression Time: 3.963 ms
  Decompression Throughput: 360.99 GB/s
Verification Results:
  Max Error: 8.773804e-05
  PSNR: 129.40 dB
  Error Bound Compliance: PASS
BENCH_START:RTM:pressure_2000:outlier:8.0
Configuration:
  Input File: /scratch/bfrq/bzhang28/pressure_2000
  Output File: (none)
  Elements: 357654528
  Target Ratio: 8.00
  Mode: outlier
Data Range: 86.449005 (Min: -46.052582, Max: 40.396423)
Warming up GPU...
Warmup complete.
Starting Profiling...
  Profiling Time: 1.592 ms
  Selected AbsEB: 3.457960e-04 (RelEB: 4.000000e-06)
Starting Compression...
  Compression Time: 4.194 ms
  Compressed Size: 177205341 bytes
  Achieved Ratio: 8.07
Throughput Statistics:
  Profiling Throughput:    898.67 GB/s
  Compression Throughput:  341.14 GB/s
  Total (Prof+Comp) Thrpt: 247.27 GB/s
Starting Decompression...
  Decompression Time: 3.676 ms
  Decompression Throughput: 389.23 GB/s
Verification Results:
  Max Error: 3.471375e-04
  PSNR: 117.40 dB
  Error Bound Compliance: PASS
BENCH_START:RTM:pressure_2000:plain:4.0
Configuration:
  Input File: /scratch/bfrq/bzhang28/pressure_2000
  Output File: (none)
  Elements: 357654528
  Target Ratio: 4.00
  Mode: plain
Data Range: 86.449005 (Min: -46.052582, Max: 40.396423)
Warming up GPU...
Warmup complete.
Starting Profiling...
  Profiling Time: 1.269 ms
  Selected AbsEB: 8.644901e-05 (RelEB: 1.000000e-06)
Starting Compression...
  Compression Time: 3.405 ms
  Compressed Size: 216981932 bytes
  Achieved Ratio: 6.59
Throughput Statistics:
  Profiling Throughput:    1127.68 GB/s
  Compression Throughput:  420.21 GB/s
  Total (Prof+Comp) Thrpt: 306.13 GB/s
Starting Decompression...
  Decompression Time: 1.867 ms
  Decompression Throughput: 766.18 GB/s
Verification Results:
  Max Error: 8.773804e-05
  PSNR: 129.40 dB
  Error Bound Compliance: PASS
BENCH_START:RTM:pressure_2000:plain:6.0
Configuration:
  Input File: /scratch/bfrq/bzhang28/pressure_2000
  Output File: (none)
  Elements: 357654528
  Target Ratio: 6.00
  Mode: plain
Data Range: 86.449005 (Min: -46.052582, Max: 40.396423)
Warming up GPU...
Warmup complete.
Starting Profiling...
  Profiling Time: 1.254 ms
  Selected AbsEB: 8.644901e-05 (RelEB: 1.000000e-06)
Starting Compression...
  Compression Time: 3.390 ms
  Compressed Size: 216981932 bytes
  Achieved Ratio: 6.59
Throughput Statistics:
  Profiling Throughput:    1141.18 GB/s
  Compression Throughput:  422.01 GB/s
  Total (Prof+Comp) Thrpt: 308.08 GB/s
Starting Decompression...
  Decompression Time: 1.888 ms
  Decompression Throughput: 757.90 GB/s
Verification Results:
  Max Error: 8.773804e-05
  PSNR: 129.40 dB
  Error Bound Compliance: PASS
BENCH_START:RTM:pressure_2000:plain:8.0
Configuration:
  Input File: /scratch/bfrq/bzhang28/pressure_2000
  Output File: (none)
  Elements: 357654528
  Target Ratio: 8.00
  Mode: plain
Data Range: 86.449005 (Min: -46.052582, Max: 40.396423)
Warming up GPU...
Warmup complete.
Starting Profiling...
  Profiling Time: 1.293 ms
  Selected AbsEB: 4.322450e-04 (RelEB: 5.000000e-06)
Starting Compression...
  Compression Time: 3.241 ms
  Compressed Size: 178612296 bytes
  Achieved Ratio: 8.01
Throughput Statistics:
  Profiling Throughput:    1106.66 GB/s
  Compression Throughput:  441.47 GB/s
  Total (Prof+Comp) Thrpt: 315.58 GB/s
Starting Decompression...
  Decompression Time: 1.706 ms
  Decompression Throughput: 838.57 GB/s
Verification Results:
  Max Error: 4.348755e-04
  PSNR: 115.47 dB
  Error Bound Compliance: PASS
BENCH_START:RTM:pressure_3000:outlier:4.0
Configuration:
  Input File: /scratch/bfrq/bzhang28/pressure_3000
  Output File: (none)
  Elements: 357654528
  Target Ratio: 4.00
  Mode: outlier
Data Range: 50.356152 (Min: -27.973200, Max: 22.382952)
Warming up GPU...
Warmup complete.
Starting Profiling...
  Profiling Time: 1.555 ms
  Selected AbsEB: 4.028492e-04 (RelEB: 8.000000e-06)
Starting Compression...
  Compression Time: 5.611 ms
  Compressed Size: 352398826 bytes
  Achieved Ratio: 4.06
Throughput Statistics:
  Profiling Throughput:    920.03 GB/s
  Compression Throughput:  254.98 GB/s
  Total (Prof+Comp) Thrpt: 199.65 GB/s
Starting Decompression...
  Decompression Time: 5.489 ms
  Decompression Throughput: 260.61 GB/s
Verification Results:
  Max Error: 4.043579e-04
  PSNR: 107.64 dB
  Error Bound Compliance: PASS
BENCH_START:RTM:pressure_3000:outlier:6.0
Configuration:
  Input File: /scratch/bfrq/bzhang28/pressure_3000
  Output File: (none)
  Elements: 357654528
  Target Ratio: 6.00
  Mode: outlier
Data Range: 50.356152 (Min: -27.973200, Max: 22.382952)
Warming up GPU...
Warmup complete.
Starting Profiling...
  Profiling Time: 1.566 ms
  Selected AbsEB: 3.675999e-03 (RelEB: 7.300000e-05)
Starting Compression...
  Compression Time: 4.938 ms
  Compressed Size: 235380277 bytes
  Achieved Ratio: 6.08
Throughput Statistics:
  Profiling Throughput:    913.47 GB/s
  Compression Throughput:  289.69 GB/s
  Total (Prof+Comp) Thrpt: 219.94 GB/s
Starting Decompression...
  Decompression Time: 4.674 ms
  Decompression Throughput: 306.06 GB/s
Verification Results:
  Max Error: 3.676414e-03
  PSNR: 88.53 dB
  Error Bound Compliance: PASS
BENCH_START:RTM:pressure_3000:outlier:8.0
Configuration:
  Input File: /scratch/bfrq/bzhang28/pressure_3000
  Output File: (none)
  Elements: 357654528
  Target Ratio: 8.00
  Mode: outlier
Data Range: 50.356152 (Min: -27.973200, Max: 22.382952)
Warming up GPU...
Warmup complete.
Starting Profiling...
  Profiling Time: 1.555 ms
  Selected AbsEB: 1.258904e-02 (RelEB: 2.500000e-04)
Starting Compression...
  Compression Time: 4.503 ms
  Compressed Size: 175916512 bytes
  Achieved Ratio: 8.13
Throughput Statistics:
  Profiling Throughput:    919.78 GB/s
  Compression Throughput:  317.70 GB/s
  Total (Prof+Comp) Thrpt: 236.14 GB/s
Starting Decompression...
  Decompression Time: 3.723 ms
  Decompression Throughput: 384.28 GB/s
Verification Results:
  Max Error: 1.258945e-02
  PSNR: 77.95 dB
  Error Bound Compliance: PASS
BENCH_START:RTM:pressure_3000:plain:4.0
Configuration:
  Input File: /scratch/bfrq/bzhang28/pressure_3000
  Output File: (none)
  Elements: 357654528
  Target Ratio: 4.00
  Mode: plain
Data Range: 50.356152 (Min: -27.973200, Max: 22.382952)
Warming up GPU...
Warmup complete.
Starting Profiling...
  Profiling Time: 1.255 ms
  Selected AbsEB: 5.035615e-04 (RelEB: 1.000000e-05)
Starting Compression...
  Compression Time: 4.014 ms
  Compressed Size: 356578236 bytes
  Achieved Ratio: 4.01
Throughput Statistics:
  Profiling Throughput:    1139.99 GB/s
  Compression Throughput:  356.38 GB/s
  Total (Prof+Comp) Thrpt: 271.50 GB/s
Starting Decompression...
  Decompression Time: 2.915 ms
  Decompression Throughput: 490.73 GB/s
Verification Results:
  Max Error: 5.054474e-04
  PSNR: 105.71 dB
  Error Bound Compliance: PASS
BENCH_START:RTM:pressure_3000:plain:6.0
Configuration:
  Input File: /scratch/bfrq/bzhang28/pressure_3000
  Output File: (none)
  Elements: 357654528
  Target Ratio: 6.00
  Mode: plain
Data Range: 50.356152 (Min: -27.973200, Max: 22.382952)
Warming up GPU...
Warmup complete.
Starting Profiling...
  Profiling Time: 1.267 ms
  Selected AbsEB: 4.884547e-03 (RelEB: 9.700000e-05)
Starting Compression...
  Compression Time: 3.682 ms
  Compressed Size: 237074640 bytes
  Achieved Ratio: 6.03
Throughput Statistics:
  Profiling Throughput:    1129.25 GB/s
  Compression Throughput:  388.57 GB/s
  Total (Prof+Comp) Thrpt: 289.10 GB/s
Starting Decompression...
  Decompression Time: 2.690 ms
  Decompression Throughput: 531.76 GB/s
Verification Results:
  Max Error: 4.886627e-03
  PSNR: 86.09 dB
  Error Bound Compliance: PASS
BENCH_START:RTM:pressure_3000:plain:8.0
Configuration:
  Input File: /scratch/bfrq/bzhang28/pressure_3000
  Output File: (none)
  Elements: 357654528
  Target Ratio: 8.00
  Mode: plain
Data Range: 50.356152 (Min: -27.973200, Max: 22.382952)
Warming up GPU...
Warmup complete.
Starting Profiling...
  Profiling Time: 1.267 ms
  Selected AbsEB: 1.561041e-02 (RelEB: 3.100000e-04)
Starting Compression...
  Compression Time: 3.592 ms
  Compressed Size: 180153828 bytes
  Achieved Ratio: 7.94
Throughput Statistics:
  Profiling Throughput:    1129.56 GB/s
  Compression Throughput:  398.27 GB/s
  Total (Prof+Comp) Thrpt: 294.45 GB/s
Starting Decompression...
  Decompression Time: 2.600 ms
  Decompression Throughput: 550.26 GB/s
Verification Results:
  Max Error: 1.561069e-02
  PSNR: 76.11 dB
  Error Bound Compliance: PASS
BENCH_START:SYNTHESIS:synthetic_truss_with_five_defects_1200x1200x1200_float32.raw:outlier:4.0
Configuration:
  Input File: /scratch/bfrq/bzhang28/synthetic_truss_with_five_defects_1200x1200x1200_float32.raw
  Dims: 1200x1200x1200
  Elements: 1728000000
  Target Ratio: 4.00
  Mode: outlier
  Sample Rate: 1000
Data Range: 0.020613
Warming up GPU...
Warmup complete.
Starting Profiling...
  Profiling Time: 2.430 ms
  Selected AbsEB: 3.092011e-07 (RelEB: 1.500000e-05)
  Estimated Ratio: 4.18 (Target: 4.00)
Starting Compression...
  Compression Time: 20.390 ms
  Compressed Size: 1990388212
  Achieved Ratio: 3.47
Throughput Statistics:
  Profiling Throughput:    2844.09 GB/s
  Compression Throughput:  338.99 GB/s
  Total (Prof+Comp) Thrpt: 302.89 GB/s
Starting Decompression...
  Decompression Time: 14.420 ms
  Decompression Throughput: 479.32 GB/s
Verification Results:
  Max Error: 1.662694e-03
  PSNR: 97.46 dB
  Compliance: FAIL
BENCH_START:SYNTHESIS:synthetic_truss_with_five_defects_1200x1200x1200_float32.raw:outlier:6.0
Configuration:
  Input File: /scratch/bfrq/bzhang28/synthetic_truss_with_five_defects_1200x1200x1200_float32.raw
  Dims: 1200x1200x1200
  Elements: 1728000000
  Target Ratio: 6.00
  Mode: outlier
  Sample Rate: 1000
Data Range: 0.020613
Warming up GPU...
Warmup complete.
Starting Profiling...
  Profiling Time: 2.434 ms
  Selected AbsEB: 4.534949e-06 (RelEB: 2.200000e-04)
  Estimated Ratio: 6.09 (Target: 6.00)
Starting Compression...
  Compression Time: 19.555 ms
  Compressed Size: 1343547383
  Achieved Ratio: 5.14
Throughput Statistics:
  Profiling Throughput:    2840.31 GB/s
  Compression Throughput:  353.47 GB/s
  Total (Prof+Comp) Thrpt: 314.35 GB/s
Starting Decompression...
  Decompression Time: 13.490 ms
  Decompression Throughput: 512.36 GB/s
Verification Results:
  Max Error: 4.535541e-06
  PSNR: 79.07 dB
  Compliance: PASS
BENCH_START:SYNTHESIS:synthetic_truss_with_five_defects_1200x1200x1200_float32.raw:outlier:8.0
Configuration:
  Input File: /scratch/bfrq/bzhang28/synthetic_truss_with_five_defects_1200x1200x1200_float32.raw
  Dims: 1200x1200x1200
  Elements: 1728000000
  Target Ratio: 8.00
  Mode: outlier
  Sample Rate: 1000
Data Range: 0.020613
Warming up GPU...
Warmup complete.
Starting Profiling...
  Profiling Time: 2.469 ms
  Selected AbsEB: 1.937660e-05 (RelEB: 9.400000e-04)
  Estimated Ratio: 8.03 (Target: 8.00)
Starting Compression...
  Compression Time: 18.423 ms
  Compressed Size: 1002058553
  Achieved Ratio: 6.90
Throughput Statistics:
  Profiling Throughput:    2800.07 GB/s
  Compression Throughput:  375.18 GB/s
  Total (Prof+Comp) Thrpt: 330.85 GB/s
Starting Decompression...
  Decompression Time: 11.810 ms
  Decompression Throughput: 585.26 GB/s
Verification Results:
  Max Error: 1.937710e-05
  PSNR: 66.46 dB
  Compliance: PASS
BENCH_START:SYNTHESIS:synthetic_truss_with_five_defects_1200x1200x1200_float32.raw:plain:4.0
Configuration:
  Input File: /scratch/bfrq/bzhang28/synthetic_truss_with_five_defects_1200x1200x1200_float32.raw
  Dims: 1200x1200x1200
  Elements: 1728000000
  Target Ratio: 4.00
  Mode: plain
  Sample Rate: 1000
Data Range: 0.020613
Warming up GPU...
Warmup complete.
Starting Profiling...
  Profiling Time: 2.443 ms
  Selected AbsEB: 3.092011e-07 (RelEB: 1.500000e-05)
  Estimated Ratio: 4.10 (Target: 4.00)
Starting Compression...
  Compression Time: 19.316 ms
  Compressed Size: 2018722384
  Achieved Ratio: 3.42
Throughput Statistics:
  Profiling Throughput:    2829.04 GB/s
  Compression Throughput:  357.84 GB/s
  Total (Prof+Comp) Thrpt: 317.66 GB/s
Starting Decompression...
  Decompression Time: 10.659 ms
  Decompression Throughput: 648.49 GB/s
Verification Results:
  Max Error: 1.750237e-03
  PSNR: 96.98 dB
  Compliance: FAIL
BENCH_START:SYNTHESIS:synthetic_truss_with_five_defects_1200x1200x1200_float32.raw:plain:6.0
Configuration:
  Input File: /scratch/bfrq/bzhang28/synthetic_truss_with_five_defects_1200x1200x1200_float32.raw
  Dims: 1200x1200x1200
  Elements: 1728000000
  Target Ratio: 6.00
  Mode: plain
  Sample Rate: 1000
Data Range: 0.020613
Warming up GPU...
Warmup complete.
Starting Profiling...
  Profiling Time: 2.414 ms
  Selected AbsEB: 5.153351e-06 (RelEB: 2.500000e-04)
  Estimated Ratio: 6.05 (Target: 6.00)
Starting Compression...
  Compression Time: 17.405 ms
  Compressed Size: 1343538880
  Achieved Ratio: 5.14
Throughput Statistics:
  Profiling Throughput:    2863.73 GB/s
  Compression Throughput:  397.13 GB/s
  Total (Prof+Comp) Thrpt: 348.77 GB/s
Starting Decompression...
  Decompression Time: 8.370 ms
  Decompression Throughput: 825.86 GB/s
Verification Results:
  Max Error: 1.634905e-03
  PSNR: 77.92 dB
  Compliance: FAIL
BENCH_START:SYNTHESIS:synthetic_truss_with_five_defects_1200x1200x1200_float32.raw:plain:8.0
Configuration:
  Input File: /scratch/bfrq/bzhang28/synthetic_truss_with_five_defects_1200x1200x1200_float32.raw
  Dims: 1200x1200x1200
  Elements: 1728000000
  Target Ratio: 8.00
  Mode: plain
  Sample Rate: 1000
Data Range: 0.020613
Warming up GPU...
Warmup complete.
Starting Profiling...
  Profiling Time: 2.455 ms
  Selected AbsEB: 2.267474e-05 (RelEB: 1.100000e-03)
  Estimated Ratio: 8.01 (Target: 8.00)
Starting Compression...
  Compression Time: 17.056 ms
  Compressed Size: 996536960
  Achieved Ratio: 6.94
Throughput Statistics:
  Profiling Throughput:    2815.87 GB/s
  Compression Throughput:  405.26 GB/s
  Total (Prof+Comp) Thrpt: 354.27 GB/s
Starting Decompression...
  Decompression Time: 7.353 ms
  Decompression Throughput: 939.98 GB/s
Verification Results:
  Max Error: 1.857061e-03
  PSNR: 65.09 dB
  Compliance: FAIL
BENCH_START:EXAALT:dataset1-5423x3137.x.f32.dat:outlier:4.0
Configuration:
  Input File: /scratch/bfrq/bzhang28/SDRBENCH-exaalt-copper/dataset1-5423x3137.x.f32.dat
  Output File: (none)
  Elements: 17011951
  Target Ratio: 4.00
  Mode: outlier
Data Range: 46.992931 (Min: 0.000069, Max: 46.993000)
Warming up GPU...
Warmup complete.
Starting Profiling...
  Profiling Time: 0.366 ms
  Selected AbsEB: 8.928657e-02 (RelEB: 1.900000e-03)
Starting Compression...
  Compression Time: 0.937 ms
  Compressed Size: 15836432 bytes
  Achieved Ratio: 4.30
Throughput Statistics:
  Profiling Throughput:    185.95 GB/s
  Compression Throughput:  72.64 GB/s
  Total (Prof+Comp) Thrpt: 52.24 GB/s
Starting Decompression...
  Decompression Time: 0.898 ms
  Decompression Throughput: 75.81 GB/s
Verification Results:
  Max Error: 8.928680e-02
  PSNR: 59.13 dB
  Error Bound Compliance: PASS
BENCH_START:EXAALT:dataset1-5423x3137.x.f32.dat:outlier:6.0
Configuration:
  Input File: /scratch/bfrq/bzhang28/SDRBENCH-exaalt-copper/dataset1-5423x3137.x.f32.dat
  Output File: (none)
  Elements: 17011951
  Target Ratio: 6.00
  Mode: outlier
Data Range: 46.992931 (Min: 0.000069, Max: 46.993000)
Warming up GPU...
Warmup complete.
Starting Profiling...
  Profiling Time: 0.375 ms
  Selected AbsEB: 4.135378e-01 (RelEB: 8.800000e-03)
Starting Compression...
  Compression Time: 0.713 ms
  Compressed Size: 11336049 bytes
  Achieved Ratio: 6.00
Throughput Statistics:
  Profiling Throughput:    181.58 GB/s
  Compression Throughput:  95.42 GB/s
  Total (Prof+Comp) Thrpt: 62.55 GB/s
Starting Decompression...
  Decompression Time: 0.769 ms
  Decompression Throughput: 88.44 GB/s
Verification Results:
  Max Error: 4.135361e-01
  PSNR: 45.75 dB
  Error Bound Compliance: PASS
BENCH_START:EXAALT:dataset1-5423x3137.x.f32.dat:outlier:8.0
Configuration:
  Input File: /scratch/bfrq/bzhang28/SDRBENCH-exaalt-copper/dataset1-5423x3137.x.f32.dat
  Output File: (none)
  Elements: 17011951
  Target Ratio: 8.00
  Mode: outlier
Data Range: 46.992931 (Min: 0.000069, Max: 46.993000)
Warming up GPU...
Warmup complete.
Starting Profiling...
  Profiling Time: 0.364 ms
  Selected AbsEB: 1.597760e+00 (RelEB: 3.400000e-02)
Starting Compression...
  Compression Time: 0.774 ms
  Compressed Size: 7830909 bytes
  Achieved Ratio: 8.69
Throughput Statistics:
  Profiling Throughput:    186.83 GB/s
  Compression Throughput:  87.89 GB/s
  Total (Prof+Comp) Thrpt: 59.77 GB/s
Starting Decompression...
  Decompression Time: 0.669 ms
  Decompression Throughput: 101.64 GB/s
Verification Results:
  Max Error: 1.597759e+00
  PSNR: 34.01 dB
  Error Bound Compliance: PASS
BENCH_START:EXAALT:dataset1-5423x3137.x.f32.dat:plain:4.0
Configuration:
  Input File: /scratch/bfrq/bzhang28/SDRBENCH-exaalt-copper/dataset1-5423x3137.x.f32.dat
  Output File: (none)
  Elements: 17011951
  Target Ratio: 4.00
  Mode: plain
Data Range: 46.992931 (Min: 0.000069, Max: 46.993000)
Warming up GPU...
Warmup complete.
Starting Profiling...
  Profiling Time: 0.278 ms
  Selected AbsEB: 1.456781e-01 (RelEB: 3.100000e-03)
Starting Compression...
  Compression Time: 0.351 ms
  Compressed Size: 16892780 bytes
  Achieved Ratio: 4.03
Throughput Statistics:
  Profiling Throughput:    244.82 GB/s
  Compression Throughput:  193.99 GB/s
  Total (Prof+Comp) Thrpt: 108.23 GB/s
Starting Decompression...
  Decompression Time: 0.314 ms
  Decompression Throughput: 216.59 GB/s
Verification Results:
  Max Error: 1.456795e-01
  PSNR: 54.72 dB
  Error Bound Compliance: PASS
BENCH_START:EXAALT:dataset1-5423x3137.x.f32.dat:plain:6.0
Configuration:
  Input File: /scratch/bfrq/bzhang28/SDRBENCH-exaalt-copper/dataset1-5423x3137.x.f32.dat
  Output File: (none)
  Elements: 17011951
  Target Ratio: 6.00
  Mode: plain
Data Range: 46.992931 (Min: 0.000069, Max: 46.993000)
Warming up GPU...
Warmup complete.
Starting Profiling...
  Profiling Time: 0.280 ms
  Selected AbsEB: 8.928657e-01 (RelEB: 1.900000e-02)
Starting Compression...
  Compression Time: 0.327 ms
  Compressed Size: 11309984 bytes
  Achieved Ratio: 6.02
Throughput Statistics:
  Profiling Throughput:    243.17 GB/s
  Compression Throughput:  208.05 GB/s
  Total (Prof+Comp) Thrpt: 112.12 GB/s
Starting Decompression...
  Decompression Time: 0.282 ms
  Decompression Throughput: 241.32 GB/s
Verification Results:
  Max Error: 8.928661e-01
  PSNR: 38.74 dB
  Error Bound Compliance: PASS
BENCH_START:EXAALT:dataset1-5423x3137.x.f32.dat:plain:8.0
Configuration:
  Input File: /scratch/bfrq/bzhang28/SDRBENCH-exaalt-copper/dataset1-5423x3137.x.f32.dat
  Output File: (none)
  Elements: 17011951
  Target Ratio: 8.00
  Mode: plain
Data Range: 46.992931 (Min: 0.000069, Max: 46.993000)
Warming up GPU...
Warmup complete.
Starting Profiling...
  Profiling Time: 0.281 ms
  Selected AbsEB: 2.584611e+00 (RelEB: 5.500000e-02)
Starting Compression...
  Compression Time: 0.324 ms
  Compressed Size: 8465676 bytes
  Achieved Ratio: 8.04
Throughput Statistics:
  Profiling Throughput:    242.58 GB/s
  Compression Throughput:  209.96 GB/s
  Total (Prof+Comp) Thrpt: 112.55 GB/s
Starting Decompression...
  Decompression Time: 0.279 ms
  Decompression Throughput: 244.26 GB/s
Verification Results:
  Max Error: 2.584612e+00
  PSNR: 29.98 dB
  Error Bound Compliance: PASS
BENCH_START:EXAALT:dataset1-5423x3137.y.f32.dat:outlier:4.0
Configuration:
  Input File: /scratch/bfrq/bzhang28/SDRBENCH-exaalt-copper/dataset1-5423x3137.y.f32.dat
  Output File: (none)
  Elements: 17011951
  Target Ratio: 4.00
  Mode: outlier
Data Range: 46.993748 (Min: 0.001151, Max: 46.994900)
Warming up GPU...
Warmup complete.
Starting Profiling...
  Profiling Time: 0.376 ms
  Selected AbsEB: 6.109187e-02 (RelEB: 1.300000e-03)
Starting Compression...
  Compression Time: 0.894 ms
  Compressed Size: 16357114 bytes
  Achieved Ratio: 4.16
Throughput Statistics:
  Profiling Throughput:    181.04 GB/s
  Compression Throughput:  76.13 GB/s
  Total (Prof+Comp) Thrpt: 53.59 GB/s
Starting Decompression...
  Decompression Time: 0.847 ms
  Decompression Throughput: 80.31 GB/s
Verification Results:
  Max Error: 6.109619e-02
  PSNR: 62.60 dB
  Error Bound Compliance: PASS
BENCH_START:EXAALT:dataset1-5423x3137.y.f32.dat:outlier:6.0
Configuration:
  Input File: /scratch/bfrq/bzhang28/SDRBENCH-exaalt-copper/dataset1-5423x3137.y.f32.dat
  Output File: (none)
  Elements: 17011951
  Target Ratio: 6.00
  Mode: outlier
Data Range: 46.993748 (Min: 0.001151, Max: 46.994900)
Warming up GPU...
Warmup complete.
Starting Profiling...
  Profiling Time: 0.375 ms
  Selected AbsEB: 3.712506e-01 (RelEB: 7.900000e-03)
Starting Compression...
  Compression Time: 0.789 ms
  Compressed Size: 11098263 bytes
  Achieved Ratio: 6.13
Throughput Statistics:
  Profiling Throughput:    181.22 GB/s
  Compression Throughput:  86.25 GB/s
  Total (Prof+Comp) Thrpt: 58.44 GB/s
Starting Decompression...
  Decompression Time: 0.702 ms
  Decompression Throughput: 96.98 GB/s
Verification Results:
  Max Error: 3.712506e-01
  PSNR: 46.87 dB
  Error Bound Compliance: PASS
BENCH_START:EXAALT:dataset1-5423x3137.y.f32.dat:outlier:8.0
Configuration:
  Input File: /scratch/bfrq/bzhang28/SDRBENCH-exaalt-copper/dataset1-5423x3137.y.f32.dat
  Output File: (none)
  Elements: 17011951
  Target Ratio: 8.00
  Mode: outlier
Data Range: 46.993748 (Min: 0.001151, Max: 46.994900)
Warming up GPU...
Warmup complete.
Starting Profiling...
  Profiling Time: 0.374 ms
  Selected AbsEB: 8.928812e-01 (RelEB: 1.900000e-02)
Starting Compression...
  Compression Time: 0.757 ms
  Compressed Size: 8442935 bytes
  Achieved Ratio: 8.06
Throughput Statistics:
  Profiling Throughput:    181.74 GB/s
  Compression Throughput:  89.92 GB/s
  Total (Prof+Comp) Thrpt: 60.16 GB/s
Starting Decompression...
  Decompression Time: 0.667 ms
  Decompression Throughput: 102.00 GB/s
Verification Results:
  Max Error: 8.928804e-01
  PSNR: 38.72 dB
  Error Bound Compliance: PASS
BENCH_START:EXAALT:dataset1-5423x3137.y.f32.dat:plain:4.0
Configuration:
  Input File: /scratch/bfrq/bzhang28/SDRBENCH-exaalt-copper/dataset1-5423x3137.y.f32.dat
  Output File: (none)
  Elements: 17011951
  Target Ratio: 4.00
  Mode: plain
Data Range: 46.993748 (Min: 0.001151, Max: 46.994900)
Warming up GPU...
Warmup complete.
Starting Profiling...
  Profiling Time: 0.287 ms
  Selected AbsEB: 1.456806e-01 (RelEB: 3.100000e-03)
Starting Compression...
  Compression Time: 0.350 ms
  Compressed Size: 16772712 bytes
  Achieved Ratio: 4.06
Throughput Statistics:
  Profiling Throughput:    237.28 GB/s
  Compression Throughput:  194.43 GB/s
  Total (Prof+Comp) Thrpt: 106.86 GB/s
Starting Decompression...
  Decompression Time: 0.315 ms
  Decompression Throughput: 215.98 GB/s
Verification Results:
  Max Error: 1.456805e-01
  PSNR: 54.72 dB
  Error Bound Compliance: PASS
BENCH_START:EXAALT:dataset1-5423x3137.y.f32.dat:plain:6.0
Configuration:
  Input File: /scratch/bfrq/bzhang28/SDRBENCH-exaalt-copper/dataset1-5423x3137.y.f32.dat
  Output File: (none)
  Elements: 17011951
  Target Ratio: 6.00
  Mode: plain
Data Range: 46.993748 (Min: 0.001151, Max: 46.994900)
Warming up GPU...
Warmup complete.
Starting Profiling...
  Profiling Time: 0.283 ms
  Selected AbsEB: 8.928812e-01 (RelEB: 1.900000e-02)
Starting Compression...
  Compression Time: 0.329 ms
  Compressed Size: 11302820 bytes
  Achieved Ratio: 6.02
Throughput Statistics:
  Profiling Throughput:    240.09 GB/s
  Compression Throughput:  206.88 GB/s
  Total (Prof+Comp) Thrpt: 111.13 GB/s
Starting Decompression...
  Decompression Time: 0.285 ms
  Decompression Throughput: 238.42 GB/s
Verification Results:
  Max Error: 8.928804e-01
  PSNR: 38.72 dB
  Error Bound Compliance: PASS
BENCH_START:EXAALT:dataset1-5423x3137.y.f32.dat:plain:8.0
Configuration:
  Input File: /scratch/bfrq/bzhang28/SDRBENCH-exaalt-copper/dataset1-5423x3137.y.f32.dat
  Output File: (none)
  Elements: 17011951
  Target Ratio: 8.00
  Mode: plain
Data Range: 46.993748 (Min: 0.001151, Max: 46.994900)
Warming up GPU...
Warmup complete.
Starting Profiling...
  Profiling Time: 0.283 ms
  Selected AbsEB: 2.443675e+00 (RelEB: 5.200000e-02)
Starting Compression...
  Compression Time: 0.326 ms
  Compressed Size: 8489348 bytes
  Achieved Ratio: 8.02
Throughput Statistics:
  Profiling Throughput:    240.61 GB/s
  Compression Throughput:  208.79 GB/s
  Total (Prof+Comp) Thrpt: 111.79 GB/s
Starting Decompression...
  Decompression Time: 0.272 ms
  Decompression Throughput: 249.85 GB/s
Verification Results:
  Max Error: 2.443670e+00
  PSNR: 30.36 dB
  Error Bound Compliance: PASS
BENCH_START:EXAALT:dataset1-5423x3137.z.f32.dat:outlier:4.0
Configuration:
  Input File: /scratch/bfrq/bzhang28/SDRBENCH-exaalt-copper/dataset1-5423x3137.z.f32.dat
  Output File: (none)
  Elements: 17011951
  Target Ratio: 4.00
  Mode: outlier
Data Range: 46.267490 (Min: 3.540010, Max: 49.807499)
Warming up GPU...
Warmup complete.
Starting Profiling...
  Profiling Time: 0.370 ms
  Selected AbsEB: 2.961119e-02 (RelEB: 6.400000e-04)
Starting Compression...
  Compression Time: 0.915 ms
  Compressed Size: 16217712 bytes
  Achieved Ratio: 4.20
Throughput Statistics:
  Profiling Throughput:    184.10 GB/s
  Compression Throughput:  74.40 GB/s
  Total (Prof+Comp) Thrpt: 52.99 GB/s
Starting Decompression...
  Decompression Time: 0.881 ms
  Decompression Throughput: 77.27 GB/s
Verification Results:
  Max Error: 2.961159e-02
  PSNR: 68.64 dB
  Error Bound Compliance: PASS
BENCH_START:EXAALT:dataset1-5423x3137.z.f32.dat:outlier:6.0
Configuration:
  Input File: /scratch/bfrq/bzhang28/SDRBENCH-exaalt-copper/dataset1-5423x3137.z.f32.dat
  Output File: (none)
  Elements: 17011951
  Target Ratio: 6.00
  Mode: outlier
Data Range: 46.267490 (Min: 3.540010, Max: 49.807499)
Warming up GPU...
Warmup complete.
Starting Profiling...
  Profiling Time: 0.368 ms
  Selected AbsEB: 1.434292e-01 (RelEB: 3.100000e-03)
Starting Compression...
  Compression Time: 0.818 ms
  Compressed Size: 11112750 bytes
  Achieved Ratio: 6.12
Throughput Statistics:
  Profiling Throughput:    184.91 GB/s
  Compression Throughput:  83.22 GB/s
  Total (Prof+Comp) Thrpt: 57.39 GB/s
Starting Decompression...
  Decompression Time: 0.749 ms
  Decompression Throughput: 90.84 GB/s
Verification Results:
  Max Error: 1.434298e-01
  PSNR: 54.52 dB
  Error Bound Compliance: PASS
BENCH_START:EXAALT:dataset1-5423x3137.z.f32.dat:outlier:8.0
Configuration:
  Input File: /scratch/bfrq/bzhang28/SDRBENCH-exaalt-copper/dataset1-5423x3137.z.f32.dat
  Output File: (none)
  Elements: 17011951
  Target Ratio: 8.00
  Mode: outlier
Data Range: 46.267490 (Min: 3.540010, Max: 49.807499)
Warming up GPU...
Warmup complete.
Starting Profiling...
  Profiling Time: 0.381 ms
  Selected AbsEB: 5.089424e-01 (RelEB: 1.100000e-02)
Starting Compression...
  Compression Time: 0.774 ms
  Compressed Size: 8520550 bytes
  Achieved Ratio: 7.99
Throughput Statistics:
  Profiling Throughput:    178.50 GB/s
  Compression Throughput:  87.91 GB/s
  Total (Prof+Comp) Thrpt: 58.90 GB/s
Starting Decompression...
  Decompression Time: 0.668 ms
  Decompression Throughput: 101.82 GB/s
Verification Results:
  Max Error: 5.089417e-01
  PSNR: 44.11 dB
  Error Bound Compliance: PASS
BENCH_START:EXAALT:dataset1-5423x3137.z.f32.dat:plain:4.0
Configuration:
  Input File: /scratch/bfrq/bzhang28/SDRBENCH-exaalt-copper/dataset1-5423x3137.z.f32.dat
  Output File: (none)
  Elements: 17011951
  Target Ratio: 4.00
  Mode: plain
Data Range: 46.267490 (Min: 3.540010, Max: 49.807499)
Warming up GPU...
Warmup complete.
Starting Profiling...
  Profiling Time: 0.303 ms
  Selected AbsEB: 8.790823e-02 (RelEB: 1.900000e-03)
Starting Compression...
  Compression Time: 0.360 ms
  Compressed Size: 16945364 bytes
  Achieved Ratio: 4.02
Throughput Statistics:
  Profiling Throughput:    224.79 GB/s
  Compression Throughput:  189.09 GB/s
  Total (Prof+Comp) Thrpt: 102.70 GB/s
Starting Decompression...
  Decompression Time: 0.322 ms
  Decompression Throughput: 211.36 GB/s
Verification Results:
  Max Error: 8.790684e-02
  PSNR: 59.47 dB
  Error Bound Compliance: PASS
BENCH_START:EXAALT:dataset1-5423x3137.z.f32.dat:plain:6.0
Configuration:
  Input File: /scratch/bfrq/bzhang28/SDRBENCH-exaalt-copper/dataset1-5423x3137.z.f32.dat
  Output File: (none)
  Elements: 17011951
  Target Ratio: 6.00
  Mode: plain
Data Range: 46.267490 (Min: 3.540010, Max: 49.807499)
Warming up GPU...
Warmup complete.
Starting Profiling...
  Profiling Time: 0.291 ms
  Selected AbsEB: 5.089424e-01 (RelEB: 1.100000e-02)
Starting Compression...
  Compression Time: 0.335 ms
  Compressed Size: 11345856 bytes
  Achieved Ratio: 6.00
Throughput Statistics:
  Profiling Throughput:    233.96 GB/s
  Compression Throughput:  203.05 GB/s
  Total (Prof+Comp) Thrpt: 108.71 GB/s
Starting Decompression...
  Decompression Time: 0.290 ms
  Decompression Throughput: 234.63 GB/s
Verification Results:
  Max Error: 5.089417e-01
  PSNR: 44.11 dB
  Error Bound Compliance: PASS
BENCH_START:EXAALT:dataset1-5423x3137.z.f32.dat:plain:8.0
Configuration:
  Input File: /scratch/bfrq/bzhang28/SDRBENCH-exaalt-copper/dataset1-5423x3137.z.f32.dat
  Output File: (none)
  Elements: 17011951
  Target Ratio: 8.00
  Mode: plain
Data Range: 46.267490 (Min: 3.540010, Max: 49.807499)
Warming up GPU...
Warmup complete.
Starting Profiling...
  Profiling Time: 0.282 ms
  Selected AbsEB: 1.711897e+00 (RelEB: 3.700000e-02)
Starting Compression...
  Compression Time: 0.319 ms
  Compressed Size: 8175208 bytes
  Achieved Ratio: 8.32
Throughput Statistics:
  Profiling Throughput:    240.96 GB/s
  Compression Throughput:  213.33 GB/s
  Total (Prof+Comp) Thrpt: 113.15 GB/s
Starting Decompression...
  Decompression Time: 0.276 ms
  Decompression Throughput: 246.55 GB/s
Verification Results:
  Max Error: 1.711871e+00
  PSNR: 33.60 dB
  Error Bound Compliance: PASS
BENCH_START:EXAALT:dataset2-83x1077290.x.f32.dat:outlier:4.0
Configuration:
  Input File: /scratch/bfrq/bzhang28/SDRBENCH-exaalt-copper/dataset2-83x1077290.x.f32.dat
  Output File: (none)
  Elements: 89415070
  Target Ratio: 4.00
  Mode: outlier
Data Range: 1.002351 (Min: -0.001291, Max: 1.001060)
Warming up GPU...
Warmup complete.
Starting Profiling...
  Profiling Time: 0.730 ms
  Selected AbsEB: 9.422103e-04 (RelEB: 9.400000e-04)
Starting Compression...
  Compression Time: 1.922 ms
  Compressed Size: 87394875 bytes
  Achieved Ratio: 4.09
Throughput Statistics:
  Profiling Throughput:    489.81 GB/s
  Compression Throughput:  186.10 GB/s
  Total (Prof+Comp) Thrpt: 134.86 GB/s
Starting Decompression...
  Decompression Time: 1.607 ms
  Decompression Throughput: 222.61 GB/s
Verification Results:
  Max Error: 9.422302e-04
  PSNR: 65.31 dB
  Error Bound Compliance: PASS
BENCH_START:EXAALT:dataset2-83x1077290.x.f32.dat:outlier:6.0
Configuration:
  Input File: /scratch/bfrq/bzhang28/SDRBENCH-exaalt-copper/dataset2-83x1077290.x.f32.dat
  Output File: (none)
  Elements: 89415070
  Target Ratio: 6.00
  Mode: outlier
Data Range: 1.002351 (Min: -0.001291, Max: 1.001060)
Warming up GPU...
Warmup complete.
Starting Profiling...
  Profiling Time: 0.734 ms
  Selected AbsEB: 7.617871e-03 (RelEB: 7.600000e-03)
Starting Compression...
  Compression Time: 1.510 ms
  Compressed Size: 57328715 bytes
  Achieved Ratio: 6.24
Throughput Statistics:
  Profiling Throughput:    487.43 GB/s
  Compression Throughput:  236.87 GB/s
  Total (Prof+Comp) Thrpt: 159.41 GB/s
Starting Decompression...
  Decompression Time: 1.287 ms
  Decompression Throughput: 277.88 GB/s
Verification Results:
  Max Error: 7.617950e-03
  PSNR: 47.14 dB
  Error Bound Compliance: PASS
BENCH_START:EXAALT:dataset2-83x1077290.x.f32.dat:outlier:8.0
Configuration:
  Input File: /scratch/bfrq/bzhang28/SDRBENCH-exaalt-copper/dataset2-83x1077290.x.f32.dat
  Output File: (none)
  Elements: 89415070
  Target Ratio: 8.00
  Mode: outlier
Data Range: 1.002351 (Min: -0.001291, Max: 1.001060)
Warming up GPU...
Warmup complete.
Starting Profiling...
  Profiling Time: 0.735 ms
  Selected AbsEB: 1.904468e-02 (RelEB: 1.900000e-02)
Starting Compression...
  Compression Time: 1.349 ms
  Compressed Size: 39807156 bytes
  Achieved Ratio: 8.98
Throughput Statistics:
  Profiling Throughput:    486.88 GB/s
  Compression Throughput:  265.06 GB/s
  Total (Prof+Comp) Thrpt: 171.63 GB/s
Starting Decompression...
  Decompression Time: 1.176 ms
  Decompression Throughput: 304.18 GB/s
Verification Results:
  Max Error: 1.904470e-02
  PSNR: 39.23 dB
  Error Bound Compliance: PASS
BENCH_START:EXAALT:dataset2-83x1077290.x.f32.dat:plain:4.0
Configuration:
  Input File: /scratch/bfrq/bzhang28/SDRBENCH-exaalt-copper/dataset2-83x1077290.x.f32.dat
  Output File: (none)
  Elements: 89415070
  Target Ratio: 4.00
  Mode: plain
Data Range: 1.002351 (Min: -0.001291, Max: 1.001060)
Warming up GPU...
Warmup complete.
Starting Profiling...
  Profiling Time: 0.544 ms
  Selected AbsEB: 3.107290e-03 (RelEB: 3.100000e-03)
Starting Compression...
  Compression Time: 1.131 ms
  Compressed Size: 88059764 bytes
  Achieved Ratio: 4.06
Throughput Statistics:
  Profiling Throughput:    657.73 GB/s
  Compression Throughput:  316.31 GB/s
  Total (Prof+Comp) Thrpt: 213.59 GB/s
Starting Decompression...
  Decompression Time: 0.912 ms
  Decompression Throughput: 392.21 GB/s
Verification Results:
  Max Error: 3.107309e-03
  PSNR: 54.94 dB
  Error Bound Compliance: PASS
BENCH_START:EXAALT:dataset2-83x1077290.x.f32.dat:plain:6.0
Configuration:
  Input File: /scratch/bfrq/bzhang28/SDRBENCH-exaalt-copper/dataset2-83x1077290.x.f32.dat
  Output File: (none)
  Elements: 89415070
  Target Ratio: 6.00
  Mode: plain
Data Range: 1.002351 (Min: -0.001291, Max: 1.001060)
Warming up GPU...
Warmup complete.
Starting Profiling...
  Profiling Time: 0.536 ms
  Selected AbsEB: 1.904468e-02 (RelEB: 1.900000e-02)
Starting Compression...
  Compression Time: 1.070 ms
  Compressed Size: 58743196 bytes
  Achieved Ratio: 6.09
Throughput Statistics:
  Profiling Throughput:    667.12 GB/s
  Compression Throughput:  334.16 GB/s
  Total (Prof+Comp) Thrpt: 222.64 GB/s
Starting Decompression...
  Decompression Time: 0.919 ms
  Decompression Throughput: 389.28 GB/s
Verification Results:
  Max Error: 1.904470e-02
  PSNR: 39.23 dB
  Error Bound Compliance: PASS
BENCH_START:EXAALT:dataset2-83x1077290.x.f32.dat:plain:8.0
Configuration:
  Input File: /scratch/bfrq/bzhang28/SDRBENCH-exaalt-copper/dataset2-83x1077290.x.f32.dat
  Output File: (none)
  Elements: 89415070
  Target Ratio: 8.00
  Mode: plain
Data Range: 1.002351 (Min: -0.001291, Max: 1.001060)
Warming up GPU...
Warmup complete.
Starting Profiling...
  Profiling Time: 0.549 ms
  Selected AbsEB: 5.212227e-02 (RelEB: 5.200000e-02)
Starting Compression...
  Compression Time: 1.024 ms
  Compressed Size: 44262360 bytes
  Achieved Ratio: 8.08
Throughput Statistics:
  Profiling Throughput:    651.87 GB/s
  Compression Throughput:  349.38 GB/s
  Total (Prof+Comp) Thrpt: 227.46 GB/s
Starting Decompression...
  Decompression Time: 0.877 ms
  Decompression Throughput: 407.89 GB/s
Verification Results:
  Max Error: 5.212229e-02
  PSNR: 30.39 dB
  Error Bound Compliance: PASS
BENCH_START:EXAALT:dataset2-83x1077290.y.f32.dat:outlier:4.0
Configuration:
  Input File: /scratch/bfrq/bzhang28/SDRBENCH-exaalt-copper/dataset2-83x1077290.y.f32.dat
  Output File: (none)
  Elements: 89415070
  Target Ratio: 4.00
  Mode: outlier
Data Range: 1.002087 (Min: -0.001047, Max: 1.001040)
Warming up GPU...
Warmup complete.
Starting Profiling...
  Profiling Time: 0.720 ms
  Selected AbsEB: 2.204592e-04 (RelEB: 2.200000e-04)
Starting Compression...
  Compression Time: 1.854 ms
  Compressed Size: 89028551 bytes
  Achieved Ratio: 4.02
Throughput Statistics:
  Profiling Throughput:    497.04 GB/s
  Compression Throughput:  192.92 GB/s
  Total (Prof+Comp) Thrpt: 138.98 GB/s
Starting Decompression...
  Decompression Time: 1.546 ms
  Decompression Throughput: 231.29 GB/s
Verification Results:
  Max Error: 2.205372e-04
  PSNR: 77.92 dB
  Error Bound Compliance: PASS
BENCH_START:EXAALT:dataset2-83x1077290.y.f32.dat:outlier:6.0
Configuration:
  Input File: /scratch/bfrq/bzhang28/SDRBENCH-exaalt-copper/dataset2-83x1077290.y.f32.dat
  Output File: (none)
  Elements: 89415070
  Target Ratio: 6.00
  Mode: outlier
Data Range: 1.002087 (Min: -0.001047, Max: 1.001040)
Warming up GPU...
Warmup complete.
Starting Profiling...
  Profiling Time: 0.722 ms
  Selected AbsEB: 1.603340e-03 (RelEB: 1.600000e-03)
Starting Compression...
  Compression Time: 1.688 ms
  Compressed Size: 56605390 bytes
  Achieved Ratio: 6.32
Throughput Statistics:
  Profiling Throughput:    495.67 GB/s
  Compression Throughput:  211.94 GB/s
  Total (Prof+Comp) Thrpt: 148.46 GB/s
Starting Decompression...
  Decompression Time: 1.576 ms
  Decompression Throughput: 227.01 GB/s
Verification Results:
  Max Error: 1.603365e-03
  PSNR: 60.69 dB
  Error Bound Compliance: PASS
BENCH_START:EXAALT:dataset2-83x1077290.y.f32.dat:outlier:8.0
Configuration:
  Input File: /scratch/bfrq/bzhang28/SDRBENCH-exaalt-copper/dataset2-83x1077290.y.f32.dat
  Output File: (none)
  Elements: 89415070
  Target Ratio: 8.00
  Mode: outlier
Data Range: 1.002087 (Min: -0.001047, Max: 1.001040)
Warming up GPU...
Warmup complete.
Starting Profiling...
  Profiling Time: 0.731 ms
  Selected AbsEB: 4.008350e-03 (RelEB: 4.000000e-03)
Starting Compression...
  Compression Time: 1.510 ms
  Compressed Size: 42916601 bytes
  Achieved Ratio: 8.33
Throughput Statistics:
  Profiling Throughput:    489.16 GB/s
  Compression Throughput:  236.80 GB/s
  Total (Prof+Comp) Thrpt: 159.56 GB/s
Starting Decompression...
  Decompression Time: 1.321 ms
  Decompression Throughput: 270.82 GB/s
Verification Results:
  Max Error: 4.008412e-03
  PSNR: 52.72 dB
  Error Bound Compliance: PASS
BENCH_START:EXAALT:dataset2-83x1077290.y.f32.dat:plain:4.0
Configuration:
  Input File: /scratch/bfrq/bzhang28/SDRBENCH-exaalt-copper/dataset2-83x1077290.y.f32.dat
  Output File: (none)
  Elements: 89415070
  Target Ratio: 4.00
  Mode: plain
Data Range: 1.002087 (Min: -0.001047, Max: 1.001040)
Warming up GPU...
Warmup complete.
Starting Profiling...
  Profiling Time: 0.539 ms
  Selected AbsEB: 2.805845e-03 (RelEB: 2.800000e-03)
Starting Compression...
  Compression Time: 1.135 ms
  Compressed Size: 88106876 bytes
  Achieved Ratio: 4.06
Throughput Statistics:
  Profiling Throughput:    663.00 GB/s
  Compression Throughput:  315.03 GB/s
  Total (Prof+Comp) Thrpt: 213.56 GB/s
Starting Decompression...
  Decompression Time: 0.906 ms
  Decompression Throughput: 394.76 GB/s
Verification Results:
  Max Error: 2.805889e-03
  PSNR: 55.83 dB
  Error Bound Compliance: PASS
BENCH_START:EXAALT:dataset2-83x1077290.y.f32.dat:plain:6.0
Configuration:
  Input File: /scratch/bfrq/bzhang28/SDRBENCH-exaalt-copper/dataset2-83x1077290.y.f32.dat
  Output File: (none)
  Elements: 89415070
  Target Ratio: 6.00
  Mode: plain
Data Range: 1.002087 (Min: -0.001047, Max: 1.001040)
Warming up GPU...
Warmup complete.
Starting Profiling...
  Profiling Time: 0.543 ms
  Selected AbsEB: 1.903966e-02 (RelEB: 1.900000e-02)
Starting Compression...
  Compression Time: 1.048 ms
  Compressed Size: 58166100 bytes
  Achieved Ratio: 6.15
Throughput Statistics:
  Profiling Throughput:    659.21 GB/s
  Compression Throughput:  341.41 GB/s
  Total (Prof+Comp) Thrpt: 224.92 GB/s
Starting Decompression...
  Decompression Time: 0.881 ms
  Decompression Throughput: 406.18 GB/s
Verification Results:
  Max Error: 1.903969e-02
  PSNR: 39.23 dB
  Error Bound Compliance: PASS
BENCH_START:EXAALT:dataset2-83x1077290.y.f32.dat:plain:8.0
Configuration:
  Input File: /scratch/bfrq/bzhang28/SDRBENCH-exaalt-copper/dataset2-83x1077290.y.f32.dat
  Output File: (none)
  Elements: 89415070
  Target Ratio: 8.00
  Mode: plain
Data Range: 1.002087 (Min: -0.001047, Max: 1.001040)
Warming up GPU...
Warmup complete.
Starting Profiling...
  Profiling Time: 0.537 ms
  Selected AbsEB: 4.910228e-02 (RelEB: 4.900000e-02)
Starting Compression...
  Compression Time: 1.022 ms
  Compressed Size: 44682968 bytes
  Achieved Ratio: 8.00
Throughput Statistics:
  Profiling Throughput:    665.69 GB/s
  Compression Throughput:  350.05 GB/s
  Total (Prof+Comp) Thrpt: 229.42 GB/s
Starting Decompression...
  Decompression Time: 0.862 ms
  Decompression Throughput: 415.14 GB/s
Verification Results:
  Max Error: 4.910228e-02
  PSNR: 31.03 dB
  Error Bound Compliance: PASS
BENCH_START:EXAALT:dataset2-83x1077290.z.f32.dat:outlier:4.0
Configuration:
  Input File: /scratch/bfrq/bzhang28/SDRBENCH-exaalt-copper/dataset2-83x1077290.z.f32.dat
  Output File: (none)
  Elements: 89415070
  Target Ratio: 4.00
  Mode: outlier
Data Range: 0.716790 (Min: 0.022619, Max: 0.739409)
Warming up GPU...
Warmup complete.
Starting Profiling...
  Profiling Time: 0.729 ms
  Selected AbsEB: 5.447606e-04 (RelEB: 7.600000e-04)
Starting Compression...
  Compression Time: 1.992 ms
  Compressed Size: 89319754 bytes
  Achieved Ratio: 4.00
Throughput Statistics:
  Profiling Throughput:    490.56 GB/s
  Compression Throughput:  179.54 GB/s
  Total (Prof+Comp) Thrpt: 131.44 GB/s
Starting Decompression...
  Decompression Time: 1.957 ms
  Decompression Throughput: 182.75 GB/s
Verification Results:
  Max Error: 5.447865e-04
  PSNR: 67.16 dB
  Error Bound Compliance: PASS
BENCH_START:EXAALT:dataset2-83x1077290.z.f32.dat:outlier:6.0
Configuration:
  Input File: /scratch/bfrq/bzhang28/SDRBENCH-exaalt-copper/dataset2-83x1077290.z.f32.dat
  Output File: (none)
  Elements: 89415070
  Target Ratio: 6.00
  Mode: outlier
Data Range: 0.716790 (Min: 0.022619, Max: 0.739409)
Warming up GPU...
Warmup complete.
Starting Profiling...
  Profiling Time: 0.736 ms
  Selected AbsEB: 3.942346e-03 (RelEB: 5.500000e-03)
Starting Compression...
  Compression Time: 1.658 ms
  Compressed Size: 58639271 bytes
  Achieved Ratio: 6.10
Throughput Statistics:
  Profiling Throughput:    486.27 GB/s
  Compression Throughput:  215.77 GB/s
  Total (Prof+Comp) Thrpt: 149.46 GB/s
Starting Decompression...
  Decompression Time: 1.525 ms
  Decompression Throughput: 234.49 GB/s
Verification Results:
  Max Error: 3.942333e-03
  PSNR: 49.96 dB
  Error Bound Compliance: PASS
BENCH_START:EXAALT:dataset2-83x1077290.z.f32.dat:outlier:8.0
Configuration:
  Input File: /scratch/bfrq/bzhang28/SDRBENCH-exaalt-copper/dataset2-83x1077290.z.f32.dat
  Output File: (none)
  Elements: 89415070
  Target Ratio: 8.00
  Mode: outlier
Data Range: 0.716790 (Min: 0.022619, Max: 0.739409)
Warming up GPU...
Warmup complete.
Starting Profiling...
  Profiling Time: 0.728 ms
  Selected AbsEB: 1.146864e-02 (RelEB: 1.600000e-02)
Starting Compression...
  Compression Time: 1.494 ms
  Compressed Size: 42423595 bytes
  Achieved Ratio: 8.43
Throughput Statistics:
  Profiling Throughput:    491.25 GB/s
  Compression Throughput:  239.44 GB/s
  Total (Prof+Comp) Thrpt: 160.98 GB/s
Starting Decompression...
  Decompression Time: 1.265 ms
  Decompression Throughput: 282.82 GB/s
Verification Results:
  Max Error: 1.146865e-02
  PSNR: 40.77 dB
  Error Bound Compliance: PASS
BENCH_START:EXAALT:dataset2-83x1077290.z.f32.dat:plain:4.0
Configuration:
  Input File: /scratch/bfrq/bzhang28/SDRBENCH-exaalt-copper/dataset2-83x1077290.z.f32.dat
  Output File: (none)
  Elements: 89415070
  Target Ratio: 4.00
  Mode: plain
Data Range: 0.716790 (Min: 0.022619, Max: 0.739409)
Warming up GPU...
Warmup complete.
Starting Profiling...
  Profiling Time: 0.539 ms
  Selected AbsEB: 1.791975e-03 (RelEB: 2.500000e-03)
Starting Compression...
  Compression Time: 1.124 ms
  Compressed Size: 87280388 bytes
  Achieved Ratio: 4.10
Throughput Statistics:
  Profiling Throughput:    663.67 GB/s
  Compression Throughput:  318.22 GB/s
  Total (Prof+Comp) Thrpt: 215.09 GB/s
Starting Decompression...
  Decompression Time: 0.918 ms
  Decompression Throughput: 389.74 GB/s
Verification Results:
  Max Error: 1.791984e-03
  PSNR: 56.82 dB
  Error Bound Compliance: PASS
BENCH_START:EXAALT:dataset2-83x1077290.z.f32.dat:plain:6.0
Configuration:
  Input File: /scratch/bfrq/bzhang28/SDRBENCH-exaalt-copper/dataset2-83x1077290.z.f32.dat
  Output File: (none)
  Elements: 89415070
  Target Ratio: 6.00
  Mode: plain
Data Range: 0.716790 (Min: 0.022619, Max: 0.739409)
Warming up GPU...
Warmup complete.
Starting Profiling...
  Profiling Time: 0.542 ms
  Selected AbsEB: 1.146864e-02 (RelEB: 1.600000e-02)
Starting Compression...
  Compression Time: 1.056 ms
  Compressed Size: 58950468 bytes
  Achieved Ratio: 6.07
Throughput Statistics:
  Profiling Throughput:    659.83 GB/s
  Compression Throughput:  338.80 GB/s
  Total (Prof+Comp) Thrpt: 223.86 GB/s
Starting Decompression...
  Decompression Time: 0.896 ms
  Decompression Throughput: 399.02 GB/s
Verification Results:
  Max Error: 1.146865e-02
  PSNR: 40.77 dB
  Error Bound Compliance: PASS
BENCH_START:EXAALT:dataset2-83x1077290.z.f32.dat:plain:8.0
Configuration:
  Input File: /scratch/bfrq/bzhang28/SDRBENCH-exaalt-copper/dataset2-83x1077290.z.f32.dat
  Output File: (none)
  Elements: 89415070
  Target Ratio: 8.00
  Mode: plain
Data Range: 0.716790 (Min: 0.022619, Max: 0.739409)
Warming up GPU...
Warmup complete.
Starting Profiling...
  Profiling Time: 0.565 ms
  Selected AbsEB: 3.082198e-02 (RelEB: 4.300000e-02)
Starting Compression...
  Compression Time: 1.015 ms
  Compressed Size: 43745528 bytes
  Achieved Ratio: 8.18
Throughput Statistics:
  Profiling Throughput:    633.39 GB/s
  Compression Throughput:  352.22 GB/s
  Total (Prof+Comp) Thrpt: 226.35 GB/s
Starting Decompression...
  Decompression Time: 0.910 ms
  Decompression Throughput: 392.83 GB/s
Verification Results:
  Max Error: 3.082194e-02
  PSNR: 31.88 dB
  Error Bound Compliance: PASS
BENCH_START:SCALE:PRES-98x1200x1200.f32:outlier:4.0
Configuration:
  Input File: /scratch/bfrq/bzhang28/SDRBENCH-SCALE_98x1200x1200/PRES-98x1200x1200.f32
  Dims: 1200x1200x98
  Elements: 141120000
  Target Ratio: 4.00
  Mode: outlier
  Sample Rate: 1000
Data Range: 99534.757812
Warming up GPU...
Warmup complete.
Starting Profiling...
  Profiling Time: 0.737 ms
  Selected AbsEB: 6.370224e+00 (RelEB: 6.400000e-05)
  Estimated Ratio: 4.02 (Target: 4.00)
Starting Compression...
  Compression Time: 2.358 ms
  Compressed Size: 140341533
  Achieved Ratio: 4.02
Throughput Statistics:
  Profiling Throughput:    766.39 GB/s
  Compression Throughput:  239.41 GB/s
  Total (Prof+Comp) Thrpt: 182.42 GB/s
Starting Decompression...
  Decompression Time: 1.627 ms
  Decompression Throughput: 346.98 GB/s
Verification Results:
  Max Error: 6.375000e+00
  PSNR: 88.65 dB
  Compliance: PASS
BENCH_START:SCALE:PRES-98x1200x1200.f32:outlier:6.0
Configuration:
  Input File: /scratch/bfrq/bzhang28/SDRBENCH-SCALE_98x1200x1200/PRES-98x1200x1200.f32
  Dims: 1200x1200x98
  Elements: 141120000
  Target Ratio: 6.00
  Mode: outlier
  Sample Rate: 1000
Data Range: 99534.757812
Warming up GPU...
Warmup complete.
Starting Profiling...
  Profiling Time: 0.746 ms
  Selected AbsEB: 4.578599e+01 (RelEB: 4.600000e-04)
  Estimated Ratio: 6.12 (Target: 6.00)
Starting Compression...
  Compression Time: 1.986 ms
  Compressed Size: 92191488
  Achieved Ratio: 6.12
Throughput Statistics:
  Profiling Throughput:    757.05 GB/s
  Compression Throughput:  284.23 GB/s
  Total (Prof+Comp) Thrpt: 206.65 GB/s
Starting Decompression...
  Decompression Time: 1.376 ms
  Decompression Throughput: 410.23 GB/s
Verification Results:
  Max Error: 4.579688e+01
  PSNR: 71.55 dB
  Compliance: PASS
BENCH_START:SCALE:PRES-98x1200x1200.f32:outlier:8.0
Configuration:
  Input File: /scratch/bfrq/bzhang28/SDRBENCH-SCALE_98x1200x1200/PRES-98x1200x1200.f32
  Dims: 1200x1200x98
  Elements: 141120000
  Target Ratio: 8.00
  Mode: outlier
  Sample Rate: 1000
Data Range: 99534.757812
Warming up GPU...
Warmup complete.
Starting Profiling...
  Profiling Time: 0.748 ms
  Selected AbsEB: 1.293952e+02 (RelEB: 1.300000e-03)
  Estimated Ratio: 8.25 (Target: 8.00)
Starting Compression...
  Compression Time: 1.905 ms
  Compressed Size: 68524143
  Achieved Ratio: 8.24
Throughput Statistics:
  Profiling Throughput:    754.81 GB/s
  Compression Throughput:  296.31 GB/s
  Total (Prof+Comp) Thrpt: 212.78 GB/s
Starting Decompression...
  Decompression Time: 1.257 ms
  Decompression Throughput: 449.03 GB/s
Verification Results:
  Max Error: 1.293984e+02
  PSNR: 62.64 dB
  Compliance: PASS
BENCH_START:SCALE:PRES-98x1200x1200.f32:plain:4.0
Configuration:
  Input File: /scratch/bfrq/bzhang28/SDRBENCH-SCALE_98x1200x1200/PRES-98x1200x1200.f32
  Dims: 1200x1200x98
  Elements: 141120000
  Target Ratio: 4.00
  Mode: plain
  Sample Rate: 1000
Data Range: 99534.757812
Warming up GPU...
Warmup complete.
Starting Profiling...
  Profiling Time: 0.724 ms
  Selected AbsEB: 1.891160e+02 (RelEB: 1.900000e-03)
  Estimated Ratio: 4.06 (Target: 4.00)
Starting Compression...
  Compression Time: 1.984 ms
  Compressed Size: 139110328
  Achieved Ratio: 4.06
Throughput Statistics:
  Profiling Throughput:    780.08 GB/s
  Compression Throughput:  284.54 GB/s
  Total (Prof+Comp) Thrpt: 208.49 GB/s
Starting Decompression...
  Decompression Time: 1.081 ms
  Decompression Throughput: 522.14 GB/s
Verification Results:
  Max Error: 1.891172e+02
  PSNR: 59.10 dB
  Compliance: PASS
BENCH_START:SCALE:PRES-98x1200x1200.f32:plain:6.0
Configuration:
  Input File: /scratch/bfrq/bzhang28/SDRBENCH-SCALE_98x1200x1200/PRES-98x1200x1200.f32
  Dims: 1200x1200x98
  Elements: 141120000
  Target Ratio: 6.00
  Mode: plain
  Sample Rate: 1000
Data Range: 99534.757812
Warming up GPU...
Warmup complete.
Starting Profiling...
  Profiling Time: 0.762 ms
  Selected AbsEB: 1.293952e+03 (RelEB: 1.300000e-02)
  Estimated Ratio: 6.12 (Target: 6.00)
Starting Compression...
  Compression Time: 1.895 ms
  Compressed Size: 92202824
  Achieved Ratio: 6.12
Throughput Statistics:
  Profiling Throughput:    740.68 GB/s
  Compression Throughput:  297.84 GB/s
  Total (Prof+Comp) Thrpt: 212.42 GB/s
Starting Decompression...
  Decompression Time: 0.997 ms
  Decompression Throughput: 566.00 GB/s
Verification Results:
  Max Error: 1.293953e+03
  PSNR: 42.58 dB
  Compliance: PASS
BENCH_START:SCALE:PRES-98x1200x1200.f32:plain:8.0
Configuration:
  Input File: /scratch/bfrq/bzhang28/SDRBENCH-SCALE_98x1200x1200/PRES-98x1200x1200.f32
  Dims: 1200x1200x98
  Elements: 141120000
  Target Ratio: 8.00
  Mode: plain
  Sample Rate: 1000
Data Range: 99534.757812
Warming up GPU...
Warmup complete.
Starting Profiling...
  Profiling Time: 0.728 ms
  Selected AbsEB: 3.384182e+03 (RelEB: 3.400000e-02)
  Estimated Ratio: 8.34 (Target: 8.00)
Starting Compression...
  Compression Time: 1.720 ms
  Compressed Size: 67637032
  Achieved Ratio: 8.35
Throughput Statistics:
  Profiling Throughput:    775.66 GB/s
  Compression Throughput:  328.24 GB/s
  Total (Prof+Comp) Thrpt: 230.64 GB/s
Starting Decompression...
  Decompression Time: 0.898 ms
  Decompression Throughput: 628.50 GB/s
Verification Results:
  Max Error: 3.384184e+03
  PSNR: 33.77 dB
  Compliance: PASS
BENCH_START:SCALE:QC-98x1200x1200.f32:outlier:4.0
Configuration:
  Input File: /scratch/bfrq/bzhang28/SDRBENCH-SCALE_98x1200x1200/QC-98x1200x1200.f32
  Dims: 1200x1200x98
  Elements: 141120000
  Target Ratio: 4.00
  Mode: outlier
  Sample Rate: 1000
Data Range: 0.003012
Warming up GPU...
Warmup complete.
Starting Profiling...
  Profiling Time: 0.721 ms
  Selected AbsEB: 3.011531e-09 (RelEB: 1.000000e-06)
  Estimated Ratio: 9.56 (Target: 4.00)
Starting Compression...
  Compression Time: 1.865 ms
  Compressed Size: 53679909
  Achieved Ratio: 10.52
Throughput Statistics:
  Profiling Throughput:    782.71 GB/s
  Compression Throughput:  302.72 GB/s
  Total (Prof+Comp) Thrpt: 218.29 GB/s
Starting Decompression...
  Decompression Time: 1.555 ms
  Decompression Throughput: 363.08 GB/s
Verification Results:
  Max Error: 3.143214e-09
  PSNR: 130.62 dB
  Compliance: PASS
BENCH_START:SCALE:QC-98x1200x1200.f32:outlier:6.0
Configuration:
  Input File: /scratch/bfrq/bzhang28/SDRBENCH-SCALE_98x1200x1200/QC-98x1200x1200.f32
  Dims: 1200x1200x98
  Elements: 141120000
  Target Ratio: 6.00
  Mode: outlier
  Sample Rate: 1000
Data Range: 0.003012
Warming up GPU...
Warmup complete.
Starting Profiling...
  Profiling Time: 0.739 ms
  Selected AbsEB: 3.011531e-09 (RelEB: 1.000000e-06)
  Estimated Ratio: 9.56 (Target: 6.00)
Starting Compression...
  Compression Time: 1.754 ms
  Compressed Size: 53679909
  Achieved Ratio: 10.52
Throughput Statistics:
  Profiling Throughput:    764.13 GB/s
  Compression Throughput:  321.89 GB/s
  Total (Prof+Comp) Thrpt: 226.48 GB/s
Starting Decompression...
  Decompression Time: 1.528 ms
  Decompression Throughput: 369.36 GB/s
Verification Results:
  Max Error: 3.143214e-09
  PSNR: 130.62 dB
  Compliance: PASS
BENCH_START:SCALE:QC-98x1200x1200.f32:outlier:8.0
Configuration:
  Input File: /scratch/bfrq/bzhang28/SDRBENCH-SCALE_98x1200x1200/QC-98x1200x1200.f32
  Dims: 1200x1200x98
  Elements: 141120000
  Target Ratio: 8.00
  Mode: outlier
  Sample Rate: 1000
Data Range: 0.003012
Warming up GPU...
Warmup complete.
Starting Profiling...
  Profiling Time: 0.760 ms
  Selected AbsEB: 3.011531e-09 (RelEB: 1.000000e-06)
  Estimated Ratio: 9.56 (Target: 8.00)
Starting Compression...
  Compression Time: 1.784 ms
  Compressed Size: 53679909
  Achieved Ratio: 10.52
Throughput Statistics:
  Profiling Throughput:    742.83 GB/s
  Compression Throughput:  316.41 GB/s
  Total (Prof+Comp) Thrpt: 221.90 GB/s
Starting Decompression...
  Decompression Time: 1.438 ms
  Decompression Throughput: 392.52 GB/s
Verification Results:
  Max Error: 3.143214e-09
  PSNR: 130.62 dB
  Compliance: PASS
BENCH_START:SCALE:QC-98x1200x1200.f32:plain:4.0
Configuration:
  Input File: /scratch/bfrq/bzhang28/SDRBENCH-SCALE_98x1200x1200/QC-98x1200x1200.f32
  Dims: 1200x1200x98
  Elements: 141120000
  Target Ratio: 4.00
  Mode: plain
  Sample Rate: 1000
Data Range: 0.003012
Warming up GPU...
Warmup complete.
Starting Profiling...
  Profiling Time: 0.728 ms
  Selected AbsEB: 3.011531e-09 (RelEB: 1.000000e-06)
  Estimated Ratio: 9.14 (Target: 4.00)
Starting Compression...
  Compression Time: 1.725 ms
  Compressed Size: 55332400
  Achieved Ratio: 10.20
Throughput Statistics:
  Profiling Throughput:    775.73 GB/s
  Compression Throughput:  327.16 GB/s
  Total (Prof+Comp) Thrpt: 230.11 GB/s
Starting Decompression...
  Decompression Time: 0.906 ms
  Decompression Throughput: 623.04 GB/s
Verification Results:
  Max Error: 3.143214e-09
  PSNR: 130.62 dB
  Compliance: PASS
BENCH_START:SCALE:QC-98x1200x1200.f32:plain:6.0
Configuration:
  Input File: /scratch/bfrq/bzhang28/SDRBENCH-SCALE_98x1200x1200/QC-98x1200x1200.f32
  Dims: 1200x1200x98
  Elements: 141120000
  Target Ratio: 6.00
  Mode: plain
  Sample Rate: 1000
Data Range: 0.003012
Warming up GPU...
Warmup complete.
Starting Profiling...
  Profiling Time: 0.727 ms
  Selected AbsEB: 3.011531e-09 (RelEB: 1.000000e-06)
  Estimated Ratio: 9.14 (Target: 6.00)
Starting Compression...
  Compression Time: 1.605 ms
  Compressed Size: 55332400
  Achieved Ratio: 10.20
Throughput Statistics:
  Profiling Throughput:    776.03 GB/s
  Compression Throughput:  351.63 GB/s
  Total (Prof+Comp) Thrpt: 241.98 GB/s
Starting Decompression...
  Decompression Time: 1.030 ms
  Decompression Throughput: 548.22 GB/s
Verification Results:
  Max Error: 3.143214e-09
  PSNR: 130.62 dB
  Compliance: PASS
BENCH_START:SCALE:QC-98x1200x1200.f32:plain:8.0
Configuration:
  Input File: /scratch/bfrq/bzhang28/SDRBENCH-SCALE_98x1200x1200/QC-98x1200x1200.f32
  Dims: 1200x1200x98
  Elements: 141120000
  Target Ratio: 8.00
  Mode: plain
  Sample Rate: 1000
Data Range: 0.003012
Warming up GPU...
Warmup complete.
Starting Profiling...
  Profiling Time: 0.723 ms
  Selected AbsEB: 3.011531e-09 (RelEB: 1.000000e-06)
  Estimated Ratio: 9.14 (Target: 8.00)
Starting Compression...
  Compression Time: 1.627 ms
  Compressed Size: 55332400
  Achieved Ratio: 10.20
Throughput Statistics:
  Profiling Throughput:    780.50 GB/s
  Compression Throughput:  347.01 GB/s
  Total (Prof+Comp) Thrpt: 240.21 GB/s
Starting Decompression...
  Decompression Time: 0.890 ms
  Decompression Throughput: 634.30 GB/s
Verification Results:
  Max Error: 3.143214e-09
  PSNR: 130.62 dB
  Compliance: PASS
BENCH_START:SCALE:QG-98x1200x1200.f32:outlier:4.0
Configuration:
  Input File: /scratch/bfrq/bzhang28/SDRBENCH-SCALE_98x1200x1200/QG-98x1200x1200.f32
  Dims: 1200x1200x98
  Elements: 141120000
  Target Ratio: 4.00
  Mode: outlier
  Sample Rate: 1000
Data Range: 0.014881
Warming up GPU...
Warmup complete.
Starting Profiling...
  Profiling Time: 0.733 ms
  Selected AbsEB: 1.488131e-08 (RelEB: 1.000000e-06)
  Estimated Ratio: 14.44 (Target: 4.00)
Starting Compression...
  Compression Time: 1.771 ms
  Compressed Size: 34575550
  Achieved Ratio: 16.33
Throughput Statistics:
  Profiling Throughput:    770.57 GB/s
  Compression Throughput:  318.77 GB/s
  Total (Prof+Comp) Thrpt: 225.49 GB/s
Starting Decompression...
  Decompression Time: 1.244 ms
  Decompression Throughput: 453.87 GB/s
Verification Results:
  Max Error: 1.490116e-08
  PSNR: 130.02 dB
  Compliance: PASS
BENCH_START:SCALE:QG-98x1200x1200.f32:outlier:6.0
Configuration:
  Input File: /scratch/bfrq/bzhang28/SDRBENCH-SCALE_98x1200x1200/QG-98x1200x1200.f32
  Dims: 1200x1200x98
  Elements: 141120000
  Target Ratio: 6.00
  Mode: outlier
  Sample Rate: 1000
Data Range: 0.014881
Warming up GPU...
Warmup complete.
Starting Profiling...
  Profiling Time: 0.736 ms
  Selected AbsEB: 1.488131e-08 (RelEB: 1.000000e-06)
  Estimated Ratio: 14.44 (Target: 6.00)
Starting Compression...
  Compression Time: 1.795 ms
  Compressed Size: 34575550
  Achieved Ratio: 16.33
Throughput Statistics:
  Profiling Throughput:    767.46 GB/s
  Compression Throughput:  314.52 GB/s
  Total (Prof+Comp) Thrpt: 223.09 GB/s
Starting Decompression...
  Decompression Time: 1.247 ms
  Decompression Throughput: 452.73 GB/s
Verification Results:
  Max Error: 1.490116e-08
  PSNR: 130.02 dB
  Compliance: PASS
BENCH_START:SCALE:QG-98x1200x1200.f32:outlier:8.0
Configuration:
  Input File: /scratch/bfrq/bzhang28/SDRBENCH-SCALE_98x1200x1200/QG-98x1200x1200.f32
  Dims: 1200x1200x98
  Elements: 141120000
  Target Ratio: 8.00
  Mode: outlier
  Sample Rate: 1000
Data Range: 0.014881
Warming up GPU...
Warmup complete.
Starting Profiling...
  Profiling Time: 0.740 ms
  Selected AbsEB: 1.488131e-08 (RelEB: 1.000000e-06)
  Estimated Ratio: 14.44 (Target: 8.00)
Starting Compression...
  Compression Time: 1.786 ms
  Compressed Size: 34575550
  Achieved Ratio: 16.33
Throughput Statistics:
  Profiling Throughput:    762.98 GB/s
  Compression Throughput:  316.12 GB/s
  Total (Prof+Comp) Thrpt: 223.51 GB/s
Starting Decompression...
  Decompression Time: 1.217 ms
  Decompression Throughput: 463.80 GB/s
Verification Results:
  Max Error: 1.490116e-08
  PSNR: 130.02 dB
  Compliance: PASS
BENCH_START:SCALE:QG-98x1200x1200.f32:plain:4.0
Configuration:
  Input File: /scratch/bfrq/bzhang28/SDRBENCH-SCALE_98x1200x1200/QG-98x1200x1200.f32
  Dims: 1200x1200x98
  Elements: 141120000
  Target Ratio: 4.00
  Mode: plain
  Sample Rate: 1000
Data Range: 0.014881
Warming up GPU...
Warmup complete.
Starting Profiling...
  Profiling Time: 0.737 ms
  Selected AbsEB: 1.488131e-08 (RelEB: 1.000000e-06)
  Estimated Ratio: 12.80 (Target: 4.00)
Starting Compression...
  Compression Time: 1.640 ms
  Compressed Size: 39130848
  Achieved Ratio: 14.43
Throughput Statistics:
  Profiling Throughput:    766.32 GB/s
  Compression Throughput:  344.14 GB/s
  Total (Prof+Comp) Thrpt: 237.49 GB/s
Starting Decompression...
  Decompression Time: 0.735 ms
  Decompression Throughput: 768.16 GB/s
Verification Results:
  Max Error: 1.490116e-08
  PSNR: 130.02 dB
  Compliance: PASS
BENCH_START:SCALE:QG-98x1200x1200.f32:plain:6.0
Configuration:
  Input File: /scratch/bfrq/bzhang28/SDRBENCH-SCALE_98x1200x1200/QG-98x1200x1200.f32
  Dims: 1200x1200x98
  Elements: 141120000
  Target Ratio: 6.00
  Mode: plain
  Sample Rate: 1000
Data Range: 0.014881
Warming up GPU...
Warmup complete.
Starting Profiling...
  Profiling Time: 0.740 ms
  Selected AbsEB: 1.488131e-08 (RelEB: 1.000000e-06)
  Estimated Ratio: 12.80 (Target: 6.00)
Starting Compression...
  Compression Time: 1.651 ms
  Compressed Size: 39130848
  Achieved Ratio: 14.43
Throughput Statistics:
  Profiling Throughput:    762.42 GB/s
  Compression Throughput:  341.80 GB/s
  Total (Prof+Comp) Thrpt: 236.00 GB/s
Starting Decompression...
  Decompression Time: 0.754 ms
  Decompression Throughput: 748.38 GB/s
Verification Results:
  Max Error: 1.490116e-08
  PSNR: 130.02 dB
  Compliance: PASS
BENCH_START:SCALE:QG-98x1200x1200.f32:plain:8.0
Configuration:
  Input File: /scratch/bfrq/bzhang28/SDRBENCH-SCALE_98x1200x1200/QG-98x1200x1200.f32
  Dims: 1200x1200x98
  Elements: 141120000
  Target Ratio: 8.00
  Mode: plain
  Sample Rate: 1000
Data Range: 0.014881
Warming up GPU...
Warmup complete.
Starting Profiling...
  Profiling Time: 0.734 ms
  Selected AbsEB: 1.488131e-08 (RelEB: 1.000000e-06)
  Estimated Ratio: 12.80 (Target: 8.00)
Starting Compression...
  Compression Time: 1.610 ms
  Compressed Size: 39130848
  Achieved Ratio: 14.43
Throughput Statistics:
  Profiling Throughput:    768.63 GB/s
  Compression Throughput:  350.63 GB/s
  Total (Prof+Comp) Thrpt: 240.79 GB/s
Starting Decompression...
  Decompression Time: 0.720 ms
  Decompression Throughput: 783.69 GB/s
Verification Results:
  Max Error: 1.490116e-08
  PSNR: 130.02 dB
  Compliance: PASS
BENCH_START:SCALE:QI-98x1200x1200.f32:outlier:4.0
Configuration:
  Input File: /scratch/bfrq/bzhang28/SDRBENCH-SCALE_98x1200x1200/QI-98x1200x1200.f32
  Dims: 1200x1200x98
  Elements: 141120000
  Target Ratio: 4.00
  Mode: outlier
  Sample Rate: 1000
Data Range: 0.001601
Warming up GPU...
Warmup complete.
Starting Profiling...
  Profiling Time: 0.749 ms
  Selected AbsEB: 1.600500e-09 (RelEB: 1.000000e-06)
  Estimated Ratio: 8.94 (Target: 4.00)
Starting Compression...
  Compression Time: 1.774 ms
  Compressed Size: 57363971
  Achieved Ratio: 9.84
Throughput Statistics:
  Profiling Throughput:    753.30 GB/s
  Compression Throughput:  318.15 GB/s
  Total (Prof+Comp) Thrpt: 223.68 GB/s
Starting Decompression...
  Decompression Time: 1.294 ms
  Decompression Throughput: 436.12 GB/s
Verification Results:
  Max Error: 1.629815e-09
  PSNR: 130.44 dB
  Compliance: PASS
BENCH_START:SCALE:QI-98x1200x1200.f32:outlier:6.0
Configuration:
  Input File: /scratch/bfrq/bzhang28/SDRBENCH-SCALE_98x1200x1200/QI-98x1200x1200.f32
  Dims: 1200x1200x98
  Elements: 141120000
  Target Ratio: 6.00
  Mode: outlier
  Sample Rate: 1000
Data Range: 0.001601
Warming up GPU...
Warmup complete.
Starting Profiling...
  Profiling Time: 0.734 ms
  Selected AbsEB: 1.600500e-09 (RelEB: 1.000000e-06)
  Estimated Ratio: 8.94 (Target: 6.00)
Starting Compression...
  Compression Time: 1.779 ms
  Compressed Size: 57363971
  Achieved Ratio: 9.84
Throughput Statistics:
  Profiling Throughput:    769.13 GB/s
  Compression Throughput:  317.30 GB/s
  Total (Prof+Comp) Thrpt: 224.63 GB/s
Starting Decompression...
  Decompression Time: 1.253 ms
  Decompression Throughput: 450.66 GB/s
Verification Results:
  Max Error: 1.629815e-09
  PSNR: 130.44 dB
  Compliance: PASS
BENCH_START:SCALE:QI-98x1200x1200.f32:outlier:8.0
Configuration:
  Input File: /scratch/bfrq/bzhang28/SDRBENCH-SCALE_98x1200x1200/QI-98x1200x1200.f32
  Dims: 1200x1200x98
  Elements: 141120000
  Target Ratio: 8.00
  Mode: outlier
  Sample Rate: 1000
Data Range: 0.001601
Warming up GPU...
Warmup complete.
Starting Profiling...
  Profiling Time: 0.735 ms
  Selected AbsEB: 1.600500e-09 (RelEB: 1.000000e-06)
  Estimated Ratio: 8.94 (Target: 8.00)
Starting Compression...
  Compression Time: 1.772 ms
  Compressed Size: 57363971
  Achieved Ratio: 9.84
Throughput Statistics:
  Profiling Throughput:    767.99 GB/s
  Compression Throughput:  318.58 GB/s
  Total (Prof+Comp) Thrpt: 225.18 GB/s
Starting Decompression...
  Decompression Time: 1.367 ms
  Decompression Throughput: 412.89 GB/s
Verification Results:
  Max Error: 1.629815e-09
  PSNR: 130.44 dB
  Compliance: PASS
BENCH_START:SCALE:QI-98x1200x1200.f32:plain:4.0
Configuration:
  Input File: /scratch/bfrq/bzhang28/SDRBENCH-SCALE_98x1200x1200/QI-98x1200x1200.f32
  Dims: 1200x1200x98
  Elements: 141120000
  Target Ratio: 4.00
  Mode: plain
  Sample Rate: 1000
Data Range: 0.001601
Warming up GPU...
Warmup complete.
Starting Profiling...
  Profiling Time: 0.734 ms
  Selected AbsEB: 1.600500e-09 (RelEB: 1.000000e-06)
  Estimated Ratio: 8.34 (Target: 4.00)
Starting Compression...
  Compression Time: 1.633 ms
  Compressed Size: 60908352
  Achieved Ratio: 9.27
Throughput Statistics:
  Profiling Throughput:    769.30 GB/s
  Compression Throughput:  345.75 GB/s
  Total (Prof+Comp) Thrpt: 238.54 GB/s
Starting Decompression...
  Decompression Time: 0.838 ms
  Decompression Throughput: 673.23 GB/s
Verification Results:
  Max Error: 1.629815e-09
  PSNR: 130.44 dB
  Compliance: PASS
BENCH_START:SCALE:QI-98x1200x1200.f32:plain:6.0
Configuration:
  Input File: /scratch/bfrq/bzhang28/SDRBENCH-SCALE_98x1200x1200/QI-98x1200x1200.f32
  Dims: 1200x1200x98
  Elements: 141120000
  Target Ratio: 6.00
  Mode: plain
  Sample Rate: 1000
Data Range: 0.001601
Warming up GPU...
Warmup complete.
Starting Profiling...
  Profiling Time: 0.733 ms
  Selected AbsEB: 1.600500e-09 (RelEB: 1.000000e-06)
  Estimated Ratio: 8.34 (Target: 6.00)
Starting Compression...
  Compression Time: 1.620 ms
  Compressed Size: 60908352
  Achieved Ratio: 9.27
Throughput Statistics:
  Profiling Throughput:    769.84 GB/s
  Compression Throughput:  348.38 GB/s
  Total (Prof+Comp) Thrpt: 239.84 GB/s
Starting Decompression...
  Decompression Time: 0.826 ms
  Decompression Throughput: 683.11 GB/s
Verification Results:
  Max Error: 1.629815e-09
  PSNR: 130.44 dB
  Compliance: PASS
BENCH_START:SCALE:QI-98x1200x1200.f32:plain:8.0
Configuration:
  Input File: /scratch/bfrq/bzhang28/SDRBENCH-SCALE_98x1200x1200/QI-98x1200x1200.f32
  Dims: 1200x1200x98
  Elements: 141120000
  Target Ratio: 8.00
  Mode: plain
  Sample Rate: 1000
Data Range: 0.001601
Warming up GPU...
Warmup complete.
Starting Profiling...
  Profiling Time: 0.715 ms
  Selected AbsEB: 1.600500e-09 (RelEB: 1.000000e-06)
  Estimated Ratio: 8.34 (Target: 8.00)
Starting Compression...
  Compression Time: 1.732 ms
  Compressed Size: 60908352
  Achieved Ratio: 9.27
Throughput Statistics:
  Profiling Throughput:    789.65 GB/s
  Compression Throughput:  325.84 GB/s
  Total (Prof+Comp) Thrpt: 230.66 GB/s
Starting Decompression...
  Decompression Time: 0.868 ms
  Decompression Throughput: 650.47 GB/s
Verification Results:
  Max Error: 1.629815e-09
  PSNR: 130.44 dB
  Compliance: PASS
BENCH_START:SCALE:QR-98x1200x1200.f32:outlier:4.0
Configuration:
  Input File: /scratch/bfrq/bzhang28/SDRBENCH-SCALE_98x1200x1200/QR-98x1200x1200.f32
  Dims: 1200x1200x98
  Elements: 141120000
  Target Ratio: 4.00
  Mode: outlier
  Sample Rate: 1000
Data Range: 0.006372
Warming up GPU...
Warmup complete.
Starting Profiling...
  Profiling Time: 0.726 ms
  Selected AbsEB: 6.372067e-09 (RelEB: 1.000000e-06)
  Estimated Ratio: 11.97 (Target: 4.00)
Starting Compression...
  Compression Time: 1.746 ms
  Compressed Size: 47129144
  Achieved Ratio: 11.98
Throughput Statistics:
  Profiling Throughput:    777.13 GB/s
  Compression Throughput:  323.33 GB/s
  Total (Prof+Comp) Thrpt: 228.33 GB/s
Starting Decompression...
  Decompression Time: 1.441 ms
  Decompression Throughput: 391.76 GB/s
Verification Results:
  Max Error: 6.519258e-09
  PSNR: 129.82 dB
  Compliance: PASS
BENCH_START:SCALE:QR-98x1200x1200.f32:outlier:6.0
Configuration:
  Input File: /scratch/bfrq/bzhang28/SDRBENCH-SCALE_98x1200x1200/QR-98x1200x1200.f32
  Dims: 1200x1200x98
  Elements: 141120000
  Target Ratio: 6.00
  Mode: outlier
  Sample Rate: 1000
Data Range: 0.006372
Warming up GPU...
Warmup complete.
Starting Profiling...
  Profiling Time: 0.736 ms
  Selected AbsEB: 6.372067e-09 (RelEB: 1.000000e-06)
  Estimated Ratio: 11.97 (Target: 6.00)
Starting Compression...
  Compression Time: 1.748 ms
  Compressed Size: 47129144
  Achieved Ratio: 11.98
Throughput Statistics:
  Profiling Throughput:    767.42 GB/s
  Compression Throughput:  322.88 GB/s
  Total (Prof+Comp) Thrpt: 227.26 GB/s
Starting Decompression...
  Decompression Time: 1.504 ms
  Decompression Throughput: 375.42 GB/s
Verification Results:
  Max Error: 6.519258e-09
  PSNR: 129.82 dB
  Compliance: PASS
BENCH_START:SCALE:QR-98x1200x1200.f32:outlier:8.0
Configuration:
  Input File: /scratch/bfrq/bzhang28/SDRBENCH-SCALE_98x1200x1200/QR-98x1200x1200.f32
  Dims: 1200x1200x98
  Elements: 141120000
  Target Ratio: 8.00
  Mode: outlier
  Sample Rate: 1000
Data Range: 0.006372
Warming up GPU...
Warmup complete.
Starting Profiling...
  Profiling Time: 0.749 ms
  Selected AbsEB: 6.372067e-09 (RelEB: 1.000000e-06)
  Estimated Ratio: 11.97 (Target: 8.00)
Starting Compression...
  Compression Time: 1.863 ms
  Compressed Size: 47129144
  Achieved Ratio: 11.98
Throughput Statistics:
  Profiling Throughput:    754.01 GB/s
  Compression Throughput:  302.93 GB/s
  Total (Prof+Comp) Thrpt: 216.10 GB/s
Starting Decompression...
  Decompression Time: 1.576 ms
  Decompression Throughput: 358.17 GB/s
Verification Results:
  Max Error: 6.519258e-09
  PSNR: 129.82 dB
  Compliance: PASS
BENCH_START:SCALE:QR-98x1200x1200.f32:plain:4.0
Configuration:
  Input File: /scratch/bfrq/bzhang28/SDRBENCH-SCALE_98x1200x1200/QR-98x1200x1200.f32
  Dims: 1200x1200x98
  Elements: 141120000
  Target Ratio: 4.00
  Mode: plain
  Sample Rate: 1000
Data Range: 0.006372
Warming up GPU...
Warmup complete.
Starting Profiling...
  Profiling Time: 0.740 ms
  Selected AbsEB: 6.372067e-09 (RelEB: 1.000000e-06)
  Estimated Ratio: 10.65 (Target: 4.00)
Starting Compression...
  Compression Time: 1.624 ms
  Compressed Size: 52984256
  Achieved Ratio: 10.65
Throughput Statistics:
  Profiling Throughput:    762.98 GB/s
  Compression Throughput:  347.61 GB/s
  Total (Prof+Comp) Thrpt: 238.81 GB/s
Starting Decompression...
  Decompression Time: 0.818 ms
  Decompression Throughput: 690.25 GB/s
Verification Results:
  Max Error: 6.519258e-09
  PSNR: 129.82 dB
  Compliance: PASS
BENCH_START:SCALE:QR-98x1200x1200.f32:plain:6.0
Configuration:
  Input File: /scratch/bfrq/bzhang28/SDRBENCH-SCALE_98x1200x1200/QR-98x1200x1200.f32
  Dims: 1200x1200x98
  Elements: 141120000
  Target Ratio: 6.00
  Mode: plain
  Sample Rate: 1000
Data Range: 0.006372
Warming up GPU...
Warmup complete.
Starting Profiling...
  Profiling Time: 0.762 ms
  Selected AbsEB: 6.372067e-09 (RelEB: 1.000000e-06)
  Estimated Ratio: 10.65 (Target: 6.00)
Starting Compression...
  Compression Time: 1.683 ms
  Compressed Size: 52984256
  Achieved Ratio: 10.65
Throughput Statistics:
  Profiling Throughput:    740.87 GB/s
  Compression Throughput:  335.35 GB/s
  Total (Prof+Comp) Thrpt: 230.86 GB/s
Starting Decompression...
  Decompression Time: 0.785 ms
  Decompression Throughput: 719.12 GB/s
Verification Results:
  Max Error: 6.519258e-09
  PSNR: 129.82 dB
  Compliance: PASS
BENCH_START:SCALE:QR-98x1200x1200.f32:plain:8.0
Configuration:
  Input File: /scratch/bfrq/bzhang28/SDRBENCH-SCALE_98x1200x1200/QR-98x1200x1200.f32
  Dims: 1200x1200x98
  Elements: 141120000
  Target Ratio: 8.00
  Mode: plain
  Sample Rate: 1000
Data Range: 0.006372
Warming up GPU...
Warmup complete.
Starting Profiling...
  Profiling Time: 0.749 ms
  Selected AbsEB: 6.372067e-09 (RelEB: 1.000000e-06)
  Estimated Ratio: 10.65 (Target: 8.00)
Starting Compression...
  Compression Time: 1.590 ms
  Compressed Size: 52984256
  Achieved Ratio: 10.65
Throughput Statistics:
  Profiling Throughput:    753.85 GB/s
  Compression Throughput:  354.92 GB/s
  Total (Prof+Comp) Thrpt: 241.31 GB/s
Starting Decompression...
  Decompression Time: 0.892 ms
  Decompression Throughput: 632.62 GB/s
Verification Results:
  Max Error: 6.519258e-09
  PSNR: 129.82 dB
  Compliance: PASS
BENCH_START:SCALE:QS-98x1200x1200.f32:outlier:4.0
Configuration:
  Input File: /scratch/bfrq/bzhang28/SDRBENCH-SCALE_98x1200x1200/QS-98x1200x1200.f32
  Dims: 1200x1200x98
  Elements: 141120000
  Target Ratio: 4.00
  Mode: outlier
  Sample Rate: 1000
Data Range: 0.000757
Warming up GPU...
Warmup complete.
Starting Profiling...
  Profiling Time: 0.730 ms
  Selected AbsEB: 7.569692e-10 (RelEB: 1.000000e-06)
  Estimated Ratio: 6.66 (Target: 4.00)
Starting Compression...
  Compression Time: 1.899 ms
  Compressed Size: 83451290
  Achieved Ratio: 6.76
Throughput Statistics:
  Profiling Throughput:    773.31 GB/s
  Compression Throughput:  297.23 GB/s
  Total (Prof+Comp) Thrpt: 214.71 GB/s
Starting Decompression...
  Decompression Time: 1.483 ms
  Decompression Throughput: 380.71 GB/s
Verification Results:
  Max Error: 7.858034e-10
  PSNR: 128.91 dB
  Compliance: PASS
BENCH_START:SCALE:QS-98x1200x1200.f32:outlier:6.0
Configuration:
  Input File: /scratch/bfrq/bzhang28/SDRBENCH-SCALE_98x1200x1200/QS-98x1200x1200.f32
  Dims: 1200x1200x98
  Elements: 141120000
  Target Ratio: 6.00
  Mode: outlier
  Sample Rate: 1000
Data Range: 0.000757
Warming up GPU...
Warmup complete.
Starting Profiling...
  Profiling Time: 0.727 ms
  Selected AbsEB: 7.569692e-10 (RelEB: 1.000000e-06)
  Estimated Ratio: 6.66 (Target: 6.00)
Starting Compression...
  Compression Time: 2.013 ms
  Compressed Size: 83451290
  Achieved Ratio: 6.76
Throughput Statistics:
  Profiling Throughput:    776.85 GB/s
  Compression Throughput:  280.38 GB/s
  Total (Prof+Comp) Thrpt: 206.02 GB/s
Starting Decompression...
  Decompression Time: 1.513 ms
  Decompression Throughput: 373.20 GB/s
Verification Results:
  Max Error: 7.858034e-10
  PSNR: 128.91 dB
  Compliance: PASS
BENCH_START:SCALE:QS-98x1200x1200.f32:outlier:8.0
Configuration:
  Input File: /scratch/bfrq/bzhang28/SDRBENCH-SCALE_98x1200x1200/QS-98x1200x1200.f32
  Dims: 1200x1200x98
  Elements: 141120000
  Target Ratio: 8.00
  Mode: outlier
  Sample Rate: 1000
Data Range: 0.000757
Warming up GPU...
Warmup complete.
Starting Profiling...
  Profiling Time: 0.736 ms
  Selected AbsEB: 3.027877e-09 (RelEB: 4.000000e-06)
  Estimated Ratio: 8.05 (Target: 8.00)
Starting Compression...
  Compression Time: 1.887 ms
  Compressed Size: 69067091
  Achieved Ratio: 8.17
Throughput Statistics:
  Profiling Throughput:    766.82 GB/s
  Compression Throughput:  299.18 GB/s
  Total (Prof+Comp) Thrpt: 215.21 GB/s
Starting Decompression...
  Decompression Time: 1.326 ms
  Decompression Throughput: 425.72 GB/s
Verification Results:
  Max Error: 3.055902e-09
  PSNR: 117.03 dB
  Compliance: PASS
BENCH_START:SCALE:QS-98x1200x1200.f32:plain:4.0
Configuration:
  Input File: /scratch/bfrq/bzhang28/SDRBENCH-SCALE_98x1200x1200/QS-98x1200x1200.f32
  Dims: 1200x1200x98
  Elements: 141120000
  Target Ratio: 4.00
  Mode: plain
  Sample Rate: 1000
Data Range: 0.000757
Warming up GPU...
Warmup complete.
Starting Profiling...
  Profiling Time: 0.722 ms
  Selected AbsEB: 7.569692e-10 (RelEB: 1.000000e-06)
  Estimated Ratio: 6.21 (Target: 4.00)
Starting Compression...
  Compression Time: 1.887 ms
  Compressed Size: 88880024
  Achieved Ratio: 6.35
Throughput Statistics:
  Profiling Throughput:    782.05 GB/s
  Compression Throughput:  299.21 GB/s
  Total (Prof+Comp) Thrpt: 216.41 GB/s
Starting Decompression...
  Decompression Time: 1.027 ms
  Decompression Throughput: 549.41 GB/s
Verification Results:
  Max Error: 7.858034e-10
  PSNR: 128.91 dB
  Compliance: PASS
BENCH_START:SCALE:QS-98x1200x1200.f32:plain:6.0
Configuration:
  Input File: /scratch/bfrq/bzhang28/SDRBENCH-SCALE_98x1200x1200/QS-98x1200x1200.f32
  Dims: 1200x1200x98
  Elements: 141120000
  Target Ratio: 6.00
  Mode: plain
  Sample Rate: 1000
Data Range: 0.000757
Warming up GPU...
Warmup complete.
Starting Profiling...
  Profiling Time: 0.740 ms
  Selected AbsEB: 7.569692e-10 (RelEB: 1.000000e-06)
  Estimated Ratio: 6.21 (Target: 6.00)
Starting Compression...
  Compression Time: 1.904 ms
  Compressed Size: 88880024
  Achieved Ratio: 6.35
Throughput Statistics:
  Profiling Throughput:    762.71 GB/s
  Compression Throughput:  296.51 GB/s
  Total (Prof+Comp) Thrpt: 213.51 GB/s
Starting Decompression...
  Decompression Time: 0.943 ms
  Decompression Throughput: 598.62 GB/s
Verification Results:
  Max Error: 7.858034e-10
  PSNR: 128.91 dB
  Compliance: PASS
BENCH_START:SCALE:QS-98x1200x1200.f32:plain:8.0
Configuration:
  Input File: /scratch/bfrq/bzhang28/SDRBENCH-SCALE_98x1200x1200/QS-98x1200x1200.f32
  Dims: 1200x1200x98
  Elements: 141120000
  Target Ratio: 8.00
  Mode: plain
  Sample Rate: 1000
Data Range: 0.000757
Warming up GPU...
Warmup complete.
Starting Profiling...
  Profiling Time: 0.723 ms
  Selected AbsEB: 6.055753e-09 (RelEB: 8.000000e-06)
  Estimated Ratio: 8.16 (Target: 8.00)
Starting Compression...
  Compression Time: 1.733 ms
  Compressed Size: 67613896
  Achieved Ratio: 8.35
Throughput Statistics:
  Profiling Throughput:    781.22 GB/s
  Compression Throughput:  325.78 GB/s
  Total (Prof+Comp) Thrpt: 229.91 GB/s
Starting Decompression...
  Decompression Time: 0.819 ms
  Decompression Throughput: 689.25 GB/s
Verification Results:
  Max Error: 6.082701e-09
  PSNR: 111.10 dB
  Compliance: PASS
BENCH_START:SCALE:QV-98x1200x1200.f32:outlier:4.0
Configuration:
  Input File: /scratch/bfrq/bzhang28/SDRBENCH-SCALE_98x1200x1200/QV-98x1200x1200.f32
  Dims: 1200x1200x98
  Elements: 141120000
  Target Ratio: 4.00
  Mode: outlier
  Sample Rate: 1000
Data Range: 0.019523
Warming up GPU...
Warmup complete.
Starting Profiling...
  Profiling Time: 0.729 ms
  Selected AbsEB: 2.928504e-07 (RelEB: 1.500000e-05)
  Estimated Ratio: 4.16 (Target: 4.00)
Starting Compression...
  Compression Time: 2.218 ms
  Compressed Size: 136515910
  Achieved Ratio: 4.13
Throughput Statistics:
  Profiling Throughput:    774.36 GB/s
  Compression Throughput:  254.46 GB/s
  Total (Prof+Comp) Thrpt: 191.52 GB/s
Starting Decompression...
  Decompression Time: 1.705 ms
  Decompression Throughput: 331.12 GB/s
Verification Results:
  Max Error: 2.942979e-07
  PSNR: 101.15 dB
  Compliance: PASS
BENCH_START:SCALE:QV-98x1200x1200.f32:outlier:6.0
Configuration:
  Input File: /scratch/bfrq/bzhang28/SDRBENCH-SCALE_98x1200x1200/QV-98x1200x1200.f32
  Dims: 1200x1200x98
  Elements: 141120000
  Target Ratio: 6.00
  Mode: outlier
  Sample Rate: 1000
Data Range: 0.019523
Warming up GPU...
Warmup complete.
Starting Profiling...
  Profiling Time: 0.758 ms
  Selected AbsEB: 2.147570e-06 (RelEB: 1.100000e-04)
  Estimated Ratio: 6.05 (Target: 6.00)
Starting Compression...
  Compression Time: 1.974 ms
  Compressed Size: 94039292
  Achieved Ratio: 6.00
Throughput Statistics:
  Profiling Throughput:    744.96 GB/s
  Compression Throughput:  285.89 GB/s
  Total (Prof+Comp) Thrpt: 206.61 GB/s
Starting Decompression...
  Decompression Time: 1.505 ms
  Decompression Throughput: 374.98 GB/s
Verification Results:
  Max Error: 2.149493e-06
  PSNR: 83.65 dB
  Compliance: PASS
BENCH_START:SCALE:QV-98x1200x1200.f32:outlier:8.0
Configuration:
  Input File: /scratch/bfrq/bzhang28/SDRBENCH-SCALE_98x1200x1200/QV-98x1200x1200.f32
  Dims: 1200x1200x98
  Elements: 141120000
  Target Ratio: 8.00
  Mode: outlier
  Sample Rate: 1000
Data Range: 0.019523
Warming up GPU...
Warmup complete.
Starting Profiling...
  Profiling Time: 0.757 ms
  Selected AbsEB: 7.223644e-06 (RelEB: 3.700000e-04)
  Estimated Ratio: 8.05 (Target: 8.00)
Starting Compression...
  Compression Time: 1.864 ms
  Compressed Size: 70755599
  Achieved Ratio: 7.98
Throughput Statistics:
  Profiling Throughput:    746.10 GB/s
  Compression Throughput:  302.87 GB/s
  Total (Prof+Comp) Thrpt: 215.42 GB/s
Starting Decompression...
  Decompression Time: 1.343 ms
  Decompression Throughput: 420.34 GB/s
Verification Results:
  Max Error: 7.225201e-06
  PSNR: 73.85 dB
  Compliance: PASS
BENCH_START:SCALE:QV-98x1200x1200.f32:plain:4.0
Configuration:
  Input File: /scratch/bfrq/bzhang28/SDRBENCH-SCALE_98x1200x1200/QV-98x1200x1200.f32
  Dims: 1200x1200x98
  Elements: 141120000
  Target Ratio: 4.00
  Mode: plain
  Sample Rate: 1000
Data Range: 0.019523
Warming up GPU...
Warmup complete.
Starting Profiling...
  Profiling Time: 0.725 ms
  Selected AbsEB: 3.123738e-06 (RelEB: 1.600000e-04)
  Estimated Ratio: 4.10 (Target: 4.00)
Starting Compression...
  Compression Time: 1.945 ms
  Compressed Size: 137058000
  Achieved Ratio: 4.12
Throughput Statistics:
  Profiling Throughput:    778.33 GB/s
  Compression Throughput:  290.18 GB/s
  Total (Prof+Comp) Thrpt: 211.37 GB/s
Starting Decompression...
  Decompression Time: 1.032 ms
  Decompression Throughput: 547.01 GB/s
Verification Results:
  Max Error: 3.124587e-06
  PSNR: 80.81 dB
  Compliance: PASS
BENCH_START:SCALE:QV-98x1200x1200.f32:plain:6.0
Configuration:
  Input File: /scratch/bfrq/bzhang28/SDRBENCH-SCALE_98x1200x1200/QV-98x1200x1200.f32
  Dims: 1200x1200x98
  Elements: 141120000
  Target Ratio: 6.00
  Mode: plain
  Sample Rate: 1000
Data Range: 0.019523
Warming up GPU...
Warmup complete.
Starting Profiling...
  Profiling Time: 0.753 ms
  Selected AbsEB: 2.538037e-05 (RelEB: 1.300000e-03)
  Estimated Ratio: 6.04 (Target: 6.00)
Starting Compression...
  Compression Time: 1.853 ms
  Compressed Size: 93056744
  Achieved Ratio: 6.07
Throughput Statistics:
  Profiling Throughput:    749.20 GB/s
  Compression Throughput:  304.69 GB/s
  Total (Prof+Comp) Thrpt: 216.60 GB/s
Starting Decompression...
  Decompression Time: 0.877 ms
  Decompression Throughput: 643.63 GB/s
Verification Results:
  Max Error: 2.538227e-05
  PSNR: 63.54 dB
  Compliance: PASS
BENCH_START:SCALE:QV-98x1200x1200.f32:plain:8.0
Configuration:
  Input File: /scratch/bfrq/bzhang28/SDRBENCH-SCALE_98x1200x1200/QV-98x1200x1200.f32
  Dims: 1200x1200x98
  Elements: 141120000
  Target Ratio: 8.00
  Mode: plain
  Sample Rate: 1000
Data Range: 0.019523
Warming up GPU...
Warmup complete.
Starting Profiling...
  Profiling Time: 0.715 ms
  Selected AbsEB: 1.015215e-04 (RelEB: 5.200000e-03)
  Estimated Ratio: 8.12 (Target: 8.00)
Starting Compression...
  Compression Time: 1.806 ms
  Compressed Size: 69114464
  Achieved Ratio: 8.17
Throughput Statistics:
  Profiling Throughput:    789.23 GB/s
  Compression Throughput:  312.56 GB/s
  Total (Prof+Comp) Thrpt: 223.89 GB/s
Starting Decompression...
  Decompression Time: 0.848 ms
  Decompression Throughput: 665.64 GB/s
Verification Results:
  Max Error: 1.015235e-04
  PSNR: 52.00 dB
  Compliance: PASS
BENCH_START:SCALE:RH-98x1200x1200.f32:outlier:4.0
Configuration:
  Input File: /scratch/bfrq/bzhang28/SDRBENCH-SCALE_98x1200x1200/RH-98x1200x1200.f32
  Dims: 1200x1200x98
  Elements: 141120000
  Target Ratio: 4.00
  Mode: outlier
  Sample Rate: 1000
Data Range: 204.472931
Warming up GPU...
Warmup complete.
Starting Profiling...
  Profiling Time: 0.741 ms
  Selected AbsEB: 1.308627e-02 (RelEB: 6.400000e-05)
  Estimated Ratio: 4.01 (Target: 4.00)
Starting Compression...
  Compression Time: 2.500 ms
  Compressed Size: 142386633
  Achieved Ratio: 3.96
Throughput Statistics:
  Profiling Throughput:    761.82 GB/s
  Compression Throughput:  225.78 GB/s
  Total (Prof+Comp) Thrpt: 174.17 GB/s
Starting Decompression...
  Decompression Time: 1.820 ms
  Decompression Throughput: 310.13 GB/s
Verification Results:
  Max Error: 1.309967e-02
  PSNR: 88.65 dB
  Compliance: PASS
BENCH_START:SCALE:RH-98x1200x1200.f32:outlier:6.0
Configuration:
  Input File: /scratch/bfrq/bzhang28/SDRBENCH-SCALE_98x1200x1200/RH-98x1200x1200.f32
  Dims: 1200x1200x98
  Elements: 141120000
  Target Ratio: 6.00
  Mode: outlier
  Sample Rate: 1000
Data Range: 204.472931
Warming up GPU...
Warmup complete.
Starting Profiling...
  Profiling Time: 0.725 ms
  Selected AbsEB: 1.001917e-01 (RelEB: 4.900000e-04)
  Estimated Ratio: 6.08 (Target: 6.00)
Starting Compression...
  Compression Time: 2.277 ms
  Compressed Size: 94244420
  Achieved Ratio: 5.99
Throughput Statistics:
  Profiling Throughput:    778.60 GB/s
  Compression Throughput:  247.94 GB/s
  Total (Prof+Comp) Thrpt: 188.06 GB/s
Starting Decompression...
  Decompression Time: 1.773 ms
  Decompression Throughput: 318.38 GB/s
Verification Results:
  Max Error: 1.001968e-01
  PSNR: 70.96 dB
  Compliance: PASS
BENCH_START:SCALE:RH-98x1200x1200.f32:outlier:8.0
Configuration:
  Input File: /scratch/bfrq/bzhang28/SDRBENCH-SCALE_98x1200x1200/RH-98x1200x1200.f32
  Dims: 1200x1200x98
  Elements: 141120000
  Target Ratio: 8.00
  Mode: outlier
  Sample Rate: 1000
Data Range: 204.472931
Warming up GPU...
Warmup complete.
Starting Profiling...
  Profiling Time: 0.733 ms
  Selected AbsEB: 2.658148e-01 (RelEB: 1.300000e-03)
  Estimated Ratio: 8.06 (Target: 8.00)
Starting Compression...
  Compression Time: 2.163 ms
  Compressed Size: 71511165
  Achieved Ratio: 7.89
Throughput Statistics:
  Profiling Throughput:    769.90 GB/s
  Compression Throughput:  260.94 GB/s
  Total (Prof+Comp) Thrpt: 194.88 GB/s
Starting Decompression...
  Decompression Time: 1.653 ms
  Decompression Throughput: 341.48 GB/s
Verification Results:
  Max Error: 2.658234e-01
  PSNR: 62.39 dB
  Compliance: PASS
BENCH_START:SCALE:RH-98x1200x1200.f32:plain:4.0
Configuration:
  Input File: /scratch/bfrq/bzhang28/SDRBENCH-SCALE_98x1200x1200/RH-98x1200x1200.f32
  Dims: 1200x1200x98
  Elements: 141120000
  Target Ratio: 4.00
  Mode: plain
  Sample Rate: 1000
Data Range: 204.472931
Warming up GPU...
Warmup complete.
Starting Profiling...
  Profiling Time: 0.718 ms
  Selected AbsEB: 1.492652e-01 (RelEB: 7.300000e-04)
  Estimated Ratio: 4.00 (Target: 4.00)
Starting Compression...
  Compression Time: 1.990 ms
  Compressed Size: 140885664
  Achieved Ratio: 4.01
Throughput Statistics:
  Profiling Throughput:    786.48 GB/s
  Compression Throughput:  283.67 GB/s
  Total (Prof+Comp) Thrpt: 208.47 GB/s
Starting Decompression...
  Decompression Time: 1.077 ms
  Decompression Throughput: 523.97 GB/s
Verification Results:
  Max Error: 1.492691e-01
  PSNR: 67.49 dB
  Compliance: PASS
BENCH_START:SCALE:RH-98x1200x1200.f32:plain:6.0
Configuration:
  Input File: /scratch/bfrq/bzhang28/SDRBENCH-SCALE_98x1200x1200/RH-98x1200x1200.f32
  Dims: 1200x1200x98
  Elements: 141120000
  Target Ratio: 6.00
  Mode: plain
  Sample Rate: 1000
Data Range: 204.472931
Warming up GPU...
Warmup complete.
Starting Profiling...
  Profiling Time: 0.730 ms
  Selected AbsEB: 1.001917e+00 (RelEB: 4.900000e-03)
  Estimated Ratio: 6.01 (Target: 6.00)
Starting Compression...
  Compression Time: 1.858 ms
  Compressed Size: 93796568
  Achieved Ratio: 6.02
Throughput Statistics:
  Profiling Throughput:    772.87 GB/s
  Compression Throughput:  303.73 GB/s
  Total (Prof+Comp) Thrpt: 218.04 GB/s
Starting Decompression...
  Decompression Time: 0.926 ms
  Decompression Throughput: 609.62 GB/s
Verification Results:
  Max Error: 1.001923e+00
  PSNR: 51.17 dB
  Compliance: PASS
BENCH_START:SCALE:RH-98x1200x1200.f32:plain:8.0
Configuration:
  Input File: /scratch/bfrq/bzhang28/SDRBENCH-SCALE_98x1200x1200/RH-98x1200x1200.f32
  Dims: 1200x1200x98
  Elements: 141120000
  Target Ratio: 8.00
  Mode: plain
  Sample Rate: 1000
Data Range: 204.472931
Warming up GPU...
Warmup complete.
Starting Profiling...
  Profiling Time: 0.728 ms
  Selected AbsEB: 3.271567e+00 (RelEB: 1.600000e-02)
  Estimated Ratio: 8.21 (Target: 8.00)
Starting Compression...
  Compression Time: 1.812 ms
  Compressed Size: 68616592
  Achieved Ratio: 8.23
Throughput Statistics:
  Profiling Throughput:    775.08 GB/s
  Compression Throughput:  311.52 GB/s
  Total (Prof+Comp) Thrpt: 222.21 GB/s
Starting Decompression...
  Decompression Time: 0.865 ms
  Decompression Throughput: 652.78 GB/s
Verification Results:
  Max Error: 3.271568e+00
  PSNR: 41.28 dB
  Compliance: PASS
BENCH_START:SCALE:T-98x1200x1200.f32:outlier:4.0
Configuration:
  Input File: /scratch/bfrq/bzhang28/SDRBENCH-SCALE_98x1200x1200/T-98x1200x1200.f32
  Dims: 1200x1200x98
  Elements: 141120000
  Target Ratio: 4.00
  Mode: outlier
  Sample Rate: 1000
Data Range: 132.714828
Warming up GPU...
Warmup complete.
Starting Profiling...
  Profiling Time: 0.748 ms
  Selected AbsEB: 1.008633e-02 (RelEB: 7.600000e-05)
  Estimated Ratio: 4.01 (Target: 4.00)
Starting Compression...
  Compression Time: 2.333 ms
  Compressed Size: 140293272
  Achieved Ratio: 4.02
Throughput Statistics:
  Profiling Throughput:    755.10 GB/s
  Compression Throughput:  242.00 GB/s
  Total (Prof+Comp) Thrpt: 183.26 GB/s
Starting Decompression...
  Decompression Time: 1.580 ms
  Decompression Throughput: 357.24 GB/s
Verification Results:
  Max Error: 1.010132e-02
  PSNR: 87.16 dB
  Compliance: PASS
BENCH_START:SCALE:T-98x1200x1200.f32:outlier:6.0
Configuration:
  Input File: /scratch/bfrq/bzhang28/SDRBENCH-SCALE_98x1200x1200/T-98x1200x1200.f32
  Dims: 1200x1200x98
  Elements: 141120000
  Target Ratio: 6.00
  Mode: outlier
  Sample Rate: 1000
Data Range: 132.714828
Warming up GPU...
Warmup complete.
Starting Profiling...
  Profiling Time: 0.741 ms
  Selected AbsEB: 6.503027e-02 (RelEB: 4.900000e-04)
  Estimated Ratio: 6.06 (Target: 6.00)
Starting Compression...
  Compression Time: 2.065 ms
  Compressed Size: 92796192
  Achieved Ratio: 6.08
Throughput Statistics:
  Profiling Throughput:    762.02 GB/s
  Compression Throughput:  273.37 GB/s
  Total (Prof+Comp) Thrpt: 201.19 GB/s
Starting Decompression...
  Decompression Time: 1.242 ms
  Decompression Throughput: 454.53 GB/s
Verification Results:
  Max Error: 6.506348e-02
  PSNR: 70.97 dB
  Compliance: PASS
BENCH_START:SCALE:T-98x1200x1200.f32:outlier:8.0
Configuration:
  Input File: /scratch/bfrq/bzhang28/SDRBENCH-SCALE_98x1200x1200/T-98x1200x1200.f32
  Dims: 1200x1200x98
  Elements: 141120000
  Target Ratio: 8.00
  Mode: outlier
  Sample Rate: 1000
Data Range: 132.714828
Warming up GPU...
Warmup complete.
Starting Profiling...
  Profiling Time: 0.717 ms
  Selected AbsEB: 2.123437e-01 (RelEB: 1.600000e-03)
  Estimated Ratio: 8.52 (Target: 8.00)
Starting Compression...
  Compression Time: 1.855 ms
  Compressed Size: 66026672
  Achieved Ratio: 8.55
Throughput Statistics:
  Profiling Throughput:    786.83 GB/s
  Compression Throughput:  304.38 GB/s
  Total (Prof+Comp) Thrpt: 219.48 GB/s
Starting Decompression...
  Decompression Time: 1.098 ms
  Decompression Throughput: 513.94 GB/s
Verification Results:
  Max Error: 2.123718e-01
  PSNR: 60.70 dB
  Compliance: PASS
BENCH_START:SCALE:T-98x1200x1200.f32:plain:4.0
Configuration:
  Input File: /scratch/bfrq/bzhang28/SDRBENCH-SCALE_98x1200x1200/T-98x1200x1200.f32
  Dims: 1200x1200x98
  Elements: 141120000
  Target Ratio: 4.00
  Mode: plain
  Sample Rate: 1000
Data Range: 132.714828
Warming up GPU...
Warmup complete.
Starting Profiling...
  Profiling Time: 0.725 ms
  Selected AbsEB: 1.725293e+00 (RelEB: 1.300000e-02)
  Estimated Ratio: 4.03 (Target: 4.00)
Starting Compression...
  Compression Time: 1.864 ms
  Compressed Size: 139925960
  Achieved Ratio: 4.03
Throughput Statistics:
  Profiling Throughput:    778.12 GB/s
  Compression Throughput:  302.81 GB/s
  Total (Prof+Comp) Thrpt: 217.98 GB/s
Starting Decompression...
  Decompression Time: 1.070 ms
  Decompression Throughput: 527.56 GB/s
Verification Results:
  Max Error: 1.725311e+00
  PSNR: 42.54 dB
  Compliance: PASS
BENCH_START:SCALE:T-98x1200x1200.f32:plain:6.0
Configuration:
  Input File: /scratch/bfrq/bzhang28/SDRBENCH-SCALE_98x1200x1200/T-98x1200x1200.f32
  Dims: 1200x1200x98
  Elements: 141120000
  Target Ratio: 6.00
  Mode: plain
  Sample Rate: 1000
Data Range: 132.714828
Warming up GPU...
Warmup complete.
Starting Profiling...
  Profiling Time: 0.723 ms
  Selected AbsEB: 9.688182e+00 (RelEB: 7.300000e-02)
  Estimated Ratio: 6.04 (Target: 6.00)
Starting Compression...
  Compression Time: 1.785 ms
  Compressed Size: 93320864
  Achieved Ratio: 6.05
Throughput Statistics:
  Profiling Throughput:    780.95 GB/s
  Compression Throughput:  316.27 GB/s
  Total (Prof+Comp) Thrpt: 225.10 GB/s
Starting Decompression...
  Decompression Time: 0.985 ms
  Decompression Throughput: 572.97 GB/s
Verification Results:
  Max Error: 9.688187e+00
  PSNR: 27.26 dB
  Compliance: PASS
BENCH_START:SCALE:T-98x1200x1200.f32:plain:8.0
Configuration:
  Input File: /scratch/bfrq/bzhang28/SDRBENCH-SCALE_98x1200x1200/T-98x1200x1200.f32
  Dims: 1200x1200x98
  Elements: 141120000
  Target Ratio: 8.00
  Mode: plain
  Sample Rate: 1000
Data Range: 132.714828
Warming up GPU...
Warmup complete.
Starting Profiling...
  Profiling Time: 0.741 ms
  Selected AbsEB: 1.327148e-04 (RelEB: 1.000000e-06)
  Estimated Ratio: 1.46 (Target: 8.00)
Starting Compression...
  Compression Time: 4.428 ms
  Compressed Size: 386256240
  Achieved Ratio: 1.46
Throughput Statistics:
  Profiling Throughput:    761.72 GB/s
  Compression Throughput:  127.49 GB/s
  Total (Prof+Comp) Thrpt: 109.21 GB/s
Starting Decompression...
  Decompression Time: 1.975 ms
  Decompression Throughput: 285.75 GB/s
Verification Results:
  Max Error: 1.525879e-04
  PSNR: 124.64 dB
  Compliance: FAIL
BENCH_START:SCALE:U-98x1200x1200.f32:outlier:4.0
Configuration:
  Input File: /scratch/bfrq/bzhang28/SDRBENCH-SCALE_98x1200x1200/U-98x1200x1200.f32
  Dims: 1200x1200x98
  Elements: 141120000
  Target Ratio: 4.00
  Mode: outlier
  Sample Rate: 1000
Data Range: 118.430954
Warming up GPU...
Warmup complete.
Starting Profiling...
  Profiling Time: 0.724 ms
  Selected AbsEB: 5.921548e-03 (RelEB: 5.000000e-05)
  Estimated Ratio: 4.04 (Target: 4.00)
Starting Compression...
  Compression Time: 2.401 ms
  Compressed Size: 142903730
  Achieved Ratio: 3.95
Throughput Statistics:
  Profiling Throughput:    779.15 GB/s
  Compression Throughput:  235.12 GB/s
  Total (Prof+Comp) Thrpt: 180.62 GB/s
Starting Decompression...
  Decompression Time: 1.971 ms
  Decompression Throughput: 286.33 GB/s
Verification Results:
  Max Error: 5.928040e-03
  PSNR: 90.79 dB
  Compliance: PASS
BENCH_START:SCALE:U-98x1200x1200.f32:outlier:6.0
Configuration:
  Input File: /scratch/bfrq/bzhang28/SDRBENCH-SCALE_98x1200x1200/U-98x1200x1200.f32
  Dims: 1200x1200x98
  Elements: 141120000
  Target Ratio: 6.00
  Mode: outlier
  Sample Rate: 1000
Data Range: 118.430954
Warming up GPU...
Warmup complete.
Starting Profiling...
  Profiling Time: 0.733 ms
  Selected AbsEB: 3.671360e-02 (RelEB: 3.100000e-04)
  Estimated Ratio: 6.09 (Target: 6.00)
Starting Compression...
  Compression Time: 2.280 ms
  Compressed Size: 95422509
  Achieved Ratio: 5.92
Throughput Statistics:
  Profiling Throughput:    770.51 GB/s
  Compression Throughput:  247.54 GB/s
  Total (Prof+Comp) Thrpt: 187.35 GB/s
Starting Decompression...
  Decompression Time: 2.055 ms
  Decompression Throughput: 274.66 GB/s
Verification Results:
  Max Error: 3.671646e-02
  PSNR: 74.94 dB
  Compliance: PASS
BENCH_START:SCALE:U-98x1200x1200.f32:outlier:8.0
Configuration:
  Input File: /scratch/bfrq/bzhang28/SDRBENCH-SCALE_98x1200x1200/U-98x1200x1200.f32
  Dims: 1200x1200x98
  Elements: 141120000
  Target Ratio: 8.00
  Mode: outlier
  Sample Rate: 1000
Data Range: 118.430954
Warming up GPU...
Warmup complete.
Starting Profiling...
  Profiling Time: 0.725 ms
  Selected AbsEB: 1.006663e-01 (RelEB: 8.500000e-04)
  Estimated Ratio: 8.05 (Target: 8.00)
Starting Compression...
  Compression Time: 2.204 ms
  Compressed Size: 72424420
  Achieved Ratio: 7.79
Throughput Statistics:
  Profiling Throughput:    778.29 GB/s
  Compression Throughput:  256.14 GB/s
  Total (Prof+Comp) Thrpt: 192.72 GB/s
Starting Decompression...
  Decompression Time: 1.738 ms
  Decompression Throughput: 324.75 GB/s
Verification Results:
  Max Error: 1.006670e-01
  PSNR: 66.18 dB
  Compliance: PASS
BENCH_START:SCALE:U-98x1200x1200.f32:plain:4.0
Configuration:
  Input File: /scratch/bfrq/bzhang28/SDRBENCH-SCALE_98x1200x1200/U-98x1200x1200.f32
  Dims: 1200x1200x98
  Elements: 141120000
  Target Ratio: 4.00
  Mode: plain
  Sample Rate: 1000
Data Range: 118.430954
Warming up GPU...
Warmup complete.
Starting Profiling...
  Profiling Time: 0.722 ms
  Selected AbsEB: 4.737238e-02 (RelEB: 4.000000e-04)
  Estimated Ratio: 4.04 (Target: 4.00)
Starting Compression...
  Compression Time: 1.977 ms
  Compressed Size: 140169416
  Achieved Ratio: 4.03
Throughput Statistics:
  Profiling Throughput:    781.64 GB/s
  Compression Throughput:  285.47 GB/s
  Total (Prof+Comp) Thrpt: 209.10 GB/s
Starting Decompression...
  Decompression Time: 1.115 ms
  Decompression Throughput: 506.11 GB/s
Verification Results:
  Max Error: 4.737473e-02
  PSNR: 72.73 dB
  Compliance: PASS
BENCH_START:SCALE:U-98x1200x1200.f32:plain:6.0
Configuration:
  Input File: /scratch/bfrq/bzhang28/SDRBENCH-SCALE_98x1200x1200/U-98x1200x1200.f32
  Dims: 1200x1200x98
  Elements: 141120000
  Target Ratio: 6.00
  Mode: plain
  Sample Rate: 1000
Data Range: 118.430954
Warming up GPU...
Warmup complete.
Starting Profiling...
  Profiling Time: 0.719 ms
  Selected AbsEB: 3.316067e-01 (RelEB: 2.800000e-03)
  Estimated Ratio: 6.15 (Target: 6.00)
Starting Compression...
  Compression Time: 1.778 ms
  Compressed Size: 91812736
  Achieved Ratio: 6.15
Throughput Statistics:
  Profiling Throughput:    784.84 GB/s
  Compression Throughput:  317.51 GB/s
  Total (Prof+Comp) Thrpt: 226.06 GB/s
Starting Decompression...
  Decompression Time: 0.968 ms
  Decompression Throughput: 583.24 GB/s
Verification Results:
  Max Error: 3.316078e-01
  PSNR: 55.83 dB
  Compliance: PASS
BENCH_START:SCALE:U-98x1200x1200.f32:plain:8.0
Configuration:
  Input File: /scratch/bfrq/bzhang28/SDRBENCH-SCALE_98x1200x1200/U-98x1200x1200.f32
  Dims: 1200x1200x98
  Elements: 141120000
  Target Ratio: 8.00
  Mode: plain
  Sample Rate: 1000
Data Range: 118.430954
Warming up GPU...
Warmup complete.
Starting Profiling...
  Profiling Time: 0.717 ms
  Selected AbsEB: 8.290167e-01 (RelEB: 7.000000e-03)
  Estimated Ratio: 8.10 (Target: 8.00)
Starting Compression...
  Compression Time: 1.771 ms
  Compressed Size: 69924176
  Achieved Ratio: 8.07
Throughput Statistics:
  Profiling Throughput:    787.04 GB/s
  Compression Throughput:  318.80 GB/s
  Total (Prof+Comp) Thrpt: 226.90 GB/s
Starting Decompression...
  Decompression Time: 1.060 ms
  Decompression Throughput: 532.53 GB/s
Verification Results:
  Max Error: 8.290176e-01
  PSNR: 47.88 dB
  Compliance: PASS
BENCH_START:SCALE:V-98x1200x1200.f32:outlier:4.0
Configuration:
  Input File: /scratch/bfrq/bzhang28/SDRBENCH-SCALE_98x1200x1200/V-98x1200x1200.f32
  Dims: 1200x1200x98
  Elements: 141120000
  Target Ratio: 4.00
  Mode: outlier
  Sample Rate: 1000
Data Range: 99.576080
Warming up GPU...
Warmup complete.
Starting Profiling...
  Profiling Time: 0.738 ms
  Selected AbsEB: 5.177956e-03 (RelEB: 5.200000e-05)
  Estimated Ratio: 4.03 (Target: 4.00)
Starting Compression...
  Compression Time: 2.566 ms
  Compressed Size: 141962727
  Achieved Ratio: 3.98
Throughput Statistics:
  Profiling Throughput:    765.19 GB/s
  Compression Throughput:  219.95 GB/s
  Total (Prof+Comp) Thrpt: 170.84 GB/s
Starting Decompression...
  Decompression Time: 2.339 ms
  Decompression Throughput: 241.35 GB/s
Verification Results:
  Max Error: 5.180359e-03
  PSNR: 90.45 dB
  Compliance: PASS
BENCH_START:SCALE:V-98x1200x1200.f32:outlier:6.0
Configuration:
  Input File: /scratch/bfrq/bzhang28/SDRBENCH-SCALE_98x1200x1200/V-98x1200x1200.f32
  Dims: 1200x1200x98
  Elements: 141120000
  Target Ratio: 6.00
  Mode: outlier
  Sample Rate: 1000
Data Range: 99.576080
Warming up GPU...
Warmup complete.
Starting Profiling...
  Profiling Time: 0.734 ms
  Selected AbsEB: 3.086858e-02 (RelEB: 3.100000e-04)
  Estimated Ratio: 6.00 (Target: 6.00)
Starting Compression...
  Compression Time: 2.352 ms
  Compressed Size: 96223094
  Achieved Ratio: 5.87
Throughput Statistics:
  Profiling Throughput:    768.56 GB/s
  Compression Throughput:  240.04 GB/s
  Total (Prof+Comp) Thrpt: 182.91 GB/s
Starting Decompression...
  Decompression Time: 2.038 ms
  Decompression Throughput: 277.00 GB/s
Verification Results:
  Max Error: 3.087234e-02
  PSNR: 74.94 dB
  Compliance: PASS
BENCH_START:SCALE:V-98x1200x1200.f32:outlier:8.0
Configuration:
  Input File: /scratch/bfrq/bzhang28/SDRBENCH-SCALE_98x1200x1200/V-98x1200x1200.f32
  Dims: 1200x1200x98
  Elements: 141120000
  Target Ratio: 8.00
  Mode: outlier
  Sample Rate: 1000
Data Range: 99.576080
Warming up GPU...
Warmup complete.
Starting Profiling...
  Profiling Time: 0.745 ms
  Selected AbsEB: 9.061424e-02 (RelEB: 9.100000e-04)
  Estimated Ratio: 8.04 (Target: 8.00)
Starting Compression...
  Compression Time: 2.090 ms
  Compressed Size: 71566392
  Achieved Ratio: 7.89
Throughput Statistics:
  Profiling Throughput:    757.28 GB/s
  Compression Throughput:  270.03 GB/s
  Total (Prof+Comp) Thrpt: 199.05 GB/s
Starting Decompression...
  Decompression Time: 1.910 ms
  Decompression Throughput: 295.55 GB/s
Verification Results:
  Max Error: 9.061432e-02
  PSNR: 65.59 dB
  Compliance: PASS
BENCH_START:SCALE:V-98x1200x1200.f32:plain:4.0
Configuration:
  Input File: /scratch/bfrq/bzhang28/SDRBENCH-SCALE_98x1200x1200/V-98x1200x1200.f32
  Dims: 1200x1200x98
  Elements: 141120000
  Target Ratio: 4.00
  Mode: plain
  Sample Rate: 1000
Data Range: 99.576080
Warming up GPU...
Warmup complete.
Starting Profiling...
  Profiling Time: 0.735 ms
  Selected AbsEB: 1.891946e-02 (RelEB: 1.900000e-04)
  Estimated Ratio: 4.03 (Target: 4.00)
Starting Compression...
  Compression Time: 2.009 ms
  Compressed Size: 140168816
  Achieved Ratio: 4.03
Throughput Statistics:
  Profiling Throughput:    768.26 GB/s
  Compression Throughput:  280.92 GB/s
  Total (Prof+Comp) Thrpt: 205.70 GB/s
Starting Decompression...
  Decompression Time: 1.147 ms
  Decompression Throughput: 492.20 GB/s
Verification Results:
  Max Error: 1.892090e-02
  PSNR: 79.20 dB
  Compliance: PASS
BENCH_START:SCALE:V-98x1200x1200.f32:plain:6.0
Configuration:
  Input File: /scratch/bfrq/bzhang28/SDRBENCH-SCALE_98x1200x1200/V-98x1200x1200.f32
  Dims: 1200x1200x98
  Elements: 141120000
  Target Ratio: 6.00
  Mode: plain
  Sample Rate: 1000
Data Range: 99.576080
Warming up GPU...
Warmup complete.
Starting Profiling...
  Profiling Time: 0.725 ms
  Selected AbsEB: 1.294489e-01 (RelEB: 1.300000e-03)
  Estimated Ratio: 6.15 (Target: 6.00)
Starting Compression...
  Compression Time: 1.914 ms
  Compressed Size: 91923152
  Achieved Ratio: 6.14
Throughput Statistics:
  Profiling Throughput:    778.91 GB/s
  Compression Throughput:  294.97 GB/s
  Total (Prof+Comp) Thrpt: 213.95 GB/s
Starting Decompression...
  Decompression Time: 1.034 ms
  Decompression Throughput: 545.78 GB/s
Verification Results:
  Max Error: 1.294518e-01
  PSNR: 62.49 dB
  Compliance: PASS
BENCH_START:SCALE:V-98x1200x1200.f32:plain:8.0
Configuration:
  Input File: /scratch/bfrq/bzhang28/SDRBENCH-SCALE_98x1200x1200/V-98x1200x1200.f32
  Dims: 1200x1200x98
  Elements: 141120000
  Target Ratio: 8.00
  Mode: plain
  Sample Rate: 1000
Data Range: 99.576080
Warming up GPU...
Warmup complete.
Starting Profiling...
  Profiling Time: 0.729 ms
  Selected AbsEB: 3.385587e-01 (RelEB: 3.400000e-03)
  Estimated Ratio: 8.10 (Target: 8.00)
Starting Compression...
  Compression Time: 1.890 ms
  Compressed Size: 69866272
  Achieved Ratio: 8.08
Throughput Statistics:
  Profiling Throughput:    773.96 GB/s
  Compression Throughput:  298.70 GB/s
  Total (Prof+Comp) Thrpt: 215.52 GB/s
Starting Decompression...
  Decompression Time: 0.978 ms
  Decompression Throughput: 577.02 GB/s
Verification Results:
  Max Error: 3.385587e-01
  PSNR: 54.14 dB
  Compliance: PASS
BENCH_START:SCALE:W-98x1200x1200.f32:outlier:4.0
Configuration:
  Input File: /scratch/bfrq/bzhang28/SDRBENCH-SCALE_98x1200x1200/W-98x1200x1200.f32
  Dims: 1200x1200x98
  Elements: 141120000
  Target Ratio: 4.00
  Mode: outlier
  Sample Rate: 1000
Data Range: 63.892578
Warming up GPU...
Warmup complete.
Starting Profiling...
  Profiling Time: 0.723 ms
  Selected AbsEB: 1.277852e-03 (RelEB: 2.000000e-05)
  Estimated Ratio: 4.20 (Target: 4.00)
Starting Compression...
  Compression Time: 2.623 ms
  Compressed Size: 136427371
  Achieved Ratio: 4.14
Throughput Statistics:
  Profiling Throughput:    781.22 GB/s
  Compression Throughput:  215.21 GB/s
  Total (Prof+Comp) Thrpt: 168.73 GB/s
Starting Decompression...
  Decompression Time: 2.484 ms
  Decompression Throughput: 227.26 GB/s
Verification Results:
  Max Error: 1.279831e-03
  PSNR: 98.76 dB
  Compliance: PASS
BENCH_START:SCALE:W-98x1200x1200.f32:outlier:6.0
Configuration:
  Input File: /scratch/bfrq/bzhang28/SDRBENCH-SCALE_98x1200x1200/W-98x1200x1200.f32
  Dims: 1200x1200x98
  Elements: 141120000
  Target Ratio: 6.00
  Mode: outlier
  Sample Rate: 1000
Data Range: 63.892578
Warming up GPU...
Warmup complete.
Starting Profiling...
  Profiling Time: 0.737 ms
  Selected AbsEB: 6.389257e-03 (RelEB: 1.000000e-04)
  Estimated Ratio: 6.01 (Target: 6.00)
Starting Compression...
  Compression Time: 2.301 ms
  Compressed Size: 95800936
  Achieved Ratio: 5.89
Throughput Statistics:
  Profiling Throughput:    766.19 GB/s
  Compression Throughput:  245.36 GB/s
  Total (Prof+Comp) Thrpt: 185.84 GB/s
Starting Decompression...
  Decompression Time: 2.181 ms
  Decompression Throughput: 258.78 GB/s
Verification Results:
  Max Error: 6.389618e-03
  PSNR: 84.78 dB
  Compliance: PASS
BENCH_START:SCALE:W-98x1200x1200.f32:outlier:8.0
Configuration:
  Input File: /scratch/bfrq/bzhang28/SDRBENCH-SCALE_98x1200x1200/W-98x1200x1200.f32
  Dims: 1200x1200x98
  Elements: 141120000
  Target Ratio: 8.00
  Mode: outlier
  Sample Rate: 1000
Data Range: 63.892578
Warming up GPU...
Warmup complete.
Starting Profiling...
  Profiling Time: 0.732 ms
  Selected AbsEB: 1.980670e-02 (RelEB: 3.100000e-04)
  Estimated Ratio: 8.19 (Target: 8.00)
Starting Compression...
  Compression Time: 2.129 ms
  Compressed Size: 70613160
  Achieved Ratio: 7.99
Throughput Statistics:
  Profiling Throughput:    770.81 GB/s
  Compression Throughput:  265.12 GB/s
  Total (Prof+Comp) Thrpt: 197.27 GB/s
Starting Decompression...
  Decompression Time: 1.837 ms
  Decompression Throughput: 307.32 GB/s
Verification Results:
  Max Error: 1.980782e-02
  PSNR: 74.96 dB
  Compliance: PASS
BENCH_START:SCALE:W-98x1200x1200.f32:plain:4.0
Configuration:
  Input File: /scratch/bfrq/bzhang28/SDRBENCH-SCALE_98x1200x1200/W-98x1200x1200.f32
  Dims: 1200x1200x98
  Elements: 141120000
  Target Ratio: 4.00
  Mode: plain
  Sample Rate: 1000
Data Range: 63.892578
Warming up GPU...
Warmup complete.
Starting Profiling...
  Profiling Time: 0.716 ms
  Selected AbsEB: 2.875166e-03 (RelEB: 4.500000e-05)
  Estimated Ratio: 4.06 (Target: 4.00)
Starting Compression...
  Compression Time: 1.888 ms
  Compressed Size: 140460616
  Achieved Ratio: 4.02
Throughput Statistics:
  Profiling Throughput:    788.52 GB/s
  Compression Throughput:  299.02 GB/s
  Total (Prof+Comp) Thrpt: 216.80 GB/s
Starting Decompression...
  Decompression Time: 1.182 ms
  Decompression Throughput: 477.73 GB/s
Verification Results:
  Max Error: 2.876282e-03
  PSNR: 91.71 dB
  Compliance: PASS
BENCH_START:SCALE:W-98x1200x1200.f32:plain:6.0
Configuration:
  Input File: /scratch/bfrq/bzhang28/SDRBENCH-SCALE_98x1200x1200/W-98x1200x1200.f32
  Dims: 1200x1200x98
  Elements: 141120000
  Target Ratio: 6.00
  Mode: plain
  Sample Rate: 1000
Data Range: 63.892578
Warming up GPU...
Warmup complete.
Starting Profiling...
  Profiling Time: 0.714 ms
  Selected AbsEB: 1.788992e-02 (RelEB: 2.800000e-04)
  Estimated Ratio: 6.01 (Target: 6.00)
Starting Compression...
  Compression Time: 1.920 ms
  Compressed Size: 94816032
  Achieved Ratio: 5.95
Throughput Statistics:
  Profiling Throughput:    790.50 GB/s
  Compression Throughput:  294.00 GB/s
  Total (Prof+Comp) Thrpt: 214.30 GB/s
Starting Decompression...
  Decompression Time: 1.049 ms
  Decompression Throughput: 537.99 GB/s
Verification Results:
  Max Error: 1.789093e-02
  PSNR: 75.84 dB
  Compliance: PASS
BENCH_START:SCALE:W-98x1200x1200.f32:plain:8.0
Configuration:
  Input File: /scratch/bfrq/bzhang28/SDRBENCH-SCALE_98x1200x1200/W-98x1200x1200.f32
  Dims: 1200x1200x98
  Elements: 141120000
  Target Ratio: 8.00
  Mode: plain
  Sample Rate: 1000
Data Range: 63.892578
Warming up GPU...
Warmup complete.
Starting Profiling...
  Profiling Time: 0.744 ms
  Selected AbsEB: 5.047514e-02 (RelEB: 7.900000e-04)
  Estimated Ratio: 8.03 (Target: 8.00)
Starting Compression...
  Compression Time: 1.768 ms
  Compressed Size: 71189720
  Achieved Ratio: 7.93
Throughput Statistics:
  Profiling Throughput:    758.91 GB/s
  Compression Throughput:  319.28 GB/s
  Total (Prof+Comp) Thrpt: 224.73 GB/s
Starting Decompression...
  Decompression Time: 0.990 ms
  Decompression Throughput: 570.39 GB/s
Verification Results:
  Max Error: 5.047524e-02
  PSNR: 66.84 dB
  Compliance: PASS
